Id,Label,Type
0,aestchen,Pflanze-Lemma
1,raunen,Pflanze-Lemma
2,fryhling,Pflanze-Lemma
3,zw,Pflanze-Lemma
4,stammel,Pflanze-Lemma
5,fent,Pflanze-Lemma
6,korn-ähre,Pflanze-Lemma
7,blumenschmelz,Pflanze-Lemma
8,anemonröschen,Pflanze-Lemma
9,herzendaus,Pflanze-Lemma
10,strohm,Pflanze-Lemma
11,olivenernt,Pflanze-Lemma
12,salut,Pflanze-Lemma
13,korbe,Pflanze-Lemma
14,rosenessenz,Pflanze-Lemma
15,pflug,Pflanze-Lemma
16,ginnistan,Pflanze-Lemma
17,weidenrute,Pflanze-Lemma
18,bernhäuter,Pflanze-Lemma
19,schalen,Pflanze-Lemma
20,erwerbzweige,Pflanze-Lemma
21,drachenzahn,Pflanze-Lemma
22,weizenkorn,Pflanze-Lemma
23,birkenpflanzung,Pflanze-Lemma
24,grät,Pflanze-Lemma
25,blütenstaub,Pflanze-Lemma
26,marquard,Pflanze-Lemma
27,rosen-frisches,Pflanze-Lemma
28,herbsten,Pflanze-Lemma
29,stöhr,Pflanze-Lemma
30,baumstümpf,Pflanze-Lemma
31,theudelinde,Pflanze-Lemma
32,myrtilus,Pflanze-Lemma
33,farr,Pflanze-Lemma
34,flora,Pflanze-Lemma
35,stämm,Pflanze-Lemma
36,paravent,Pflanze-Lemma
37,lorberbaum,Pflanze-Lemma
38,myrtillen,Pflanze-Lemma
39,miste,Pflanze-Lemma
40,zyankali,Pflanze-Lemma
41,weißdornhecke,Pflanze-Lemma
42,purpurblumen,Pflanze-Lemma
43,chio,Pflanze-Lemma
44,blüh,Pflanze-Lemma
45,buschenlaube,Pflanze-Lemma
46,dornendickicht,Pflanze-Lemma
47,kameel,Pflanze-Lemma
48,schößlinge,Pflanze-Lemma
49,acheron,Pflanze-Lemma
50,cocospalm,Pflanze-Lemma
51,geryche,Pflanze-Lemma
52,ungetüm,Pflanze-Lemma
53,lilienblum,Pflanze-Lemma
54,amazonen,Pflanze-Lemma
55,guckäugelein,Pflanze-Lemma
56,strohmandl,Pflanze-Lemma
57,rosenkron,Pflanze-Lemma
58,spirwes,Pflanze-Lemma
59,stammbäumer,Pflanze-Lemma
60,sandelholz,Pflanze-Lemma
61,muskatblüt,Pflanze-Lemma
62,holunderbaum,Pflanze-Lemma
63,aschenweib,Pflanze-Lemma
64,mahom,Pflanze-Lemma
65,büschel,Pflanze-Lemma
66,erdäpfel,Pflanze-Lemma
67,fruchtbod,Pflanze-Lemma
68,kaiserrose,Pflanze-Lemma
69,zitterperle,Pflanze-Lemma
70,damon,Pflanze-Lemma
71,stammbaums-geschichte,Pflanze-Lemma
72,gänsefed,Pflanze-Lemma
73,purpurwurzeln,Pflanze-Lemma
74,ambivar,Pflanze-Lemma
75,trennungs-eiche,Pflanze-Lemma
76,körnlein,Pflanze-Lemma
77,siedfrücht,Pflanze-Lemma
78,rüben,Pflanze-Lemma
79,myrt,Pflanze-Lemma
80,aquitanie,Pflanze-Lemma
81,rasend,Pflanze-Lemma
82,bälge,Pflanze-Lemma
83,immenblatt,Pflanze-Lemma
84,schafgarb,Pflanze-Lemma
85,baumgut,Pflanze-Lemma
86,linden-krone,Pflanze-Lemma
87,pappelzitterzweige,Pflanze-Lemma
88,wucherüberfluß,Pflanze-Lemma
89,schilf,Pflanze-Lemma
90,nepenthe,Pflanze-Lemma
91,epithalamium,Pflanze-Lemma
92,erdbirn,Pflanze-Lemma
93,gauklerblume,Pflanze-Lemma
94,lindenholz,Pflanze-Lemma
95,schenk,Pflanze-Lemma
96,grashalm,Pflanze-Lemma
97,trüffeln,Pflanze-Lemma
98,pfirsichbaum,Pflanze-Lemma
99,bim-baum-bimmel,Pflanze-Lemma
100,blumentopf,Pflanze-Lemma
101,bäum,Pflanze-Lemma
102,olivenlaub,Pflanze-Lemma
103,ecclypsis,Pflanze-Lemma
104,birnbeim,Pflanze-Lemma
105,feigenblättcn,Pflanze-Lemma
106,hauhechel,Pflanze-Lemma
107,minschen,Pflanze-Lemma
108,weihnachtsbaum,Pflanze-Lemma
109,laubgeflecht,Pflanze-Lemma
110,stinkwurz,Pflanze-Lemma
111,parapluiemacher,Pflanze-Lemma
112,melis,Pflanze-Lemma
113,abderit,Pflanze-Lemma
114,mönchskutte,Pflanze-Lemma
115,karna,Pflanze-Lemma
116,weide,Pflanze-Lemma
117,getreide,Pflanze-Lemma
118,buchenallee,Pflanze-Lemma
119,eos,Pflanze-Lemma
120,aecker,Pflanze-Lemma
121,arbeet,Pflanze-Lemma
122,ambradüfte,Pflanze-Lemma
123,obstbäum,Pflanze-Lemma
124,rebengehang,Pflanze-Lemma
125,myrthen-kränze,Pflanze-Lemma
126,pflockes,Pflanze-Lemma
127,mistraun,Pflanze-Lemma
128,ball,Pflanze-Lemma
129,nagelwurzen,Pflanze-Lemma
130,dräu,Pflanze-Lemma
131,weimutsficht,Pflanze-Lemma
132,gattung,Pflanze-Lemma
133,gysar,Pflanze-Lemma
134,labetrunk,Pflanze-Lemma
135,katzenäugelein,Pflanze-Lemma
136,fünffingerkraut,Pflanze-Lemma
137,heuser,Pflanze-Lemma
138,traufe,Pflanze-Lemma
139,äffch,Pflanze-Lemma
140,tannensamen,Pflanze-Lemma
141,lelio,Pflanze-Lemma
142,gänsekiel,Pflanze-Lemma
143,blütenstrauß,Pflanze-Lemma
144,äskulap,Pflanze-Lemma
145,stockrose,Pflanze-Lemma
146,feuerblum,Pflanze-Lemma
147,lappalie,Pflanze-Lemma
148,rosenbüschen,Pflanze-Lemma
149,lindenbaum,Pflanze-Lemma
150,kernweib,Pflanze-Lemma
151,weinstöcke,Pflanze-Lemma
152,zweigesang,Pflanze-Lemma
153,rose,Pflanze-Lemma
154,lindenblüt,Pflanze-Lemma
155,paradeisäpfel,Pflanze-Lemma
156,grünrock,Pflanze-Lemma
157,tabakspfeif,Pflanze-Lemma
158,blumenvasen,Pflanze-Lemma
159,rosenkranz,Pflanze-Lemma
160,heckelberg,Pflanze-Lemma
161,kanaan,Pflanze-Lemma
162,zephir,Pflanze-Lemma
163,büsche,Pflanze-Lemma
164,blätterschmuck,Pflanze-Lemma
165,sellerie,Pflanze-Lemma
166,rosendüfte,Pflanze-Lemma
167,actien,Pflanze-Lemma
168,ährenwog,Pflanze-Lemma
169,zephyrssäule,Pflanze-Lemma
170,meroe,Pflanze-Lemma
171,aslauga's,Pflanze-Lemma
172,apfelschimmel,Pflanze-Lemma
173,hafe,Pflanze-Lemma
174,flammenbusch,Pflanze-Lemma
175,laubs,Pflanze-Lemma
176,baumstumpf,Pflanze-Lemma
177,blättergrün,Pflanze-Lemma
178,läut,Pflanze-Lemma
179,pappelzweig,Pflanze-Lemma
180,lewen,Pflanze-Lemma
181,käse,Pflanze-Lemma
182,zichorie,Pflanze-Lemma
183,wunderblumen,Pflanze-Lemma
184,ros'n,Pflanze-Lemma
185,eigengrün,Pflanze-Lemma
186,heuschober,Pflanze-Lemma
187,apfelmus,Pflanze-Lemma
188,laubengang,Pflanze-Lemma
189,haidegewäch,Pflanze-Lemma
190,haselnüsse,Pflanze-Lemma
191,gartenkraut,Pflanze-Lemma
192,farnsam,Pflanze-Lemma
193,pelidenkranz,Pflanze-Lemma
194,maienblume,Pflanze-Lemma
195,anana,Pflanze-Lemma
196,wein,Pflanze-Lemma
197,beyspil,Pflanze-Lemma
198,tantalusqual,Pflanze-Lemma
199,schwesterblumen,Pflanze-Lemma
200,heldenthume,Pflanze-Lemma
201,pfirsich,Pflanze-Lemma
202,kreuz,Pflanze-Lemma
203,wildling,Pflanze-Lemma
204,aste,Pflanze-Lemma
205,zauberbaume,Pflanze-Lemma
206,schwert,Pflanze-Lemma
207,szepter,Pflanze-Lemma
208,rosenpflück,Pflanze-Lemma
209,cypres,Pflanze-Lemma
210,lotosblüte,Pflanze-Lemma
211,grasbod,Pflanze-Lemma
212,stamm-baum,Pflanze-Lemma
213,beere,Pflanze-Lemma
214,rosekohl,Pflanze-Lemma
215,dornenlabyrinth,Pflanze-Lemma
216,wasserrose,Pflanze-Lemma
217,samenkornes,Pflanze-Lemma
218,rosendorn,Pflanze-Lemma
219,meuternd,Pflanze-Lemma
220,ranunkelwurzel,Pflanze-Lemma
221,urbaum,Pflanze-Lemma
222,heil'ge,Pflanze-Lemma
223,kaiserthron,Pflanze-Lemma
224,sträußchen,Pflanze-Lemma
225,feigenblätter,Pflanze-Lemma
226,laubgäng,Pflanze-Lemma
227,blumenstand,Pflanze-Lemma
228,sagschat,Pflanze-Lemma
229,vogelbeiz,Pflanze-Lemma
230,regengrünnasse,Pflanze-Lemma
231,livree,Pflanze-Lemma
232,spinnenkraut,Pflanze-Lemma
233,liebesäpfel,Pflanze-Lemma
234,haferl,Pflanze-Lemma
235,montium,Pflanze-Lemma
236,schauderweib,Pflanze-Lemma
237,liebeskuß,Pflanze-Lemma
238,heubodn,Pflanze-Lemma
239,bahwoll,Pflanze-Lemma
240,sträußel,Pflanze-Lemma
241,strauche,Pflanze-Lemma
242,banane,Pflanze-Lemma
243,blumenstöck,Pflanze-Lemma
244,quecksilberblüt,Pflanze-Lemma
245,saatkorn,Pflanze-Lemma
246,tetinbeer,Pflanze-Lemma
247,espenbäumen,Pflanze-Lemma
248,krähe,Pflanze-Lemma
249,alpenrose,Pflanze-Lemma
250,pflanzunge,Pflanze-Lemma
251,astel,Pflanze-Lemma
252,horaz,Pflanze-Lemma
253,holunderstrauch,Pflanze-Lemma
254,schutres,Pflanze-Lemma
255,rosen-geryche,Pflanze-Lemma
256,lavendel,Pflanze-Lemma
257,ast,Pflanze-Lemma
258,théâtre-francais,Pflanze-Lemma
259,baumes,Pflanze-Lemma
260,ästge,Pflanze-Lemma
261,rittersporn«-weis,Pflanze-Lemma
262,haselstab,Pflanze-Lemma
263,grastafel,Pflanze-Lemma
264,gränzabtheilung,Pflanze-Lemma
265,astloch,Pflanze-Lemma
266,beb,Pflanze-Lemma
267,kiefernforst,Pflanze-Lemma
268,apfelsine,Pflanze-Lemma
269,zephyrs,Pflanze-Lemma
270,schnaderhüpfel,Pflanze-Lemma
271,giftkraut,Pflanze-Lemma
272,pflock,Pflanze-Lemma
273,palmesel,Pflanze-Lemma
274,anemon,Pflanze-Lemma
275,alpenfrucht,Pflanze-Lemma
276,pinienapfel,Pflanze-Lemma
277,limmel,Pflanze-Lemma
278,gänseblümchen,Pflanze-Lemma
279,gräul's,Pflanze-Lemma
280,zuleima,Pflanze-Lemma
281,bruderpalm,Pflanze-Lemma
282,reiherbüschen,Pflanze-Lemma
283,schlendrian,Pflanze-Lemma
284,gewächshause,Pflanze-Lemma
285,seidenwurm,Pflanze-Lemma
286,frühlings-knospe,Pflanze-Lemma
287,ehrenplund,Pflanze-Lemma
288,geborn,Pflanze-Lemma
289,heiligthume,Pflanze-Lemma
290,fittichen,Pflanze-Lemma
291,kipfel,Pflanze-Lemma
292,gerste,Pflanze-Lemma
293,fennerichin,Pflanze-Lemma
294,runzel,Pflanze-Lemma
295,hortense,Pflanze-Lemma
296,grasung,Pflanze-Lemma
297,frühlingsmargueriten,Pflanze-Lemma
298,äpfeln,Pflanze-Lemma
299,kelch,Pflanze-Lemma
300,blättergrüns,Pflanze-Lemma
301,wies,Pflanze-Lemma
302,heiland,Pflanze-Lemma
303,stock,Pflanze-Lemma
304,äbte,Pflanze-Lemma
305,springwurz,Pflanze-Lemma
306,stachelzahn,Pflanze-Lemma
307,abendblume,Pflanze-Lemma
308,artischock,Pflanze-Lemma
309,gewächshäusern,Pflanze-Lemma
310,blüm'ln,Pflanze-Lemma
311,paradiesfrüchte,Pflanze-Lemma
312,bohne,Pflanze-Lemma
313,reuter,Pflanze-Lemma
314,weidenruthe,Pflanze-Lemma
315,flieh,Pflanze-Lemma
316,vogelscheuch,Pflanze-Lemma
317,sonn'wirthsrosel,Pflanze-Lemma
318,heilkräuter,Pflanze-Lemma
319,flore,Pflanze-Lemma
320,lorbeerblätter,Pflanze-Lemma
321,pflästerchen,Pflanze-Lemma
322,gräz,Pflanze-Lemma
323,sträuche,Pflanze-Lemma
324,bancbanus,Pflanze-Lemma
325,gesträuchen,Pflanze-Lemma
326,aepffeln,Pflanze-Lemma
327,sibyllenwurz,Pflanze-Lemma
328,eichenlaub,Pflanze-Lemma
329,heringsweibe,Pflanze-Lemma
330,birne,Pflanze-Lemma
331,lindengang,Pflanze-Lemma
332,fliegn,Pflanze-Lemma
333,blumen-reich,Pflanze-Lemma
334,buchenastes,Pflanze-Lemma
335,roggengras,Pflanze-Lemma
336,gerücht,Pflanze-Lemma
337,amphitryon,Pflanze-Lemma
338,finkensiep,Pflanze-Lemma
339,beut,Pflanze-Lemma
340,blätterdach,Pflanze-Lemma
341,augentrost,Pflanze-Lemma
342,wandertrieb,Pflanze-Lemma
343,stoppel,Pflanze-Lemma
344,silberblätter,Pflanze-Lemma
345,blumenköpfe,Pflanze-Lemma
346,blumenkränzen,Pflanze-Lemma
347,alraun,Pflanze-Lemma
348,blumenstück,Pflanze-Lemma
349,haselbusch,Pflanze-Lemma
350,körndel,Pflanze-Lemma
351,melankolie,Pflanze-Lemma
352,gräul,Pflanze-Lemma
353,lysimon,Pflanze-Lemma
354,wurzelsepp,Pflanze-Lemma
355,almansor,Pflanze-Lemma
356,isabellen,Pflanze-Lemma
357,blumenstöcke,Pflanze-Lemma
358,büsch,Pflanze-Lemma
359,rosenstock,Pflanze-Lemma
360,schatteneiche,Pflanze-Lemma
361,veredle,Pflanze-Lemma
362,jesmin,Pflanze-Lemma
363,hobelspänne,Pflanze-Lemma
364,blühe,Pflanze-Lemma
365,blumensträußchen,Pflanze-Lemma
366,rettichen,Pflanze-Lemma
367,y.,Pflanze-Lemma
368,amaryll,Pflanze-Lemma
369,trauerblumen,Pflanze-Lemma
370,pompadour,Pflanze-Lemma
371,blättchen,Pflanze-Lemma
372,tollkraut,Pflanze-Lemma
373,portepee-fähnrich,Pflanze-Lemma
374,lindenblühweis,Pflanze-Lemma
375,flechten,Pflanze-Lemma
376,wasserpflanze,Pflanze-Lemma
377,lindenthau,Pflanze-Lemma
378,palm,Pflanze-Lemma
379,gartenschneck,Pflanze-Lemma
380,neveu,Pflanze-Lemma
381,maurensitte,Pflanze-Lemma
382,schrot,Pflanze-Lemma
383,zauberkräuter,Pflanze-Lemma
384,heurige,Pflanze-Lemma
385,fuchs,Pflanze-Lemma
386,nebelweib,Pflanze-Lemma
387,unterirdschen,Pflanze-Lemma
388,rosenschein,Pflanze-Lemma
389,rosenglanze,Pflanze-Lemma
390,rundholz,Pflanze-Lemma
391,lind,Pflanze-Lemma
392,maulbeer-baum,Pflanze-Lemma
393,blättert,Pflanze-Lemma
394,olivenkern,Pflanze-Lemma
395,lebensbaum,Pflanze-Lemma
396,hieb,Pflanze-Lemma
397,horst,Pflanze-Lemma
398,tiara,Pflanze-Lemma
399,niflung,Pflanze-Lemma
400,harfenweib,Pflanze-Lemma
401,taubenklee,Pflanze-Lemma
402,frümeß,Pflanze-Lemma
403,buchenschatte,Pflanze-Lemma
404,silberäst,Pflanze-Lemma
405,mandragor,Pflanze-Lemma
406,lebensblumen,Pflanze-Lemma
407,hornisse,Pflanze-Lemma
408,safran,Pflanze-Lemma
409,blumenbank,Pflanze-Lemma
410,semmerl,Pflanze-Lemma
411,fähndrich,Pflanze-Lemma
412,schädling,Pflanze-Lemma
413,sprosse,Pflanze-Lemma
414,sträuß,Pflanze-Lemma
415,nesselkraut,Pflanze-Lemma
416,vögerl,Pflanze-Lemma
417,gelöbniß,Pflanze-Lemma
418,thymian,Pflanze-Lemma
419,birnbaum,Pflanze-Lemma
420,rheinweinsort,Pflanze-Lemma
421,feigenbaumes,Pflanze-Lemma
422,borotin,Pflanze-Lemma
423,kurnblume,Pflanze-Lemma
424,granatapfel,Pflanze-Lemma
425,nußbaum,Pflanze-Lemma
426,kokett,Pflanze-Lemma
427,rosetta,Pflanze-Lemma
428,blümenkörbchen,Pflanze-Lemma
429,zwetschken,Pflanze-Lemma
430,feie,Pflanze-Lemma
431,cedernholz,Pflanze-Lemma
432,hökenweib,Pflanze-Lemma
433,vätter,Pflanze-Lemma
434,mephistopheles,Pflanze-Lemma
435,bauernrosen,Pflanze-Lemma
436,melkknecht,Pflanze-Lemma
437,blumme,Pflanze-Lemma
438,balustraden,Pflanze-Lemma
439,nadelöhr,Pflanze-Lemma
440,dœrn,Pflanze-Lemma
441,oel,Pflanze-Lemma
442,pflugschaar,Pflanze-Lemma
443,ebereschbeere,Pflanze-Lemma
444,fichtelberger,Pflanze-Lemma
445,riesin,Pflanze-Lemma
446,süßholzraspler,Pflanze-Lemma
447,distel,Pflanze-Lemma
448,bakbarah,Pflanze-Lemma
449,gränchen,Pflanze-Lemma
450,hefe,Pflanze-Lemma
451,sandkorn,Pflanze-Lemma
452,feldblume,Pflanze-Lemma
453,türk,Pflanze-Lemma
454,tantalide,Pflanze-Lemma
455,witzblätter,Pflanze-Lemma
456,gräbch,Pflanze-Lemma
457,coulis,Pflanze-Lemma
458,rosenbüsch,Pflanze-Lemma
459,gurken,Pflanze-Lemma
460,felsenritz,Pflanze-Lemma
461,rotte,Pflanze-Lemma
462,wipfeldach,Pflanze-Lemma
463,vogelschlag,Pflanze-Lemma
464,eichenpflanzung,Pflanze-Lemma
465,zank,Pflanze-Lemma
466,blütenflor,Pflanze-Lemma
467,lib,Pflanze-Lemma
468,kastanienbaum,Pflanze-Lemma
469,hartschier,Pflanze-Lemma
470,apfelwang,Pflanze-Lemma
471,rübezahl,Pflanze-Lemma
472,umbuscht,Pflanze-Lemma
473,wurzelanfang,Pflanze-Lemma
474,schlinggewächs,Pflanze-Lemma
475,vomitiva,Pflanze-Lemma
476,erdgeborner,Pflanze-Lemma
477,haidekraut,Pflanze-Lemma
478,birkenäuglein,Pflanze-Lemma
479,blütenblatt,Pflanze-Lemma
480,tandlerbube,Pflanze-Lemma
481,veilchenstrauß,Pflanze-Lemma
482,aloë,Pflanze-Lemma
483,dinkel,Pflanze-Lemma
484,trau'r,Pflanze-Lemma
485,schattenpflanze,Pflanze-Lemma
486,tirailleur,Pflanze-Lemma
487,moose,Pflanze-Lemma
488,doppelfrucht,Pflanze-Lemma
489,holdseligst,Pflanze-Lemma
490,schmuk,Pflanze-Lemma
491,tande,Pflanze-Lemma
492,baumgarte,Pflanze-Lemma
493,trauerbirk,Pflanze-Lemma
494,gall,Pflanze-Lemma
495,segensblume,Pflanze-Lemma
496,weihkessel,Pflanze-Lemma
497,kifferbeiß,Pflanze-Lemma
498,rebengott,Pflanze-Lemma
499,wurzeläst,Pflanze-Lemma
500,fiedel,Pflanze-Lemma
501,grille,Pflanze-Lemma
502,vorderbusch,Pflanze-Lemma
503,pyreneorum,Pflanze-Lemma
504,nüs,Pflanze-Lemma
505,garnknäueln,Pflanze-Lemma
506,apoll,Pflanze-Lemma
507,cäsonia,Pflanze-Lemma
508,hecker,Pflanze-Lemma
509,baume,Pflanze-Lemma
510,weinberl,Pflanze-Lemma
511,myrtenreis,Pflanze-Lemma
512,sesterzien,Pflanze-Lemma
513,büchelchen,Pflanze-Lemma
514,dorngeflecht,Pflanze-Lemma
515,ebenholz,Pflanze-Lemma
516,veitstanz,Pflanze-Lemma
517,brechstang,Pflanze-Lemma
518,eichenwipfeln,Pflanze-Lemma
519,blumenengel,Pflanze-Lemma
520,herzenterb,Pflanze-Lemma
521,pisangfrucht,Pflanze-Lemma
522,gurk,Pflanze-Lemma
523,kaktus,Pflanze-Lemma
524,granatbusch,Pflanze-Lemma
525,damaskus,Pflanze-Lemma
526,bammel,Pflanze-Lemma
527,himmelsfeu'r,Pflanze-Lemma
528,veilchenatem,Pflanze-Lemma
529,pflanzenseim,Pflanze-Lemma
530,mayenzweige,Pflanze-Lemma
531,süßholz,Pflanze-Lemma
532,kastanie,Pflanze-Lemma
533,zitternadel,Pflanze-Lemma
534,baum-schule,Pflanze-Lemma
535,maulbeerblätter,Pflanze-Lemma
536,blust,Pflanze-Lemma
537,plunder,Pflanze-Lemma
538,schib,Pflanze-Lemma
539,cameli,Pflanze-Lemma
540,weine,Pflanze-Lemma
541,muskatellerbirndln,Pflanze-Lemma
542,tränenweide,Pflanze-Lemma
543,schmeerbäuche,Pflanze-Lemma
544,grausamen,Pflanze-Lemma
545,cyperwein,Pflanze-Lemma
546,malve,Pflanze-Lemma
547,pinium,Pflanze-Lemma
548,kastanienast,Pflanze-Lemma
549,waldblumen,Pflanze-Lemma
550,rosenthon,Pflanze-Lemma
551,astgeflecht,Pflanze-Lemma
552,farrensam,Pflanze-Lemma
553,abschaum,Pflanze-Lemma
554,angeln,Pflanze-Lemma
555,plan,Pflanze-Lemma
556,weinstock,Pflanze-Lemma
557,blümche,Pflanze-Lemma
558,ficken,Pflanze-Lemma
559,frühlingskranz,Pflanze-Lemma
560,narcis,Pflanze-Lemma
561,blumenteppich,Pflanze-Lemma
562,machandelbaum,Pflanze-Lemma
563,osirismythen,Pflanze-Lemma
564,blätterstreu,Pflanze-Lemma
565,löwenzungen,Pflanze-Lemma
566,löwenmaul,Pflanze-Lemma
567,baumfleck,Pflanze-Lemma
568,zigeinerweib,Pflanze-Lemma
569,melissenblümlein,Pflanze-Lemma
570,apollonia,Pflanze-Lemma
571,siegesbeet,Pflanze-Lemma
572,nereu,Pflanze-Lemma
573,dickbäuchige,Pflanze-Lemma
574,nieswurz,Pflanze-Lemma
575,petersilie,Pflanze-Lemma
576,osterglock,Pflanze-Lemma
577,triebe,Pflanze-Lemma
578,liebeskeim,Pflanze-Lemma
579,wampum,Pflanze-Lemma
580,schteene,Pflanze-Lemma
581,brodgrümel,Pflanze-Lemma
582,lerchenwirbel,Pflanze-Lemma
583,schnitter,Pflanze-Lemma
584,lind'rung,Pflanze-Lemma
585,brennessel,Pflanze-Lemma
586,blütenbäume,Pflanze-Lemma
587,rosenhag,Pflanze-Lemma
588,linde,Pflanze-Lemma
589,weidengesträuch,Pflanze-Lemma
590,farnrode,Pflanze-Lemma
591,heilsarmee,Pflanze-Lemma
592,lisett,Pflanze-Lemma
593,geranke,Pflanze-Lemma
594,farrenkräuter,Pflanze-Lemma
595,hiobspost,Pflanze-Lemma
596,schafshäutl,Pflanze-Lemma
597,hohenstaufen,Pflanze-Lemma
598,bälder,Pflanze-Lemma
599,blumenstengel,Pflanze-Lemma
600,löwenzahn,Pflanze-Lemma
601,weyhrauch,Pflanze-Lemma
602,obstverlust,Pflanze-Lemma
603,reisigbündel,Pflanze-Lemma
604,judenkirschen,Pflanze-Lemma
605,leinewand,Pflanze-Lemma
606,rogg,Pflanze-Lemma
607,wipfelwehen,Pflanze-Lemma
608,ulme,Pflanze-Lemma
609,heid,Pflanze-Lemma
610,saphena,Pflanze-Lemma
611,blüte,Pflanze-Lemma
612,lotusblume,Pflanze-Lemma
613,stabe,Pflanze-Lemma
614,waldfräulein,Pflanze-Lemma
615,burgunder,Pflanze-Lemma
616,traube,Pflanze-Lemma
617,exegeticum,Pflanze-Lemma
618,rosenkette,Pflanze-Lemma
619,senkgrube,Pflanze-Lemma
620,schaum,Pflanze-Lemma
621,benj,Pflanze-Lemma
622,kastanienzweig,Pflanze-Lemma
623,ähr,Pflanze-Lemma
624,reisig,Pflanze-Lemma
625,lilienblumenkreuzeswunder,Pflanze-Lemma
626,saame,Pflanze-Lemma
627,pflanzenleben,Pflanze-Lemma
628,lispelnder,Pflanze-Lemma
629,distichon,Pflanze-Lemma
630,fittige,Pflanze-Lemma
631,gurgistan,Pflanze-Lemma
632,schwefel-pful,Pflanze-Lemma
633,apfelbaum,Pflanze-Lemma
634,primislaus,Pflanze-Lemma
635,maurentum,Pflanze-Lemma
636,liljen,Pflanze-Lemma
637,pflanzenschling,Pflanze-Lemma
638,düpfele,Pflanze-Lemma
639,heusercher,Pflanze-Lemma
640,kümmel,Pflanze-Lemma
641,samenkörnche,Pflanze-Lemma
642,blümeln,Pflanze-Lemma
643,lorbeerhaine,Pflanze-Lemma
644,beyde,Pflanze-Lemma
645,liß,Pflanze-Lemma
646,haber,Pflanze-Lemma
647,vogelbeere,Pflanze-Lemma
648,alcimna,Pflanze-Lemma
649,scipio,Pflanze-Lemma
650,entree,Pflanze-Lemma
651,maiwurm,Pflanze-Lemma
652,graup,Pflanze-Lemma
653,fiber,Pflanze-Lemma
654,strümpfen,Pflanze-Lemma
655,feist,Pflanze-Lemma
656,buchenlaub,Pflanze-Lemma
657,tannhäuser,Pflanze-Lemma
658,aeußre,Pflanze-Lemma
659,blumen-krantz,Pflanze-Lemma
660,dornenriß,Pflanze-Lemma
661,extrablatt,Pflanze-Lemma
662,gräslich,Pflanze-Lemma
663,kienwurzeln,Pflanze-Lemma
664,zweigling,Pflanze-Lemma
665,lustgebüsch,Pflanze-Lemma
666,cylinderhut,Pflanze-Lemma
667,grame,Pflanze-Lemma
668,zeller,Pflanze-Lemma
669,gänshäute,Pflanze-Lemma
670,weint,Pflanze-Lemma
671,schlehstamm,Pflanze-Lemma
672,flatterstaat,Pflanze-Lemma
673,ringelblum,Pflanze-Lemma
674,läst,Pflanze-Lemma
675,blumenfessel,Pflanze-Lemma
676,weltbaum,Pflanze-Lemma
677,zichorien,Pflanze-Lemma
678,casinum,Pflanze-Lemma
679,limone,Pflanze-Lemma
680,cactussäulen,Pflanze-Lemma
681,theobroma-cacao,Pflanze-Lemma
682,eleonora,Pflanze-Lemma
683,blumenblätter,Pflanze-Lemma
684,hanfhalm,Pflanze-Lemma
685,faulbaum,Pflanze-Lemma
686,blumenkränzlein,Pflanze-Lemma
687,noth,Pflanze-Lemma
688,blütenzweige,Pflanze-Lemma
689,labsal,Pflanze-Lemma
690,christine,Pflanze-Lemma
691,friedmann,Pflanze-Lemma
692,getreidekümmel,Pflanze-Lemma
693,schwerd,Pflanze-Lemma
694,schafställ,Pflanze-Lemma
695,treibhauspflanze,Pflanze-Lemma
696,wiesengrün,Pflanze-Lemma
697,burzelbaum,Pflanze-Lemma
698,rosolie,Pflanze-Lemma
699,satana,Pflanze-Lemma
700,dornbusch,Pflanze-Lemma
701,haf'n,Pflanze-Lemma
702,bulweiben,Pflanze-Lemma
703,bährenhäuter,Pflanze-Lemma
704,cohortenlanz,Pflanze-Lemma
705,elba,Pflanze-Lemma
706,drudenfuß,Pflanze-Lemma
707,schiffsholz,Pflanze-Lemma
708,erlenkroner,Pflanze-Lemma
709,orkus,Pflanze-Lemma
710,sternenlaube,Pflanze-Lemma
711,erlengebüsch,Pflanze-Lemma
712,riesenpaläste,Pflanze-Lemma
713,hochbaum,Pflanze-Lemma
714,baumiller,Pflanze-Lemma
715,heu'r,Pflanze-Lemma
716,lorbeere,Pflanze-Lemma
717,erdbeerbeet,Pflanze-Lemma
718,edelweißstrauß,Pflanze-Lemma
719,rain,Pflanze-Lemma
720,weidenstab,Pflanze-Lemma
721,billet,Pflanze-Lemma
722,kunstblum,Pflanze-Lemma
723,segenstrank,Pflanze-Lemma
724,hullala,Pflanze-Lemma
725,weihrauchdüfte,Pflanze-Lemma
726,kartoffelkraut,Pflanze-Lemma
727,zitron,Pflanze-Lemma
728,bärnhäuter,Pflanze-Lemma
729,parzen,Pflanze-Lemma
730,christum,Pflanze-Lemma
731,lorbeerwipfel,Pflanze-Lemma
732,zuspeis,Pflanze-Lemma
733,besemkraut,Pflanze-Lemma
734,wegras,Pflanze-Lemma
735,wunderblüte,Pflanze-Lemma
736,lachsalve,Pflanze-Lemma
737,fuß,Pflanze-Lemma
738,äon,Pflanze-Lemma
739,rosenwolk,Pflanze-Lemma
740,süd,Pflanze-Lemma
741,getreidekörner,Pflanze-Lemma
742,cymbel,Pflanze-Lemma
743,philosoph,Pflanze-Lemma
744,heuschrecke,Pflanze-Lemma
745,strack,Pflanze-Lemma
746,aublik,Pflanze-Lemma
747,flugblatt,Pflanze-Lemma
748,röstbohn,Pflanze-Lemma
749,raube,Pflanze-Lemma
750,alraune,Pflanze-Lemma
751,baumzweige,Pflanze-Lemma
752,büchel,Pflanze-Lemma
753,eichel,Pflanze-Lemma
754,wachruum,Pflanze-Lemma
755,blattergrübchen,Pflanze-Lemma
756,krone,Pflanze-Lemma
757,gräu'ls,Pflanze-Lemma
758,fittiche,Pflanze-Lemma
759,knoblauchsgeruch,Pflanze-Lemma
760,blätterschatt,Pflanze-Lemma
761,blumenzier,Pflanze-Lemma
762,buschwerk,Pflanze-Lemma
763,plato,Pflanze-Lemma
764,rieselquell,Pflanze-Lemma
765,zaunstrauch,Pflanze-Lemma
766,lärchen,Pflanze-Lemma
767,zilla,Pflanze-Lemma
768,passeletang,Pflanze-Lemma
769,jilka,Pflanze-Lemma
770,blatt,Pflanze-Lemma
771,blumn,Pflanze-Lemma
772,fennerich,Pflanze-Lemma
773,signora,Pflanze-Lemma
774,rosalie,Pflanze-Lemma
775,paradiesapfel,Pflanze-Lemma
776,tragebutte,Pflanze-Lemma
777,redensart,Pflanze-Lemma
778,wenschen,Pflanze-Lemma
779,major,Pflanze-Lemma
780,zwey,Pflanze-Lemma
781,thun,Pflanze-Lemma
782,meuter,Pflanze-Lemma
783,sopha,Pflanze-Lemma
784,dattelbaum,Pflanze-Lemma
785,maulbeerbaum,Pflanze-Lemma
786,ros,Pflanze-Lemma
787,unheilsmeer,Pflanze-Lemma
788,paria,Pflanze-Lemma
789,notenblätter,Pflanze-Lemma
790,hornfanfaren,Pflanze-Lemma
791,purpurrose,Pflanze-Lemma
792,heide,Pflanze-Lemma
793,frühlingsthrone,Pflanze-Lemma
794,weitze,Pflanze-Lemma
795,riesel,Pflanze-Lemma
796,vice-roy,Pflanze-Lemma
797,segelbaum,Pflanze-Lemma
798,melkputt,Pflanze-Lemma
799,haselholz,Pflanze-Lemma
800,laubn,Pflanze-Lemma
801,großbeer,Pflanze-Lemma
802,champignon,Pflanze-Lemma
803,pflaume,Pflanze-Lemma
804,nektarsäft,Pflanze-Lemma
805,lindenb,Pflanze-Lemma
806,kelchen,Pflanze-Lemma
807,enzian,Pflanze-Lemma
808,strauss,Pflanze-Lemma
809,minch,Pflanze-Lemma
810,cäcilie,Pflanze-Lemma
811,eschenstamme,Pflanze-Lemma
812,tannenwipfel,Pflanze-Lemma
813,bambushieb,Pflanze-Lemma
814,tiroler-rebe,Pflanze-Lemma
815,rosenkränz,Pflanze-Lemma
816,eu,Pflanze-Lemma
817,federbusches,Pflanze-Lemma
818,zimbel,Pflanze-Lemma
819,karfunkel,Pflanze-Lemma
820,wütrich,Pflanze-Lemma
821,kipfelweib,Pflanze-Lemma
822,mehlwurm,Pflanze-Lemma
823,wasserstrauch,Pflanze-Lemma
824,rebensaft,Pflanze-Lemma
825,pistolche,Pflanze-Lemma
826,balsamstaude,Pflanze-Lemma
827,chorus,Pflanze-Lemma
828,kräutertee,Pflanze-Lemma
829,farnese,Pflanze-Lemma
830,oelbaum,Pflanze-Lemma
831,chloe,Pflanze-Lemma
832,tollwurz,Pflanze-Lemma
833,stiebel,Pflanze-Lemma
834,blumen-holdheit,Pflanze-Lemma
835,bauholz,Pflanze-Lemma
836,donna,Pflanze-Lemma
837,rosette,Pflanze-Lemma
838,garnknäuel,Pflanze-Lemma
839,baumkrone,Pflanze-Lemma
840,baumstämme,Pflanze-Lemma
841,riesenweib,Pflanze-Lemma
842,fuchspelz,Pflanze-Lemma
843,baumgang,Pflanze-Lemma
844,gärtner,Pflanze-Lemma
845,hoffnungsblüt,Pflanze-Lemma
846,floßholz,Pflanze-Lemma
847,heurath,Pflanze-Lemma
848,keuschlamm,Pflanze-Lemma
849,weidenstotzen,Pflanze-Lemma
850,schilff,Pflanze-Lemma
851,blattel,Pflanze-Lemma
852,wisch,Pflanze-Lemma
853,rosi,Pflanze-Lemma
854,kräuter,Pflanze-Lemma
855,sichel,Pflanze-Lemma
856,sonnenblume,Pflanze-Lemma
857,gestämm,Pflanze-Lemma
858,bambusstrauch,Pflanze-Lemma
859,baumblätter,Pflanze-Lemma
860,schoß,Pflanze-Lemma
861,heuschuppe,Pflanze-Lemma
862,rosenweg,Pflanze-Lemma
863,geröll,Pflanze-Lemma
864,zierde,Pflanze-Lemma
865,thrazie,Pflanze-Lemma
866,opfergerste,Pflanze-Lemma
867,myrtenzweige,Pflanze-Lemma
868,christel,Pflanze-Lemma
869,psalmenbuche,Pflanze-Lemma
870,sonne,Pflanze-Lemma
871,litanei,Pflanze-Lemma
872,kompt,Pflanze-Lemma
873,roßschweif,Pflanze-Lemma
874,birkenrut,Pflanze-Lemma
875,derwisch,Pflanze-Lemma
876,blumengedränge,Pflanze-Lemma
877,vogelscheuchen,Pflanze-Lemma
878,purzel,Pflanze-Lemma
879,astree,Pflanze-Lemma
880,zorn,Pflanze-Lemma
881,hyder,Pflanze-Lemma
882,vergißmeinnicht,Pflanze-Lemma
883,wuchs,Pflanze-Lemma
884,stralen-volle,Pflanze-Lemma
885,keim,Pflanze-Lemma
886,parrükk,Pflanze-Lemma
887,möcht,Pflanze-Lemma
888,gräu'lvollstes,Pflanze-Lemma
889,blutrothe,Pflanze-Lemma
890,bockssprüng,Pflanze-Lemma
891,rosenkränze,Pflanze-Lemma
892,astl,Pflanze-Lemma
893,hellespont,Pflanze-Lemma
894,koralle,Pflanze-Lemma
895,mistkrähe,Pflanze-Lemma
896,tulpenstrauß,Pflanze-Lemma
897,hafi,Pflanze-Lemma
898,zypressenlaub,Pflanze-Lemma
899,lose,Pflanze-Lemma
900,palmenzweig,Pflanze-Lemma
901,obstbäume,Pflanze-Lemma
902,raupengezücht,Pflanze-Lemma
903,wang,Pflanze-Lemma
904,trieb,Pflanze-Lemma
905,zier,Pflanze-Lemma
906,sternblume,Pflanze-Lemma
907,zimt,Pflanze-Lemma
908,sommerlaub,Pflanze-Lemma
909,mangold,Pflanze-Lemma
910,azalee,Pflanze-Lemma
911,meerbäumen,Pflanze-Lemma
912,tang,Pflanze-Lemma
913,moorrübe,Pflanze-Lemma
914,apfel-baum,Pflanze-Lemma
915,lapagērie,Pflanze-Lemma
916,blumengenius,Pflanze-Lemma
917,fensterrosen,Pflanze-Lemma
918,spinne-web,Pflanze-Lemma
919,sauerkraut,Pflanze-Lemma
920,blumentöpfe,Pflanze-Lemma
921,gram,Pflanze-Lemma
922,blumenstern,Pflanze-Lemma
923,blumenvase,Pflanze-Lemma
924,pfefferdüt,Pflanze-Lemma
925,maienbraut,Pflanze-Lemma
926,iris,Pflanze-Lemma
927,prunkgefäße,Pflanze-Lemma
928,triebes,Pflanze-Lemma
929,melancholie,Pflanze-Lemma
930,beerfatt,Pflanze-Lemma
931,blumendüfte,Pflanze-Lemma
932,bauernfrucht,Pflanze-Lemma
933,halmerl,Pflanze-Lemma
934,blattwerk,Pflanze-Lemma
935,himbeergefrornes,Pflanze-Lemma
936,lilien-gasse,Pflanze-Lemma
937,ambrosia,Pflanze-Lemma
938,römerweib,Pflanze-Lemma
939,ungeborn,Pflanze-Lemma
940,taxus,Pflanze-Lemma
941,maurunkerln,Pflanze-Lemma
942,blumenpracht,Pflanze-Lemma
943,rosenstöcke,Pflanze-Lemma
944,georgi,Pflanze-Lemma
945,clärchen,Pflanze-Lemma
946,buchen,Pflanze-Lemma
947,gouter,Pflanze-Lemma
948,hopfenkeim,Pflanze-Lemma
949,zitronenbäum,Pflanze-Lemma
950,tulpenzwiebel,Pflanze-Lemma
951,aprikos,Pflanze-Lemma
952,pferdefuß,Pflanze-Lemma
953,läuterei,Pflanze-Lemma
954,geißblatt,Pflanze-Lemma
955,arbet,Pflanze-Lemma
956,gräme,Pflanze-Lemma
957,grasteufel,Pflanze-Lemma
958,alpenkräuter,Pflanze-Lemma
959,frühlingsblum,Pflanze-Lemma
960,ahornpflanzen,Pflanze-Lemma
961,fluth,Pflanze-Lemma
962,zwetschen,Pflanze-Lemma
963,hostie,Pflanze-Lemma
964,krapfen,Pflanze-Lemma
965,flordeli,Pflanze-Lemma
966,salamaleikum,Pflanze-Lemma
967,krokus,Pflanze-Lemma
968,süßlinge,Pflanze-Lemma
969,küchenkräuter,Pflanze-Lemma
970,frühlingsblüte,Pflanze-Lemma
971,erdbeer,Pflanze-Lemma
972,gräßlicher,Pflanze-Lemma
973,dauben,Pflanze-Lemma
974,fichte,Pflanze-Lemma
975,früling,Pflanze-Lemma
976,äsern,Pflanze-Lemma
977,kürbis,Pflanze-Lemma
978,fadrique,Pflanze-Lemma
979,sund,Pflanze-Lemma
980,brenno,Pflanze-Lemma
981,blatter,Pflanze-Lemma
982,wendelborn,Pflanze-Lemma
983,rosenbouquet,Pflanze-Lemma
984,rat,Pflanze-Lemma
985,apfelsinenschal,Pflanze-Lemma
986,keerl,Pflanze-Lemma
987,pferdzaum,Pflanze-Lemma
988,reut,Pflanze-Lemma
989,hecht,Pflanze-Lemma
990,feig,Pflanze-Lemma
991,ätna,Pflanze-Lemma
992,schilfpfeil,Pflanze-Lemma
993,fleh,Pflanze-Lemma
994,holzäpfel,Pflanze-Lemma
995,maienblüthe,Pflanze-Lemma
996,eberesche,Pflanze-Lemma
997,stäucher,Pflanze-Lemma
998,mykene,Pflanze-Lemma
999,sigs,Pflanze-Lemma
1000,glantz,Pflanze-Lemma
1001,myrtenbaum,Pflanze-Lemma
1002,mandel,Pflanze-Lemma
1003,goldorange,Pflanze-Lemma
1004,kalesche,Pflanze-Lemma
1005,baumschul,Pflanze-Lemma
1006,tabak,Pflanze-Lemma
1007,mina,Pflanze-Lemma
1008,fleisch,Pflanze-Lemma
1009,blüth,Pflanze-Lemma
1010,flachs,Pflanze-Lemma
1011,marktweib,Pflanze-Lemma
1012,paternoster,Pflanze-Lemma
1013,coujon,Pflanze-Lemma
1014,lanze,Pflanze-Lemma
1015,calle,Pflanze-Lemma
1016,epheulaube,Pflanze-Lemma
1017,kleinholz,Pflanze-Lemma
1018,dorn,Pflanze-Lemma
1019,landry,Pflanze-Lemma
1020,ziegenbok,Pflanze-Lemma
1021,mähn,Pflanze-Lemma
1022,ebereschbeer,Pflanze-Lemma
1023,palmenkrone,Pflanze-Lemma
1024,blum,Pflanze-Lemma
1025,brie,Pflanze-Lemma
1026,himmelsäpfel,Pflanze-Lemma
1027,strohwisch,Pflanze-Lemma
1028,theseus,Pflanze-Lemma
1029,haasenfuß,Pflanze-Lemma
1030,tanna,Pflanze-Lemma
1031,doria,Pflanze-Lemma
1032,weife,Pflanze-Lemma
1033,fare,Pflanze-Lemma
1034,riß,Pflanze-Lemma
1035,zweigholz,Pflanze-Lemma
1036,rosenknöspge,Pflanze-Lemma
1037,maiblum,Pflanze-Lemma
1038,cruciferae,Pflanze-Lemma
1039,muschellaube,Pflanze-Lemma
1040,louisdoren,Pflanze-Lemma
1041,rutenstreiche,Pflanze-Lemma
1042,geharnischt,Pflanze-Lemma
1043,tannendickicht,Pflanze-Lemma
1044,bort,Pflanze-Lemma
1045,riedel,Pflanze-Lemma
1046,schober,Pflanze-Lemma
1047,apfelstämmch,Pflanze-Lemma
1048,beräucher,Pflanze-Lemma
1049,maienleich,Pflanze-Lemma
1050,petersil,Pflanze-Lemma
1051,äste,Pflanze-Lemma
1052,blumenstrauße,Pflanze-Lemma
1053,rocksaum,Pflanze-Lemma
1054,weinhecker,Pflanze-Lemma
1055,parapluie,Pflanze-Lemma
1056,urschuld,Pflanze-Lemma
1057,lindwurm,Pflanze-Lemma
1058,hagestolzen,Pflanze-Lemma
1059,palmyra,Pflanze-Lemma
1060,zeil,Pflanze-Lemma
1061,basilisk,Pflanze-Lemma
1062,rosl,Pflanze-Lemma
1063,lebensbaume,Pflanze-Lemma
1064,geraucht,Pflanze-Lemma
1065,verschwornen,Pflanze-Lemma
1066,baumgange,Pflanze-Lemma
1067,schlinggewäch,Pflanze-Lemma
1068,tannenbaum,Pflanze-Lemma
1069,akazie,Pflanze-Lemma
1070,schwefelholz,Pflanze-Lemma
1071,weinblumen,Pflanze-Lemma
1072,stammbaum,Pflanze-Lemma
1073,weinkelch,Pflanze-Lemma
1074,siegespalm,Pflanze-Lemma
1075,safranrock,Pflanze-Lemma
1076,wodans-eich,Pflanze-Lemma
1077,gartner,Pflanze-Lemma
1078,napolium,Pflanze-Lemma
1079,borte,Pflanze-Lemma
1080,klosterideen,Pflanze-Lemma
1081,pflaumen,Pflanze-Lemma
1082,krabbe,Pflanze-Lemma
1083,rankengewirr,Pflanze-Lemma
1084,kranz,Pflanze-Lemma
1085,granatenbaum,Pflanze-Lemma
1086,hain,Pflanze-Lemma
1087,frühlingsblühe,Pflanze-Lemma
1088,äußre,Pflanze-Lemma
1089,treibhausgewächse,Pflanze-Lemma
1090,todesblüten,Pflanze-Lemma
1091,riesenblätter,Pflanze-Lemma
1092,kakerlaatje,Pflanze-Lemma
1093,büschche,Pflanze-Lemma
1094,flicht,Pflanze-Lemma
1095,et,Pflanze-Lemma
1096,pharnaz,Pflanze-Lemma
1097,vetterlieb,Pflanze-Lemma
1098,halm,Pflanze-Lemma
1099,sortem,Pflanze-Lemma
1100,iilka,Pflanze-Lemma
1101,katzenspeer,Pflanze-Lemma
1102,saam,Pflanze-Lemma
1103,lilienblume,Pflanze-Lemma
1104,geschmeid,Pflanze-Lemma
1105,lorbeerhainen,Pflanze-Lemma
1106,eppel,Pflanze-Lemma
1107,gift'ge,Pflanze-Lemma
1108,äser,Pflanze-Lemma
1109,spargeln,Pflanze-Lemma
1110,mai'n,Pflanze-Lemma
1111,busch,Pflanze-Lemma
1112,kiesel,Pflanze-Lemma
1113,wasserpflanz,Pflanze-Lemma
1114,federbüschen,Pflanze-Lemma
1115,atalus,Pflanze-Lemma
1116,grillentraum,Pflanze-Lemma
1117,eingeweide,Pflanze-Lemma
1118,narzisse,Pflanze-Lemma
1119,zirngibl,Pflanze-Lemma
1120,palmenwedel,Pflanze-Lemma
1121,riesenbaum,Pflanze-Lemma
1122,fichtenspan,Pflanze-Lemma
1123,rindfläsch,Pflanze-Lemma
1124,rabatt,Pflanze-Lemma
1125,äugelein,Pflanze-Lemma
1126,kiefern,Pflanze-Lemma
1127,heldenblume,Pflanze-Lemma
1128,puppe,Pflanze-Lemma
1129,fasan,Pflanze-Lemma
1130,lilienherde,Pflanze-Lemma
1131,riesenblatt,Pflanze-Lemma
1132,wotan,Pflanze-Lemma
1133,unterholz,Pflanze-Lemma
1134,zwratka,Pflanze-Lemma
1135,kirschbäum,Pflanze-Lemma
1136,hexe,Pflanze-Lemma
1137,körndl,Pflanze-Lemma
1138,harfaweib,Pflanze-Lemma
1139,sträuße,Pflanze-Lemma
1140,rhon,Pflanze-Lemma
1141,narziß,Pflanze-Lemma
1142,knospe,Pflanze-Lemma
1143,orang,Pflanze-Lemma
1144,myrtenkranzes,Pflanze-Lemma
1145,fehd,Pflanze-Lemma
1146,alraunen-wurzel,Pflanze-Lemma
1147,zuckerdorsch,Pflanze-Lemma
1148,citronat,Pflanze-Lemma
1149,fliecht,Pflanze-Lemma
1150,saron,Pflanze-Lemma
1151,pflaum,Pflanze-Lemma
1152,blumenspielzeug,Pflanze-Lemma
1153,holtvaagen,Pflanze-Lemma
1154,eichenhain,Pflanze-Lemma
1155,contessina,Pflanze-Lemma
1156,resed,Pflanze-Lemma
1157,amazone,Pflanze-Lemma
1158,gänseblümlein,Pflanze-Lemma
1159,gemüs,Pflanze-Lemma
1160,myrth,Pflanze-Lemma
1161,kräuterbündel,Pflanze-Lemma
1162,maid,Pflanze-Lemma
1163,tautropfe,Pflanze-Lemma
1164,ahnfrau,Pflanze-Lemma
1165,lilienlippe,Pflanze-Lemma
1166,eisenhut,Pflanze-Lemma
1167,geßner,Pflanze-Lemma
1168,sinnentaumel,Pflanze-Lemma
1169,kirām,Pflanze-Lemma
1170,staubfäde,Pflanze-Lemma
1171,feld,Pflanze-Lemma
1172,erichthonius,Pflanze-Lemma
1173,rajas,Pflanze-Lemma
1174,kr,Pflanze-Lemma
1175,lorbeerbaum,Pflanze-Lemma
1176,moos,Pflanze-Lemma
1177,haselstaude,Pflanze-Lemma
1178,wildfäng,Pflanze-Lemma
1179,frauenschuh,Pflanze-Lemma
1180,rebenkette,Pflanze-Lemma
1181,blumenkörbe,Pflanze-Lemma
1182,bambusrohr,Pflanze-Lemma
1183,eichelganz,Pflanze-Lemma
1184,chrysalide,Pflanze-Lemma
1185,ächtgeborne,Pflanze-Lemma
1186,weinbeerartig,Pflanze-Lemma
1187,altan,Pflanze-Lemma
1188,sproß,Pflanze-Lemma
1189,ficheli,Pflanze-Lemma
1190,ernt,Pflanze-Lemma
1191,jacobs-eiche,Pflanze-Lemma
1192,datura,Pflanze-Lemma
1193,totenblum,Pflanze-Lemma
1194,busch'n,Pflanze-Lemma
1195,rosenöls,Pflanze-Lemma
1196,feuerblüthen,Pflanze-Lemma
1197,maie,Pflanze-Lemma
1198,hölzchen,Pflanze-Lemma
1199,meergra,Pflanze-Lemma
1200,früchtel,Pflanze-Lemma
1201,sodomsapfel,Pflanze-Lemma
1202,quintilius,Pflanze-Lemma
1203,pomeranze,Pflanze-Lemma
1204,beelzebub,Pflanze-Lemma
1205,koketterie,Pflanze-Lemma
1206,hohenstaufe,Pflanze-Lemma
1207,eichholz,Pflanze-Lemma
1208,lattich,Pflanze-Lemma
1209,roastbeef,Pflanze-Lemma
1210,milichweib,Pflanze-Lemma
1211,myrthenzweig,Pflanze-Lemma
1212,himmelsthrone,Pflanze-Lemma
1213,grasfleck,Pflanze-Lemma
1214,himmelsfrücht,Pflanze-Lemma
1215,strohhalm,Pflanze-Lemma
1216,schœnsn,Pflanze-Lemma
1217,veilg,Pflanze-Lemma
1218,gurli,Pflanze-Lemma
1219,koppel,Pflanze-Lemma
1220,farnkraut-überwachs'nen,Pflanze-Lemma
1221,bund,Pflanze-Lemma
1222,beym,Pflanze-Lemma
1223,min,Pflanze-Lemma
1224,myrte,Pflanze-Lemma
1225,hyacinthe,Pflanze-Lemma
1226,heustock,Pflanze-Lemma
1227,eunomia,Pflanze-Lemma
1228,bohnen,Pflanze-Lemma
1229,florel,Pflanze-Lemma
1230,hesperien,Pflanze-Lemma
1231,helmbusch,Pflanze-Lemma
1232,kres,Pflanze-Lemma
1233,wachholder,Pflanze-Lemma
1234,satyre,Pflanze-Lemma
1235,zederholz,Pflanze-Lemma
1236,möchtn,Pflanze-Lemma
1237,fäserche,Pflanze-Lemma
1238,lichtschweif,Pflanze-Lemma
1239,melone,Pflanze-Lemma
1240,rajah,Pflanze-Lemma
1241,damian,Pflanze-Lemma
1242,holunder,Pflanze-Lemma
1243,geflecht,Pflanze-Lemma
1244,gebüsche,Pflanze-Lemma
1245,schlagbaum,Pflanze-Lemma
1246,dornstrauchs,Pflanze-Lemma
1247,scheherazaden,Pflanze-Lemma
1248,schwefelpfuhl,Pflanze-Lemma
1249,immergrün,Pflanze-Lemma
1250,achterstäv,Pflanze-Lemma
1251,vngebund,Pflanze-Lemma
1252,kaiserkron,Pflanze-Lemma
1253,deibel,Pflanze-Lemma
1254,distelköpfen,Pflanze-Lemma
1255,herz,Pflanze-Lemma
1256,birbant,Pflanze-Lemma
1257,tippelbäum,Pflanze-Lemma
1258,blumenstrauss,Pflanze-Lemma
1259,kamille,Pflanze-Lemma
1260,gospodin,Pflanze-Lemma
1261,birn,Pflanze-Lemma
1262,früchte-,Pflanze-Lemma
1263,kürbisflasch,Pflanze-Lemma
1264,harzbaum,Pflanze-Lemma
1265,kamelie,Pflanze-Lemma
1266,jasminen,Pflanze-Lemma
1267,orchidee,Pflanze-Lemma
1268,früchen,Pflanze-Lemma
1269,esther,Pflanze-Lemma
1270,kornähr,Pflanze-Lemma
1271,blumenkrone,Pflanze-Lemma
1272,rosenknöspche,Pflanze-Lemma
1273,weihräucherei,Pflanze-Lemma
1274,lanzenort,Pflanze-Lemma
1275,aepfel,Pflanze-Lemma
1276,bohnenblüt,Pflanze-Lemma
1277,paprika,Pflanze-Lemma
1278,erd,Pflanze-Lemma
1279,eschenstamm,Pflanze-Lemma
1280,fartze,Pflanze-Lemma
1281,kratzfuß,Pflanze-Lemma
1282,zuckerbrod,Pflanze-Lemma
1283,einander,Pflanze-Lemma
1284,samenkapsel,Pflanze-Lemma
1285,pharmakopöe,Pflanze-Lemma
1286,mohnblume,Pflanze-Lemma
1287,spinoza,Pflanze-Lemma
1288,bachsches,Pflanze-Lemma
1289,jungholz,Pflanze-Lemma
1290,strauchdieb,Pflanze-Lemma
1291,olivenblatt,Pflanze-Lemma
1292,absyrtus,Pflanze-Lemma
1293,bräunt,Pflanze-Lemma
1294,wurzelkost,Pflanze-Lemma
1295,buchbaum,Pflanze-Lemma
1296,ingrimm,Pflanze-Lemma
1297,sträuß'l,Pflanze-Lemma
1298,laubenkolonie,Pflanze-Lemma
1299,damnatorum,Pflanze-Lemma
1300,weinbouteill,Pflanze-Lemma
1301,dornenkrone,Pflanze-Lemma
1302,frikasséen,Pflanze-Lemma
1303,gezweige,Pflanze-Lemma
1304,proserpin,Pflanze-Lemma
1305,plau'n,Pflanze-Lemma
1306,blütenbaum,Pflanze-Lemma
1307,rodrich,Pflanze-Lemma
1308,pfirsiche,Pflanze-Lemma
1309,schierling,Pflanze-Lemma
1310,täub,Pflanze-Lemma
1311,thusche,Pflanze-Lemma
1312,litanein,Pflanze-Lemma
1313,aurikel,Pflanze-Lemma
1314,erde,Pflanze-Lemma
1315,nachbaräst,Pflanze-Lemma
1316,blütenstäubch,Pflanze-Lemma
1317,wurzelsepps,Pflanze-Lemma
1318,gurgel,Pflanze-Lemma
1319,blatt'ln,Pflanze-Lemma
1320,rosenblätter,Pflanze-Lemma
1321,frühlingstraum,Pflanze-Lemma
1322,majorin,Pflanze-Lemma
1323,intarsienrose,Pflanze-Lemma
1324,dreifuß,Pflanze-Lemma
1325,kappzaum,Pflanze-Lemma
1326,philaide,Pflanze-Lemma
1327,bienenstock,Pflanze-Lemma
1328,fichtengehölze,Pflanze-Lemma
1329,bläue,Pflanze-Lemma
1330,habundus,Pflanze-Lemma
1331,büttel,Pflanze-Lemma
1332,renett,Pflanze-Lemma
1333,lienis,Pflanze-Lemma
1334,knobbe,Pflanze-Lemma
1335,morbis,Pflanze-Lemma
1336,flieder,Pflanze-Lemma
1337,blumenehe,Pflanze-Lemma
1338,verdi,Pflanze-Lemma
1339,wipfelkrone,Pflanze-Lemma
1340,erkänntniß,Pflanze-Lemma
1341,dahler,Pflanze-Lemma
1342,betel,Pflanze-Lemma
1343,höflinge,Pflanze-Lemma
1344,hostuch,Pflanze-Lemma
1345,reinwein,Pflanze-Lemma
1346,thalassio,Pflanze-Lemma
1347,eibenholz,Pflanze-Lemma
1348,obstbaum,Pflanze-Lemma
1349,nelkenblätter,Pflanze-Lemma
1350,ahl,Pflanze-Lemma
1351,gartenpflanz,Pflanze-Lemma
1352,schilfgra,Pflanze-Lemma
1353,kerbelkraut,Pflanze-Lemma
1354,ceder,Pflanze-Lemma
1355,blumengewinden,Pflanze-Lemma
1356,pfirsichblüthe,Pflanze-Lemma
1357,hageborn,Pflanze-Lemma
1358,blumenrase,Pflanze-Lemma
1359,geschorne,Pflanze-Lemma
1360,rosen-aest,Pflanze-Lemma
1361,däumelein,Pflanze-Lemma
1362,raute,Pflanze-Lemma
1363,zedern,Pflanze-Lemma
1364,felsenbusch,Pflanze-Lemma
1365,aurelius,Pflanze-Lemma
1366,blütenhag,Pflanze-Lemma
1367,lilienunschuld,Pflanze-Lemma
1368,kartoffelknoll,Pflanze-Lemma
1369,quoll,Pflanze-Lemma
1370,milde,Pflanze-Lemma
1371,lenz,Pflanze-Lemma
1372,ritterspornes,Pflanze-Lemma
1373,zephyrgekose,Pflanze-Lemma
1374,jugendbaum,Pflanze-Lemma
1375,weinreben,Pflanze-Lemma
1376,besazung,Pflanze-Lemma
1377,kraute,Pflanze-Lemma
1378,grases,Pflanze-Lemma
1379,rosenboskett,Pflanze-Lemma
1380,fichtenstämm,Pflanze-Lemma
1381,schlot,Pflanze-Lemma
1382,wolfkrautskeime,Pflanze-Lemma
1383,veilchensträuße,Pflanze-Lemma
1384,acker,Pflanze-Lemma
1385,ambrosio,Pflanze-Lemma
1386,blumenflor,Pflanze-Lemma
1387,blumenkränze,Pflanze-Lemma
1388,morgenblätter,Pflanze-Lemma
1389,kastanienbäum,Pflanze-Lemma
1390,pfeffernuß,Pflanze-Lemma
1391,gewäch,Pflanze-Lemma
1392,wettergeläut,Pflanze-Lemma
1393,ächter,Pflanze-Lemma
1394,erdbeerblätter,Pflanze-Lemma
1395,meyerbeer,Pflanze-Lemma
1396,dattelbäumen,Pflanze-Lemma
1397,phöbeische,Pflanze-Lemma
1398,lilien,Pflanze-Lemma
1399,irrlicht,Pflanze-Lemma
1400,perser-tierteppiche,Pflanze-Lemma
1401,tannenholz,Pflanze-Lemma
1402,waldgesträuch,Pflanze-Lemma
1403,zweigerl,Pflanze-Lemma
1404,tollwurzel,Pflanze-Lemma
1405,--,Pflanze-Lemma
1406,reb,Pflanze-Lemma
1407,rasende,Pflanze-Lemma
1408,rosendiadem,Pflanze-Lemma
1409,frühlingsblüthe,Pflanze-Lemma
1410,immerblüthe,Pflanze-Lemma
1411,fliegende,Pflanze-Lemma
1412,geißel,Pflanze-Lemma
1413,foliant,Pflanze-Lemma
1414,muskateller,Pflanze-Lemma
1415,montano,Pflanze-Lemma
1416,elihu,Pflanze-Lemma
1417,gräflein,Pflanze-Lemma
1418,benjamin,Pflanze-Lemma
1419,weinbergswachtel,Pflanze-Lemma
1420,salat,Pflanze-Lemma
1421,sommerlüftche,Pflanze-Lemma
1422,berggehölz,Pflanze-Lemma
1423,rosenstöck,Pflanze-Lemma
1424,narrenkraut,Pflanze-Lemma
1425,unkraut,Pflanze-Lemma
1426,blütenschmuck,Pflanze-Lemma
1427,heuernt,Pflanze-Lemma
1428,erlenpflanzung,Pflanze-Lemma
1429,stammen,Pflanze-Lemma
1430,egge,Pflanze-Lemma
1431,hefen,Pflanze-Lemma
1432,liliengerüche,Pflanze-Lemma
1433,tipfel,Pflanze-Lemma
1434,maikirsch,Pflanze-Lemma
1435,gorden,Pflanze-Lemma
1436,blümelein,Pflanze-Lemma
1437,tebel,Pflanze-Lemma
1438,gartenspargel,Pflanze-Lemma
1439,jasminlaube,Pflanze-Lemma
1440,rinde,Pflanze-Lemma
1441,fata,Pflanze-Lemma
1442,porzia,Pflanze-Lemma
1443,blumenarrangement,Pflanze-Lemma
1444,zauberblätter,Pflanze-Lemma
1445,christbaum,Pflanze-Lemma
1446,seegrüne,Pflanze-Lemma
1447,badnerkipfel,Pflanze-Lemma
1448,zwiefel,Pflanze-Lemma
1449,eichen-holtz,Pflanze-Lemma
1450,feuerblume,Pflanze-Lemma
1451,mähr,Pflanze-Lemma
1452,halevy,Pflanze-Lemma
1453,eduardel,Pflanze-Lemma
1454,blaubeere,Pflanze-Lemma
1455,weinlese,Pflanze-Lemma
1456,tanne,Pflanze-Lemma
1457,knittel,Pflanze-Lemma
1458,parabasen,Pflanze-Lemma
1459,buchenast,Pflanze-Lemma
1460,tausendfuß,Pflanze-Lemma
1461,strohmandln,Pflanze-Lemma
1462,zypreß,Pflanze-Lemma
1463,apfelrest,Pflanze-Lemma
1464,grünjungengetreid,Pflanze-Lemma
1465,granatenkern,Pflanze-Lemma
1466,blumensamo,Pflanze-Lemma
1467,rosenobel,Pflanze-Lemma
1468,stumpf,Pflanze-Lemma
1469,orangenkübel,Pflanze-Lemma
1470,kern-catechismum,Pflanze-Lemma
1471,kirschbaum,Pflanze-Lemma
1472,himmelskost,Pflanze-Lemma
1473,eridon,Pflanze-Lemma
1474,nessel,Pflanze-Lemma
1475,tollkirsch,Pflanze-Lemma
1476,dold,Pflanze-Lemma
1477,reislein,Pflanze-Lemma
1478,minuett,Pflanze-Lemma
1479,schierlingskraut,Pflanze-Lemma
1480,scholle,Pflanze-Lemma
1481,stechpalm,Pflanze-Lemma
1482,zwee,Pflanze-Lemma
1483,tabakblätt,Pflanze-Lemma
1484,eichenbaum,Pflanze-Lemma
1485,arcanum,Pflanze-Lemma
1486,pappelbaum,Pflanze-Lemma
1487,zipfersaat,Pflanze-Lemma
1488,mohrrübe,Pflanze-Lemma
1489,rebe,Pflanze-Lemma
1490,bergschott,Pflanze-Lemma
1491,apfelschnitt,Pflanze-Lemma
1492,blase,Pflanze-Lemma
1493,möhr,Pflanze-Lemma
1494,pinie,Pflanze-Lemma
1495,vleißen,Pflanze-Lemma
1496,almanach,Pflanze-Lemma
1497,haferbrot,Pflanze-Lemma
1498,korn,Pflanze-Lemma
1499,zymbel,Pflanze-Lemma
1500,veitralf,Pflanze-Lemma
1501,rasen,Pflanze-Lemma
1502,berenhäuter,Pflanze-Lemma
1503,stammbaumes,Pflanze-Lemma
1504,krokusblüt,Pflanze-Lemma
1505,zedernholz,Pflanze-Lemma
1506,engelseel,Pflanze-Lemma
1507,blumen-gärtlein,Pflanze-Lemma
1508,dahle,Pflanze-Lemma
1509,haines,Pflanze-Lemma
1510,gräuelthat,Pflanze-Lemma
1511,germane,Pflanze-Lemma
1512,heubündeln,Pflanze-Lemma
1513,blumenguirlande,Pflanze-Lemma
1514,strohhalmen,Pflanze-Lemma
1515,stral,Pflanze-Lemma
1516,traubengehäng,Pflanze-Lemma
1517,äpfelbaum,Pflanze-Lemma
1518,lilg,Pflanze-Lemma
1519,schlange,Pflanze-Lemma
1520,merveil,Pflanze-Lemma
1521,sträuchen,Pflanze-Lemma
1522,erdäpfl,Pflanze-Lemma
1523,chrysanthem,Pflanze-Lemma
1524,citrone,Pflanze-Lemma
1525,romanow,Pflanze-Lemma
1526,heubündel,Pflanze-Lemma
1527,brautlaube,Pflanze-Lemma
1528,mandelblüt,Pflanze-Lemma
1529,straußen-ei,Pflanze-Lemma
1530,ähren,Pflanze-Lemma
1531,fiederblättche,Pflanze-Lemma
1532,blühte,Pflanze-Lemma
1533,echtblüt'gen,Pflanze-Lemma
1534,flieder-laube,Pflanze-Lemma
1535,theb,Pflanze-Lemma
1536,amselweibche,Pflanze-Lemma
1537,laub,Pflanze-Lemma
1538,tenkterer,Pflanze-Lemma
1539,baumschule,Pflanze-Lemma
1540,grasbüschel,Pflanze-Lemma
1541,lorbeerzweig,Pflanze-Lemma
1542,weiberbaum,Pflanze-Lemma
1543,labe,Pflanze-Lemma
1544,pfahle,Pflanze-Lemma
1545,lila,Pflanze-Lemma
1546,señor,Pflanze-Lemma
1547,magnoliabaum,Pflanze-Lemma
1548,fliederstrauch,Pflanze-Lemma
1549,lille,Pflanze-Lemma
1550,bärenhäuter,Pflanze-Lemma
1551,blumenkörbchen,Pflanze-Lemma
1552,neophyten,Pflanze-Lemma
1553,laubgehänge,Pflanze-Lemma
1554,päärchen,Pflanze-Lemma
1555,plutzerbirn,Pflanze-Lemma
1556,tiegeraug,Pflanze-Lemma
1557,mäßlein,Pflanze-Lemma
1558,lindenbaume,Pflanze-Lemma
1559,lenchen,Pflanze-Lemma
1560,gurt,Pflanze-Lemma
1561,entrich,Pflanze-Lemma
1562,rebenlaub,Pflanze-Lemma
1563,palmzweige,Pflanze-Lemma
1564,veilchensträußchen,Pflanze-Lemma
1565,tannbäum,Pflanze-Lemma
1566,petitmaitres,Pflanze-Lemma
1567,gränzt,Pflanze-Lemma
1568,bonaventura,Pflanze-Lemma
1569,buchsbaum,Pflanze-Lemma
1570,königsstamm,Pflanze-Lemma
1571,hortensio,Pflanze-Lemma
1572,stinkros,Pflanze-Lemma
1573,sperling,Pflanze-Lemma
1574,medicin,Pflanze-Lemma
1575,ratsweibel,Pflanze-Lemma
1576,brandholz,Pflanze-Lemma
1577,primel,Pflanze-Lemma
1578,louisdore,Pflanze-Lemma
1579,rosennebel,Pflanze-Lemma
1580,gracchen,Pflanze-Lemma
1581,rosenöl,Pflanze-Lemma
1582,schwanenhälse,Pflanze-Lemma
1583,büchlin,Pflanze-Lemma
1584,fengelweis,Pflanze-Lemma
1585,marter,Pflanze-Lemma
1586,hokuspokus,Pflanze-Lemma
1587,änneli,Pflanze-Lemma
1588,roselche,Pflanze-Lemma
1589,rosenobles,Pflanze-Lemma
1590,wild,Pflanze-Lemma
1591,adoniskultusblüt,Pflanze-Lemma
1592,gewächshäuser,Pflanze-Lemma
1593,blumenemblem,Pflanze-Lemma
1594,rosenwasser,Pflanze-Lemma
1595,traut,Pflanze-Lemma
1596,olivenbäum,Pflanze-Lemma
1597,wissensbaum,Pflanze-Lemma
1598,bouteille,Pflanze-Lemma
1599,grünzeug,Pflanze-Lemma
1600,rosenlaube,Pflanze-Lemma
1601,hyazinthe,Pflanze-Lemma
1602,röse,Pflanze-Lemma
1603,rosalien,Pflanze-Lemma
1604,traurspill,Pflanze-Lemma
1605,buchengezweig,Pflanze-Lemma
1606,gerippe,Pflanze-Lemma
1607,hetschepetsch,Pflanze-Lemma
1608,schafpelz,Pflanze-Lemma
1609,lavendelkraut,Pflanze-Lemma
1610,blümerl,Pflanze-Lemma
1611,apenninorum,Pflanze-Lemma
1612,wermut,Pflanze-Lemma
1613,gräfelein,Pflanze-Lemma
1614,wurzelwirren,Pflanze-Lemma
1615,holze,Pflanze-Lemma
1616,herzkraut,Pflanze-Lemma
1617,laubzweige,Pflanze-Lemma
1618,fliederstrauß,Pflanze-Lemma
1619,erle,Pflanze-Lemma
1620,mette,Pflanze-Lemma
1621,kelche,Pflanze-Lemma
1622,traurspil,Pflanze-Lemma
1623,argos,Pflanze-Lemma
1624,feldersaat,Pflanze-Lemma
1625,garten-früchte,Pflanze-Lemma
1626,zirkeltanz,Pflanze-Lemma
1627,gebäu,Pflanze-Lemma
1628,dornrösch,Pflanze-Lemma
1629,holzbirn,Pflanze-Lemma
1630,sonnenpfeil,Pflanze-Lemma
1631,blumenstrauß,Pflanze-Lemma
1632,eumenide,Pflanze-Lemma
1633,öpffel,Pflanze-Lemma
1634,zweyspalt,Pflanze-Lemma
1635,pflanzenseele,Pflanze-Lemma
1636,hoffnungszweig,Pflanze-Lemma
1637,ahornblätter,Pflanze-Lemma
1638,almosen,Pflanze-Lemma
1639,edelblume,Pflanze-Lemma
1640,apfelblüt,Pflanze-Lemma
1641,traub,Pflanze-Lemma
1642,edom,Pflanze-Lemma
1643,laubbaum,Pflanze-Lemma
1644,dornenkron,Pflanze-Lemma
1645,veigerln,Pflanze-Lemma
1646,binstöck,Pflanze-Lemma
1647,tausendschön,Pflanze-Lemma
1648,horsten,Pflanze-Lemma
1649,löwenmut,Pflanze-Lemma
1650,bete,Pflanze-Lemma
1651,gerümpel,Pflanze-Lemma
1652,sporn,Pflanze-Lemma
1653,pflänzchen,Pflanze-Lemma
1654,laubengänge,Pflanze-Lemma
1655,hopfenstang,Pflanze-Lemma
1656,pfirsichen,Pflanze-Lemma
1657,holm,Pflanze-Lemma
1658,granatapfelblüt,Pflanze-Lemma
1659,gemüse,Pflanze-Lemma
1660,sammetkissen,Pflanze-Lemma
1661,knoblauch,Pflanze-Lemma
1662,mandel-batallje,Pflanze-Lemma
1663,baumgeschling,Pflanze-Lemma
1664,gräul'n,Pflanze-Lemma
1665,froschkraut,Pflanze-Lemma
1666,sumpfblumen,Pflanze-Lemma
1667,eichenbank,Pflanze-Lemma
1668,heune,Pflanze-Lemma
1669,mauregato,Pflanze-Lemma
1670,galläpfel,Pflanze-Lemma
1671,rosa,Pflanze-Lemma
1672,staup,Pflanze-Lemma
1673,granatbaum,Pflanze-Lemma
1674,stümpfche,Pflanze-Lemma
1675,faser,Pflanze-Lemma
1676,ancker,Pflanze-Lemma
1677,kikimora,Pflanze-Lemma
1678,weiberlieb,Pflanze-Lemma
1679,samenkorn,Pflanze-Lemma
1680,dieterich,Pflanze-Lemma
1681,natterkopf,Pflanze-Lemma
1682,cäcilia,Pflanze-Lemma
1683,sarmaticorum,Pflanze-Lemma
1684,mandarin,Pflanze-Lemma
1685,bombastus-paracelsus-,Pflanze-Lemma
1686,aganippe,Pflanze-Lemma
1687,glimmholz,Pflanze-Lemma
1688,teeblätter,Pflanze-Lemma
1689,ginsterblüth,Pflanze-Lemma
1690,böheim,Pflanze-Lemma
1691,küft,Pflanze-Lemma
1692,erlenbusch,Pflanze-Lemma
1693,weibthum,Pflanze-Lemma
1694,weidensträuche,Pflanze-Lemma
1695,aalraupe,Pflanze-Lemma
1696,alzelle,Pflanze-Lemma
1697,schilfumkränzte,Pflanze-Lemma
1698,lindenblatt,Pflanze-Lemma
1699,lilie,Pflanze-Lemma
1700,königspflaume,Pflanze-Lemma
1701,brosamen,Pflanze-Lemma
1702,horn,Pflanze-Lemma
1703,ermunternd,Pflanze-Lemma
1704,crone,Pflanze-Lemma
1705,getölpel,Pflanze-Lemma
1706,auber,Pflanze-Lemma
1707,seeg,Pflanze-Lemma
1708,hagestolze,Pflanze-Lemma
1709,hofer,Pflanze-Lemma
1710,buch,Pflanze-Lemma
1711,botanik,Pflanze-Lemma
1712,lotosblume,Pflanze-Lemma
1713,pflaumenkern,Pflanze-Lemma
1714,blätterhaus,Pflanze-Lemma
1715,riesenlotusblume,Pflanze-Lemma
1716,gemein,Pflanze-Lemma
1717,spargel,Pflanze-Lemma
1718,lebensblüte,Pflanze-Lemma
1719,hoorn,Pflanze-Lemma
1720,pfeffer,Pflanze-Lemma
1721,bucheck,Pflanze-Lemma
1722,lindenraum,Pflanze-Lemma
1723,knolle,Pflanze-Lemma
1724,abendblüthe,Pflanze-Lemma
1725,laurett,Pflanze-Lemma
1726,drange,Pflanze-Lemma
1727,hopfen,Pflanze-Lemma
1728,eichmast,Pflanze-Lemma
1729,weidenkorb,Pflanze-Lemma
1730,eichenzweig,Pflanze-Lemma
1731,blumenglocke,Pflanze-Lemma
1732,muschel,Pflanze-Lemma
1733,vielgekränkt,Pflanze-Lemma
1734,sorte,Pflanze-Lemma
1735,adonia,Pflanze-Lemma
1736,weintraube,Pflanze-Lemma
1737,blumen-schmuck,Pflanze-Lemma
1738,manna,Pflanze-Lemma
1739,been,Pflanze-Lemma
1740,spinola,Pflanze-Lemma
1741,ulmen-baum,Pflanze-Lemma
1742,maiblümchen,Pflanze-Lemma
1743,hagebuttenkränzchen,Pflanze-Lemma
1744,weißpfennig,Pflanze-Lemma
1745,knäulchen-mäulch,Pflanze-Lemma
1746,blythen,Pflanze-Lemma
1747,bambusrohren,Pflanze-Lemma
1748,blümlein,Pflanze-Lemma
1749,bonaventur,Pflanze-Lemma
1750,verlorn,Pflanze-Lemma
1751,stämmen,Pflanze-Lemma
1752,lindenwuch,Pflanze-Lemma
1753,baldrian,Pflanze-Lemma
1754,sträuchern,Pflanze-Lemma
1755,krauthäupel,Pflanze-Lemma
1756,siegesfrüchte,Pflanze-Lemma
1757,rettich,Pflanze-Lemma
1758,wlasta,Pflanze-Lemma
1759,grashälmchens,Pflanze-Lemma
1760,unkraute,Pflanze-Lemma
1761,füll,Pflanze-Lemma
1762,fastuosa,Pflanze-Lemma
1763,staude,Pflanze-Lemma
1764,blümeleien,Pflanze-Lemma
1765,harz,Pflanze-Lemma
1766,kastilier,Pflanze-Lemma
1767,todtenblumen,Pflanze-Lemma
1768,pusch,Pflanze-Lemma
1769,blütenkeime,Pflanze-Lemma
1770,aqua,Pflanze-Lemma
1771,myrtenkron,Pflanze-Lemma
1772,aurelie,Pflanze-Lemma
1773,opferflamm,Pflanze-Lemma
1774,bärbchen,Pflanze-Lemma
1775,rosen-zaun,Pflanze-Lemma
1776,reinette-apfel,Pflanze-Lemma
1777,zichori,Pflanze-Lemma
1778,strale,Pflanze-Lemma
1779,mögen,Pflanze-Lemma
1780,ficht,Pflanze-Lemma
1781,rha,Pflanze-Lemma
1782,fliederbusch,Pflanze-Lemma
1783,alpengewäch,Pflanze-Lemma
1784,rhododendrum,Pflanze-Lemma
1785,tantalus,Pflanze-Lemma
1786,akazienbaum,Pflanze-Lemma
1787,schneckenpfeil,Pflanze-Lemma
1788,limrunen,Pflanze-Lemma
1789,berschworn,Pflanze-Lemma
1790,jugendblüthe,Pflanze-Lemma
1791,mairauch,Pflanze-Lemma
1792,obstkörben,Pflanze-Lemma
1793,hopf,Pflanze-Lemma
1794,korne,Pflanze-Lemma
1795,blätterspiel,Pflanze-Lemma
1796,gras-blumen,Pflanze-Lemma
1797,obstfrücht,Pflanze-Lemma
1798,grasaff,Pflanze-Lemma
1799,rosenkörben,Pflanze-Lemma
1800,krumm,Pflanze-Lemma
1801,stiason,Pflanze-Lemma
1802,zweyt,Pflanze-Lemma
1803,strahlenkränze,Pflanze-Lemma
1804,kern,Pflanze-Lemma
1805,sibylle,Pflanze-Lemma
1806,lorbeerkranz,Pflanze-Lemma
1807,maur,Pflanze-Lemma
1808,erdäppel,Pflanze-Lemma
1809,lorbeerkränze,Pflanze-Lemma
1810,furie,Pflanze-Lemma
1811,physenemie,Pflanze-Lemma
1812,veilchen,Pflanze-Lemma
1813,kræuter,Pflanze-Lemma
1814,hopsa,Pflanze-Lemma
1815,felberbaum,Pflanze-Lemma
1816,benascar,Pflanze-Lemma
1817,gewürzkrämer,Pflanze-Lemma
1818,hesperiden-apfel,Pflanze-Lemma
1819,veigerl,Pflanze-Lemma
1820,astragalus,Pflanze-Lemma
1821,fruchtfleisch,Pflanze-Lemma
1822,hanfbaum,Pflanze-Lemma
1823,casilinum,Pflanze-Lemma
1824,sturmgeläut,Pflanze-Lemma
1825,weizen,Pflanze-Lemma
1826,myrtenbäumen,Pflanze-Lemma
1827,amarantia,Pflanze-Lemma
1828,lindenzweig,Pflanze-Lemma
1829,blumenmatten,Pflanze-Lemma
1830,rosenwang,Pflanze-Lemma
1831,eich,Pflanze-Lemma
1832,galeer,Pflanze-Lemma
1833,bäume,Pflanze-Lemma
1834,eichenpfahl,Pflanze-Lemma
1835,pommeranzenbaum,Pflanze-Lemma
1836,gesträuchwerk,Pflanze-Lemma
1837,wurzel,Pflanze-Lemma
1838,misere,Pflanze-Lemma
1839,pfirsichblütenzweig,Pflanze-Lemma
1840,sumpf,Pflanze-Lemma
1841,mädel,Pflanze-Lemma
1842,lichtgrüne,Pflanze-Lemma
1843,myrthen,Pflanze-Lemma
1844,lorbeerschatt,Pflanze-Lemma
1845,gras,Pflanze-Lemma
1846,krokuszwiebel,Pflanze-Lemma
1847,pharaotraum,Pflanze-Lemma
1848,frühlingskuß,Pflanze-Lemma
1849,borstdorferäpfeln,Pflanze-Lemma
1850,laubenwand,Pflanze-Lemma
1851,strauchen,Pflanze-Lemma
1852,mohrenweiben,Pflanze-Lemma
1853,gebüschen,Pflanze-Lemma
1854,betschemel,Pflanze-Lemma
1855,bockshorn,Pflanze-Lemma
1856,gracchus,Pflanze-Lemma
1857,fibrillarum,Pflanze-Lemma
1858,haberkorn,Pflanze-Lemma
1859,asternstrauß,Pflanze-Lemma
1860,lieblingsbaum,Pflanze-Lemma
1861,williams,Pflanze-Lemma
1862,blütenzweig,Pflanze-Lemma
1863,gebräuch,Pflanze-Lemma
1864,todeskeim,Pflanze-Lemma
1865,flechse,Pflanze-Lemma
1866,kiefer,Pflanze-Lemma
1867,apfelbaume,Pflanze-Lemma
1868,parabase,Pflanze-Lemma
1869,südfrucht,Pflanze-Lemma
1870,fidelis,Pflanze-Lemma
1871,tuilerien,Pflanze-Lemma
1872,simplizius,Pflanze-Lemma
1873,hagdorn,Pflanze-Lemma
1874,elstern,Pflanze-Lemma
1875,stäng'lein,Pflanze-Lemma
1876,grabgeläute,Pflanze-Lemma
1877,eichenkrone,Pflanze-Lemma
1878,balboa,Pflanze-Lemma
1879,strümpfelein,Pflanze-Lemma
1880,leberbaum,Pflanze-Lemma
1881,walpurgistanze,Pflanze-Lemma
1882,tartarus,Pflanze-Lemma
1883,fynf,Pflanze-Lemma
1884,pflanzen-welt,Pflanze-Lemma
1885,rosoli,Pflanze-Lemma
1886,blumenkorbe,Pflanze-Lemma
1887,peccan,Pflanze-Lemma
1888,segensäst,Pflanze-Lemma
1889,bambus,Pflanze-Lemma
1890,amethyst'n,Pflanze-Lemma
1891,childrich,Pflanze-Lemma
1892,pflanzenkost,Pflanze-Lemma
1893,belladonna,Pflanze-Lemma
1894,löwenzähnen,Pflanze-Lemma
1895,fruchtbaum,Pflanze-Lemma
1896,efeulaub,Pflanze-Lemma
1897,brotfrucht,Pflanze-Lemma
1898,blumensäule,Pflanze-Lemma
1899,blüthenlaube,Pflanze-Lemma
1900,obster,Pflanze-Lemma
1901,eichenkranz,Pflanze-Lemma
1902,zitz,Pflanze-Lemma
1903,rosenstaude,Pflanze-Lemma
1904,blumenwund,Pflanze-Lemma
1905,pelops,Pflanze-Lemma
1906,schmetterlingssammlung,Pflanze-Lemma
1907,tannenzweig,Pflanze-Lemma
1908,nelk,Pflanze-Lemma
1909,blumengebüsche,Pflanze-Lemma
1910,pomeranzenbaum,Pflanze-Lemma
1911,geheimniß,Pflanze-Lemma
1912,äxte,Pflanze-Lemma
1913,ambra,Pflanze-Lemma
1914,hiob,Pflanze-Lemma
1915,palmenbaum,Pflanze-Lemma
1916,chloris,Pflanze-Lemma
1917,blumenkron,Pflanze-Lemma
1918,wildpret,Pflanze-Lemma
1919,lorbeer'n,Pflanze-Lemma
1920,o.l.b,Pflanze-Lemma
1921,binsengebüsch,Pflanze-Lemma
1922,eichenklotz,Pflanze-Lemma
1923,laubengeländen,Pflanze-Lemma
1924,rurik,Pflanze-Lemma
1925,aster,Pflanze-Lemma
1926,blätterpracht,Pflanze-Lemma
1927,rossmarien-gassen,Pflanze-Lemma
1928,lilienkrone,Pflanze-Lemma
1929,techtelmechtel,Pflanze-Lemma
1930,rosenstrauß,Pflanze-Lemma
1931,triebsand,Pflanze-Lemma
1932,fliehend,Pflanze-Lemma
1933,erlen,Pflanze-Lemma
1934,lorbeerbüsche,Pflanze-Lemma
1935,coulisse,Pflanze-Lemma
1936,quint,Pflanze-Lemma
1937,proserpinen,Pflanze-Lemma
1938,lispelt,Pflanze-Lemma
1939,minsch,Pflanze-Lemma
1940,rosenfüße,Pflanze-Lemma
1941,hasel-staude,Pflanze-Lemma
1942,waldespflanz,Pflanze-Lemma
1943,vetel,Pflanze-Lemma
1944,schilfmatt,Pflanze-Lemma
1945,erlaubniß,Pflanze-Lemma
1946,señora,Pflanze-Lemma
1947,majoran,Pflanze-Lemma
1948,weintrauben,Pflanze-Lemma
1949,stammholz,Pflanze-Lemma
1950,dornrose,Pflanze-Lemma
1951,orangenbaum,Pflanze-Lemma
1952,birkenlaub,Pflanze-Lemma
1953,weidenrut,Pflanze-Lemma
1954,blütentäler,Pflanze-Lemma
1955,weingerüst,Pflanze-Lemma
1956,nachtschatt,Pflanze-Lemma
1957,grast,Pflanze-Lemma
1958,comödiantenstreiche,Pflanze-Lemma
1959,striese,Pflanze-Lemma
1960,baumwurzel,Pflanze-Lemma
1961,räuchlein,Pflanze-Lemma
1962,eichenschild,Pflanze-Lemma
1963,dornenrose,Pflanze-Lemma
1964,schlingkraut,Pflanze-Lemma
1965,jasmine,Pflanze-Lemma
1966,ee,Pflanze-Lemma
1967,rosel,Pflanze-Lemma
1968,diadem,Pflanze-Lemma
1969,geisblatt,Pflanze-Lemma
1970,holunderbüsche,Pflanze-Lemma
1971,grünes,Pflanze-Lemma
1972,paracelso,Pflanze-Lemma
1973,thee,Pflanze-Lemma
1974,rebengrün,Pflanze-Lemma
1975,that,Pflanze-Lemma
1976,kräutermarthe,Pflanze-Lemma
1977,spinnweib,Pflanze-Lemma
1978,wachsthum,Pflanze-Lemma
1979,phylli,Pflanze-Lemma
1980,datre,Pflanze-Lemma
1981,feuerwürmche,Pflanze-Lemma
1982,blumenblatt,Pflanze-Lemma
1983,waldbeeren,Pflanze-Lemma
1984,anlage,Pflanze-Lemma
1985,judä,Pflanze-Lemma
1986,körnelein,Pflanze-Lemma
1987,batana,Pflanze-Lemma
1988,sündenbaume,Pflanze-Lemma
1989,wipfelbedrängnis,Pflanze-Lemma
1990,ei,Pflanze-Lemma
1991,schiras,Pflanze-Lemma
1992,materia,Pflanze-Lemma
1993,bam,Pflanze-Lemma
1994,obstbaume,Pflanze-Lemma
1995,sternenkränze,Pflanze-Lemma
1996,heurathen,Pflanze-Lemma
1997,maienschein,Pflanze-Lemma
1998,gartenblum,Pflanze-Lemma
1999,melkir,Pflanze-Lemma
2000,kokosblüte,Pflanze-Lemma
2001,küriß,Pflanze-Lemma
2002,centofoli,Pflanze-Lemma
2003,näpfel,Pflanze-Lemma
2004,steineiche,Pflanze-Lemma
2005,zwetschkenbaum,Pflanze-Lemma
2006,kirchengeläute,Pflanze-Lemma
2007,krausemünze,Pflanze-Lemma
2008,riesenbluma,Pflanze-Lemma
2009,sodomsäpfel,Pflanze-Lemma
2010,rebenstabe,Pflanze-Lemma
2011,nuss,Pflanze-Lemma
2012,backobst,Pflanze-Lemma
2013,wolkenbeere,Pflanze-Lemma
2014,nelke,Pflanze-Lemma
2015,mangu,Pflanze-Lemma
2016,pest,Pflanze-Lemma
2017,fenus,Pflanze-Lemma
2018,blumenorde,Pflanze-Lemma
2019,hanf,Pflanze-Lemma
2020,schrote,Pflanze-Lemma
2021,granate,Pflanze-Lemma
2022,waschweib,Pflanze-Lemma
2023,amarylli,Pflanze-Lemma
2024,eichenholz,Pflanze-Lemma
2025,ästchen,Pflanze-Lemma
2026,kräutersammlung,Pflanze-Lemma
2027,hälmlein,Pflanze-Lemma
2028,mäulchen-knäulchen,Pflanze-Lemma
2029,kakaho,Pflanze-Lemma
2030,rednerblumen,Pflanze-Lemma
2031,feldgrau,Pflanze-Lemma
2032,manlier,Pflanze-Lemma
2033,maulbeer,Pflanze-Lemma
2034,galeere,Pflanze-Lemma
2035,pisang,Pflanze-Lemma
2036,blaufuß,Pflanze-Lemma
2037,friedenspalmen,Pflanze-Lemma
2038,wunderkraut,Pflanze-Lemma
2039,holzung,Pflanze-Lemma
2040,rasensitz,Pflanze-Lemma
2041,blatteln,Pflanze-Lemma
2042,fennje,Pflanze-Lemma
2043,palmzweig,Pflanze-Lemma
2044,knosp,Pflanze-Lemma
2045,chrysander,Pflanze-Lemma
2046,blätterzart,Pflanze-Lemma
2047,orangerie,Pflanze-Lemma
2048,kebsweib,Pflanze-Lemma
2049,sennesblätter,Pflanze-Lemma
2050,rheinweins,Pflanze-Lemma
2051,wiesbaum,Pflanze-Lemma
2052,malum,Pflanze-Lemma
2053,pistolle,Pflanze-Lemma
2054,blumenbeete,Pflanze-Lemma
2055,götterbäume,Pflanze-Lemma
2056,canone,Pflanze-Lemma
2057,mästung,Pflanze-Lemma
2058,draus,Pflanze-Lemma
2059,rosenzweig,Pflanze-Lemma
2060,rosine,Pflanze-Lemma
2061,genien,Pflanze-Lemma
2062,ingwer,Pflanze-Lemma
2063,berggebäu,Pflanze-Lemma
2064,meerrettich,Pflanze-Lemma
2065,hagel,Pflanze-Lemma
2066,knaicht,Pflanze-Lemma
2067,sigurd,Pflanze-Lemma
2068,eyfer,Pflanze-Lemma
2069,dornenkranz,Pflanze-Lemma
2070,panaze,Pflanze-Lemma
2071,frauendistel,Pflanze-Lemma
2072,nachbarblüt,Pflanze-Lemma
2073,tulpe,Pflanze-Lemma
2074,baumpflanzung,Pflanze-Lemma
2075,kehricht,Pflanze-Lemma
2076,gesträuch,Pflanze-Lemma
2077,winterrose,Pflanze-Lemma
2078,alge,Pflanze-Lemma
2079,hecke,Pflanze-Lemma
2080,sporne,Pflanze-Lemma
2081,heunschen,Pflanze-Lemma
2082,heurat,Pflanze-Lemma
2083,draco-cephalum,Pflanze-Lemma
2084,dorn-gebysch,Pflanze-Lemma
2085,disticha,Pflanze-Lemma
2086,neide,Pflanze-Lemma
2087,mystica,Pflanze-Lemma
2088,karnalie,Pflanze-Lemma
2089,sisyrrhīnch,Pflanze-Lemma
2090,weihliche,Pflanze-Lemma
2091,lado,Pflanze-Lemma
2092,menou,Pflanze-Lemma
2093,heimatsmoral,Pflanze-Lemma
2094,zweigroschenstück,Pflanze-Lemma
2095,weingewinde,Pflanze-Lemma
2096,weinchen,Pflanze-Lemma
2097,epheu,Pflanze-Lemma
2098,silberstämme,Pflanze-Lemma
2099,weinbeer,Pflanze-Lemma
2100,papierblume,Pflanze-Lemma
2101,buschen,Pflanze-Lemma
2102,kürbisflasche,Pflanze-Lemma
2103,walnußbaum,Pflanze-Lemma
2104,beil,Pflanze-Lemma
2105,hasenfuß,Pflanze-Lemma
2106,schwäfelholz,Pflanze-Lemma
2107,gräcität,Pflanze-Lemma
2108,rettend,Pflanze-Lemma
2109,artander,Pflanze-Lemma
2110,rosenrubin,Pflanze-Lemma
2111,giftstrauch,Pflanze-Lemma
2112,heurathspastete,Pflanze-Lemma
2113,kraam,Pflanze-Lemma
2114,strohe,Pflanze-Lemma
2115,himmelsbraut,Pflanze-Lemma
2116,baumast,Pflanze-Lemma
2117,birk,Pflanze-Lemma
2118,blumenkranz,Pflanze-Lemma
2119,schwalbenkraut,Pflanze-Lemma
2120,grief,Pflanze-Lemma
2121,ährenfeld,Pflanze-Lemma
2122,caldron'chen,Pflanze-Lemma
2123,eicheln,Pflanze-Lemma
2124,raptus,Pflanze-Lemma
2125,gräuel,Pflanze-Lemma
2126,milzsucht,Pflanze-Lemma
2127,spitzbubenstreiche,Pflanze-Lemma
2128,soldatenweiber,Pflanze-Lemma
2129,kron,Pflanze-Lemma
2130,liebstöckel,Pflanze-Lemma
2131,lorbeertöppe,Pflanze-Lemma
2132,amaranthen,Pflanze-Lemma
2133,palmenzweige,Pflanze-Lemma
2134,dreckblätter,Pflanze-Lemma
2135,tulpenblume,Pflanze-Lemma
2136,rattenzahn,Pflanze-Lemma
2137,freiheitsbaum,Pflanze-Lemma
2138,scheitel,Pflanze-Lemma
2139,kirschenreis,Pflanze-Lemma
2140,sommerblümchen,Pflanze-Lemma
2141,büchlein,Pflanze-Lemma
2142,tan,Pflanze-Lemma
2143,same,Pflanze-Lemma
2144,scharlach,Pflanze-Lemma
2145,weißdorn,Pflanze-Lemma
2146,dat,Pflanze-Lemma
2147,mais,Pflanze-Lemma
2148,silberpappeln,Pflanze-Lemma
2149,topf,Pflanze-Lemma
2150,fieß,Pflanze-Lemma
2151,athem,Pflanze-Lemma
2152,goliath,Pflanze-Lemma
2153,blumenknospe,Pflanze-Lemma
2154,sturmwell,Pflanze-Lemma
2155,baumaster,Pflanze-Lemma
2156,alzind,Pflanze-Lemma
2157,dornenzaun,Pflanze-Lemma
2158,lanzenpflanzer,Pflanze-Lemma
2159,eibengrün,Pflanze-Lemma
2160,schweinefleisch,Pflanze-Lemma
2161,weinreb,Pflanze-Lemma
2162,ölzweig,Pflanze-Lemma
2163,saum,Pflanze-Lemma
2164,erbsensieb,Pflanze-Lemma
2165,wildenholz,Pflanze-Lemma
2166,silberpappel,Pflanze-Lemma
2167,äderch,Pflanze-Lemma
2168,bärta,Pflanze-Lemma
2169,oos,Pflanze-Lemma
2170,niesewurz,Pflanze-Lemma
2171,wegerich,Pflanze-Lemma
2172,tamariskenstrauch,Pflanze-Lemma
2173,weinsorte,Pflanze-Lemma
2174,holunderstrauche,Pflanze-Lemma
2175,weidenruth,Pflanze-Lemma
2176,antivi,Pflanze-Lemma
2177,rosenlippe,Pflanze-Lemma
2178,kohlstrunk,Pflanze-Lemma
2179,blümg,Pflanze-Lemma
2180,apfelsin,Pflanze-Lemma
2181,siechtum,Pflanze-Lemma
2182,flachsbrechen,Pflanze-Lemma
2183,heumahd,Pflanze-Lemma
2184,sonnenstäubchen,Pflanze-Lemma
2185,sprößling,Pflanze-Lemma
2186,frühlingsblumen,Pflanze-Lemma
2187,lieblingsblumen,Pflanze-Lemma
2188,blut,Pflanze-Lemma
2189,fenchel,Pflanze-Lemma
2190,arno,Pflanze-Lemma
2191,kebsweibe,Pflanze-Lemma
2192,stengel,Pflanze-Lemma
2193,besen,Pflanze-Lemma
2194,lang,Pflanze-Lemma
2195,hirtenfeu'r,Pflanze-Lemma
2196,druidenbaume,Pflanze-Lemma
2197,noisettes,Pflanze-Lemma
2198,seegras,Pflanze-Lemma
2199,lorbeerzweige,Pflanze-Lemma
2200,mangiare,Pflanze-Lemma
2201,ölbeer,Pflanze-Lemma
2202,menschenpflanze,Pflanze-Lemma
2203,rosalind,Pflanze-Lemma
2204,lauben,Pflanze-Lemma
2205,abbadona,Pflanze-Lemma
2206,dryade,Pflanze-Lemma
2207,laubstreu,Pflanze-Lemma
2208,sommerlaube,Pflanze-Lemma
2209,lorbeerkranze,Pflanze-Lemma
2210,kerf,Pflanze-Lemma
2211,locken,Pflanze-Lemma
2212,reische,Pflanze-Lemma
2213,dionysischen,Pflanze-Lemma
2214,sudelein,Pflanze-Lemma
2215,würzkraut,Pflanze-Lemma
2216,schlüsselblume,Pflanze-Lemma
2217,herbstlaub,Pflanze-Lemma
2218,limoni,Pflanze-Lemma
2219,isai,Pflanze-Lemma
2220,zierotin,Pflanze-Lemma
2221,mayenblümch,Pflanze-Lemma
2222,davenaut-rose,Pflanze-Lemma
2223,lieb,Pflanze-Lemma
2224,aest,Pflanze-Lemma
2225,hymenaeus,Pflanze-Lemma
2226,karyatide,Pflanze-Lemma
2227,eichenstamm,Pflanze-Lemma
2228,stierhorn,Pflanze-Lemma
2229,eccossais,Pflanze-Lemma
2230,baumkraxler,Pflanze-Lemma
2231,gestripp,Pflanze-Lemma
2232,hiobsbot,Pflanze-Lemma
2233,natter,Pflanze-Lemma
2234,marianne,Pflanze-Lemma
2235,frucht,Pflanze-Lemma
2236,weiberstolz,Pflanze-Lemma
2237,grünkränzelein,Pflanze-Lemma
2238,lemoni,Pflanze-Lemma
2239,kürbisseel,Pflanze-Lemma
2240,gebüsch,Pflanze-Lemma
2241,blüthen,Pflanze-Lemma
2242,aas,Pflanze-Lemma
2243,mandelbaum,Pflanze-Lemma
2244,schönheitsblume,Pflanze-Lemma
2245,drurium,Pflanze-Lemma
2246,else,Pflanze-Lemma
2247,hesperidenäpfel,Pflanze-Lemma
2248,gral,Pflanze-Lemma
2249,betet,Pflanze-Lemma
2250,gesträuche,Pflanze-Lemma
2251,bouteillen,Pflanze-Lemma
2252,tannengreis,Pflanze-Lemma
2253,sodoms-äpfel,Pflanze-Lemma
2254,zelleriwurz'l,Pflanze-Lemma
2255,herold,Pflanze-Lemma
2256,kinnelbeer,Pflanze-Lemma
2257,weidenstrang,Pflanze-Lemma
2258,veilchenbouquet,Pflanze-Lemma
2259,dornensträuche,Pflanze-Lemma
2260,fistel,Pflanze-Lemma
2261,stamm,Pflanze-Lemma
2262,friede,Pflanze-Lemma
2263,zwek,Pflanze-Lemma
2264,sündenfrucht,Pflanze-Lemma
2265,besinge,Pflanze-Lemma
2266,kreuzquer,Pflanze-Lemma
2267,regentenstammes,Pflanze-Lemma
2268,aust,Pflanze-Lemma
2269,ungeborne,Pflanze-Lemma
2270,helmwurz,Pflanze-Lemma
2271,blatte,Pflanze-Lemma
2272,strom,Pflanze-Lemma
2273,eichenschatten,Pflanze-Lemma
2274,maccheroni,Pflanze-Lemma
2275,redeblume,Pflanze-Lemma
2276,caß,Pflanze-Lemma
2277,ginster,Pflanze-Lemma
2278,zauberblumen,Pflanze-Lemma
2279,jasminlanden,Pflanze-Lemma
2280,haselnüß,Pflanze-Lemma
2281,arzeneien,Pflanze-Lemma
2282,sündenknäul,Pflanze-Lemma
2283,eichenwipfel,Pflanze-Lemma
2284,blumengefilde,Pflanze-Lemma
2285,föhrenstämm,Pflanze-Lemma
2286,stachel,Pflanze-Lemma
2287,nebenschößlinge,Pflanze-Lemma
2288,christjanä,Pflanze-Lemma
2289,götzenknecht,Pflanze-Lemma
2290,kirsch,Pflanze-Lemma
2291,feige,Pflanze-Lemma
2292,rosenstengel,Pflanze-Lemma
2293,haremsteppich,Pflanze-Lemma
2294,büschen,Pflanze-Lemma
2295,nelkenstrauß,Pflanze-Lemma
2296,senne,Pflanze-Lemma
2297,arsenicum,Pflanze-Lemma
2298,giftbaum,Pflanze-Lemma
2299,rösch,Pflanze-Lemma
2300,sansçouci,Pflanze-Lemma
2301,mohn,Pflanze-Lemma
2302,blütenpracht,Pflanze-Lemma
2303,akacienpflanzung,Pflanze-Lemma
2304,mauerritz,Pflanze-Lemma
2305,gartenbaum,Pflanze-Lemma
2306,spröden,Pflanze-Lemma
2307,wildniß,Pflanze-Lemma
2308,aar,Pflanze-Lemma
2309,blüt,Pflanze-Lemma
2310,märt,Pflanze-Lemma
2311,baschkir,Pflanze-Lemma
2312,dornenheck,Pflanze-Lemma
2313,retterrolle,Pflanze-Lemma
2314,fichtenholz,Pflanze-Lemma
2315,wurzelbaum,Pflanze-Lemma
2316,pfeilwurz,Pflanze-Lemma
2317,solanum,Pflanze-Lemma
2318,blütenblätter,Pflanze-Lemma
2319,weinblatt,Pflanze-Lemma
2320,schachtelhalm,Pflanze-Lemma
2321,floras,Pflanze-Lemma
2322,bündlein,Pflanze-Lemma
2323,körting,Pflanze-Lemma
2324,flor,Pflanze-Lemma
2325,hexenkraut,Pflanze-Lemma
2326,laur,Pflanze-Lemma
2327,schottenkön'ge,Pflanze-Lemma
2328,brittannien,Pflanze-Lemma
2329,kastalische,Pflanze-Lemma
2330,honigbirn,Pflanze-Lemma
2331,stöcken,Pflanze-Lemma
2332,stahlbäumen,Pflanze-Lemma
2333,armsünderblume,Pflanze-Lemma
2334,arbacia,Pflanze-Lemma
2335,bachstelze,Pflanze-Lemma
2336,samenkörner,Pflanze-Lemma
2337,scythen,Pflanze-Lemma
2338,grauß,Pflanze-Lemma
2339,spukgewächs,Pflanze-Lemma
2340,melitte,Pflanze-Lemma
2341,blütenhain,Pflanze-Lemma
2342,phiole,Pflanze-Lemma
2343,stammwurzel,Pflanze-Lemma
2344,egyptens,Pflanze-Lemma
2345,pilze,Pflanze-Lemma
2346,baumeswipfel,Pflanze-Lemma
2347,pläcklein,Pflanze-Lemma
2348,regenwurm,Pflanze-Lemma
2349,wipfelkron,Pflanze-Lemma
2350,waldbaum,Pflanze-Lemma
2351,früe,Pflanze-Lemma
2352,tulpenbaum,Pflanze-Lemma
2353,roschen,Pflanze-Lemma
2354,lotosbaume,Pflanze-Lemma
2355,pelücheteppich,Pflanze-Lemma
2356,himmelsblum,Pflanze-Lemma
2357,holz'n,Pflanze-Lemma
2358,wedel,Pflanze-Lemma
2359,laubes,Pflanze-Lemma
2360,spröde,Pflanze-Lemma
2361,himmelsfrucht,Pflanze-Lemma
2362,heyne,Pflanze-Lemma
2363,dorne,Pflanze-Lemma
2364,blumentöpf,Pflanze-Lemma
2365,äuglein,Pflanze-Lemma
2366,stiel,Pflanze-Lemma
2367,vmbstosse,Pflanze-Lemma
2368,rosenhaus,Pflanze-Lemma
2369,brennnessel,Pflanze-Lemma
2370,rosamunden-actie,Pflanze-Lemma
2371,parz,Pflanze-Lemma
2372,oden,Pflanze-Lemma
2373,hize,Pflanze-Lemma
2374,primelchen,Pflanze-Lemma
2375,alkuz,Pflanze-Lemma
2376,ahorn,Pflanze-Lemma
2377,weimerian,Pflanze-Lemma
2378,wassertheilche,Pflanze-Lemma
2379,pollezeistaat,Pflanze-Lemma
2380,bakbak,Pflanze-Lemma
2381,poll'zei,Pflanze-Lemma
2382,kernstämme,Pflanze-Lemma
2383,aehren,Pflanze-Lemma
2384,abendblätter,Pflanze-Lemma
2385,salbei,Pflanze-Lemma
2386,hagebutt,Pflanze-Lemma
2387,tetka,Pflanze-Lemma
2388,jammerholz,Pflanze-Lemma
2389,palmendächer,Pflanze-Lemma
2390,rosenblättchen,Pflanze-Lemma
2391,platanenbaum,Pflanze-Lemma
2392,klee,Pflanze-Lemma
2393,myrtengebüsch,Pflanze-Lemma
2394,sprößlein,Pflanze-Lemma
2395,raut,Pflanze-Lemma
2396,blumenbändern,Pflanze-Lemma
2397,krauter,Pflanze-Lemma
2398,dore,Pflanze-Lemma
2399,lilienkraut,Pflanze-Lemma
2400,halmes,Pflanze-Lemma
2401,quinault,Pflanze-Lemma
2402,rosenfinger,Pflanze-Lemma
2403,aehr,Pflanze-Lemma
2404,lermen,Pflanze-Lemma
2405,lorbeerkränz,Pflanze-Lemma
2406,tannenreiser,Pflanze-Lemma
2407,zwetschg'n,Pflanze-Lemma
2408,dickhäuter,Pflanze-Lemma
2409,fittich,Pflanze-Lemma
2410,rosenwangen,Pflanze-Lemma
2411,malström,Pflanze-Lemma
2412,dulzinea,Pflanze-Lemma
2413,strohnester,Pflanze-Lemma
2414,wurmdoktor,Pflanze-Lemma
2415,herzenstrost,Pflanze-Lemma
2416,rosengebüsche,Pflanze-Lemma
2417,ölbaum,Pflanze-Lemma
2418,maium,Pflanze-Lemma
2419,mett,Pflanze-Lemma
2420,rasenbank,Pflanze-Lemma
2421,irisblüt,Pflanze-Lemma
2422,kirschbaume,Pflanze-Lemma
2423,buchs,Pflanze-Lemma
2424,hagestolz,Pflanze-Lemma
2425,rasenden,Pflanze-Lemma
2426,tomate,Pflanze-Lemma
2427,sprößchen,Pflanze-Lemma
2428,zwiebel,Pflanze-Lemma
2429,espe,Pflanze-Lemma
2430,wohlzahn,Pflanze-Lemma
2431,wiesengras,Pflanze-Lemma
2432,baumzucht,Pflanze-Lemma
2433,rette,Pflanze-Lemma
2434,eichelmast,Pflanze-Lemma
2435,teut,Pflanze-Lemma
2436,cleanth,Pflanze-Lemma
2437,borsdorferäpfel,Pflanze-Lemma
2438,gartengötter,Pflanze-Lemma
2439,blütenkranz,Pflanze-Lemma
2440,bruderzwist,Pflanze-Lemma
2441,gebrau,Pflanze-Lemma
2442,grünfrucht,Pflanze-Lemma
2443,parnasses,Pflanze-Lemma
2444,vanigli-rosolio,Pflanze-Lemma
2445,hafa,Pflanze-Lemma
2446,ahornbaum,Pflanze-Lemma
2447,windsbrauen,Pflanze-Lemma
2448,nußbäume,Pflanze-Lemma
2449,margaritarum,Pflanze-Lemma
2450,dornenstrauch,Pflanze-Lemma
2451,blumenduft,Pflanze-Lemma
2452,datterich,Pflanze-Lemma
2453,baumstrunk,Pflanze-Lemma
2454,halunk,Pflanze-Lemma
2455,runkelrübe,Pflanze-Lemma
2456,johannis,Pflanze-Lemma
2457,obst,Pflanze-Lemma
2458,melot,Pflanze-Lemma
2459,faul,Pflanze-Lemma
2460,linden,Pflanze-Lemma
2461,zweykampf,Pflanze-Lemma
2462,holder,Pflanze-Lemma
2463,schelmerey,Pflanze-Lemma
2464,cassian,Pflanze-Lemma
2465,paroli,Pflanze-Lemma
2466,hasel,Pflanze-Lemma
2467,pinienbaum,Pflanze-Lemma
2468,laubengelände,Pflanze-Lemma
2469,estrad,Pflanze-Lemma
2470,dorothea,Pflanze-Lemma
2471,donnerwurz,Pflanze-Lemma
2472,garden,Pflanze-Lemma
2473,rosen-crantz,Pflanze-Lemma
2474,feldrose,Pflanze-Lemma
2475,erdäpf'lkraut,Pflanze-Lemma
2476,gartenlaube,Pflanze-Lemma
2477,hülsenfrücht,Pflanze-Lemma
2478,gränze,Pflanze-Lemma
2479,bojaren-gewäch,Pflanze-Lemma
2480,pfefferminzblatt,Pflanze-Lemma
2481,kubebe,Pflanze-Lemma
2482,rosenstamm,Pflanze-Lemma
2483,kaltenbrunniana,Pflanze-Lemma
2484,gräfl,Pflanze-Lemma
2485,unterbrochne,Pflanze-Lemma
2486,zinne,Pflanze-Lemma
2487,ploratum,Pflanze-Lemma
2488,gartenbäumen,Pflanze-Lemma
2489,pfirsche,Pflanze-Lemma
2490,phöbus,Pflanze-Lemma
2491,ranke,Pflanze-Lemma
2492,bleamel,Pflanze-Lemma
2493,baum-gart,Pflanze-Lemma
2494,pflänzel,Pflanze-Lemma
2495,jalappa,Pflanze-Lemma
2496,blattgigant,Pflanze-Lemma
2497,pritschholz,Pflanze-Lemma
2498,waldbachsrausche,Pflanze-Lemma
2499,raupe,Pflanze-Lemma
2500,blatt'l,Pflanze-Lemma
2501,linn,Pflanze-Lemma
2502,bohemund,Pflanze-Lemma
2503,moosgestelle,Pflanze-Lemma
2504,cassander,Pflanze-Lemma
2505,stammutter,Pflanze-Lemma
2506,haselstrauch,Pflanze-Lemma
2507,asteln,Pflanze-Lemma
2508,rosemaristengel,Pflanze-Lemma
2509,orangenzweig,Pflanze-Lemma
2510,schnaderhüpfeln,Pflanze-Lemma
2511,birkenreiser,Pflanze-Lemma
2512,teerose,Pflanze-Lemma
2513,rebus,Pflanze-Lemma
2514,olen,Pflanze-Lemma
2515,weinlaub,Pflanze-Lemma
2516,mirakel,Pflanze-Lemma
2517,estaat,Pflanze-Lemma
2518,schilfe,Pflanze-Lemma
2519,pappe,Pflanze-Lemma
2520,heuet,Pflanze-Lemma
2521,spornes,Pflanze-Lemma
2522,blumenhag,Pflanze-Lemma
2523,haselhecken,Pflanze-Lemma
2524,fr.,Pflanze-Lemma
2525,humpe,Pflanze-Lemma
2526,violen,Pflanze-Lemma
2527,oliven,Pflanze-Lemma
2528,kokott,Pflanze-Lemma
2529,pfott,Pflanze-Lemma
2530,gräuliches,Pflanze-Lemma
2531,gewächshaus,Pflanze-Lemma
2532,heimch,Pflanze-Lemma
2533,buschdawe,Pflanze-Lemma
2534,reis,Pflanze-Lemma
2535,knäuel,Pflanze-Lemma
2536,gesegne,Pflanze-Lemma
2537,strunk,Pflanze-Lemma
2538,zimtröhrenweis,Pflanze-Lemma
2539,jünglingstriebe,Pflanze-Lemma
2540,fischersbraut,Pflanze-Lemma
2541,zweyte,Pflanze-Lemma
2542,stachelbeer,Pflanze-Lemma
2543,solina,Pflanze-Lemma
2544,stöhre-lust,Pflanze-Lemma
2545,blumenweib,Pflanze-Lemma
2546,zierat,Pflanze-Lemma
2547,zauberäpfel,Pflanze-Lemma
2548,wiesenblum,Pflanze-Lemma
2549,sämann,Pflanze-Lemma
2550,äppel,Pflanze-Lemma
2551,zirkel,Pflanze-Lemma
2552,stammerl,Pflanze-Lemma
2553,holdas,Pflanze-Lemma
2554,schwertlilien,Pflanze-Lemma
2555,lilienschnee,Pflanze-Lemma
2556,hyacinthen,Pflanze-Lemma
2557,nja,Pflanze-Lemma
2558,rübe,Pflanze-Lemma
2559,eisblum,Pflanze-Lemma
2560,laubfrösch,Pflanze-Lemma
2561,grüner,Pflanze-Lemma
2562,weinwach,Pflanze-Lemma
2563,oleanderbaum,Pflanze-Lemma
2564,geigenstrich,Pflanze-Lemma
2565,turlin-orange,Pflanze-Lemma
2566,königseich,Pflanze-Lemma
2567,zeisig,Pflanze-Lemma
2568,stroh,Pflanze-Lemma
2569,maulbeerbäume,Pflanze-Lemma
2570,baumkron,Pflanze-Lemma
2571,zweymahl,Pflanze-Lemma
2572,galeno,Pflanze-Lemma
2573,rosengart,Pflanze-Lemma
2574,lorbeerblättch,Pflanze-Lemma
2575,kamillensträuß,Pflanze-Lemma
2576,wachtel,Pflanze-Lemma
2577,kartoffel,Pflanze-Lemma
2578,weidengebüsch,Pflanze-Lemma
2579,segenskränzen,Pflanze-Lemma
2580,rosimi,Pflanze-Lemma
2581,früß,Pflanze-Lemma
2582,gräntz,Pflanze-Lemma
2583,senf,Pflanze-Lemma
2584,weihrauch,Pflanze-Lemma
2585,jasmin,Pflanze-Lemma
2586,klementina,Pflanze-Lemma
2587,blühdorn,Pflanze-Lemma
2588,zierd,Pflanze-Lemma
2589,moosthee,Pflanze-Lemma
2590,nagerl,Pflanze-Lemma
2591,cypreß,Pflanze-Lemma
2592,erdfrücht,Pflanze-Lemma
2593,maiengott,Pflanze-Lemma
2594,gestatt,Pflanze-Lemma
2595,blühn,Pflanze-Lemma
2596,lichtkraut,Pflanze-Lemma
2597,salome,Pflanze-Lemma
2598,knoll,Pflanze-Lemma
2599,halme,Pflanze-Lemma
2600,rode,Pflanze-Lemma
2601,schmetterlingen,Pflanze-Lemma
2602,schlingpflanze,Pflanze-Lemma
2603,niva,Pflanze-Lemma
2604,rosenkranzes,Pflanze-Lemma
2605,blumengewinde,Pflanze-Lemma
2606,rätselblumen,Pflanze-Lemma
2607,art,Pflanze-Lemma
2608,hornnuß,Pflanze-Lemma
2609,himmlischen,Pflanze-Lemma
2610,sternenblumen,Pflanze-Lemma
2611,huslien,Pflanze-Lemma
2612,federbüsche,Pflanze-Lemma
2613,zauberknäuel,Pflanze-Lemma
2614,walze,Pflanze-Lemma
2615,laun,Pflanze-Lemma
2616,äolsharfe,Pflanze-Lemma
2617,krautes,Pflanze-Lemma
2618,irmentraut,Pflanze-Lemma
2619,gestrüpp,Pflanze-Lemma
2620,zauberrettich,Pflanze-Lemma
2621,mandane,Pflanze-Lemma
2622,wiesel,Pflanze-Lemma
2623,thusnelda,Pflanze-Lemma
2624,mirakulum,Pflanze-Lemma
2625,efeuranke,Pflanze-Lemma
2626,königsblume,Pflanze-Lemma
2627,gellert,Pflanze-Lemma
2628,erdbeere,Pflanze-Lemma
2629,astarte,Pflanze-Lemma
2630,hageblüh,Pflanze-Lemma
2631,sort,Pflanze-Lemma
2632,leber,Pflanze-Lemma
2633,blattl,Pflanze-Lemma
2634,blumenkelch,Pflanze-Lemma
2635,meerbaum,Pflanze-Lemma
2636,rotkehlchen,Pflanze-Lemma
2637,zed,Pflanze-Lemma
2638,föhr,Pflanze-Lemma
2639,hirschel,Pflanze-Lemma
2640,nüss,Pflanze-Lemma
2641,margiana,Pflanze-Lemma
2642,würmg,Pflanze-Lemma
2643,bilsenkraut,Pflanze-Lemma
2644,palmbaum,Pflanze-Lemma
2645,ufertann,Pflanze-Lemma
2646,laubwerk,Pflanze-Lemma
2647,anemone,Pflanze-Lemma
2648,rigorosum,Pflanze-Lemma
2649,flegel,Pflanze-Lemma
2650,nobili,Pflanze-Lemma
2651,rosenhimmel,Pflanze-Lemma
2652,rosenblatt,Pflanze-Lemma
2653,magistrat,Pflanze-Lemma
2654,estrich,Pflanze-Lemma
2655,baumbestand,Pflanze-Lemma
2656,alpium,Pflanze-Lemma
2657,wurzelgötze,Pflanze-Lemma
2658,gräu'lgestaltung,Pflanze-Lemma
2659,nuß'n,Pflanze-Lemma
2660,bethe,Pflanze-Lemma
2661,tuberosum,Pflanze-Lemma
2662,schlehdorn,Pflanze-Lemma
2663,eselsohr'n,Pflanze-Lemma
2664,diaspora,Pflanze-Lemma
2665,rosenstrauche,Pflanze-Lemma
2666,winde,Pflanze-Lemma
2667,kokette,Pflanze-Lemma
2668,leine,Pflanze-Lemma
2669,granatäpfel,Pflanze-Lemma
2670,kokotte,Pflanze-Lemma
2671,pflanzenstein,Pflanze-Lemma
2672,stram,Pflanze-Lemma
2673,chimborasso,Pflanze-Lemma
2674,blumentisches,Pflanze-Lemma
2675,schattenzweige,Pflanze-Lemma
2676,strauchwerk,Pflanze-Lemma
2677,minstrel,Pflanze-Lemma
2678,feldflasche,Pflanze-Lemma
2679,sonn,Pflanze-Lemma
2680,blumenpflück,Pflanze-Lemma
2681,blumenstock,Pflanze-Lemma
2682,schlehenbusch,Pflanze-Lemma
2683,marterkreuze,Pflanze-Lemma
2684,binse,Pflanze-Lemma
2685,präludium,Pflanze-Lemma
2686,alpenpflanzen,Pflanze-Lemma
2687,aepfelblüthe,Pflanze-Lemma
2688,lilien-krantz,Pflanze-Lemma
2689,baumgruppe,Pflanze-Lemma
2690,grasel,Pflanze-Lemma
2691,lade,Pflanze-Lemma
2692,rosenfessel,Pflanze-Lemma
2693,obstakel,Pflanze-Lemma
2694,laubgewinden,Pflanze-Lemma
2695,augäpfel,Pflanze-Lemma
2696,kalkpilz,Pflanze-Lemma
2697,eichenast,Pflanze-Lemma
2698,rankten,Pflanze-Lemma
2699,schaft,Pflanze-Lemma
2700,kränz,Pflanze-Lemma
2701,kornblume,Pflanze-Lemma
2702,herbstblume,Pflanze-Lemma
2703,platane,Pflanze-Lemma
2704,apfel,Pflanze-Lemma
2705,glocke,Pflanze-Lemma
2706,eselsohr,Pflanze-Lemma
2707,buxbaum,Pflanze-Lemma
2708,weihnachtsbäumche,Pflanze-Lemma
2709,bach,Pflanze-Lemma
2710,spinat,Pflanze-Lemma
2711,theophrastus,Pflanze-Lemma
2712,friedenspalm,Pflanze-Lemma
2713,eckpilf,Pflanze-Lemma
2714,schafotte,Pflanze-Lemma
2715,fichtenecke,Pflanze-Lemma
2716,heuhnerglobe,Pflanze-Lemma
2717,rhabarber,Pflanze-Lemma
2718,radiana,Pflanze-Lemma
2719,wolfswurz,Pflanze-Lemma
2720,wiesenwach,Pflanze-Lemma
2721,maienglöckchen,Pflanze-Lemma
2722,pflanzenwunder,Pflanze-Lemma
2723,aetherraumes,Pflanze-Lemma
2724,coquelicot,Pflanze-Lemma
2725,nadel,Pflanze-Lemma
2726,satanskrauen,Pflanze-Lemma
2727,baum,Pflanze-Lemma
2728,kirsche,Pflanze-Lemma
2729,erdgeborne,Pflanze-Lemma
2730,marmorquader,Pflanze-Lemma
2731,tulpenbeet,Pflanze-Lemma
2732,samen,Pflanze-Lemma
2733,moräst,Pflanze-Lemma
2734,missetat,Pflanze-Lemma
2735,stafette,Pflanze-Lemma
2736,fliederbüschen,Pflanze-Lemma
2737,äpfelchen,Pflanze-Lemma
2738,dattel,Pflanze-Lemma
2739,paradeis,Pflanze-Lemma
2740,nesselstrauch,Pflanze-Lemma
2741,nebelrauch,Pflanze-Lemma
2742,lesefrücht,Pflanze-Lemma
2743,winteräpfel,Pflanze-Lemma
2744,bulweib,Pflanze-Lemma
2745,ertzberenhäuter,Pflanze-Lemma
2746,gersten-ernte,Pflanze-Lemma
2747,frühlingsrose,Pflanze-Lemma
2748,holzapfel,Pflanze-Lemma
2749,sublimatpille,Pflanze-Lemma
2750,ungebornes,Pflanze-Lemma
2751,baumwolle,Pflanze-Lemma
2752,finkl,Pflanze-Lemma
2753,vegetation,Pflanze-Lemma
2754,pistol,Pflanze-Lemma
2755,beeren,Pflanze-Lemma
2756,pilz,Pflanze-Lemma
2757,raufbolde,Pflanze-Lemma
2758,mirabili,Pflanze-Lemma
2759,mangin,Pflanze-Lemma
2760,schleiersaum,Pflanze-Lemma
2761,rusch,Pflanze-Lemma
2762,al–,Pflanze-Lemma
2763,äderlein,Pflanze-Lemma
2764,jiftpille,Pflanze-Lemma
2765,alpenpflanze,Pflanze-Lemma
2766,vnkraut,Pflanze-Lemma
2767,straus,Pflanze-Lemma
2768,wonnegraus,Pflanze-Lemma
2769,morgana,Pflanze-Lemma
2770,paraplü,Pflanze-Lemma
2771,tannabaum,Pflanze-Lemma
2772,quitt,Pflanze-Lemma
2773,kreuzholz,Pflanze-Lemma
2774,zweytracht,Pflanze-Lemma
2775,rind,Pflanze-Lemma
2776,zil,Pflanze-Lemma
2777,muskatenblume,Pflanze-Lemma
2778,retten,Pflanze-Lemma
2779,hornissel,Pflanze-Lemma
2780,gartenpfort,Pflanze-Lemma
2781,dornstoana,Pflanze-Lemma
2782,järche,Pflanze-Lemma
2783,millich,Pflanze-Lemma
2784,nachbarbaume,Pflanze-Lemma
2785,meiranweis,Pflanze-Lemma
2786,fränzche,Pflanze-Lemma
2787,phaon,Pflanze-Lemma
2788,gezweig,Pflanze-Lemma
2789,rosmaringesträuche,Pflanze-Lemma
2790,eichholzch,Pflanze-Lemma
2791,hafer,Pflanze-Lemma
2792,avignon,Pflanze-Lemma
2793,rosenthor,Pflanze-Lemma
2794,bachus,Pflanze-Lemma
2795,herbstblätter,Pflanze-Lemma
2796,album,Pflanze-Lemma
2797,buchengehölz,Pflanze-Lemma
2798,federbusch,Pflanze-Lemma
2799,camille,Pflanze-Lemma
2800,blieb,Pflanze-Lemma
2801,balustrade,Pflanze-Lemma
2802,teffli,Pflanze-Lemma
2803,buchenzweig,Pflanze-Lemma
2804,brotkrümelchen,Pflanze-Lemma
2805,lindenduft,Pflanze-Lemma
2806,blumengärtlein,Pflanze-Lemma
2807,pfirschen,Pflanze-Lemma
2808,melinde,Pflanze-Lemma
2809,slawosch,Pflanze-Lemma
2810,blütenkelch,Pflanze-Lemma
2811,savage,Pflanze-Lemma
2812,mandelkern,Pflanze-Lemma
2813,gesabbel,Pflanze-Lemma
2814,schlingel,Pflanze-Lemma
2815,fortunatus,Pflanze-Lemma
2816,rosse,Pflanze-Lemma
2817,zitrone,Pflanze-Lemma
2818,frühlingsblume,Pflanze-Lemma
2819,eiapopeia,Pflanze-Lemma
2820,danaiden,Pflanze-Lemma
2821,obstand,Pflanze-Lemma
2822,weinlaubbekränzt,Pflanze-Lemma
2823,meerrettig,Pflanze-Lemma
2824,bouquet,Pflanze-Lemma
2825,zimmet,Pflanze-Lemma
2826,libussa,Pflanze-Lemma
2827,keimlein,Pflanze-Lemma
2828,chatte,Pflanze-Lemma
2829,rosenglut,Pflanze-Lemma
2830,farrensamens,Pflanze-Lemma
2831,holländer,Pflanze-Lemma
2832,blumenbilder,Pflanze-Lemma
2833,lorbeer,Pflanze-Lemma
2834,nied're,Pflanze-Lemma
2835,heilkraut,Pflanze-Lemma
2836,demutkraut,Pflanze-Lemma
2837,fencheltee,Pflanze-Lemma
2838,eichelfraßprodukt,Pflanze-Lemma
2839,hes,Pflanze-Lemma
2840,pflanz,Pflanze-Lemma
2841,zweig,Pflanze-Lemma
2842,fittig,Pflanze-Lemma
2843,rosenblüt,Pflanze-Lemma
2844,anadyomen,Pflanze-Lemma
2845,stechapfelsame,Pflanze-Lemma
2846,todesherbstlaub,Pflanze-Lemma
2847,myrthenblätter,Pflanze-Lemma
2848,zierate,Pflanze-Lemma
2849,laube,Pflanze-Lemma
2850,menschenblume,Pflanze-Lemma
2851,rosensträuche,Pflanze-Lemma
2852,krause,Pflanze-Lemma
2853,gräslein,Pflanze-Lemma
2854,rosen-bukett,Pflanze-Lemma
2855,kraut,Pflanze-Lemma
2856,äpfelein,Pflanze-Lemma
2857,baumwipfel,Pflanze-Lemma
2858,capernaum,Pflanze-Lemma
2859,baron,Pflanze-Lemma
2860,distelblüt,Pflanze-Lemma
2861,pikacht,Pflanze-Lemma
2862,johanniswurm,Pflanze-Lemma
2863,bäumche,Pflanze-Lemma
2864,baumstamm,Pflanze-Lemma
2865,rankenzeug,Pflanze-Lemma
2866,oreaden,Pflanze-Lemma
2867,langverlorne,Pflanze-Lemma
2868,haarbusch,Pflanze-Lemma
2869,totengeläut,Pflanze-Lemma
2870,efeu,Pflanze-Lemma
2871,gewöhr,Pflanze-Lemma
2872,samum,Pflanze-Lemma
2873,büste,Pflanze-Lemma
2874,götterdämm'rung,Pflanze-Lemma
2875,rosengesichtche,Pflanze-Lemma
2876,rosmarin,Pflanze-Lemma
2877,eulalien,Pflanze-Lemma
2878,busches,Pflanze-Lemma
2879,fliese,Pflanze-Lemma
2880,freia,Pflanze-Lemma
2881,pfingstrose,Pflanze-Lemma
2882,kaffeebohn,Pflanze-Lemma
2883,giftpilz,Pflanze-Lemma
2884,ätolier,Pflanze-Lemma
2885,blütendolden,Pflanze-Lemma
2886,distl,Pflanze-Lemma
2887,blumenkett,Pflanze-Lemma
2888,blumengirlande,Pflanze-Lemma
2889,feuerrose,Pflanze-Lemma
2890,straucheln,Pflanze-Lemma
2891,zaume,Pflanze-Lemma
2892,dornenzweig,Pflanze-Lemma
2893,reutercorps,Pflanze-Lemma
2894,riesenblume,Pflanze-Lemma
2895,blumenkelche,Pflanze-Lemma
2896,pflüg,Pflanze-Lemma
2897,kroks,Pflanze-Lemma
2898,blütenkleide,Pflanze-Lemma
2899,furchen,Pflanze-Lemma
2900,pallium,Pflanze-Lemma
2901,toscana,Pflanze-Lemma
2902,austilg,Pflanze-Lemma
2903,brenneß'l,Pflanze-Lemma
2904,blumensträuche,Pflanze-Lemma
2905,lindenlaub,Pflanze-Lemma
2906,zweiglein,Pflanze-Lemma
2907,thräne,Pflanze-Lemma
2908,dornenbüschen,Pflanze-Lemma
2909,mandolinensaite,Pflanze-Lemma
2910,kaste,Pflanze-Lemma
2911,teeblüte,Pflanze-Lemma
2912,kirschlorber,Pflanze-Lemma
2913,rosenhekke,Pflanze-Lemma
2914,läuten,Pflanze-Lemma
2915,erbs,Pflanze-Lemma
2916,rot,Pflanze-Lemma
2917,wollkraut,Pflanze-Lemma
2918,eichelkrone,Pflanze-Lemma
2919,ernte,Pflanze-Lemma
2920,beer,Pflanze-Lemma
2921,erbtant,Pflanze-Lemma
2922,urs,Pflanze-Lemma
2923,distelbeet,Pflanze-Lemma
2924,atlanticorum,Pflanze-Lemma
2925,granatfrucht,Pflanze-Lemma
2926,riedgras,Pflanze-Lemma
2927,purzelbäumen,Pflanze-Lemma
2928,dornenrank,Pflanze-Lemma
2929,nußbaumholz,Pflanze-Lemma
2930,wunderbaum,Pflanze-Lemma
2931,verdruß,Pflanze-Lemma
2932,tann,Pflanze-Lemma
2933,landorang,Pflanze-Lemma
2934,merliteer,Pflanze-Lemma
2935,trauerweide,Pflanze-Lemma
2936,saatengold,Pflanze-Lemma
2937,betrübe,Pflanze-Lemma
2938,blütentrichter,Pflanze-Lemma
2939,clara,Pflanze-Lemma
2940,litaneien,Pflanze-Lemma
2941,tristan,Pflanze-Lemma
2942,erdwurm,Pflanze-Lemma
2943,gräzer,Pflanze-Lemma
2944,märzenschnee,Pflanze-Lemma
2945,busche,Pflanze-Lemma
2946,wurzelfaser,Pflanze-Lemma
2947,weines,Pflanze-Lemma
2948,rindsled,Pflanze-Lemma
2949,liebesblume,Pflanze-Lemma
2950,gekränkt,Pflanze-Lemma
2951,droom,Pflanze-Lemma
2952,kameli,Pflanze-Lemma
2953,astyanax,Pflanze-Lemma
2954,feigling,Pflanze-Lemma
2955,fliederblüte,Pflanze-Lemma
2956,maiblümel,Pflanze-Lemma
2957,kamöne,Pflanze-Lemma
2958,hanfbau,Pflanze-Lemma
2959,almerin,Pflanze-Lemma
2960,bündel,Pflanze-Lemma
2961,eumenidum,Pflanze-Lemma
2962,fliederbaume,Pflanze-Lemma
2963,kräutersprosse,Pflanze-Lemma
2964,wehmuth,Pflanze-Lemma
2965,datze,Pflanze-Lemma
2966,eunuch,Pflanze-Lemma
2967,stamme,Pflanze-Lemma
2968,graswuchs,Pflanze-Lemma
2969,sprisseln,Pflanze-Lemma
2970,dolorem,Pflanze-Lemma
2971,hiesel,Pflanze-Lemma
2972,purzelbaum,Pflanze-Lemma
2973,kriechel,Pflanze-Lemma
2974,vogelscheuche,Pflanze-Lemma
2975,kranich,Pflanze-Lemma
2976,knabenkraut,Pflanze-Lemma
2977,holz,Pflanze-Lemma
2978,schmetterlingsfächer,Pflanze-Lemma
2979,rosamunde,Pflanze-Lemma
2980,eichenblätter,Pflanze-Lemma
2981,lybelle,Pflanze-Lemma
2982,isis,Pflanze-Lemma
2983,bäumel,Pflanze-Lemma
2984,réaumur,Pflanze-Lemma
2985,ächte,Pflanze-Lemma
2986,lxxxvii,Pflanze-Lemma
2987,lapuchin,Pflanze-Lemma
2988,weizenkörner,Pflanze-Lemma
2989,aloe,Pflanze-Lemma
2990,würze,Pflanze-Lemma
2991,rosenstrauch,Pflanze-Lemma
2992,grüne,Pflanze-Lemma
2993,mähnenbusch,Pflanze-Lemma
2994,krancke,Pflanze-Lemma
2995,bergstöck,Pflanze-Lemma
2996,rosenknospe,Pflanze-Lemma
2997,tannengehölz,Pflanze-Lemma
2998,oleanderbaumes,Pflanze-Lemma
2999,tant,Pflanze-Lemma
3000,esch,Pflanze-Lemma
3001,auster,Pflanze-Lemma
3002,ungethüm,Pflanze-Lemma
3003,olivenpflanzung,Pflanze-Lemma
3004,flottwell,Pflanze-Lemma
3005,kohl,Pflanze-Lemma
3006,wacholder,Pflanze-Lemma
3007,hinkefuß,Pflanze-Lemma
3008,winterzweig,Pflanze-Lemma
3009,schwarzwurz,Pflanze-Lemma
3010,dornstrauch,Pflanze-Lemma
3011,dattelpalm,Pflanze-Lemma
3012,blumenkohl,Pflanze-Lemma
3013,suetowid,Pflanze-Lemma
3014,kreuzbaum,Pflanze-Lemma
3015,schilfrohr,Pflanze-Lemma
3016,aussaat,Pflanze-Lemma
3017,korallenblätter,Pflanze-Lemma
3018,kirschblüt,Pflanze-Lemma
3019,römerlanze,Pflanze-Lemma
3020,eiche,Pflanze-Lemma
3021,nachtblume,Pflanze-Lemma
3022,weidengegitter,Pflanze-Lemma
3023,olive,Pflanze-Lemma
3024,rosenfüßen,Pflanze-Lemma
3025,hagerose,Pflanze-Lemma
3026,franzosn,Pflanze-Lemma
3027,wildlinge,Pflanze-Lemma
3028,ackerwurz,Pflanze-Lemma
3029,feigenbaum,Pflanze-Lemma
3030,loos,Pflanze-Lemma
3031,hag,Pflanze-Lemma
3032,streusand,Pflanze-Lemma
3033,früchtchen,Pflanze-Lemma
3034,griechenweib,Pflanze-Lemma
3035,gräueln,Pflanze-Lemma
3036,baumgestämm,Pflanze-Lemma
3037,blätterrausche,Pflanze-Lemma
3038,rosenpracht,Pflanze-Lemma
3039,zimperlich,Pflanze-Lemma
3040,kohlmarcht,Pflanze-Lemma
3041,nelkentunk,Pflanze-Lemma
3042,erdgebornen,Pflanze-Lemma
3043,maibaum,Pflanze-Lemma
3044,saat,Pflanze-Lemma
3045,bohle,Pflanze-Lemma
3046,blumenbaum,Pflanze-Lemma
3047,minze,Pflanze-Lemma
3048,blumenstaub,Pflanze-Lemma
3049,heut,Pflanze-Lemma
3050,zypresse,Pflanze-Lemma
3051,kohl'n,Pflanze-Lemma
3052,haselrute,Pflanze-Lemma
3053,birke,Pflanze-Lemma
3054,aschgraue,Pflanze-Lemma
3055,buchenker,Pflanze-Lemma
3056,mark,Pflanze-Lemma
3057,hölz,Pflanze-Lemma
3058,alpenblume,Pflanze-Lemma
3059,nadelholzbaum,Pflanze-Lemma
3060,sproßt,Pflanze-Lemma
3061,haselnuß,Pflanze-Lemma
3062,entschluß,Pflanze-Lemma
3063,datwische,Pflanze-Lemma
3064,giebts,Pflanze-Lemma
3065,frühlingsacker,Pflanze-Lemma
3066,birkenrinder,Pflanze-Lemma
3067,tand,Pflanze-Lemma
3068,wuth,Pflanze-Lemma
3069,blüthe,Pflanze-Lemma
3070,saccharum,Pflanze-Lemma
3071,mistrauen,Pflanze-Lemma
3072,dächse,Pflanze-Lemma
3073,weidenbaum,Pflanze-Lemma
3074,eichbaum,Pflanze-Lemma
3075,citate,Pflanze-Lemma
3076,rosenkränzedrehn,Pflanze-Lemma
3077,weiberarme,Pflanze-Lemma
3078,keimleinblatt,Pflanze-Lemma
3079,knäul,Pflanze-Lemma
3080,fliederzweig,Pflanze-Lemma
3081,schafsgerippe,Pflanze-Lemma
3082,gartenfrücht,Pflanze-Lemma
3083,traubenlese,Pflanze-Lemma
3084,rosenblume,Pflanze-Lemma
3085,herzblatt,Pflanze-Lemma
3086,lorbeerblatt,Pflanze-Lemma
3087,parnaß,Pflanze-Lemma
3088,rosenhecke,Pflanze-Lemma
3089,pomade,Pflanze-Lemma
3090,blumenberg,Pflanze-Lemma
3091,lene,Pflanze-Lemma
3092,traun,Pflanze-Lemma
3093,kulturgeschmeiß,Pflanze-Lemma
3094,safransaum,Pflanze-Lemma
3095,runkel-rub,Pflanze-Lemma
3096,erdenqual,Pflanze-Lemma
3097,limonia,Pflanze-Lemma
3098,verstohlne,Pflanze-Lemma
3099,hirse,Pflanze-Lemma
3100,aeolsharfe,Pflanze-Lemma
3101,abdallah,Pflanze-Lemma
3102,frühschot,Pflanze-Lemma
3103,hackstöck,Pflanze-Lemma
3104,most,Pflanze-Lemma
3105,espenlaub,Pflanze-Lemma
3106,zauberbaum,Pflanze-Lemma
3107,gesäul,Pflanze-Lemma
3108,weidenstumpf,Pflanze-Lemma
3109,butterblume,Pflanze-Lemma
3110,aeusserstem,Pflanze-Lemma
3111,kastein,Pflanze-Lemma
3112,rapunzel,Pflanze-Lemma
3113,acta,Pflanze-Lemma
3114,palmn,Pflanze-Lemma
3115,kastilie,Pflanze-Lemma
3116,kernfluch,Pflanze-Lemma
3117,eichenhaine,Pflanze-Lemma
3118,jungfrauaktien,Pflanze-Lemma
3119,distelblume,Pflanze-Lemma
3120,gemüsepflanze,Pflanze-Lemma
3121,ginst,Pflanze-Lemma
3122,hecken-volle,Pflanze-Lemma
3123,terebinthe,Pflanze-Lemma
3124,säule,Pflanze-Lemma
3125,pflanzer,Pflanze-Lemma
3126,saffian,Pflanze-Lemma
3127,kräutlerweib,Pflanze-Lemma
3128,geäste,Pflanze-Lemma
3129,fiel,Pflanze-Lemma
3130,stamm's,Pflanze-Lemma
3131,körnch,Pflanze-Lemma
3132,putterweib,Pflanze-Lemma
3133,feiengeschlechte,Pflanze-Lemma
3134,wust,Pflanze-Lemma
3135,wittwerstande,Pflanze-Lemma
3136,höllisch,Pflanze-Lemma
3137,eichenkeule,Pflanze-Lemma
3138,gewächs,Pflanze-Lemma
3139,schlehn,Pflanze-Lemma
3140,eichstamm,Pflanze-Lemma
3141,baumöl,Pflanze-Lemma
3142,kultur,Pflanze-Lemma
3143,heu,Pflanze-Lemma
3144,gintracht,Pflanze-Lemma
3145,perlete,Pflanze-Lemma
3146,riesenbaume,Pflanze-Lemma
3147,plantan,Pflanze-Lemma
3148,äußres,Pflanze-Lemma
3149,lemonie,Pflanze-Lemma
3150,wildfang,Pflanze-Lemma
3151,marterdorn,Pflanze-Lemma
3152,wurmfräß'ge,Pflanze-Lemma
3153,fliederboom,Pflanze-Lemma
3154,bethulien,Pflanze-Lemma
3155,oleander,Pflanze-Lemma
3156,perserbraut,Pflanze-Lemma
3157,onkel,Pflanze-Lemma
3158,rotdorn,Pflanze-Lemma
3159,weinstöcken,Pflanze-Lemma
3160,lakai,Pflanze-Lemma
3161,fiescer,Pflanze-Lemma
3162,rutenstreich,Pflanze-Lemma
3163,korallenbaum,Pflanze-Lemma
3164,traubensaft,Pflanze-Lemma
3165,erdtitan,Pflanze-Lemma
3166,geisterweib,Pflanze-Lemma
3167,vogelbaum,Pflanze-Lemma
3168,heidekraut,Pflanze-Lemma
3169,citron,Pflanze-Lemma
3170,gemüsekörben,Pflanze-Lemma
3171,dornrosen,Pflanze-Lemma
3172,erdrauch,Pflanze-Lemma
3173,heurathgut,Pflanze-Lemma
3174,rotzleffel,Pflanze-Lemma
3175,zwetschge,Pflanze-Lemma
3176,burrit,Pflanze-Lemma
3177,carroccio,Pflanze-Lemma
3178,erdpech,Pflanze-Lemma
3179,grillchen,Pflanze-Lemma
3180,gräu'l,Pflanze-Lemma
3181,heete,Pflanze-Lemma
3182,tollpflanze,Pflanze-Lemma
3183,wiesenblümchen,Pflanze-Lemma
3184,brechweinstein,Pflanze-Lemma
3185,galgenholz,Pflanze-Lemma
3186,schilfgräser,Pflanze-Lemma
3187,fuchspelze,Pflanze-Lemma
3188,blüthenzweig,Pflanze-Lemma
3189,himmelsblume,Pflanze-Lemma
3190,steu'r,Pflanze-Lemma
3191,geschlechtsbaumes,Pflanze-Lemma
3192,seraphine,Pflanze-Lemma
3193,rohr,Pflanze-Lemma
3194,bæume,Pflanze-Lemma
3195,liebesflammen,Pflanze-Lemma
3196,gräser,Pflanze-Lemma
3197,zauberteppich,Pflanze-Lemma
3198,ur,Pflanze-Lemma
3199,traute,Pflanze-Lemma
3200,ambro,Pflanze-Lemma
3201,mostrich,Pflanze-Lemma
3202,ulmbaum,Pflanze-Lemma
3203,sauerkrauen,Pflanze-Lemma
3204,david,Pflanze-Lemma
3205,pappel,Pflanze-Lemma
3206,todtenblume,Pflanze-Lemma
3207,alnaschar,Pflanze-Lemma
3208,dorngebüsch,Pflanze-Lemma
3209,mittagstraum,Pflanze-Lemma
3210,wipfel,Pflanze-Lemma
3211,bratäpfel,Pflanze-Lemma
3212,geäst,Pflanze-Lemma
3213,veiligen,Pflanze-Lemma
3214,eppich,Pflanze-Lemma
3215,savoyerkohl,Pflanze-Lemma
3216,heckmeck,Pflanze-Lemma
3217,mandelbäume,Pflanze-Lemma
3218,gehäul,Pflanze-Lemma
3219,tropäōlen,Pflanze-Lemma
3220,grase,Pflanze-Lemma
3221,esche,Pflanze-Lemma
3222,mohr,Pflanze-Lemma
3223,goldäpfel,Pflanze-Lemma
3224,haha,Pflanze-Lemma
3225,teufelsaug,Pflanze-Lemma
3226,stäudelein,Pflanze-Lemma
3227,fichtenstamm,Pflanze-Lemma
3228,apfelgold,Pflanze-Lemma
3229,tabakspflanz,Pflanze-Lemma
3230,baumen,Pflanze-Lemma
3231,eichbaumes,Pflanze-Lemma
3232,strauch,Pflanze-Lemma
3233,charis,Pflanze-Lemma
3234,retter,Pflanze-Lemma
3235,linse,Pflanze-Lemma
3236,kaviar,Pflanze-Lemma
3237,quell,Pflanze-Lemma
3238,extrablätter,Pflanze-Lemma
3239,rosenstöckchen,Pflanze-Lemma
3240,büfchen,Pflanze-Lemma
3241,ahlfeld,Pflanze-Lemma
3242,mastbaum,Pflanze-Lemma
3243,blattgeripp,Pflanze-Lemma
3244,rittersporn,Pflanze-Lemma
3245,penthesilea,Pflanze-Lemma
3246,zither,Pflanze-Lemma
3247,schlangenäugel,Pflanze-Lemma
3248,chechen,Pflanze-Lemma
3249,thuiskon,Pflanze-Lemma
3250,maiengrün,Pflanze-Lemma
3251,glücksel'gen,Pflanze-Lemma
3252,geborne,Pflanze-Lemma
3253,grasbund,Pflanze-Lemma
3254,strauß,Pflanze-Lemma
3255,gehölz,Pflanze-Lemma
3256,reuterschar,Pflanze-Lemma
3257,lein,Pflanze-Lemma
3258,weinhumpe,Pflanze-Lemma
3259,flett,Pflanze-Lemma
3260,muth,Pflanze-Lemma
3261,blume,Pflanze-Lemma
3262,weidenstamm,Pflanze-Lemma
3263,ragout,Pflanze-Lemma
3264,grasmück,Pflanze-Lemma
3265,birkenreis,Pflanze-Lemma
3266,hanfsome,Pflanze-Lemma
3267,magenkräuter,Pflanze-Lemma
3268,stammbaume,Pflanze-Lemma
3269,haselgestrüppe,Pflanze-Lemma
3270,libe,Pflanze-Lemma
3271,wittbräuke,Pflanze-Lemma
3272,samenker,Pflanze-Lemma
3273,petersili,Pflanze-Lemma
3274,brennholz,Pflanze-Lemma
3275,cesarino,Pflanze-Lemma
3276,loto,Pflanze-Lemma
3277,kokosnuß,Pflanze-Lemma
3278,frücht,Pflanze-Lemma
3279,feigenblatt,Pflanze-Lemma
3280,rosenschimmer,Pflanze-Lemma
3281,sträucher,Pflanze-Lemma
3282,dornstrauche,Pflanze-Lemma
3283,rosenbusch,Pflanze-Lemma
3284,timolaos,Pflanze-Lemma
3285,rettig,Pflanze-Lemma
3286,kletterranke,Pflanze-Lemma
3287,haitang,Pflanze-Lemma
3288,trauerweiden,Pflanze-Lemma
3289,weinichen,Pflanze-Lemma
3290,beerch,Pflanze-Lemma
3291,gräschen,Pflanze-Lemma
3292,knollengewächse,Pflanze-Lemma
3293,pflanzenpracht,Pflanze-Lemma
3294,kleeblatt,Pflanze-Lemma
3295,schnäpse,Pflanze-Lemma
3296,bettdäuker,Pflanze-Lemma
3297,pflanze,Pflanze-Lemma
3298,wurzelche,Pflanze-Lemma
3299,neze,Pflanze-Lemma
3300,naslöchern,Pflanze-Lemma
3301,spiritistenkränzch,Pflanze-Lemma
3302,plätzchen,Pflanze-Lemma
3303,grashalme,Pflanze-Lemma
3304,cherubim,Pflanze-Lemma
3305,kräuterweib,Pflanze-Lemma
3306,rute,Pflanze-Lemma
3307,lilienkelch,Pflanze-Lemma
3308,palmenwipfel,Pflanze-Lemma
3309,virginie,Pflanze-Lemma
3310,minothaurum,Pflanze-Lemma
3311,rosenbusches,Pflanze-Lemma
3312,früchteknot,Pflanze-Lemma
3313,haine,Pflanze-Lemma
3314,äpfel,Pflanze-Lemma
3315,palme,Pflanze-Lemma
3316,wurtzel,Pflanze-Lemma
3317,weidenbusch,Pflanze-Lemma
3318,riese,Pflanze-Lemma
3319,kranze,Pflanze-Lemma
3320,schnitzler-anatol.xml,Text
3321,hofmannsthal-die-frau-im-fenster.xml,Text
3322,nestroy-der-boese-geist-lumpazivagabundus.xml,Text
3323,hofmannsthal-ariadne-auf-naxos.xml,Text
3324,scheerbart-der-wetterfuerst.xml,Text
3325,baeuerle-die-buerger-in-wien.xml,Text
3326,sudermann-heimat.xml,Text
3327,kleist-der-zerbrochene-krug.xml,Text
3328,fock-cili-cohrs.xml,Text
3329,hebbel-gyges-und-sein-ring.xml,Text
3330,scheerbart-das-dumme-luder.xml,Text
3331,weissenthurn-die-schwestern-st-janvier.xml,Text
3332,wedekind-musik.xml,Text
3333,pelzel-apolls-gericht-oder-das-bestrafte-vorurtheil-vindebonens.xml,Text
3334,raimund-der-barometermacher-auf-der-zauberinsel.xml,Text
3335,spiess-klara-von-hoheneichen.xml,Text
3336,bunge-der-trompeter-von-saekkingen.xml,Text
3337,ayrer-fassnachtspil-wie-einem-weib-jhr-eygener-mann.xml,Text
3338,gryphius-catharina-von-georgien.xml,Text
3339,achat-ein-april-scherz.xml,Text
3340,nestroy-einen-jux-will-er-sich-machen.xml,Text
3341,lenz-die-freunde-machen-den-philosophen.xml,Text
3342,schiller-kabale-und-liebe.xml,Text
3343,wildgans-armut.xml,Text
3344,schnitzler-das-weite-land.xml,Text
3345,ernst-die-groesste-suende.xml,Text
3346,ludwig-die-makkabaeer.xml,Text
3347,muehsam-staatsraeson.xml,Text
3348,niebergall-datterich.xml,Text
3349,muellner-die-schuld.xml,Text
3350,wedekind-der-kammersaenger.xml,Text
3351,laube-gottsched-und-gellert.xml,Text
3352,raimund-der-diamant-des-geisterkoenigs.xml,Text
3353,martini-rhynsolt-und-sapphira.xml,Text
3354,babo-arno.xml,Text
3355,lessing-miss-sara-sampson.xml,Text
3356,hofmannsthal-der-rosenkavalier.xml,Text
3357,ertler-anna-iwanowna.xml,Text
3358,ebner-eschenbach-am-ende.xml,Text
3359,schink-hanswurst-von-salzburg-mit-dem-hoelzernen-gat.xml,Text
3360,holz-jerschke-traumulus.xml,Text
3361,wedekind-die-buechse-der-pandora.xml,Text
3362,chlumberg-die-fuehrer.xml,Text
3363,leisewitz-die-pfandung.xml,Text
3364,nestroy-der-talisman.xml,Text
3365,klopstock-der-tod-abels.xml,Text
3366,brandes-ariadne-auf-naxos.xml,Text
3367,weissenthurn-das-manuscript.xml,Text
3368,dauthendey-die-spielereien-einer-kaiserin.xml,Text
3369,klinger-prinz-seiden-wurm-der-reformator.xml,Text
3370,iffland-das-erbtheil-des-vaters.xml,Text
3371,hauptmann-carl-die-armseligen-besenbinder.xml,Text
3372,holz-sonnenfinsternis.xml,Text
3373,krueger-die-geistlichen-auf-dem-lande.xml,Text
3374,raupach-der-degen.xml,Text
3375,hasenclever-der-sohn.xml,Text
3376,moser-krieg-oder-frieden.xml,Text
3377,stavenhagen-mudder-mews.xml,Text
3378,klinger-simsone-grisaldo.xml,Text
3379,goethe-die-mitschuldigen.xml,Text
3380,lessing-der-freigeist.xml,Text
3381,schoenthan-der-raub-der-sabinerinnen.xml,Text
3382,hauptmann-gabriel-schillings-flucht.xml,Text
3383,gutzkow-uriel-acosta.xml,Text
3384,heyse-don-juans-ende.xml,Text
3385,grillparzer-des-meeres-und-der-liebe-wellen.xml,Text
3386,holz-schlaf-die-familie-selicke.xml,Text
3387,chezy-euryanthe.xml,Text
3388,hebbel-judith.xml,Text
3389,goethe-iphigenie-auf-tauris.xml,Text
3390,wieland-alceste.xml,Text
3391,krueger-die-candidaten.xml,Text
3392,kotzebue-die-alten-liebschaften.xml,Text
3393,buechner-dantons-tod.xml,Text
3394,koch-die-maennerfeindin.xml,Text
3395,kleist-die-hermannsschlacht.xml,Text
3396,hauptmann-carl-im-goldenen-tempel-buche-verzeichnet.xml,Text
3397,sudermann-die-ehre.xml,Text
3398,herzenskron-hoang-puff.xml,Text
3399,weissenthurn-johann-herzog-von-finnland.xml,Text
3400,kotzebue-die-deutschen-kleinstaedter.xml,Text
3401,nestroy-das-haus-der-temperamente.xml,Text
3402,ruederer-die-fahnenweihe.xml,Text
3403,kupelwieser-fierrabras.xml,Text
3404,panizza-das-liebeskonzil.xml,Text
3405,benedix-johanna-sebus.xml,Text
3406,ebner-eschenbach-bettelbriefe.xml,Text
3407,heym-atalanta-oder-die-angst.xml,Text
3408,gronemann-hamans-flucht.xml,Text
3409,lessing-die-juden.xml,Text
3410,larronge-mein-leopold.xml,Text
3411,schouwaert-die-ueberschwemmung.xml,Text
3412,gemmingen-hornberg-der-deutsche-hausvater.xml,Text
3413,freytag-graf-waldemar.xml,Text
3414,anzengruber-der-gwissenswurm.xml,Text
3415,stramm-sancta-susanna.xml,Text
3416,benedix-die-hochzeitsreise.xml,Text
3417,nestroy-das-maedl-aus-der-vorstadt.xml,Text
3418,wedekind-erdgeist.xml,Text
3419,wedekind-koenig-nicolo.xml,Text
3420,goentgen-anna-bell.xml,Text
3421,heiseler-die-kinder-godunofs.xml,Text
3422,lessing-philotas.xml,Text
3423,gellert-die-zaertlichen-schwestern.xml,Text
3424,lessing-der-misogyn.xml,Text
3425,hofmannsthal-der-turm.xml,Text
3426,klabund-der-kreidekreis.xml,Text
3427,benedix-eigensinn.xml,Text
3428,uhland-ludwig-der-bayer.xml,Text
3429,neuber-die-beschuetzte-schauspielkunst.xml,Text
3430,hagemann-ludwig-der-springer.xml,Text
3431,wildgans-in-ewigkeit-amen.xml,Text
3432,scheerbart-der-regierungswechsel.xml,Text
3433,hebbel-der-diamant.xml,Text
3434,nestroy-der-unbedeutende.xml,Text
3435,kleist-das-kaethchen-von-heilbronn.xml,Text
3436,grabbe-napoleon.xml,Text
3437,dohm-vom-stamm-der-asra.xml,Text
3438,weidmann-johann-faust.xml,Text
3439,immermann-eudoxia.xml,Text
3440,avenarius-faust.xml,Text
3441,goethe-faust-in-urspruenglicher-gestalt.xml,Text
3442,stramm-die-haidebraut.xml,Text
3443,scheerbart-die-wurzeln-der-wohlhabenheit.xml,Text
3444,kotzebue-der-verschwiegene-wider-willen.xml,Text
3445,busoni-turandot.xml,Text
3446,eichendorff-die-freier.xml,Text
3447,hauptmann-carl-gaukler-tod-und-juwelier.xml,Text
3448,klopstock-hermanns-schlacht.xml,Text
3449,kotzebue-die-beiden-klingsberg.xml,Text
3450,wohlbrueck-der-vampyr.xml,Text
3451,weisse-atreus-und-thyest.xml,Text
3452,lautensack-die-pfarrhauskomoedie.xml,Text
3453,tieck-die-verkehrte-welt.xml,Text
3454,kaiser-die-schule-des-armen.xml,Text
3455,schiller-wilhelm-tell.xml,Text
3456,heiseler-peter-und-alexej.xml,Text
3457,benkowitz-die-jubelfeier-der-hoelle.xml,Text
3458,birch-pfeiffer-pfeffer-roesel.xml,Text
3459,dehmel-michel-michael.xml,Text
3460,hauptmann-die-ratten.xml,Text
3461,wagner-goetterdaemmerung.xml,Text
3462,kaltneker-das-bergwerk.xml,Text
3463,horvath-kasimir-und-karoline.xml,Text
3464,klingemann-faust.xml,Text
3465,ganghofer-der-herrgottschnitzer-von-ammergau.xml,Text
3466,roeber-koenig-manfred.xml,Text
3467,hebbel-trauerspiel-in-sizilien.xml,Text
3468,thoma-magdalena.xml,Text
3469,grohmann-wohlthat-fuer-wohlthat.xml,Text
3470,schober-alfonso-und-estrella.xml,Text
3471,gryphius-leo-armenius-oder-fuersten-mord.xml,Text
3472,kotzebue-das-unsichtbare-maedchen.xml,Text
3473,wieland-klementina-von-porretta.xml,Text
3474,pfeffel-serena.xml,Text
3475,kleist-die-familie-schroffenstein.xml,Text
3476,schiller-wallensteins-tod.xml,Text
3477,tieck-der-gestiefelte-kater.xml,Text
3478,hartleben-die-sittliche-forderung.xml,Text
3479,hofmannsthal-jedermann.xml,Text
3480,scheerbart-der-schornsteinfeger.xml,Text
3481,hauptmann-florian-geyer.xml,Text
3482,wieland-lady-johanna-gray.xml,Text
3483,wagner-die-walkuere.xml,Text
3484,raimund-die-unheilbringende-zauberkrone.xml,Text
3485,schlegel-die-entfuehrte-dose.xml,Text
3486,lessing-damon.xml,Text
3487,werner-der-vierundzwanzigste-februar.xml,Text
3488,scheerbart-ruebezahl.xml,Text
3489,gottschedin-die-pietisterey-im-fischbein-rocke.xml,Text
3490,ertler-belian-und-marpalye.xml,Text
3491,grohmann-gioconda-oder-weiberrache-kennt-keine-grenzen.xml,Text
3492,lessing-nathan-der-weise.xml,Text
3493,lautensack-hahnenkampf.xml,Text
3494,gryphius-cardenio-und-celinde.xml,Text
3495,frank-sturm-im-wasserglas.xml,Text
3496,weise-masaniello.xml,Text
3497,schiller-don-carlos-infant-von-spanien.xml,Text
3498,lautensack-medusa.xml,Text
3499,hafner-maegera-die-foerchterliche-hexe.xml,Text
3500,scheerbart-lachende-gespenster.xml,Text
3501,anonym-die-gespenster.xml,Text
3502,schlegel-die-stumme-schoenheit.xml,Text
3503,eckardt-die-vergiftete-traube.xml,Text
3504,wagner-der-fliegende-hollaender.xml,Text
3505,iffland-liebe-und-wille.xml,Text
3506,grillparzer-sappho.xml,Text
3507,ayrenhoff-virginia.xml,Text
3508,ludwig-der-erbfoerster.xml,Text
3509,rache-belsazar.xml,Text
3510,essig-ueberteufel.xml,Text
3511,weissenthurn-welche-ist-die-braut.xml,Text
3512,thoma-erster-klasse.xml,Text
3513,widmann-maikaefer-komoedie.xml,Text
3514,scheerbart-die-lustigen-raeuber.xml,Text
3515,grillparzer-ein-bruderzwist-in-habsburg.xml,Text
3516,anonym-die-weiber-list.xml,Text
3517,reuter-l-honnete-femme-oder-die-ehrliche-frau-zu-plissine.xml,Text
3518,stephanie-der-schauspieldirektor.xml,Text
3519,anonym-das-urtheil-des-paris.xml,Text
3520,grabbe-die-hermannsschlacht.xml,Text
3521,nestroy-freiheit-in-kraehwinkel.xml,Text
3522,scheerbart-das-mirakel.xml,Text
3523,hofmannsthal-der-schwierige.xml,Text
3524,cronegk-codrus.xml,Text
3525,hofmannsthal-die-frau-ohne-schatten.xml,Text
3526,gehe-jessonda.xml,Text
3527,wedekind-hidalla.xml,Text
3528,leisewitz-julius-von-tarent.xml,Text
3529,ebner-eschenbach-ihre-schwester.xml,Text
3530,neuber-die-verehrung-der-vollkommenheit.xml,Text
3531,birch-pfeiffer-die-walpurgisnacht.xml,Text
3532,wagner-die-reue-nach-der-that.xml,Text
3533,blumenthal-im-weissen-roessl.xml,Text
3534,gottsched-der-sterbende-cato.xml,Text
3535,cronegk-der-misstrauische.xml,Text
3536,lasker-schueler-die-wupper.xml,Text
3537,schiller-die-raeuber.xml,Text
3538,zschokke-abellino.xml,Text
3539,grabbe-kaiser-heinrich-der-sechste.xml,Text
3540,gryphius-verlibtes-gespenste-die-gelibte-dornrose.xml,Text
3541,wagner-die-kindermoerderin.xml,Text
3542,hebbel-kriemhilds-rache.xml,Text
3543,kurz-prinzessin-pumphia.xml,Text
3544,eichendorff-das-incognito.xml,Text
3545,gerstenberg-ugolino.xml,Text
3546,schiller-die-verschwoerung-des-fiesco-zu-genua.xml,Text
3547,anzengruber-der-meineidbauer.xml,Text
3548,stramm-erwachen.xml,Text
3549,thoma-moral.xml,Text
3550,birch-pfeiffer-vatersorgen.xml,Text
3551,frech-von-ehrimfeld-die-gefahr.xml,Text
3552,reinhardt-die-braut-des-echos.xml,Text
3553,ebner-eschenbach-die-veilchen.xml,Text
3554,alberti-brot.xml,Text
3555,schlegel-alarcos.xml,Text
3556,schikaneder-die-zauberfloete.xml,Text
3557,kaiser-stadt-und-land.xml,Text
3558,collin-coriolan.xml,Text
3559,schiller-die-piccolomini.xml,Text
3560,kotzebue-wer-weiss-wozu-das-gut-ist.xml,Text
3561,anzengruber-die-kreuzelschreiber.xml,Text
3562,platen-die-verhaengnisvolle-gabel.xml,Text
3563,lessing-der-junge-gelehrte.xml,Text
3564,goethe-der-buergergeneral.xml,Text
3565,raimund-der-verschwender.xml,Text
3566,neuber-das-schaeferfest.xml,Text
3567,waldvogl-die-falschen-banknoten.xml,Text
3568,kafka-der-gruftwaechter.xml,Text
3569,schnitzler-die-letzten-masken.xml,Text
3570,devrient-die-gunst-des-augenblicks.xml,Text
3571,weidmann-der-selbstmord-oder-der-unglueckliche-lottospieler.xml,Text
3572,gotter-der-dorfjahrmarkt.xml,Text
3573,fouque-sigurds-rache.xml,Text
3574,chezy-der-neue-narziss.xml,Text
3575,schlegel-dueval-und-charmille.xml,Text
3576,goethe-der-triumph-der-empfindsamkeit.xml,Text
3577,goethe-der-grosskophta.xml,Text
3578,lenz-pandaemonium-germanicum.xml,Text
3579,hofmannsthal-das-bergwerk-zu-falun.xml,Text
3580,grabbe-don-juan-und-faust.xml,Text
3581,schnitzler-der-gruene-kakadu.xml,Text
3582,eckartshausen-der-pudelhund.xml,Text
3583,maler-mueller-golo-und-genovefa.xml,Text
3584,schnitzler-liebelei.xml,Text
3585,goethe-torquato-tasso.xml,Text
3586,kotzebue-der-schutzgeist.xml,Text
3587,kotzebue-der-freimaurer.xml,Text
3588,rosenow-die-im-schatten-leben.xml,Text
3589,gryphius-absurda-comica-oder-herr-peter-squentz.xml,Text
3590,herzl-der-fluechtling.xml,Text
3591,benedix-doctor-wespe.xml,Text
3592,lassalle-franz-von-sickingen.xml,Text
3593,grabbe-hannibal.xml,Text
3594,wagner-siegfried.xml,Text
3595,gessner-evander-und-alcimna.xml,Text
3596,hebbel-maria-magdalene.xml,Text
3597,schnitzler-komtesse-mizzi.xml,Text
3598,dery-die-selige-insel.xml,Text
3599,musil-die-schwaermer.xml,Text
3600,gutzkow-das-urbild-des-tartueffe.xml,Text
3601,bauernfeld-industrie-und-herz.xml,Text
3602,sander-die-hoftrauer-oder-das-testament.xml,Text
3603,reinick-genoveva.xml,Text
3604,bahr-das-phantom.xml,Text
3605,scheerbart-der-herr-vom-jenseits.xml,Text
3606,hartleben-rosenmontag.xml,Text
3607,anonym-das-lustlager.xml,Text
3608,sudermann-stein-unter-steinen.xml,Text
3609,goethe-proserpina.xml,Text
3610,hebbel-agnes-bernauer.xml,Text
3611,thoma-die-lokalbahn.xml,Text
3612,goethe-faust-der-tragoedie-zweiter-teil.xml,Text
3613,meisl-orpheus-und-euridice.xml,Text
3614,nestroy-judith-und-holofernes.xml,Text
3615,guenderode-udohla.xml,Text
3616,kotzebue-die-indianer-in-england.xml,Text
3617,hofmannsthal-der-abenteurer-und-die-saengerin.xml,Text
3618,grillparzer-medea.xml,Text
3619,rubiner-die-gewaltlosen.xml,Text
3620,halm-der-sohn-der-wildnis.xml,Text
3621,sorge-der-bettler.xml,Text
3622,dohm-der-seelenretter.xml,Text
3623,goethe-die-wette.xml,Text
3624,gutzkow-zopf-und-schwert.xml,Text
3625,birch-pfeiffer-johannes-gutenberg.xml,Text
3626,houwald-die-freistatt.xml,Text
3627,laube-struensee.xml,Text
3628,scheerbart-der-fanatische-buergermeister.xml,Text
3629,beyer-der-hausherr-in-der-klemme.xml,Text
3630,gasser-ramirus.xml,Text
3631,prutz-die-politische-wochenstube.xml,Text
3632,hensler-der-schornsteinfeger.xml,Text
3633,brandes-ino.xml,Text
3634,berg-kalisch-berlin-wie-es-weint-und-lacht.xml,Text
3635,laufs-jacoby-pension-schoeller.xml,Text
3636,kotzebue-der-wirrwarr.xml,Text
3637,lessing-die-alte-jungfer.xml,Text
3638,schnitzler-der-puppenspieler.xml,Text
3639,hofmannsthal-alkestis.xml,Text
3640,goethe-erwin-und-elmire.xml,Text
3641,beer-der-paria.xml,Text
3642,kannengiesser-die-vierbeinigten-philosophen.xml,Text
3643,gottsched-atalanta.xml,Text
3644,richter-eumenides-duester.xml,Text
3645,holz-sozialaristokraten.xml,Text
3646,thoma-die-medaille.xml,Text
3647,klopstock-der-tod-adams.xml,Text
3648,schnitzler-literatur.xml,Text
3649,ayrer-comedia-von-zweyen-bruedern-auss-syracusa.xml,Text
3650,stephanie-doktor-und-apotheker.xml,Text
3651,nestroy-der-zerrissene.xml,Text
3652,bleibtreu-weltgericht.xml,Text
3653,lessing-der-schatz.xml,Text
3654,mosenthal-die-koenigin-von-saba.xml,Text
3655,stephanie-die-entfuehrung-aus-dem-serail.xml,Text
3656,hauptmann-carl-frau-nadja-bielew.xml,Text
3657,haffner-die-fledermaus.xml,Text
3658,kotzebue-graf-benjowsky.xml,Text
3659,wildgans-dies-irae.xml,Text
3660,benedix-die-luegnerin.xml,Text
3661,klinger-die-zwillinge.xml,Text
3662,hebbel-demetrius.xml,Text
3663,borchert-draussen-vor-der-tuer.xml,Text
3664,raimund-moisasurs-zauberfluch.xml,Text
3665,schnitzler-der-einsame-weg.xml,Text
3666,kaiser-die-koralle.xml,Text
3667,arnim-das-loch.xml,Text
3668,hebbel-der-gehoernte-siegfried.xml,Text
3669,schnitzler-professor-bernhardi.xml,Text
3670,zedlitz-liebe-findet-ihre-wege.xml,Text
3671,goethe-die-laune-des-verliebten.xml,Text
3672,birch-pfeiffer-die-grille.xml,Text
3673,rosenow-kater-lampe.xml,Text
3674,weisse-die-jagd.xml,Text
3675,delpons-der-ahnherr.xml,Text
3676,meisl-der-lustige-fritz.xml,Text
3677,mosenthal-die-lustigen-weiber-von-windsor.xml,Text
3678,ball-die-nase-des-michelangelo.xml,Text
3679,zedlitz-herr-und-sklave.xml,Text
3680,engel-der-edelknabe.xml,Text
3681,platen-der-romantische-oedipus.xml,Text
3682,kobell-der-roaga.xml,Text
3683,scheerbart-das-gift.xml,Text
3684,koller-der-zauberstein.xml,Text
3685,guenderode-magie-und-schicksal.xml,Text
3686,ebner-eschenbach-doctor-ritter.xml,Text
3687,reuter-der-ehrlichen-frau-schlampampe-krankheit-und-tod.xml,Text
3688,schaefer-faustine-der-weibliche-faust.xml,Text
3689,bauernfeld-grossjaehrig.xml,Text
3690,lenz-die-soldaten.xml,Text
3691,guenderode-nikator.xml,Text
3692,hofmannsthal-der-unbestechliche.xml,Text
3693,sonnleithner-dir-wie-mir.xml,Text
3694,hofmannsthal-arabella.xml,Text
3695,holtei-die-kalkbrenner.xml,Text
3696,hebbel-siegfrieds-tod.xml,Text
3697,wolfram-faust.xml,Text
3698,wedekind-die-zensur.xml,Text
3699,gerhaeuser-der-moloch.xml,Text
3700,sudermann-der-bettler-von-syrakus.xml,Text
3701,laddey-maentelchen-nach-dem-winde.xml,Text
3702,grillparzer-die-argonauten.xml,Text
3703,heyne-der-stammbaum.xml,Text
3704,hippel-der-mann-nach-der-uhr.xml,Text
3705,kleist-amphitryon.xml,Text
3706,iffland-der-spieler.xml,Text
3707,engelke-wala.xml,Text
3708,heine-william-ratcliff.xml,Text
3709,goethe-des-epimenides-erwachen.xml,Text
3710,arnim-halle.xml,Text
3711,nestroy-eulenspiegel.xml,Text
3712,klemm-der-auf-den-parnass-versetzte-gruene-hut.xml,Text
3713,uhland-ernst-herzog-von-schwaben.xml,Text
3714,goethe-egmont.xml,Text
3715,grillparzer-libussa.xml,Text
3716,weidmann-der-dorfbarbier.xml,Text
3717,auenbrugger-der-rauchfangkehrer.xml,Text
3718,hofmannsthal-oedipus-und-die-sphinx.xml,Text
3719,sessa-unser-verkehr.xml,Text
3720,scheerbart-herr-kammerdiener-kneetschke.xml,Text
3721,gleim-philotas.xml,Text
3722,kotzebue-das-koestlichste.xml,Text
3723,sievers-die-schatzgraeber.xml,Text
3724,hofmannsthal-elektra.xml,Text
3725,schrader-der-hohlweg.xml,Text
3726,pfeil-lucie-woodvil.xml,Text
3727,boesenberg-die-amerikanische-waise.xml,Text
3728,kotzebue-der-hyperboreische-esel.xml,Text
3729,wildenbruch-die-haubenlerche.xml,Text
3730,bueschel-die-neue-messaline.xml,Text
3731,arnim-jerusalem.xml,Text
3732,anonym-die-grands-von-frankreich-in-ihrer-wahren-gestalt.xml,Text
3733,bossdorf-bahnmeister-dood.xml,Text
3734,wildenbruch-die-karolinger.xml,Text
3735,hafner-der-furchtsame.xml,Text
3736,gotter-medea.xml,Text
3737,voss-faust.xml,Text
3738,babo-das-winterquartier-in-amerika.xml,Text
3739,bleibtreu-ein-faust-der-that.xml,Text
3740,raupach-kritik-und-antikritik.xml,Text
3741,thoma-lottchens-geburtstag.xml,Text
3742,freisleben-der-weihnachtstag.xml,Text
3743,sternheim-der-snob.xml,Text
3744,soden-doktor-faust.xml,Text
3745,treitschke-das-bauerngut.xml,Text
3746,hauptmann-carl-ephraims-breite.xml,Text
3747,bodmer-polytimet.xml,Text
3748,goethe-goetz-von-berlichingen-mit-der-eisernen-hand.xml,Text
3749,raupach-der-versiegelte-burgemeister.xml,Text
3750,seemann-dulk-die-waende.xml,Text
3751,sorge-der-sieg-des-christos.xml,Text
3752,bauernfeld-buergerlich-und-romantisch.xml,Text
3753,wedekind-tod-und-teufel.xml,Text
3754,rilke-ohne-gegenwart.xml,Text
3755,kraus-traumstueck.xml,Text
3756,anzengruber-der-pfarrer-von-kirchfeld.xml,Text
3757,collin-balboa.xml,Text
3758,hofmannsthal-der-tor-und-der-tod.xml,Text
3759,kleist-prinz-friedrich-von-homburg.xml,Text
3760,schlegel-der-triumph-der-guten-frauen.xml,Text
3761,grillparzer-weh-dem-der-luegt.xml,Text
3762,dehmel-die-menschenfreunde.xml,Text
3763,gryphius-carolus-stuardus.xml,Text
3764,schnitzler-komoedie-der-verfuehrung.xml,Text
3765,panizza-nero.xml,Text
3766,schiller-die-jungfrau-von-orleans.xml,Text
3767,koerner-die-blumen.xml,Text
3768,kotzebue-die-spanier-in-peru.xml,Text
3769,moser-das-stiftungsfest.xml,Text
3770,herzl-das-neue-ghetto.xml,Text
3771,stramm-rudimentaer.xml,Text
3772,horvath-geschichten-aus-dem-wiener-wald.xml,Text
3773,wagner-voltaire-am-abend-seiner-apotheose.xml,Text
3774,dovsky-mona-lisa.xml,Text
3775,sachs-ein-comedi-von-dem-reichen-sterbenden-menschen-der-hecastus-genannt.xml,Text
3776,immermann-das-gericht-von-st-petersburg.xml,Text
3777,schlegel-der-geschaeftige-muessiggaenger.xml,Text
3778,klinger-die-neue-arria.xml,Text
3779,laube-die-karlsschueler.xml,Text
3780,schoenherr-der-weibsteufel.xml,Text
3781,cornelius-der-barbier-von-bagdad.xml,Text
3782,heine-almansor.xml,Text
3783,goethe-faust-eine-tragoedie.xml,Text
3784,kotzebue-pagenstreiche.xml,Text
3785,schnitzler-zum-grossen-wurstel.xml,Text
3786,scheerbart-die-welt-geht-unter.xml,Text
3787,scheerbart-der-vornehme-raeuberhauptmann.xml,Text
3788,freytag-der-gelehrte.xml,Text
3789,bredow-goerne-der-lauf-der-welt.xml,Text
3790,schnitzler-anatols-groessenwahn.xml,Text
3791,immermann-die-bojaren.xml,Text
3792,schnitzler-die-frau-mit-dem-dolche.xml,Text
3793,wedekind-fruehlings-erwachen.xml,Text
3794,goethe-pandora.xml,Text
3795,buechner-woyzeck.xml,Text
3796,hofmannsthal-der-tod-des-tizian.xml,Text
3797,goethe-das-jahrmarktsfest-zu-plundersweilern.xml,Text
3798,wilbrandt-gracchus-der-volkstribun.xml,Text
3799,brachvogel-narziss.xml,Text
3800,heyne-die-beiden-billets.xml,Text
3801,stramm-geschehen.xml,Text
3802,kotzebue-der-weibliche-jacobiner-clubb.xml,Text
3803,mylius-die-schaeferinsel.xml,Text
3804,bretzner-belmont-und-constanze.xml,Text
3805,alberti-im-suff.xml,Text
3806,moeser-die-tugend-auf-der-schaubuehne.xml,Text
3807,schildbach-glueck-durch-unglueck.xml,Text
3808,baggesen-der-vollendete-faust.xml,Text
3809,lortzing-der-wildschuetz.xml,Text
3810,schiller-maria-stuart.xml,Text
3811,wagner-das-rheingold.xml,Text
3812,ebner-eschenbach-das-waldfraeulein.xml,Text
3813,wagner-tannhaeuser.xml,Text
3814,huber-die-torte.xml,Text
3815,hillern-guten-abend.xml,Text
3816,schnitzler-der-tapfere-cassian.xml,Text
3817,tieck-prinz-zerbino.xml,Text
3818,toerring-agnes-bernauerin.xml,Text
3819,hauptmann-vor-sonnenaufgang.xml,Text
3820,holtei-ein-trauerspiel-in-berlin.xml,Text
3821,schlegel-jon.xml,Text
3822,wagner-lohengrin.xml,Text
3823,stramm-kraefte.xml,Text
3824,lortzing-zar-und-zimmermann.xml,Text
3825,schink-der-neue-doktor-faust.xml,Text
3826,iffland-figaro-in-deutschland.xml,Text
3827,anonym-die-verhandelte-braut.xml,Text
3828,wagner-parsifal.xml,Text
3829,riese-martha.xml,Text
3830,scheerbart-die-puppe-und-die-dauerwurst.xml,Text
3831,barlach-der-blaue-boll.xml,Text
3832,iffland-verbrechen-aus-ehrsucht.xml,Text
3833,angely-prinz-tu-ta-tu.xml,Text
3834,sachs-das-kaelberbrueten.xml,Text
3835,wedekind-fritz-schwigerling.xml,Text
3836,hauptmann-carl-musik.xml,Text
3837,ayrer-comedia-von-der-schoenen-sidea.xml,Text
3838,wagner-die-meistersinger-von-nuernberg.xml,Text
3839,grillparzer-der-gastfreund.xml,Text
3840,borkenstein-der-bookesbeutel.xml,Text
3841,schlegel-canut.xml,Text
3842,schuetz-die-katze-laesst-das-mausen-nicht.xml,Text
3843,devrient-hans-heiling.xml,Text
3844,muehsam-judas.xml,Text
3845,bossdorf-de-rode-uennerrock.xml,Text
3846,wedekind-der-marquis-von-keith.xml,Text
3847,wildenbruch-die-quitzows.xml,Text
3848,holz-ignorabimus.xml,Text
3849,braun-mutter-maria.xml,Text
3850,gengenbach-der-nollhart.xml,Text
3851,laube-monaldeschi.xml,Text
3852,malss-die-jungfern-koechinnen.xml,Text
3853,pfeffel-vorspiel-ueber-die-buergerliche-tragoedie.xml,Text
3854,essig-der-frauenmut.xml,Text
3855,andre-der-comoedienfeind.xml,Text
3856,raimund-das-maedchen-aus-der-feenwelt.xml,Text
3857,grabbe-herzog-theodor-von-gothland.xml,Text
3858,hauptmann-carl-der-antiquar.xml,Text
3859,lortzing-der-waffenschmied.xml,Text
3860,grohmann-der-physiognomist-oder-keine-regel-ohn-ausnahme.xml,Text
3861,lachmann-salome.xml,Text
3862,steltzer-franziska-montenegro.xml,Text
3863,quistorp-der-hypochondrist.xml,Text
3864,neuber-ein-deutsches-vorspiel.xml,Text
3865,leisewitz-der-besuch-um-mitternacht.xml,Text
3866,nestroy-zu-ebener-erde-und-erster-stock.xml,Text
3867,goethe-clavigo.xml,Text
3868,hauptmann-carl-tobias-buntschuh.xml,Text
3869,anonym-das-muenchner-spiel-vom-sterbenden-menschen.xml,Text
3870,tieck-ritter-blaubart.xml,Text
3871,solbrig-die-dorfschule.xml,Text
3872,ebner-eschenbach-maennertreue.xml,Text
3873,kotzebue-maedchenfreundschaft.xml,Text
3874,grillparzer-die-ahnfrau.xml,Text
3875,castelli-jeitteles-der-schicksalsstrumpf.xml,Text
3876,braun-von-braunthal-das-nachtlager-von-granada.xml,Text
3877,schiller-die-braut-von-messina.xml,Text
3878,hartleben-hanna-jagert.xml,Text
3879,kleist-penthesilea.xml,Text
3880,iffland-die-jaeger.xml,Text
3881,ayrer-tragedia-thesei.xml,Text
3882,sturz-julie.xml,Text
3883,kotzebue-ueble-laune.xml,Text
3884,engel-eid-und-pflicht.xml,Text
3885,klabund-xyz.xml,Text
3886,baeuerle-doktor-fausts-mantel.xml,Text
3887,wilbrandt-der-meister-von-palmyra.xml,Text
3888,raupach-der-platzregen-als-eheprokurator.xml,Text
3889,muellner-der-neun-und-zwanzigste-februar.xml,Text
3890,sachs-eulenspiegel-mit-dem-blauen-hosentuch.xml,Text
3891,hebbel-der-rubin.xml,Text
3892,kotzebue-menschenhass-und-reue.xml,Text
3893,anonym-die-gedruckten-theater-regeln.xml,Text
3894,lenz-der-neue-menoza.xml,Text
3895,goethe-die-natuerliche-tochter.xml,Text
3896,zedlitz-cabinets-intriguen.xml,Text
3897,platen-berengar.xml,Text
3898,guenderode-der-kanonenschlag.xml,Text
3899,wedekind-franziska.xml,Text
3900,benedix-das-bemooste-haupt.xml,Text
3901,lessing-emilia-galotti.xml,Text
3902,brawe-der-freygeist.xml,Text
3903,preusse-herzmutterchen.xml,Text
3904,anonym-emilie-oder-die-philosophisch-verliebten.xml,Text
3905,brentano-ponce-de-leon.xml,Text
3906,eichendorff-der-letzte-held-von-marienburg.xml,Text
3907,bahr-das-konzert.xml,Text
3908,anzengruber-das-vierte-gebot.xml,Text
3909,lenz-der-englaender.xml,Text
3910,tieck-leben-und-tod-der-heiligen-genoveva.xml,Text
3911,goethe-stella.xml,Text
3912,klinger-sturm-und-drang.xml,Text
3913,widmann-der-widerspenstigen-zaehmung.xml,Text
3914,schroeder-der-vetter-in-lissabon.xml,Text
3915,sonnleithner-fidelio.xml,Text
3916,kotzebue-sultan-wampum.xml,Text
3917,mosenthal-das-goldene-kreuz.xml,Text
3918,fouque-aslauga.xml,Text
3919,gellert-die-betschwester.xml,Text
3920,dohm-die-ritter-vom-goldenen-kalb.xml,Text
3921,weissenthurn-welcher-ist-der-braeutigam.xml,Text
3922,brawe-brutus.xml,Text
3923,wolf-cyankali.xml,Text
3924,bernard-faust.xml,Text
3925,scheerbart-es-lebe-europa.xml,Text
3926,gotter-die-geisterinsel.xml,Text
3927,freytag-die-journalisten.xml,Text
3928,droste-huelshoff-perdu.xml,Text
3929,koerner-zriny.xml,Text
3930,koerner-die-braut.xml,Text
3931,hebbel-genoveva.xml,Text
3932,grabbe-kaiser-friedrich-barbarossa.xml,Text
3933,wolf-professor-mamlock.xml,Text
3934,lessing-minna-von-barnhelm.xml,Text
3935,scheerbart-der-alte-petrus.xml,Text
3936,raimund-der-alpenkoenig-und-der-menschenfeind.xml,Text
3937,grillparzer-die-juedin-von-toledo.xml,Text
3938,wagner-tristan-und-isolde.xml,Text
3939,lenz-der-hofmeister.xml,Text
3940,anzengruber-heimgfunden.xml,Text
3941,malss-der-alte-buerger-capitain.xml,Text
3942,vischer-faust.xml,Text
3943,muellner-koenig-yngurd.xml,Text
3944,immermann-merlin.xml,Text
3945,hebbel-herodes-und-mariamne.xml,Text
3946,sorge-odysseus.xml,Text
3947,wette-haensel-und-gretel.xml,Text
3948,gottschedin-das-testament.xml,Text
3949,scheerbart-die-urgrossmutter.xml,Text
3950,goethe-goetter-helden-und-wieland.xml,Text
3951,ayrenhoff-der-postzug.xml,Text
3952,gleich-der-eheteufel-auf-reisen.xml,Text
3953,larronge-hasemanns-toechter.xml,Text
3954,schiller-wallensteins-lager.xml,Text
3955,kaltneker-die-opferung.xml,Text
3956,hensler-die-teufelsmuehle-am-wienerberg.xml,Text
3957,gryphius-papinianus.xml,Text
3958,beer-struensee.xml,Text
3959,kind-der-freischuetz.xml,Text
3960,arnim-marino-caboga.xml,Text
3961,schlosser-die-maskerade.xml,Text
3962,buechner-leonce-und-lena.xml,Text
3963,kotzebue-das-posthaus-in-treuenbrietzen.xml,Text
3964,may-babel-und-bibel.xml,Text
3965,grillparzer-der-traum-ein-leben.xml,Text
3966,adolph-am-ersten-mai.xml,Text
3967,moritz-blunt-oder-der-gast.xml,Text
3968,heyse-colberg.xml,Text
3969,klinger-das-leidende-weib.xml,Text
3970,grillparzer-ein-treuer-diener-seines-herrn.xml,Text
3971,schnitzler-reigen.xml,Text
3972,chlumberg-wunder-um-verdun.xml,Text
3973,gryphius-horribilicribrifax-teutsch.xml,Text
3974,simrock-doctor-johannes-faust.xml,Text
3975,scheerbart-okurirasuna.xml,Text
3976,braun-von-braunthal-faust.xml,Text
3977,grillparzer-koenig-ottokars-glueck-und-ende.xml,Text
3978,sudermann-die-schmetterlingsschlacht.xml,Text
3979,gutzkow-richard-savage.xml,Text
3980,goethe-satyros.xml,Text
3981,dohm-ein-schuss-ins-schwarze.xml,Text
3982,raupach-der-bettler.xml,Text
3983,birch-pfeiffer-in-der-heimath.xml,Text
3984,schnitzer-der-zigeunerbaron.xml,Text
3985,ebner-eschenbach-es-wandelt-niemand-ungestraft-unter-palmen.xml,Text
3986,ebner-eschenbach-die-selbstsuechtigen.xml,Text
3987,fouque-sigurd-der-schlangentoedter.xml,Text
3988,raimund-die-gefesselte-phantasie.xml,Text
3989,hofmannsthal-das-salzburger-grosse-welttheater.xml,Text
3990,brentano-die-gruendung-prags.xml,Text
3991,reil-der-erste-may.xml,Text
3992,tieck-karl-von-berneck.xml,Text
3993,schlaf-meister-oelze.xml,Text
3994,kaffka-der-transport.xml,Text
3995,schnitzler-lebendige-stunden.xml,Text
3996,immermann-andreas-hofer.xml,Text
3997,ertler-das-spiel-von-doktor-faust.xml,Text
3998,bodmer-odoardo-galotti-vater-der-emilia.xml,Text
3999,tieck-die-theegesellschaft.xml,Text
