Source,Target,Weight,Type
2477,3100,3,occurs_in_speaker_text
1034,3100,12,occurs_in_speaker_text
1788,3100,1,occurs_in_speaker_text
222,3100,1,occurs_in_speaker_text
1611,3100,2,occurs_in_speaker_text
1823,3100,1,occurs_in_speaker_text
1263,3100,1,occurs_in_speaker_text
2263,3100,1,occurs_in_speaker_text
752,3100,3,occurs_in_speaker_text
1072,3101,1,occurs_in_speaker_text
1611,3101,5,occurs_in_speaker_text
222,3101,8,occurs_in_speaker_text
666,3101,2,occurs_in_speaker_text
2095,3101,1,occurs_in_speaker_text
365,3101,1,occurs_in_speaker_text
1034,3101,2,occurs_in_speaker_text
2805,3101,4,occurs_in_speaker_text
2360,3101,5,occurs_in_speaker_text
168,3101,1,occurs_in_speaker_text
1250,3101,4,occurs_in_speaker_text
1263,3101,6,occurs_in_speaker_text
312,3101,2,occurs_in_speaker_text
2749,3101,1,occurs_in_speaker_text
891,3101,1,occurs_in_speaker_text
2380,3101,3,occurs_in_speaker_text
1238,3101,2,occurs_in_speaker_text
2477,3101,3,occurs_in_speaker_text
1823,3101,10,occurs_in_speaker_text
444,3101,1,occurs_in_speaker_text
2598,3101,1,occurs_in_speaker_text
258,3101,1,occurs_in_speaker_text
2518,3101,2,occurs_in_speaker_text
1631,3101,1,occurs_in_speaker_text
1576,3101,1,occurs_in_speaker_text
789,3101,1,occurs_in_speaker_text
1003,3101,1,occurs_in_speaker_text
350,3101,1,occurs_in_speaker_text
575,3101,1,occurs_in_speaker_text
179,3101,1,occurs_in_speaker_text
447,3101,1,occurs_in_speaker_text
1051,3101,1,occurs_in_speaker_text
317,3101,1,occurs_in_speaker_text
1197,3101,1,occurs_in_speaker_text
2336,3101,1,occurs_in_speaker_text
2134,3101,2,occurs_in_speaker_text
1521,3101,1,occurs_in_speaker_text
1673,3101,1,occurs_in_speaker_text
891,3102,1,occurs_in_speaker_text
666,3102,3,occurs_in_speaker_text
1034,3102,18,occurs_in_speaker_text
2360,3102,1,occurs_in_speaker_text
444,3102,1,occurs_in_speaker_text
228,3102,1,occurs_in_speaker_text
2902,3102,1,occurs_in_speaker_text
62,3102,1,occurs_in_speaker_text
856,3102,1,occurs_in_speaker_text
48,3102,1,occurs_in_speaker_text
2518,3102,2,occurs_in_speaker_text
2346,3102,1,occurs_in_speaker_text
2610,3102,1,occurs_in_speaker_text
1051,3102,1,occurs_in_speaker_text
1156,3102,1,occurs_in_speaker_text
2633,3102,1,occurs_in_speaker_text
575,3102,1,occurs_in_speaker_text
1034,3103,7,occurs_in_speaker_text
222,3103,1,occurs_in_speaker_text
616,3103,10,occurs_in_speaker_text
752,3103,1,occurs_in_speaker_text
1732,3103,9,occurs_in_speaker_text
752,3105,2,occurs_in_speaker_text
153,3105,2,occurs_in_speaker_text
3081,3105,2,occurs_in_speaker_text
1756,3105,1,occurs_in_speaker_text
2350,3105,1,occurs_in_speaker_text
666,3105,2,occurs_in_speaker_text
2360,3105,6,occurs_in_speaker_text
2951,3105,1,occurs_in_speaker_text
2048,3105,1,occurs_in_speaker_text
1034,3105,3,occurs_in_speaker_text
2346,3105,6,occurs_in_speaker_text
2591,3105,1,occurs_in_speaker_text
572,3105,1,occurs_in_speaker_text
1823,3105,1,occurs_in_speaker_text
1509,3105,1,occurs_in_speaker_text
1263,3105,1,occurs_in_speaker_text
2429,3106,1,occurs_in_speaker_text
1034,3106,11,occurs_in_speaker_text
2878,3106,2,occurs_in_speaker_text
222,3106,7,occurs_in_speaker_text
666,3106,1,occurs_in_speaker_text
2977,3106,1,occurs_in_speaker_text
1051,3106,1,occurs_in_speaker_text
2164,3106,1,occurs_in_speaker_text
2034,3106,1,occurs_in_speaker_text
1250,3106,1,occurs_in_speaker_text
856,3106,1,occurs_in_speaker_text
820,3107,1,occurs_in_speaker_text
666,3107,2,occurs_in_speaker_text
1034,3107,3,occurs_in_speaker_text
2633,3107,3,occurs_in_speaker_text
1495,3107,1,occurs_in_speaker_text
2518,3107,1,occurs_in_speaker_text
2590,3107,1,occurs_in_speaker_text
2360,3107,3,occurs_in_speaker_text
222,3107,8,occurs_in_speaker_text
2725,3107,1,occurs_in_speaker_text
2878,3107,1,occurs_in_speaker_text
304,3107,3,occurs_in_speaker_text
28,3107,2,occurs_in_speaker_text
148,3107,1,occurs_in_speaker_text
152,3107,1,occurs_in_speaker_text
2476,3107,1,occurs_in_speaker_text
513,3107,1,occurs_in_speaker_text
1655,3108,1,occurs_in_speaker_text
1250,3108,33,occurs_in_speaker_text
456,3108,1,occurs_in_speaker_text
1587,3108,2,occurs_in_speaker_text
2731,3108,1,occurs_in_speaker_text
1057,3108,2,occurs_in_speaker_text
622,3108,1,occurs_in_speaker_text
777,3108,1,occurs_in_speaker_text
1034,3109,8,occurs_in_speaker_text
2360,3109,1,occurs_in_speaker_text
3096,3109,1,occurs_in_speaker_text
1516,3109,1,occurs_in_speaker_text
1732,3109,1,occurs_in_speaker_text
1238,3109,1,occurs_in_speaker_text
222,3109,5,occurs_in_speaker_text
1404,3109,1,occurs_in_speaker_text
1250,3109,3,occurs_in_speaker_text
2878,3109,1,occurs_in_speaker_text
1611,3109,1,occurs_in_speaker_text
199,3109,1,occurs_in_speaker_text
752,3109,1,occurs_in_speaker_text
1924,3109,1,occurs_in_speaker_text
313,3109,1,occurs_in_speaker_text
932,3109,1,occurs_in_speaker_text
2999,3109,1,occurs_in_speaker_text
2869,3109,1,occurs_in_speaker_text
1656,3109,1,occurs_in_speaker_text
1051,3109,1,occurs_in_speaker_text
2477,3109,1,occurs_in_speaker_text
666,3109,1,occurs_in_speaker_text
1034,3110,1,occurs_in_speaker_text
1034,3111,5,occurs_in_speaker_text
616,3111,1,occurs_in_speaker_text
2805,3111,1,occurs_in_speaker_text
1316,3111,2,occurs_in_speaker_text
666,3111,8,occurs_in_speaker_text
2360,3111,1,occurs_in_speaker_text
856,3111,2,occurs_in_speaker_text
752,3111,2,occurs_in_speaker_text
2477,3111,2,occurs_in_speaker_text
1732,3111,2,occurs_in_speaker_text
2177,3111,1,occurs_in_speaker_text
2380,3111,1,occurs_in_speaker_text
1193,3111,1,occurs_in_speaker_text
1366,3111,1,occurs_in_speaker_text
1280,3111,1,occurs_in_speaker_text
1051,3111,1,occurs_in_speaker_text
1034,3112,14,occurs_in_speaker_text
2228,3112,1,occurs_in_speaker_text
2688,3112,1,occurs_in_speaker_text
3081,3112,1,occurs_in_speaker_text
1263,3112,1,occurs_in_speaker_text
2602,3112,1,occurs_in_speaker_text
1314,3112,1,occurs_in_speaker_text
2477,3112,1,occurs_in_speaker_text
197,3112,1,occurs_in_speaker_text
2548,3113,2,occurs_in_speaker_text
891,3113,2,occurs_in_speaker_text
2869,3113,1,occurs_in_speaker_text
1549,3113,1,occurs_in_speaker_text
2024,3113,1,occurs_in_speaker_text
2291,3114,1,occurs_in_speaker_text
1034,3114,14,occurs_in_speaker_text
752,3114,2,occurs_in_speaker_text
1429,3114,2,occurs_in_speaker_text
667,3114,1,occurs_in_speaker_text
2354,3114,1,occurs_in_speaker_text
3003,3114,1,occurs_in_speaker_text
1238,3114,1,occurs_in_speaker_text
770,3114,1,occurs_in_speaker_text
647,3114,1,occurs_in_speaker_text
2966,3114,1,occurs_in_speaker_text
1250,3114,1,occurs_in_speaker_text
2412,3114,2,occurs_in_speaker_text
666,3114,4,occurs_in_speaker_text
616,3114,13,occurs_in_speaker_text
1366,3114,1,occurs_in_speaker_text
2497,3114,1,occurs_in_speaker_text
1823,3114,1,occurs_in_speaker_text
2633,3114,1,occurs_in_speaker_text
1115,3114,1,occurs_in_speaker_text
222,3114,2,occurs_in_speaker_text
1087,3114,1,occurs_in_speaker_text
2477,3114,2,occurs_in_speaker_text
2774,3114,1,occurs_in_speaker_text
2050,3114,1,occurs_in_speaker_text
2822,3114,1,occurs_in_speaker_text
1051,3114,2,occurs_in_speaker_text
2184,3114,1,occurs_in_speaker_text
2060,3114,1,occurs_in_speaker_text
2373,3114,1,occurs_in_speaker_text
1349,3114,1,occurs_in_speaker_text
2346,3114,1,occurs_in_speaker_text
676,3114,1,occurs_in_speaker_text
868,3114,1,occurs_in_speaker_text
2360,3114,3,occurs_in_speaker_text
331,3114,1,occurs_in_speaker_text
395,3114,1,occurs_in_speaker_text
2536,3114,1,occurs_in_speaker_text
1359,3114,1,occurs_in_speaker_text
932,3114,3,occurs_in_speaker_text
891,3114,3,occurs_in_speaker_text
2369,3114,1,occurs_in_speaker_text
999,3114,1,occurs_in_speaker_text
1193,3114,1,occurs_in_speaker_text
1711,3114,1,occurs_in_speaker_text
1954,3114,1,occurs_in_speaker_text
2805,3114,3,occurs_in_speaker_text
666,3115,6,occurs_in_speaker_text
722,3115,1,occurs_in_speaker_text
1034,3115,3,occurs_in_speaker_text
1918,3115,2,occurs_in_speaker_text
264,3115,1,occurs_in_speaker_text
1316,3115,2,occurs_in_speaker_text
1212,3115,2,occurs_in_speaker_text
3092,3115,1,occurs_in_speaker_text
981,3115,1,occurs_in_speaker_text
2477,3115,8,occurs_in_speaker_text
1656,3115,4,occurs_in_speaker_text
1732,3115,5,occurs_in_speaker_text
891,3115,1,occurs_in_speaker_text
671,3115,1,occurs_in_speaker_text
562,3115,1,occurs_in_speaker_text
1193,3115,1,occurs_in_speaker_text
2360,3115,2,occurs_in_speaker_text
122,3115,1,occurs_in_speaker_text
609,3116,2,occurs_in_speaker_text
1913,3116,4,occurs_in_speaker_text
977,3116,1,occurs_in_speaker_text
666,3116,5,occurs_in_speaker_text
1556,3116,1,occurs_in_speaker_text
1034,3116,11,occurs_in_speaker_text
2095,3116,1,occurs_in_speaker_text
2633,3116,4,occurs_in_speaker_text
436,3116,1,occurs_in_speaker_text
165,3116,1,occurs_in_speaker_text
2917,3116,1,occurs_in_speaker_text
2955,3116,1,occurs_in_speaker_text
1823,3116,2,occurs_in_speaker_text
1364,3116,1,occurs_in_speaker_text
1069,3116,1,occurs_in_speaker_text
1589,3116,5,occurs_in_speaker_text
1051,3116,3,occurs_in_speaker_text
1316,3116,1,occurs_in_speaker_text
2477,3116,4,occurs_in_speaker_text
1798,3116,1,occurs_in_speaker_text
2793,3116,1,occurs_in_speaker_text
1745,3116,1,occurs_in_speaker_text
1034,3117,1,occurs_in_speaker_text
752,3117,1,occurs_in_speaker_text
1034,3118,23,occurs_in_speaker_text
1194,3118,1,occurs_in_speaker_text
1250,3118,10,occurs_in_speaker_text
666,3118,35,occurs_in_speaker_text
1828,3118,1,occurs_in_speaker_text
616,3118,1,occurs_in_speaker_text
2360,3118,2,occurs_in_speaker_text
1193,3118,7,occurs_in_speaker_text
1156,3118,2,occurs_in_speaker_text
1294,3118,5,occurs_in_speaker_text
2477,3118,2,occurs_in_speaker_text
1051,3118,11,occurs_in_speaker_text
2055,3118,1,occurs_in_speaker_text
2323,3118,2,occurs_in_speaker_text
2095,3118,2,occurs_in_speaker_text
2395,3118,2,occurs_in_speaker_text
29,3118,2,occurs_in_speaker_text
780,3118,1,occurs_in_speaker_text
373,3118,1,occurs_in_speaker_text
409,3118,1,occurs_in_speaker_text
2977,3118,1,occurs_in_speaker_text
361,3118,1,occurs_in_speaker_text
1880,3118,1,occurs_in_speaker_text
1611,3118,2,occurs_in_speaker_text
2279,3118,1,occurs_in_speaker_text
1045,3118,1,occurs_in_speaker_text
267,3118,1,occurs_in_speaker_text
2610,3118,1,occurs_in_speaker_text
2518,3118,1,occurs_in_speaker_text
2380,3118,1,occurs_in_speaker_text
2402,3118,1,occurs_in_speaker_text
468,3118,1,occurs_in_speaker_text
1588,3118,1,occurs_in_speaker_text
2746,3118,1,occurs_in_speaker_text
3021,3118,1,occurs_in_speaker_text
1848,3118,1,occurs_in_speaker_text
624,3118,2,occurs_in_speaker_text
1460,3118,1,occurs_in_speaker_text
275,3118,1,occurs_in_speaker_text
2664,3118,1,occurs_in_speaker_text
1051,3119,1,occurs_in_speaker_text
1034,3119,1,occurs_in_speaker_text
1359,3119,1,occurs_in_speaker_text
2034,3119,1,occurs_in_speaker_text
2263,3119,2,occurs_in_speaker_text
222,3119,1,occurs_in_speaker_text
1280,3119,1,occurs_in_speaker_text
222,3120,12,occurs_in_speaker_text
1034,3120,3,occurs_in_speaker_text
575,3120,1,occurs_in_speaker_text
677,3120,1,occurs_in_speaker_text
1320,3120,1,occurs_in_speaker_text
1051,3120,1,occurs_in_speaker_text
448,3120,1,occurs_in_speaker_text
2076,3120,1,occurs_in_speaker_text
850,3121,1,occurs_in_speaker_text
670,3121,1,occurs_in_speaker_text
1034,3121,8,occurs_in_speaker_text
1434,3121,1,occurs_in_speaker_text
787,3121,1,occurs_in_speaker_text
752,3121,2,occurs_in_speaker_text
666,3121,1,occurs_in_speaker_text
1823,3121,2,occurs_in_speaker_text
2539,3121,1,occurs_in_speaker_text
484,3121,1,occurs_in_speaker_text
266,3121,1,occurs_in_speaker_text
222,3121,1,occurs_in_speaker_text
577,3122,1,occurs_in_speaker_text
1034,3122,22,occurs_in_speaker_text
1293,3122,1,occurs_in_speaker_text
666,3122,7,occurs_in_speaker_text
2254,3122,3,occurs_in_speaker_text
604,3122,1,occurs_in_speaker_text
932,3122,1,occurs_in_speaker_text
667,3122,1,occurs_in_speaker_text
277,3122,1,occurs_in_speaker_text
312,3122,1,occurs_in_speaker_text
1823,3122,2,occurs_in_speaker_text
2650,3122,2,occurs_in_speaker_text
2095,3122,1,occurs_in_speaker_text
891,3122,2,occurs_in_speaker_text
2633,3122,1,occurs_in_speaker_text
1146,3122,1,occurs_in_speaker_text
752,3122,4,occurs_in_speaker_text
52,3122,1,occurs_in_speaker_text
809,3122,1,occurs_in_speaker_text
130,3122,1,occurs_in_speaker_text
382,3122,1,occurs_in_speaker_text
2214,3122,1,occurs_in_speaker_text
1611,3122,1,occurs_in_speaker_text
445,3122,1,occurs_in_speaker_text
666,3123,2,occurs_in_speaker_text
1034,3123,7,occurs_in_speaker_text
2285,3123,1,occurs_in_speaker_text
1521,3123,2,occurs_in_speaker_text
2805,3123,1,occurs_in_speaker_text
222,3123,5,occurs_in_speaker_text
2360,3123,1,occurs_in_speaker_text
1876,3123,1,occurs_in_speaker_text
752,3123,1,occurs_in_speaker_text
2664,3123,2,occurs_in_speaker_text
1168,3123,1,occurs_in_speaker_text
2477,3123,1,occurs_in_speaker_text
1260,3123,1,occurs_in_speaker_text
2228,3123,1,occurs_in_speaker_text
1250,3123,1,occurs_in_speaker_text
856,3123,1,occurs_in_speaker_text
222,3124,16,occurs_in_speaker_text
1194,3124,13,occurs_in_speaker_text
2941,3124,8,occurs_in_speaker_text
2193,3124,13,occurs_in_speaker_text
1041,3124,4,occurs_in_speaker_text
1703,3124,5,occurs_in_speaker_text
1034,3124,15,occurs_in_speaker_text
2878,3124,1,occurs_in_speaker_text
666,3124,3,occurs_in_speaker_text
2263,3124,4,occurs_in_speaker_text
2477,3124,1,occurs_in_speaker_text
183,3124,2,occurs_in_speaker_text
1357,3124,1,occurs_in_speaker_text
2790,3124,1,occurs_in_speaker_text
2360,3124,4,occurs_in_speaker_text
1876,3124,3,occurs_in_speaker_text
752,3124,1,occurs_in_speaker_text
2380,3124,1,occurs_in_speaker_text
891,3124,4,occurs_in_speaker_text
1535,3124,1,occurs_in_speaker_text
2645,3124,1,occurs_in_speaker_text
1801,3124,2,occurs_in_speaker_text
2355,3124,1,occurs_in_speaker_text
1250,3124,1,occurs_in_speaker_text
1823,3124,1,occurs_in_speaker_text
2907,3124,1,occurs_in_speaker_text
382,3124,2,occurs_in_speaker_text
2393,3124,1,occurs_in_speaker_text
1263,3124,1,occurs_in_speaker_text
87,3124,1,occurs_in_speaker_text
974,3124,1,occurs_in_speaker_text
331,3124,1,occurs_in_speaker_text
2878,3125,1,occurs_in_speaker_text
222,3125,7,occurs_in_speaker_text
666,3125,1,occurs_in_speaker_text
1051,3125,2,occurs_in_speaker_text
2477,3125,1,occurs_in_speaker_text
348,3125,1,occurs_in_speaker_text
550,3125,2,occurs_in_speaker_text
856,3125,1,occurs_in_speaker_text
1263,3125,1,occurs_in_speaker_text
1316,3126,9,occurs_in_speaker_text
2894,3126,2,occurs_in_speaker_text
575,3126,1,occurs_in_speaker_text
2518,3126,1,occurs_in_speaker_text
1001,3126,1,occurs_in_speaker_text
752,3126,1,occurs_in_speaker_text
1034,3126,4,occurs_in_speaker_text
52,3126,1,occurs_in_speaker_text
1940,3126,1,occurs_in_speaker_text
666,3126,7,occurs_in_speaker_text
1362,3126,1,occurs_in_speaker_text
1250,3126,1,occurs_in_speaker_text
2999,3126,1,occurs_in_speaker_text
722,3126,2,occurs_in_speaker_text
2360,3126,3,occurs_in_speaker_text
2637,3126,1,occurs_in_speaker_text
1794,3126,1,occurs_in_speaker_text
2120,3126,1,occurs_in_speaker_text
1611,3126,1,occurs_in_speaker_text
2095,3126,1,occurs_in_speaker_text
2017,3126,1,occurs_in_speaker_text
3096,3126,1,occurs_in_speaker_text
1704,3126,1,occurs_in_speaker_text
667,3126,1,occurs_in_speaker_text
2,3126,3,occurs_in_speaker_text
2380,3126,1,occurs_in_speaker_text
790,3126,1,occurs_in_speaker_text
638,3126,2,occurs_in_speaker_text
950,3126,1,occurs_in_speaker_text
1051,3126,3,occurs_in_speaker_text
571,3126,1,occurs_in_speaker_text
2878,3126,1,occurs_in_speaker_text
2477,3126,1,occurs_in_speaker_text
2933,3126,1,occurs_in_speaker_text
2805,3126,2,occurs_in_speaker_text
615,3126,1,occurs_in_speaker_text
1332,3126,1,occurs_in_speaker_text
222,3126,1,occurs_in_speaker_text
3078,3126,1,occurs_in_speaker_text
2412,3126,1,occurs_in_speaker_text
1823,3126,1,occurs_in_speaker_text
2157,3126,1,occurs_in_speaker_text
891,3127,1,occurs_in_speaker_text
222,3127,2,occurs_in_speaker_text
1034,3127,7,occurs_in_speaker_text
1656,3127,2,occurs_in_speaker_text
1357,3127,1,occurs_in_speaker_text
666,3127,7,occurs_in_speaker_text
638,3127,1,occurs_in_speaker_text
1051,3127,2,occurs_in_speaker_text
2938,3127,1,occurs_in_speaker_text
2360,3127,1,occurs_in_speaker_text
1193,3127,1,occurs_in_speaker_text
2034,3127,3,occurs_in_speaker_text
616,3127,2,occurs_in_speaker_text
2263,3127,1,occurs_in_speaker_text
2256,3127,1,occurs_in_speaker_text
445,3127,1,occurs_in_speaker_text
1034,3128,3,occurs_in_speaker_text
666,3128,4,occurs_in_speaker_text
575,3128,1,occurs_in_speaker_text
96,3128,1,occurs_in_speaker_text
2595,3128,1,occurs_in_speaker_text
1156,3128,1,occurs_in_speaker_text
1467,3128,1,occurs_in_speaker_text
2820,3128,1,occurs_in_speaker_text
3051,3128,1,occurs_in_speaker_text
2334,3128,1,occurs_in_speaker_text
1471,3128,1,occurs_in_speaker_text
2374,3128,1,occurs_in_speaker_text
1218,3128,1,occurs_in_speaker_text
463,3128,1,occurs_in_speaker_text
160,3128,1,occurs_in_speaker_text
158,3128,1,occurs_in_speaker_text
1031,3128,1,occurs_in_speaker_text
2315,3128,1,occurs_in_speaker_text
121,3128,1,occurs_in_speaker_text
1051,3128,1,occurs_in_speaker_text
422,3128,1,occurs_in_speaker_text
2076,3128,1,occurs_in_speaker_text
1992,3128,1,occurs_in_speaker_text
2095,3128,1,occurs_in_speaker_text
1184,3129,1,occurs_in_speaker_text
2328,3129,1,occurs_in_speaker_text
222,3129,1,occurs_in_speaker_text
856,3129,2,occurs_in_speaker_text
387,3129,1,occurs_in_speaker_text
666,3129,17,occurs_in_speaker_text
2477,3129,4,occurs_in_speaker_text
2120,3129,1,occurs_in_speaker_text
2228,3129,1,occurs_in_speaker_text
992,3129,1,occurs_in_speaker_text
2260,3129,1,occurs_in_speaker_text
2412,3129,1,occurs_in_speaker_text
1984,3129,1,occurs_in_speaker_text
667,3129,1,occurs_in_speaker_text
691,3129,1,occurs_in_speaker_text
73,3129,1,occurs_in_speaker_text
1622,3129,2,occurs_in_speaker_text
2050,3129,1,occurs_in_speaker_text
264,3129,1,occurs_in_speaker_text
2360,3129,4,occurs_in_speaker_text
1513,3129,1,occurs_in_speaker_text
752,3129,2,occurs_in_speaker_text
2604,3129,1,occurs_in_speaker_text
1034,3129,2,occurs_in_speaker_text
1982,3129,1,occurs_in_speaker_text
2194,3129,1,occurs_in_speaker_text
1366,3129,1,occurs_in_speaker_text
1250,3129,1,occurs_in_speaker_text
1656,3129,1,occurs_in_speaker_text
2682,3129,1,occurs_in_speaker_text
891,3129,2,occurs_in_speaker_text
71,3129,1,occurs_in_speaker_text
2761,3129,1,occurs_in_speaker_text
337,3129,1,occurs_in_speaker_text
2095,3129,2,occurs_in_speaker_text
312,3129,2,occurs_in_speaker_text
1316,3129,1,occurs_in_speaker_text
2163,3129,1,occurs_in_speaker_text
35,3129,1,occurs_in_speaker_text
2805,3129,1,occurs_in_speaker_text
2217,3129,1,occurs_in_speaker_text
1051,3129,2,occurs_in_speaker_text
300,3129,1,occurs_in_speaker_text
2177,3129,1,occurs_in_speaker_text
2644,3129,1,occurs_in_speaker_text
1732,3129,1,occurs_in_speaker_text
1034,3130,13,occurs_in_speaker_text
445,3130,1,occurs_in_speaker_text
2962,3130,1,occurs_in_speaker_text
980,3130,1,occurs_in_speaker_text
1084,3130,1,occurs_in_speaker_text
1590,3132,2,occurs_in_speaker_text
2360,3132,14,occurs_in_speaker_text
642,3132,1,occurs_in_speaker_text
1034,3132,12,occurs_in_speaker_text
1193,3132,5,occurs_in_speaker_text
222,3132,4,occurs_in_speaker_text
2479,3132,1,occurs_in_speaker_text
1702,3132,1,occurs_in_speaker_text
1964,3132,1,occurs_in_speaker_text
290,3132,1,occurs_in_speaker_text
648,3132,1,occurs_in_speaker_text
1788,3132,1,occurs_in_speaker_text
666,3132,9,occurs_in_speaker_text
2604,3132,1,occurs_in_speaker_text
752,3132,1,occurs_in_speaker_text
2128,3132,1,occurs_in_speaker_text
616,3132,4,occurs_in_speaker_text
93,3132,1,occurs_in_speaker_text
891,3132,1,occurs_in_speaker_text
1823,3132,1,occurs_in_speaker_text
3081,3132,1,occurs_in_speaker_text
1217,3132,1,occurs_in_speaker_text
1250,3132,2,occurs_in_speaker_text
1906,3132,2,occurs_in_speaker_text
2477,3132,1,occurs_in_speaker_text
1070,3132,3,occurs_in_speaker_text
403,3132,1,occurs_in_speaker_text
2302,3132,1,occurs_in_speaker_text
2805,3132,1,occurs_in_speaker_text
377,3132,1,occurs_in_speaker_text
1044,3132,1,occurs_in_speaker_text
1034,3133,6,occurs_in_speaker_text
2079,3133,1,occurs_in_speaker_text
1051,3134,1,occurs_in_speaker_text
666,3134,1,occurs_in_speaker_text
1238,3134,1,occurs_in_speaker_text
1656,3134,1,occurs_in_speaker_text
1034,3135,13,occurs_in_speaker_text
752,3135,1,occurs_in_speaker_text
666,3135,1,occurs_in_speaker_text
1250,3135,1,occurs_in_speaker_text
1366,3135,1,occurs_in_speaker_text
1051,3135,2,occurs_in_speaker_text
2990,3135,1,occurs_in_speaker_text
1522,3135,1,occurs_in_speaker_text
441,3136,1,occurs_in_speaker_text
1902,3136,1,occurs_in_speaker_text
2233,3136,1,occurs_in_speaker_text
2477,3136,1,occurs_in_speaker_text
666,3136,1,occurs_in_speaker_text
2673,3136,2,occurs_in_speaker_text
2518,3136,1,occurs_in_speaker_text
1361,3136,1,occurs_in_speaker_text
147,3136,1,occurs_in_speaker_text
1051,3136,1,occurs_in_speaker_text
1034,3136,9,occurs_in_speaker_text
94,3136,1,occurs_in_speaker_text
2391,3136,1,occurs_in_speaker_text
1080,3136,1,occurs_in_speaker_text
219,3136,1,occurs_in_speaker_text
222,3136,1,occurs_in_speaker_text
370,3136,1,occurs_in_speaker_text
501,3136,1,occurs_in_speaker_text
623,3136,2,occurs_in_speaker_text
1263,3136,1,occurs_in_speaker_text
1034,3137,13,occurs_in_speaker_text
2388,3137,2,occurs_in_speaker_text
666,3137,9,occurs_in_speaker_text
222,3137,5,occurs_in_speaker_text
2946,3137,1,occurs_in_speaker_text
574,3137,1,occurs_in_speaker_text
375,3137,1,occurs_in_speaker_text
2391,3137,1,occurs_in_speaker_text
2360,3137,1,occurs_in_speaker_text
752,3137,1,occurs_in_speaker_text
667,3137,1,occurs_in_speaker_text
1034,3138,1,occurs_in_speaker_text
666,3138,1,occurs_in_speaker_text
752,3139,4,occurs_in_speaker_text
232,3139,1,occurs_in_speaker_text
2346,3139,2,occurs_in_speaker_text
2165,3139,1,occurs_in_speaker_text
2633,3139,2,occurs_in_speaker_text
1263,3139,2,occurs_in_speaker_text
1034,3139,8,occurs_in_speaker_text
2418,3139,1,occurs_in_speaker_text
2878,3139,1,occurs_in_speaker_text
3096,3139,3,occurs_in_speaker_text
2768,3139,1,occurs_in_speaker_text
1668,3139,1,occurs_in_speaker_text
966,3139,1,occurs_in_speaker_text
1749,3139,2,occurs_in_speaker_text
2603,3139,1,occurs_in_speaker_text
666,3139,6,occurs_in_speaker_text
985,3139,1,occurs_in_speaker_text
999,3139,1,occurs_in_speaker_text
2108,3139,2,occurs_in_speaker_text
1501,3139,1,occurs_in_speaker_text
1704,3139,1,occurs_in_speaker_text
1315,3139,1,occurs_in_speaker_text
1825,3139,1,occurs_in_speaker_text
2391,3139,1,occurs_in_speaker_text
1193,3139,1,occurs_in_speaker_text
668,3139,1,occurs_in_speaker_text
2650,3139,1,occurs_in_speaker_text
722,3139,1,occurs_in_speaker_text
2644,3139,1,occurs_in_speaker_text
2228,3139,1,occurs_in_speaker_text
2805,3139,1,occurs_in_speaker_text
1586,3140,1,occurs_in_speaker_text
2866,3140,1,occurs_in_speaker_text
2533,3140,1,occurs_in_speaker_text
886,3140,1,occurs_in_speaker_text
1034,3140,3,occurs_in_speaker_text
130,3140,1,occurs_in_speaker_text
378,3140,1,occurs_in_speaker_text
1971,3140,1,occurs_in_speaker_text
2878,3140,1,occurs_in_speaker_text
2955,3140,1,occurs_in_speaker_text
2604,3140,1,occurs_in_speaker_text
698,3140,1,occurs_in_speaker_text
670,3140,1,occurs_in_speaker_text
3015,3140,1,occurs_in_speaker_text
1611,3140,1,occurs_in_speaker_text
73,3141,1,occurs_in_speaker_text
1711,3141,1,occurs_in_speaker_text
222,3141,2,occurs_in_speaker_text
638,3141,1,occurs_in_speaker_text
1034,3141,6,occurs_in_speaker_text
2360,3141,2,occurs_in_speaker_text
135,3141,1,occurs_in_speaker_text
1263,3141,3,occurs_in_speaker_text
2554,3141,1,occurs_in_speaker_text
1732,3141,1,occurs_in_speaker_text
2878,3142,1,occurs_in_speaker_text
1287,3142,1,occurs_in_speaker_text
1521,3142,1,occurs_in_speaker_text
2360,3142,2,occurs_in_speaker_text
1034,3142,7,occurs_in_speaker_text
2477,3142,1,occurs_in_speaker_text
353,3142,2,occurs_in_speaker_text
1051,3142,3,occurs_in_speaker_text
222,3142,2,occurs_in_speaker_text
2076,3142,1,occurs_in_speaker_text
1992,3142,2,occurs_in_speaker_text
1034,3143,1,occurs_in_speaker_text
1051,3143,1,occurs_in_speaker_text
1193,3143,1,occurs_in_speaker_text
1034,3144,8,occurs_in_speaker_text
222,3144,5,occurs_in_speaker_text
2539,3144,1,occurs_in_speaker_text
933,3144,1,occurs_in_speaker_text
1263,3144,1,occurs_in_speaker_text
2364,3144,1,occurs_in_speaker_text
2604,3144,1,occurs_in_speaker_text
2969,3144,1,occurs_in_speaker_text
575,3144,1,occurs_in_speaker_text
47,3144,1,occurs_in_speaker_text
1003,3144,1,occurs_in_speaker_text
1770,3144,1,occurs_in_speaker_text
2878,3144,1,occurs_in_speaker_text
2477,3144,2,occurs_in_speaker_text
160,3144,1,occurs_in_speaker_text
666,3144,2,occurs_in_speaker_text
2900,3144,1,occurs_in_speaker_text
2391,3145,1,occurs_in_speaker_text
2156,3145,1,occurs_in_speaker_text
1051,3145,3,occurs_in_speaker_text
2254,3145,2,occurs_in_speaker_text
1193,3145,1,occurs_in_speaker_text
3094,3145,1,occurs_in_speaker_text
1612,3146,1,occurs_in_speaker_text
667,3146,2,occurs_in_speaker_text
1238,3146,1,occurs_in_speaker_text
752,3146,7,occurs_in_speaker_text
2477,3146,1,occurs_in_speaker_text
2108,3146,2,occurs_in_speaker_text
2118,3146,1,occurs_in_speaker_text
222,3146,1,occurs_in_speaker_text
1316,3146,1,occurs_in_speaker_text
1656,3146,1,occurs_in_speaker_text
1250,3146,1,occurs_in_speaker_text
1823,3146,1,occurs_in_speaker_text
259,3146,1,occurs_in_speaker_text
1034,3147,13,occurs_in_speaker_text
2633,3147,1,occurs_in_speaker_text
666,3147,1,occurs_in_speaker_text
3092,3147,1,occurs_in_speaker_text
2518,3147,2,occurs_in_speaker_text
1152,3147,1,occurs_in_speaker_text
222,3147,2,occurs_in_speaker_text
1194,3147,1,occurs_in_speaker_text
1238,3147,1,occurs_in_speaker_text
1801,3147,1,occurs_in_speaker_text
2360,3147,1,occurs_in_speaker_text
168,3147,1,occurs_in_speaker_text
1733,3147,1,occurs_in_speaker_text
667,3147,1,occurs_in_speaker_text
3096,3147,1,occurs_in_speaker_text
1435,3147,1,occurs_in_speaker_text
2258,3147,1,occurs_in_speaker_text
1985,3148,2,occurs_in_speaker_text
1277,3148,1,occurs_in_speaker_text
1034,3148,14,occurs_in_speaker_text
1193,3148,2,occurs_in_speaker_text
666,3148,4,occurs_in_speaker_text
1590,3148,1,occurs_in_speaker_text
1926,3148,2,occurs_in_speaker_text
539,3148,1,occurs_in_speaker_text
2789,3148,1,occurs_in_speaker_text
1978,3148,1,occurs_in_speaker_text
2391,3148,2,occurs_in_speaker_text
2755,3148,1,occurs_in_speaker_text
2530,3148,1,occurs_in_speaker_text
1212,3148,1,occurs_in_speaker_text
2360,3148,4,occurs_in_speaker_text
752,3148,2,occurs_in_speaker_text
2477,3148,2,occurs_in_speaker_text
2056,3148,1,occurs_in_speaker_text
1823,3148,1,occurs_in_speaker_text
2820,3148,2,occurs_in_speaker_text
513,3148,1,occurs_in_speaker_text
1260,3148,1,occurs_in_speaker_text
1293,3148,1,occurs_in_speaker_text
2878,3148,1,occurs_in_speaker_text
2370,3148,1,occurs_in_speaker_text
1263,3148,1,occurs_in_speaker_text
1103,3148,1,occurs_in_speaker_text
1732,3149,2,occurs_in_speaker_text
666,3149,7,occurs_in_speaker_text
1034,3149,12,occurs_in_speaker_text
752,3149,2,occurs_in_speaker_text
1051,3149,1,occurs_in_speaker_text
998,3149,1,occurs_in_speaker_text
2412,3149,1,occurs_in_speaker_text
222,3149,1,occurs_in_speaker_text
1611,3149,1,occurs_in_speaker_text
1288,3149,1,occurs_in_speaker_text
1548,3149,1,occurs_in_speaker_text
2507,3150,1,occurs_in_speaker_text
1034,3150,5,occurs_in_speaker_text
2217,3150,1,occurs_in_speaker_text
2263,3150,4,occurs_in_speaker_text
525,3150,1,occurs_in_speaker_text
1194,3150,1,occurs_in_speaker_text
126,3150,1,occurs_in_speaker_text
222,3150,18,occurs_in_speaker_text
1051,3150,4,occurs_in_speaker_text
1656,3150,1,occurs_in_speaker_text
891,3150,2,occurs_in_speaker_text
242,3150,1,occurs_in_speaker_text
616,3150,2,occurs_in_speaker_text
1823,3150,2,occurs_in_speaker_text
2076,3150,1,occurs_in_speaker_text
1662,3150,1,occurs_in_speaker_text
1876,3150,1,occurs_in_speaker_text
1250,3150,1,occurs_in_speaker_text
649,3150,1,occurs_in_speaker_text
123,3150,1,occurs_in_speaker_text
1281,3150,1,occurs_in_speaker_text
1924,3150,1,occurs_in_speaker_text
666,3150,2,occurs_in_speaker_text
1366,3150,1,occurs_in_speaker_text
2692,3150,1,occurs_in_speaker_text
168,3151,1,occurs_in_speaker_text
859,3151,1,occurs_in_speaker_text
2671,3151,1,occurs_in_speaker_text
2477,3151,1,occurs_in_speaker_text
1232,3151,1,occurs_in_speaker_text
1350,3151,2,occurs_in_speaker_text
260,3151,1,occurs_in_speaker_text
1034,3151,11,occurs_in_speaker_text
2805,3151,7,occurs_in_speaker_text
1194,3151,2,occurs_in_speaker_text
583,3151,2,occurs_in_speaker_text
999,3151,1,occurs_in_speaker_text
473,3151,1,occurs_in_speaker_text
667,3151,5,occurs_in_speaker_text
666,3151,1,occurs_in_speaker_text
2518,3151,1,occurs_in_speaker_text
1250,3151,2,occurs_in_speaker_text
1055,3151,1,occurs_in_speaker_text
2923,3151,1,occurs_in_speaker_text
2393,3151,1,occurs_in_speaker_text
2038,3151,1,occurs_in_speaker_text
1193,3151,1,occurs_in_speaker_text
1263,3151,1,occurs_in_speaker_text
2801,3151,1,occurs_in_speaker_text
99,3151,1,occurs_in_speaker_text
716,3151,1,occurs_in_speaker_text
1729,3151,1,occurs_in_speaker_text
2416,3151,1,occurs_in_speaker_text
3068,3151,1,occurs_in_speaker_text
2878,3151,1,occurs_in_speaker_text
1051,3151,1,occurs_in_speaker_text
1656,3151,2,occurs_in_speaker_text
2360,3151,1,occurs_in_speaker_text
752,3151,1,occurs_in_speaker_text
301,3151,1,occurs_in_speaker_text
222,3151,1,occurs_in_speaker_text
645,3151,1,occurs_in_speaker_text
13,3152,1,occurs_in_speaker_text
2782,3152,1,occurs_in_speaker_text
1244,3152,1,occurs_in_speaker_text
755,3152,1,occurs_in_speaker_text
752,3152,1,occurs_in_speaker_text
1725,3152,1,occurs_in_speaker_text
1732,3152,2,occurs_in_speaker_text
222,3152,3,occurs_in_speaker_text
1263,3152,1,occurs_in_speaker_text
1034,3152,7,occurs_in_speaker_text
2506,3152,1,occurs_in_speaker_text
1238,3152,1,occurs_in_speaker_text
514,3152,1,occurs_in_speaker_text
2952,3152,1,occurs_in_speaker_text
1011,3152,1,occurs_in_speaker_text
1949,3152,1,occurs_in_speaker_text
616,3152,2,occurs_in_speaker_text
1051,3152,1,occurs_in_speaker_text
2632,3152,1,occurs_in_speaker_text
1449,3152,1,occurs_in_speaker_text
2805,3152,1,occurs_in_speaker_text
2579,3152,1,occurs_in_speaker_text
2585,3152,1,occurs_in_speaker_text
119,3152,1,occurs_in_speaker_text
1801,3152,1,occurs_in_speaker_text
1034,3153,13,occurs_in_speaker_text
666,3153,5,occurs_in_speaker_text
1194,3153,2,occurs_in_speaker_text
222,3153,5,occurs_in_speaker_text
1370,3153,1,occurs_in_speaker_text
2477,3153,1,occurs_in_speaker_text
2198,3153,1,occurs_in_speaker_text
1107,3153,1,occurs_in_speaker_text
1505,3153,1,occurs_in_speaker_text
1051,3153,1,occurs_in_speaker_text
1711,3153,1,occurs_in_speaker_text
344,3153,1,occurs_in_speaker_text
2360,3153,1,occurs_in_speaker_text
1034,3154,3,occurs_in_speaker_text
1263,3154,1,occurs_in_speaker_text
1501,3154,1,occurs_in_speaker_text
666,3154,4,occurs_in_speaker_text
1113,3154,1,occurs_in_speaker_text
570,3154,9,occurs_in_speaker_text
1034,3155,21,occurs_in_speaker_text
222,3155,6,occurs_in_speaker_text
1193,3155,2,occurs_in_speaker_text
282,3155,1,occurs_in_speaker_text
2254,3155,1,occurs_in_speaker_text
616,3155,1,occurs_in_speaker_text
2530,3155,1,occurs_in_speaker_text
1788,3155,1,occurs_in_speaker_text
1611,3155,1,occurs_in_speaker_text
2095,3155,2,occurs_in_speaker_text
1214,3155,1,occurs_in_speaker_text
1250,3155,2,occurs_in_speaker_text
2263,3155,4,occurs_in_speaker_text
2134,3155,1,occurs_in_speaker_text
752,3155,5,occurs_in_speaker_text
869,3155,1,occurs_in_speaker_text
2735,3155,1,occurs_in_speaker_text
3096,3155,1,occurs_in_speaker_text
1194,3155,1,occurs_in_speaker_text
2456,3155,1,occurs_in_speaker_text
2878,3155,1,occurs_in_speaker_text
1553,3155,1,occurs_in_speaker_text
667,3155,1,occurs_in_speaker_text
3081,3155,1,occurs_in_speaker_text
1366,3155,1,occurs_in_speaker_text
1871,3155,1,occurs_in_speaker_text
32,3155,1,occurs_in_speaker_text
2785,3155,1,occurs_in_speaker_text
1357,3155,1,occurs_in_speaker_text
840,3155,1,occurs_in_speaker_text
2214,3155,1,occurs_in_speaker_text
856,3156,1,occurs_in_speaker_text
1034,3157,2,occurs_in_speaker_text
2703,3157,13,occurs_in_speaker_text
1160,3157,6,occurs_in_speaker_text
1263,3157,2,occurs_in_speaker_text
752,3157,1,occurs_in_speaker_text
936,3157,2,occurs_in_speaker_text
412,3157,3,occurs_in_speaker_text
1250,3157,6,occurs_in_speaker_text
222,3157,3,occurs_in_speaker_text
666,3157,1,occurs_in_speaker_text
423,3157,1,occurs_in_speaker_text
1445,3157,1,occurs_in_speaker_text
666,3158,11,occurs_in_speaker_text
2360,3158,10,occurs_in_speaker_text
2583,3158,1,occurs_in_speaker_text
932,3158,1,occurs_in_speaker_text
1051,3158,1,occurs_in_speaker_text
2920,3158,1,occurs_in_speaker_text
1611,3158,1,occurs_in_speaker_text
1145,3158,1,occurs_in_speaker_text
752,3158,2,occurs_in_speaker_text
981,3158,2,occurs_in_speaker_text
1034,3158,14,occurs_in_speaker_text
2477,3158,1,occurs_in_speaker_text
2393,3158,1,occurs_in_speaker_text
891,3158,1,occurs_in_speaker_text
1194,3158,2,occurs_in_speaker_text
222,3158,3,occurs_in_speaker_text
830,3158,1,occurs_in_speaker_text
446,3158,1,occurs_in_speaker_text
1801,3158,1,occurs_in_speaker_text
522,3158,1,occurs_in_speaker_text
1924,3158,1,occurs_in_speaker_text
537,3158,2,occurs_in_speaker_text
656,3158,1,occurs_in_speaker_text
2065,3158,1,occurs_in_speaker_text
3043,3158,1,occurs_in_speaker_text
2604,3158,1,occurs_in_speaker_text
1193,3158,1,occurs_in_speaker_text
2518,3158,2,occurs_in_speaker_text
856,3158,1,occurs_in_speaker_text
2926,3158,1,occurs_in_speaker_text
881,3158,1,occurs_in_speaker_text
2537,3158,1,occurs_in_speaker_text
2533,3158,1,occurs_in_speaker_text
2095,3158,1,occurs_in_speaker_text
722,3158,1,occurs_in_speaker_text
2391,3158,1,occurs_in_speaker_text
1732,3158,1,occurs_in_speaker_text
444,3158,1,occurs_in_speaker_text
1034,3159,6,occurs_in_speaker_text
1704,3159,1,occurs_in_speaker_text
666,3159,1,occurs_in_speaker_text
2878,3159,1,occurs_in_speaker_text
2506,3159,1,occurs_in_speaker_text
58,3159,1,occurs_in_speaker_text
1034,3160,9,occurs_in_speaker_text
2918,3160,1,occurs_in_speaker_text
666,3160,1,occurs_in_speaker_text
1715,3160,1,occurs_in_speaker_text
559,3160,5,occurs_in_speaker_text
1975,3160,1,occurs_in_speaker_text
122,3160,1,occurs_in_speaker_text
2477,3160,1,occurs_in_speaker_text
1034,3161,1,occurs_in_speaker_text
2878,3161,1,occurs_in_speaker_text
584,3161,1,occurs_in_speaker_text
2684,3161,1,occurs_in_speaker_text
222,3161,2,occurs_in_speaker_text
2424,3161,1,occurs_in_speaker_text
519,3161,2,occurs_in_speaker_text
2353,3161,1,occurs_in_speaker_text
2477,3161,1,occurs_in_speaker_text
616,3162,16,occurs_in_speaker_text
73,3162,1,occurs_in_speaker_text
666,3162,3,occurs_in_speaker_text
889,3162,1,occurs_in_speaker_text
2412,3162,8,occurs_in_speaker_text
1250,3162,13,occurs_in_speaker_text
752,3162,8,occurs_in_speaker_text
1522,3162,2,occurs_in_speaker_text
2706,3162,6,occurs_in_speaker_text
731,3162,1,occurs_in_speaker_text
1048,3162,1,occurs_in_speaker_text
239,3162,1,occurs_in_speaker_text
1396,3162,4,occurs_in_speaker_text
2506,3162,1,occurs_in_speaker_text
2581,3162,1,occurs_in_speaker_text
2360,3162,1,occurs_in_speaker_text
874,3162,1,occurs_in_speaker_text
1034,3162,7,occurs_in_speaker_text
2587,3162,1,occurs_in_speaker_text
891,3162,1,occurs_in_speaker_text
380,3162,1,occurs_in_speaker_text
2514,3162,1,occurs_in_speaker_text
986,3162,1,occurs_in_speaker_text
1584,3162,1,occurs_in_speaker_text
1263,3162,1,occurs_in_speaker_text
2449,3162,1,occurs_in_speaker_text
1705,3162,1,occurs_in_speaker_text
1829,3162,1,occurs_in_speaker_text
409,3162,1,occurs_in_speaker_text
17,3162,1,occurs_in_speaker_text
2191,3162,1,occurs_in_speaker_text
2633,3163,1,occurs_in_speaker_text
2346,3163,1,occurs_in_speaker_text
1123,3163,1,occurs_in_speaker_text
2360,3163,1,occurs_in_speaker_text
2301,3163,1,occurs_in_speaker_text
2263,3163,5,occurs_in_speaker_text
1194,3163,1,occurs_in_speaker_text
2523,3163,1,occurs_in_speaker_text
1503,3163,1,occurs_in_speaker_text
444,3163,1,occurs_in_speaker_text
14,3163,1,occurs_in_speaker_text
222,3163,1,occurs_in_speaker_text
1034,3163,7,occurs_in_speaker_text
2123,3163,1,occurs_in_speaker_text
1437,3163,1,occurs_in_speaker_text
1502,3163,1,occurs_in_speaker_text
348,3163,1,occurs_in_speaker_text
1238,3163,1,occurs_in_speaker_text
1768,3163,1,occurs_in_speaker_text
1656,3163,1,occurs_in_speaker_text
2614,3163,1,occurs_in_speaker_text
2977,3163,1,occurs_in_speaker_text
752,3163,5,occurs_in_speaker_text
869,3163,1,occurs_in_speaker_text
1823,3163,2,occurs_in_speaker_text
2477,3163,1,occurs_in_speaker_text
1193,3163,1,occurs_in_speaker_text
1603,3163,1,occurs_in_speaker_text
666,3163,2,occurs_in_speaker_text
2274,3163,1,occurs_in_speaker_text
1364,3163,1,occurs_in_speaker_text
1250,3163,1,occurs_in_speaker_text
3056,3163,2,occurs_in_speaker_text
2177,3164,3,occurs_in_speaker_text
1590,3164,1,occurs_in_speaker_text
1034,3164,18,occurs_in_speaker_text
2360,3164,6,occurs_in_speaker_text
2380,3164,1,occurs_in_speaker_text
353,3164,1,occurs_in_speaker_text
2878,3164,2,occurs_in_speaker_text
3088,3164,1,occurs_in_speaker_text
2953,3164,1,occurs_in_speaker_text
222,3164,10,occurs_in_speaker_text
2011,3164,1,occurs_in_speaker_text
3064,3164,1,occurs_in_speaker_text
2266,3164,2,occurs_in_speaker_text
446,3164,1,occurs_in_speaker_text
409,3164,1,occurs_in_speaker_text
752,3164,3,occurs_in_speaker_text
2412,3164,1,occurs_in_speaker_text
23,3164,1,occurs_in_speaker_text
667,3164,1,occurs_in_speaker_text
2108,3164,1,occurs_in_speaker_text
2254,3164,2,occurs_in_speaker_text
2625,3164,1,occurs_in_speaker_text
666,3164,2,occurs_in_speaker_text
1823,3164,1,occurs_in_speaker_text
1263,3164,1,occurs_in_speaker_text
752,3165,38,occurs_in_speaker_text
1823,3165,12,occurs_in_speaker_text
2095,3165,2,occurs_in_speaker_text
666,3165,5,occurs_in_speaker_text
2878,3165,4,occurs_in_speaker_text
62,3165,6,occurs_in_speaker_text
981,3165,6,occurs_in_speaker_text
2876,3165,1,occurs_in_speaker_text
835,3165,1,occurs_in_speaker_text
1366,3165,11,occurs_in_speaker_text
2412,3165,5,occurs_in_speaker_text
3096,3165,1,occurs_in_speaker_text
2228,3165,1,occurs_in_speaker_text
734,3165,1,occurs_in_speaker_text
780,3165,1,occurs_in_speaker_text
455,3165,4,occurs_in_speaker_text
932,3165,1,occurs_in_speaker_text
1990,3165,1,occurs_in_speaker_text
2331,3165,1,occurs_in_speaker_text
1034,3165,3,occurs_in_speaker_text
1250,3165,6,occurs_in_speaker_text
1194,3165,1,occurs_in_speaker_text
891,3165,2,occurs_in_speaker_text
1255,3165,1,occurs_in_speaker_text
3092,3165,3,occurs_in_speaker_text
1690,3165,1,occurs_in_speaker_text
667,3165,1,occurs_in_speaker_text
854,3165,1,occurs_in_speaker_text
537,3165,1,occurs_in_speaker_text
409,3165,3,occurs_in_speaker_text
2655,3165,1,occurs_in_speaker_text
1587,3166,1,occurs_in_speaker_text
666,3166,6,occurs_in_speaker_text
1034,3166,6,occurs_in_speaker_text
891,3166,1,occurs_in_speaker_text
2443,3166,1,occurs_in_speaker_text
2360,3166,1,occurs_in_speaker_text
2582,3166,1,occurs_in_speaker_text
201,3166,1,occurs_in_speaker_text
2862,3166,1,occurs_in_speaker_text
222,3166,1,occurs_in_speaker_text
856,3166,1,occurs_in_speaker_text
3022,3167,3,occurs_in_speaker_text
2412,3167,1,occurs_in_speaker_text
1186,3167,1,occurs_in_speaker_text
2290,3167,1,occurs_in_speaker_text
3096,3167,1,occurs_in_speaker_text
2477,3167,1,occurs_in_speaker_text
666,3167,6,occurs_in_speaker_text
1316,3167,4,occurs_in_speaker_text
2518,3167,1,occurs_in_speaker_text
2554,3167,3,occurs_in_speaker_text
856,3167,1,occurs_in_speaker_text
2360,3167,3,occurs_in_speaker_text
1193,3167,2,occurs_in_speaker_text
1074,3167,1,occurs_in_speaker_text
1343,3167,1,occurs_in_speaker_text
1034,3167,4,occurs_in_speaker_text
1131,3167,1,occurs_in_speaker_text
981,3167,1,occurs_in_speaker_text
780,3167,1,occurs_in_speaker_text
571,3167,1,occurs_in_speaker_text
3092,3167,1,occurs_in_speaker_text
932,3167,2,occurs_in_speaker_text
2999,3167,1,occurs_in_speaker_text
2108,3167,1,occurs_in_speaker_text
1607,3167,1,occurs_in_speaker_text
168,3167,2,occurs_in_speaker_text
1522,3167,2,occurs_in_speaker_text
525,3167,2,occurs_in_speaker_text
2328,3167,1,occurs_in_speaker_text
417,3167,1,occurs_in_speaker_text
312,3167,1,occurs_in_speaker_text
752,3168,3,occurs_in_speaker_text
1611,3168,1,occurs_in_speaker_text
1876,3168,3,occurs_in_speaker_text
869,3168,1,occurs_in_speaker_text
1526,3168,1,occurs_in_speaker_text
2360,3168,2,occurs_in_speaker_text
1051,3168,1,occurs_in_speaker_text
666,3168,1,occurs_in_speaker_text
1034,3168,10,occurs_in_speaker_text
1001,3168,1,occurs_in_speaker_text
2878,3168,1,occurs_in_speaker_text
3034,3168,2,occurs_in_speaker_text
2380,3168,2,occurs_in_speaker_text
2244,3168,1,occurs_in_speaker_text
1732,3168,2,occurs_in_speaker_text
657,3168,1,occurs_in_speaker_text
2214,3168,1,occurs_in_speaker_text
667,3168,1,occurs_in_speaker_text
1263,3168,1,occurs_in_speaker_text
1847,3168,1,occurs_in_speaker_text
222,3168,1,occurs_in_speaker_text
1372,3169,1,occurs_in_speaker_text
752,3169,5,occurs_in_speaker_text
1823,3169,18,occurs_in_speaker_text
1034,3169,2,occurs_in_speaker_text
474,3169,3,occurs_in_speaker_text
666,3169,5,occurs_in_speaker_text
1193,3169,3,occurs_in_speaker_text
2360,3169,5,occurs_in_speaker_text
14,3169,1,occurs_in_speaker_text
1250,3169,3,occurs_in_speaker_text
981,3169,5,occurs_in_speaker_text
2664,3169,1,occurs_in_speaker_text
2412,3169,1,occurs_in_speaker_text
1732,3169,3,occurs_in_speaker_text
2604,3169,2,occurs_in_speaker_text
1238,3169,1,occurs_in_speaker_text
932,3169,1,occurs_in_speaker_text
444,3169,1,occurs_in_speaker_text
2095,3169,2,occurs_in_speaker_text
1829,3169,1,occurs_in_speaker_text
258,3169,2,occurs_in_speaker_text
616,3169,1,occurs_in_speaker_text
644,3169,1,occurs_in_speaker_text
1489,3169,1,occurs_in_speaker_text
2710,3169,1,occurs_in_speaker_text
1990,3169,1,occurs_in_speaker_text
2108,3169,1,occurs_in_speaker_text
2380,3169,1,occurs_in_speaker_text
2477,3169,1,occurs_in_speaker_text
891,3169,1,occurs_in_speaker_text
1419,3169,1,occurs_in_speaker_text
2677,3169,1,occurs_in_speaker_text
1823,3170,5,occurs_in_speaker_text
230,3170,2,occurs_in_speaker_text
1034,3170,2,occurs_in_speaker_text
666,3170,2,occurs_in_speaker_text
1316,3170,1,occurs_in_speaker_text
985,3170,1,occurs_in_speaker_text
1034,3171,14,occurs_in_speaker_text
1406,3171,1,occurs_in_speaker_text
1797,3171,2,occurs_in_speaker_text
1263,3171,1,occurs_in_speaker_text
1505,3171,1,occurs_in_speaker_text
1420,3171,3,occurs_in_speaker_text
1051,3172,1,occurs_in_speaker_text
2263,3172,1,occurs_in_speaker_text
2805,3172,2,occurs_in_speaker_text
1034,3172,5,occurs_in_speaker_text
1656,3172,1,occurs_in_speaker_text
503,3172,1,occurs_in_speaker_text
616,3172,1,occurs_in_speaker_text
666,3172,1,occurs_in_speaker_text
1802,3172,1,occurs_in_speaker_text
300,3172,1,occurs_in_speaker_text
2977,3172,1,occurs_in_speaker_text
2790,3172,1,occurs_in_speaker_text
780,3173,1,occurs_in_speaker_text
2191,3173,2,occurs_in_speaker_text
1193,3173,2,occurs_in_speaker_text
2438,3173,1,occurs_in_speaker_text
752,3173,3,occurs_in_speaker_text
2095,3173,1,occurs_in_speaker_text
1500,3173,1,occurs_in_speaker_text
1871,3173,1,occurs_in_speaker_text
2360,3173,3,occurs_in_speaker_text
2735,3173,2,occurs_in_speaker_text
667,3173,2,occurs_in_speaker_text
946,3173,1,occurs_in_speaker_text
1832,3173,1,occurs_in_speaker_text
1034,3173,4,occurs_in_speaker_text
525,3173,1,occurs_in_speaker_text
1996,3173,1,occurs_in_speaker_text
1814,3173,1,occurs_in_speaker_text
178,3173,1,occurs_in_speaker_text
1051,3174,6,occurs_in_speaker_text
1034,3174,5,occurs_in_speaker_text
222,3174,3,occurs_in_speaker_text
2095,3174,1,occurs_in_speaker_text
1823,3174,2,occurs_in_speaker_text
1194,3174,1,occurs_in_speaker_text
445,3174,2,occurs_in_speaker_text
666,3174,1,occurs_in_speaker_text
1955,3174,1,occurs_in_speaker_text
677,3174,1,occurs_in_speaker_text
2562,3174,1,occurs_in_speaker_text
2254,3174,1,occurs_in_speaker_text
753,3174,1,occurs_in_speaker_text
2438,3175,1,occurs_in_speaker_text
2328,3175,3,occurs_in_speaker_text
2664,3175,4,occurs_in_speaker_text
2477,3175,18,occurs_in_speaker_text
2807,3175,1,occurs_in_speaker_text
1656,3175,9,occurs_in_speaker_text
1051,3175,7,occurs_in_speaker_text
2879,3175,1,occurs_in_speaker_text
635,3175,1,occurs_in_speaker_text
666,3175,10,occurs_in_speaker_text
668,3175,1,occurs_in_speaker_text
2346,3175,1,occurs_in_speaker_text
1409,3175,5,occurs_in_speaker_text
667,3175,1,occurs_in_speaker_text
1034,3175,6,occurs_in_speaker_text
14,3175,1,occurs_in_speaker_text
525,3175,2,occurs_in_speaker_text
1156,3175,1,occurs_in_speaker_text
1250,3175,2,occurs_in_speaker_text
740,3175,1,occurs_in_speaker_text
1023,3175,1,occurs_in_speaker_text
1653,3175,1,occurs_in_speaker_text
2165,3175,14,occurs_in_speaker_text
1823,3175,3,occurs_in_speaker_text
856,3175,1,occurs_in_speaker_text
2095,3175,5,occurs_in_speaker_text
1627,3175,1,occurs_in_speaker_text
981,3175,3,occurs_in_speaker_text
1184,3175,1,occurs_in_speaker_text
136,3175,1,occurs_in_speaker_text
752,3175,1,occurs_in_speaker_text
681,3175,1,occurs_in_speaker_text
2818,3175,3,occurs_in_speaker_text
1862,3175,3,occurs_in_speaker_text
2992,3175,10,occurs_in_speaker_text
695,3175,1,occurs_in_speaker_text
1208,3175,1,occurs_in_speaker_text
2805,3175,4,occurs_in_speaker_text
1886,3175,1,occurs_in_speaker_text
1641,3175,1,occurs_in_speaker_text
1974,3175,1,occurs_in_speaker_text
1357,3175,1,occurs_in_speaker_text
2840,3175,1,occurs_in_speaker_text
977,3175,1,occurs_in_speaker_text
1818,3175,1,occurs_in_speaker_text
2092,3175,1,occurs_in_speaker_text
1082,3175,1,occurs_in_speaker_text
1133,3175,1,occurs_in_speaker_text
1543,3175,1,occurs_in_speaker_text
1417,3175,1,occurs_in_speaker_text
2816,3175,2,occurs_in_speaker_text
2633,3175,3,occurs_in_speaker_text
1783,3175,1,occurs_in_speaker_text
1132,3175,2,occurs_in_speaker_text
891,3175,1,occurs_in_speaker_text
722,3175,1,occurs_in_speaker_text
919,3175,1,occurs_in_speaker_text
2604,3175,1,occurs_in_speaker_text
2263,3175,10,occurs_in_speaker_text
2959,3175,1,occurs_in_speaker_text
2103,3175,1,occurs_in_speaker_text
2076,3175,1,occurs_in_speaker_text
2360,3175,1,occurs_in_speaker_text
1477,3175,1,occurs_in_speaker_text
1988,3175,1,occurs_in_speaker_text
2442,3175,1,occurs_in_speaker_text
222,3176,6,occurs_in_speaker_text
1250,3176,1,occurs_in_speaker_text
932,3176,1,occurs_in_speaker_text
2900,3176,1,occurs_in_speaker_text
158,3176,2,occurs_in_speaker_text
666,3176,3,occurs_in_speaker_text
2518,3176,2,occurs_in_speaker_text
1194,3176,1,occurs_in_speaker_text
1193,3176,1,occurs_in_speaker_text
752,3176,3,occurs_in_speaker_text
604,3176,1,occurs_in_speaker_text
1034,3176,3,occurs_in_speaker_text
2750,3176,1,occurs_in_speaker_text
2348,3176,1,occurs_in_speaker_text
168,3176,2,occurs_in_speaker_text
2477,3176,2,occurs_in_speaker_text
3062,3176,1,occurs_in_speaker_text
1263,3176,1,occurs_in_speaker_text
2834,3177,1,occurs_in_speaker_text
2774,3177,2,occurs_in_speaker_text
222,3177,1,occurs_in_speaker_text
1034,3177,7,occurs_in_speaker_text
897,3177,1,occurs_in_speaker_text
2123,3177,1,occurs_in_speaker_text
1693,3177,1,occurs_in_speaker_text
780,3177,1,occurs_in_speaker_text
2219,3177,1,occurs_in_speaker_text
458,3177,1,occurs_in_speaker_text
2878,3177,1,occurs_in_speaker_text
2634,3177,1,occurs_in_speaker_text
2360,3177,1,occurs_in_speaker_text
658,3177,1,occurs_in_speaker_text
2640,3178,1,occurs_in_speaker_text
3074,3178,1,occurs_in_speaker_text
1680,3178,1,occurs_in_speaker_text
158,3178,1,occurs_in_speaker_text
1097,3178,1,occurs_in_speaker_text
484,3178,1,occurs_in_speaker_text
222,3178,1,occurs_in_speaker_text
2655,3179,1,occurs_in_speaker_text
666,3179,14,occurs_in_speaker_text
1732,3179,4,occurs_in_speaker_text
2360,3179,1,occurs_in_speaker_text
1801,3179,1,occurs_in_speaker_text
300,3179,2,occurs_in_speaker_text
1034,3179,11,occurs_in_speaker_text
2177,3179,3,occurs_in_speaker_text
2604,3179,2,occurs_in_speaker_text
1193,3179,1,occurs_in_speaker_text
2518,3179,1,occurs_in_speaker_text
1435,3179,1,occurs_in_speaker_text
3096,3179,1,occurs_in_speaker_text
2530,3179,1,occurs_in_speaker_text
667,3179,1,occurs_in_speaker_text
2095,3179,1,occurs_in_speaker_text
1823,3179,1,occurs_in_speaker_text
2477,3179,1,occurs_in_speaker_text
2214,3179,1,occurs_in_speaker_text
1034,3180,5,occurs_in_speaker_text
1178,3180,1,occurs_in_speaker_text
3015,3180,3,occurs_in_speaker_text
1051,3180,1,occurs_in_speaker_text
666,3180,1,occurs_in_speaker_text
1016,3180,1,occurs_in_speaker_text
222,3180,3,occurs_in_speaker_text
417,3180,1,occurs_in_speaker_text
444,3180,1,occurs_in_speaker_text
1611,3180,1,occurs_in_speaker_text
2477,3180,3,occurs_in_speaker_text
739,3180,1,occurs_in_speaker_text
780,3180,1,occurs_in_speaker_text
903,3180,1,occurs_in_speaker_text
51,3180,1,occurs_in_speaker_text
2360,3180,3,occurs_in_speaker_text
1711,3180,1,occurs_in_speaker_text
2134,3180,1,occurs_in_speaker_text
2878,3180,1,occurs_in_speaker_text
2857,3180,1,occurs_in_speaker_text
932,3180,1,occurs_in_speaker_text
1034,3181,10,occurs_in_speaker_text
2604,3181,1,occurs_in_speaker_text
2828,3181,1,occurs_in_speaker_text
2554,3181,1,occurs_in_speaker_text
1704,3181,2,occurs_in_speaker_text
1193,3181,1,occurs_in_speaker_text
575,3181,1,occurs_in_speaker_text
2360,3181,1,occurs_in_speaker_text
831,3181,1,occurs_in_speaker_text
3056,3181,1,occurs_in_speaker_text
2878,3182,5,occurs_in_speaker_text
1150,3182,11,occurs_in_speaker_text
1194,3182,18,occurs_in_speaker_text
891,3182,3,occurs_in_speaker_text
1673,3182,1,occurs_in_speaker_text
575,3182,1,occurs_in_speaker_text
1034,3182,12,occurs_in_speaker_text
1628,3182,1,occurs_in_speaker_text
2360,3182,2,occurs_in_speaker_text
1876,3182,1,occurs_in_speaker_text
2393,3183,1,occurs_in_speaker_text
222,3183,2,occurs_in_speaker_text
856,3183,2,occurs_in_speaker_text
1095,3183,1,occurs_in_speaker_text
666,3183,1,occurs_in_speaker_text
2977,3183,1,occurs_in_speaker_text
2360,3184,1,occurs_in_speaker_text
348,3184,1,occurs_in_speaker_text
752,3184,1,occurs_in_speaker_text
1193,3184,1,occurs_in_speaker_text
1656,3184,1,occurs_in_speaker_text
1357,3184,1,occurs_in_speaker_text
1034,3184,3,occurs_in_speaker_text
891,3184,1,occurs_in_speaker_text
2633,3185,8,occurs_in_speaker_text
1263,3185,4,occurs_in_speaker_text
1193,3185,1,occurs_in_speaker_text
1034,3185,3,occurs_in_speaker_text
891,3185,2,occurs_in_speaker_text
2644,3185,1,occurs_in_speaker_text
1051,3185,2,occurs_in_speaker_text
666,3185,2,occurs_in_speaker_text
1611,3185,1,occurs_in_speaker_text
1250,3185,2,occurs_in_speaker_text
1353,3185,2,occurs_in_speaker_text
1823,3185,2,occurs_in_speaker_text
2703,3185,6,occurs_in_speaker_text
1974,3185,1,occurs_in_speaker_text
1918,3185,1,occurs_in_speaker_text
2765,3185,1,occurs_in_speaker_text
380,3185,2,occurs_in_speaker_text
2805,3185,2,occurs_in_speaker_text
800,3185,1,occurs_in_speaker_text
666,3186,2,occurs_in_speaker_text
1034,3186,1,occurs_in_speaker_text
2346,3186,1,occurs_in_speaker_text
159,3187,1,occurs_in_speaker_text
1304,3187,1,occurs_in_speaker_text
631,3187,1,occurs_in_speaker_text
2477,3187,4,occurs_in_speaker_text
1557,3187,1,occurs_in_speaker_text
666,3187,3,occurs_in_speaker_text
2250,3187,1,occurs_in_speaker_text
752,3187,7,occurs_in_speaker_text
780,3187,1,occurs_in_speaker_text
1829,3187,1,occurs_in_speaker_text
119,3187,1,occurs_in_speaker_text
340,3187,1,occurs_in_speaker_text
447,3187,1,occurs_in_speaker_text
353,3187,1,occurs_in_speaker_text
1894,3187,1,occurs_in_speaker_text
2554,3187,1,occurs_in_speaker_text
2360,3187,1,occurs_in_speaker_text
3081,3187,1,occurs_in_speaker_text
1263,3187,1,occurs_in_speaker_text
1051,3187,1,occurs_in_speaker_text
800,3187,1,occurs_in_speaker_text
548,3187,1,occurs_in_speaker_text
856,3187,1,occurs_in_speaker_text
667,3187,3,occurs_in_speaker_text
1034,3187,1,occurs_in_speaker_text
1935,3188,1,occurs_in_speaker_text
222,3188,1,occurs_in_speaker_text
1034,3188,2,occurs_in_speaker_text
1250,3188,1,occurs_in_speaker_text
666,3188,1,occurs_in_speaker_text
1130,3189,1,occurs_in_speaker_text
666,3189,2,occurs_in_speaker_text
222,3189,4,occurs_in_speaker_text
815,3190,3,occurs_in_speaker_text
1193,3190,1,occurs_in_speaker_text
2612,3190,1,occurs_in_speaker_text
642,3190,1,occurs_in_speaker_text
891,3190,1,occurs_in_speaker_text
824,3190,1,occurs_in_speaker_text
1051,3190,1,occurs_in_speaker_text
1263,3190,1,occurs_in_speaker_text
1034,3190,2,occurs_in_speaker_text
2054,3190,1,occurs_in_speaker_text
752,3190,1,occurs_in_speaker_text
1250,3191,2,occurs_in_speaker_text
2263,3191,3,occurs_in_speaker_text
2095,3191,8,occurs_in_speaker_text
100,3191,4,occurs_in_speaker_text
2667,3191,1,occurs_in_speaker_text
222,3191,5,occurs_in_speaker_text
129,3191,1,occurs_in_speaker_text
666,3191,11,occurs_in_speaker_text
2650,3191,2,occurs_in_speaker_text
1260,3191,2,occurs_in_speaker_text
27,3191,1,occurs_in_speaker_text
2013,3191,2,occurs_in_speaker_text
484,3191,1,occurs_in_speaker_text
1536,3191,1,occurs_in_speaker_text
1051,3191,2,occurs_in_speaker_text
1475,3191,1,occurs_in_speaker_text
2360,3191,1,occurs_in_speaker_text
2260,3191,1,occurs_in_speaker_text
1823,3191,5,occurs_in_speaker_text
490,3191,1,occurs_in_speaker_text
2191,3191,3,occurs_in_speaker_text
2805,3191,2,occurs_in_speaker_text
1611,3191,1,occurs_in_speaker_text
1548,3191,2,occurs_in_speaker_text
1263,3191,2,occurs_in_speaker_text
2252,3191,1,occurs_in_speaker_text
1128,3191,1,occurs_in_speaker_text
1193,3191,1,occurs_in_speaker_text
1034,3191,1,occurs_in_speaker_text
355,3191,1,occurs_in_speaker_text
1034,3192,10,occurs_in_speaker_text
666,3192,3,occurs_in_speaker_text
1823,3192,1,occurs_in_speaker_text
1611,3192,1,occurs_in_speaker_text
2095,3192,1,occurs_in_speaker_text
932,3192,1,occurs_in_speaker_text
1656,3192,1,occurs_in_speaker_text
2518,3192,1,occurs_in_speaker_text
2360,3192,1,occurs_in_speaker_text
2765,3192,1,occurs_in_speaker_text
1193,3192,1,occurs_in_speaker_text
2136,3192,1,occurs_in_speaker_text
1612,3192,1,occurs_in_speaker_text
222,3192,1,occurs_in_speaker_text
666,3193,7,occurs_in_speaker_text
222,3193,9,occurs_in_speaker_text
1034,3193,7,occurs_in_speaker_text
879,3193,1,occurs_in_speaker_text
2103,3193,1,occurs_in_speaker_text
596,3193,1,occurs_in_speaker_text
2878,3193,1,occurs_in_speaker_text
2918,3193,1,occurs_in_speaker_text
1924,3193,1,occurs_in_speaker_text
742,3193,2,occurs_in_speaker_text
1250,3193,1,occurs_in_speaker_text
1193,3193,2,occurs_in_speaker_text
932,3193,1,occurs_in_speaker_text
2412,3193,1,occurs_in_speaker_text
3096,3193,1,occurs_in_speaker_text
2095,3193,1,occurs_in_speaker_text
2360,3193,1,occurs_in_speaker_text
444,3193,1,occurs_in_speaker_text
1876,3193,1,occurs_in_speaker_text
2263,3193,1,occurs_in_speaker_text
1468,3193,1,occurs_in_speaker_text
1823,3193,1,occurs_in_speaker_text
2477,3193,1,occurs_in_speaker_text
2133,3193,1,occurs_in_speaker_text
1034,3194,16,occurs_in_speaker_text
813,3194,1,occurs_in_speaker_text
752,3194,5,occurs_in_speaker_text
881,3194,1,occurs_in_speaker_text
444,3194,2,occurs_in_speaker_text
2477,3194,4,occurs_in_speaker_text
2878,3194,1,occurs_in_speaker_text
561,3194,1,occurs_in_speaker_text
201,3194,1,occurs_in_speaker_text
2380,3194,1,occurs_in_speaker_text
2286,3194,1,occurs_in_speaker_text
1746,3194,1,occurs_in_speaker_text
2360,3194,1,occurs_in_speaker_text
298,3194,1,occurs_in_speaker_text
2108,3195,1,occurs_in_speaker_text
1193,3195,1,occurs_in_speaker_text
2775,3195,1,occurs_in_speaker_text
1034,3196,3,occurs_in_speaker_text
1051,3196,2,occurs_in_speaker_text
2548,3196,1,occurs_in_speaker_text
666,3196,1,occurs_in_speaker_text
1034,3197,10,occurs_in_speaker_text
222,3197,12,occurs_in_speaker_text
2302,3197,1,occurs_in_speaker_text
2857,3197,1,occurs_in_speaker_text
2648,3197,1,occurs_in_speaker_text
1156,3197,1,occurs_in_speaker_text
2878,3197,1,occurs_in_speaker_text
575,3197,1,occurs_in_speaker_text
2168,3197,1,occurs_in_speaker_text
1535,3197,1,occurs_in_speaker_text
1097,3197,1,occurs_in_speaker_text
666,3197,3,occurs_in_speaker_text
1192,3197,1,occurs_in_speaker_text
2388,3197,1,occurs_in_speaker_text
2024,3197,1,occurs_in_speaker_text
1034,3198,15,occurs_in_speaker_text
2821,3198,1,occurs_in_speaker_text
1263,3198,1,occurs_in_speaker_text
222,3198,1,occurs_in_speaker_text
752,3198,1,occurs_in_speaker_text
1357,3198,1,occurs_in_speaker_text
1725,3198,1,occurs_in_speaker_text
2932,3198,1,occurs_in_speaker_text
1250,3198,1,occurs_in_speaker_text
2878,3198,1,occurs_in_speaker_text
891,3198,1,occurs_in_speaker_text
1351,3198,1,occurs_in_speaker_text
666,3199,16,occurs_in_speaker_text
2108,3199,1,occurs_in_speaker_text
1250,3199,1,occurs_in_speaker_text
1034,3199,11,occurs_in_speaker_text
3080,3199,1,occurs_in_speaker_text
2451,3199,1,occurs_in_speaker_text
1711,3199,4,occurs_in_speaker_text
2554,3199,1,occurs_in_speaker_text
1313,3199,1,occurs_in_speaker_text
2851,3199,1,occurs_in_speaker_text
2440,3199,1,occurs_in_speaker_text
1193,3199,2,occurs_in_speaker_text
933,3199,1,occurs_in_speaker_text
1260,3199,1,occurs_in_speaker_text
1051,3199,1,occurs_in_speaker_text
1446,3199,2,occurs_in_speaker_text
2790,3199,1,occurs_in_speaker_text
2360,3199,1,occurs_in_speaker_text
1398,3199,1,occurs_in_speaker_text
1788,3199,1,occurs_in_speaker_text
722,3199,1,occurs_in_speaker_text
1034,3200,4,occurs_in_speaker_text
2177,3200,3,occurs_in_speaker_text
2034,3200,1,occurs_in_speaker_text
1107,3200,2,occurs_in_speaker_text
1051,3200,1,occurs_in_speaker_text
999,3200,1,occurs_in_speaker_text
932,3200,1,occurs_in_speaker_text
666,3201,5,occurs_in_speaker_text
222,3201,1,occurs_in_speaker_text
1051,3201,5,occurs_in_speaker_text
1611,3201,1,occurs_in_speaker_text
856,3201,1,occurs_in_speaker_text
132,3201,1,occurs_in_speaker_text
1034,3201,6,occurs_in_speaker_text
579,3201,1,occurs_in_speaker_text
1250,3201,1,occurs_in_speaker_text
2533,3201,1,occurs_in_speaker_text
2360,3201,1,occurs_in_speaker_text
1194,3201,1,occurs_in_speaker_text
2393,3202,2,occurs_in_speaker_text
1876,3202,1,occurs_in_speaker_text
2805,3202,1,occurs_in_speaker_text
582,3202,1,occurs_in_speaker_text
666,3202,2,occurs_in_speaker_text
1034,3202,2,occurs_in_speaker_text
222,3203,4,occurs_in_speaker_text
1034,3203,8,occurs_in_speaker_text
891,3203,1,occurs_in_speaker_text
1051,3203,1,occurs_in_speaker_text
1194,3203,1,occurs_in_speaker_text
1034,3204,6,occurs_in_speaker_text
1823,3204,1,occurs_in_speaker_text
1250,3204,1,occurs_in_speaker_text
1797,3204,1,occurs_in_speaker_text
222,3204,3,occurs_in_speaker_text
2489,3204,1,occurs_in_speaker_text
2391,3204,6,occurs_in_speaker_text
2254,3204,2,occurs_in_speaker_text
1034,3205,18,occurs_in_speaker_text
266,3205,1,occurs_in_speaker_text
2380,3205,2,occurs_in_speaker_text
265,3205,1,occurs_in_speaker_text
944,3205,1,occurs_in_speaker_text
70,3205,1,occurs_in_speaker_text
2477,3205,10,occurs_in_speaker_text
1051,3205,3,occurs_in_speaker_text
2972,3205,1,occurs_in_speaker_text
2360,3205,7,occurs_in_speaker_text
2878,3205,3,occurs_in_speaker_text
1611,3205,5,occurs_in_speaker_text
666,3205,6,occurs_in_speaker_text
1193,3205,3,occurs_in_speaker_text
1176,3205,1,occurs_in_speaker_text
1450,3205,1,occurs_in_speaker_text
2602,3205,1,occurs_in_speaker_text
2766,3205,1,occurs_in_speaker_text
136,3205,3,occurs_in_speaker_text
2017,3205,1,occurs_in_speaker_text
804,3205,1,occurs_in_speaker_text
2251,3205,1,occurs_in_speaker_text
312,3205,2,occurs_in_speaker_text
2862,3205,1,occurs_in_speaker_text
2977,3205,2,occurs_in_speaker_text
1704,3205,3,occurs_in_speaker_text
1676,3205,1,occurs_in_speaker_text
2518,3205,1,occurs_in_speaker_text
1544,3205,1,occurs_in_speaker_text
1260,3205,2,occurs_in_speaker_text
2236,3205,1,occurs_in_speaker_text
840,3205,1,occurs_in_speaker_text
1910,3205,1,occurs_in_speaker_text
1496,3205,1,occurs_in_speaker_text
158,3205,1,occurs_in_speaker_text
869,3205,1,occurs_in_speaker_text
1203,3205,1,occurs_in_speaker_text
1876,3205,4,occurs_in_speaker_text
2250,3205,1,occurs_in_speaker_text
855,3205,1,occurs_in_speaker_text
850,3205,1,occurs_in_speaker_text
151,3205,1,occurs_in_speaker_text
780,3205,1,occurs_in_speaker_text
2411,3205,1,occurs_in_speaker_text
1657,3205,1,occurs_in_speaker_text
279,3205,1,occurs_in_speaker_text
752,3205,1,occurs_in_speaker_text
667,3205,1,occurs_in_speaker_text
2228,3206,1,occurs_in_speaker_text
2191,3206,1,occurs_in_speaker_text
222,3206,6,occurs_in_speaker_text
949,3206,1,occurs_in_speaker_text
1250,3206,1,occurs_in_speaker_text
1823,3206,3,occurs_in_speaker_text
2477,3206,3,occurs_in_speaker_text
1034,3206,9,occurs_in_speaker_text
752,3206,3,occurs_in_speaker_text
3099,3206,1,occurs_in_speaker_text
922,3206,2,occurs_in_speaker_text
2412,3206,1,occurs_in_speaker_text
3096,3206,4,occurs_in_speaker_text
2137,3206,1,occurs_in_speaker_text
409,3206,1,occurs_in_speaker_text
666,3206,5,occurs_in_speaker_text
1141,3206,1,occurs_in_speaker_text
1051,3206,4,occurs_in_speaker_text
444,3206,1,occurs_in_speaker_text
1611,3206,2,occurs_in_speaker_text
245,3206,1,occurs_in_speaker_text
1277,3206,1,occurs_in_speaker_text
1193,3206,1,occurs_in_speaker_text
1000,3206,1,occurs_in_speaker_text
2181,3206,1,occurs_in_speaker_text
135,3206,1,occurs_in_speaker_text
667,3206,2,occurs_in_speaker_text
2805,3206,1,occurs_in_speaker_text
2134,3206,1,occurs_in_speaker_text
2819,3206,1,occurs_in_speaker_text
2934,3206,1,occurs_in_speaker_text
2263,3206,4,occurs_in_speaker_text
1260,3206,1,occurs_in_speaker_text
1034,3207,1,occurs_in_speaker_text
856,3208,1,occurs_in_speaker_text
666,3208,8,occurs_in_speaker_text
2095,3208,5,occurs_in_speaker_text
2380,3208,1,occurs_in_speaker_text
1641,3208,2,occurs_in_speaker_text
444,3208,2,occurs_in_speaker_text
1550,3208,1,occurs_in_speaker_text
672,3208,1,occurs_in_speaker_text
3087,3208,2,occurs_in_speaker_text
1051,3208,8,occurs_in_speaker_text
2936,3208,1,occurs_in_speaker_text
752,3208,2,occurs_in_speaker_text
2862,3208,1,occurs_in_speaker_text
1034,3208,3,occurs_in_speaker_text
222,3208,4,occurs_in_speaker_text
2655,3208,1,occurs_in_speaker_text
1794,3208,1,occurs_in_speaker_text
1581,3208,1,occurs_in_speaker_text
609,3208,2,occurs_in_speaker_text
2478,3208,1,occurs_in_speaker_text
1480,3208,1,occurs_in_speaker_text
891,3208,1,occurs_in_speaker_text
2633,3208,1,occurs_in_speaker_text
38,3208,1,occurs_in_speaker_text
2357,3208,1,occurs_in_speaker_text
1976,3208,1,occurs_in_speaker_text
927,3208,1,occurs_in_speaker_text
1127,3208,1,occurs_in_speaker_text
1250,3208,1,occurs_in_speaker_text
1357,3208,1,occurs_in_speaker_text
1974,3208,1,occurs_in_speaker_text
2360,3208,1,occurs_in_speaker_text
14,3208,1,occurs_in_speaker_text
977,3208,1,occurs_in_speaker_text
1193,3208,1,occurs_in_speaker_text
1194,3208,1,occurs_in_speaker_text
158,3208,1,occurs_in_speaker_text
1353,3208,1,occurs_in_speaker_text
3094,3208,1,occurs_in_speaker_text
891,3209,3,occurs_in_speaker_text
1051,3209,1,occurs_in_speaker_text
666,3209,2,occurs_in_speaker_text
1034,3209,8,occurs_in_speaker_text
752,3209,1,occurs_in_speaker_text
1662,3209,1,occurs_in_speaker_text
1051,3210,1,occurs_in_speaker_text
2477,3210,6,occurs_in_speaker_text
891,3210,1,occurs_in_speaker_text
1193,3210,1,occurs_in_speaker_text
985,3210,2,occurs_in_speaker_text
2076,3210,2,occurs_in_speaker_text
1034,3210,7,occurs_in_speaker_text
1553,3210,1,occurs_in_speaker_text
2491,3210,2,occurs_in_speaker_text
1656,3210,1,occurs_in_speaker_text
1428,3210,1,occurs_in_speaker_text
2878,3210,1,occurs_in_speaker_text
1316,3210,1,occurs_in_speaker_text
666,3210,1,occurs_in_speaker_text
300,3210,1,occurs_in_speaker_text
2805,3210,1,occurs_in_speaker_text
1715,3210,1,occurs_in_speaker_text
1548,3210,1,occurs_in_speaker_text
666,3211,1,occurs_in_speaker_text
1529,3211,1,occurs_in_speaker_text
1034,3211,1,occurs_in_speaker_text
222,3211,1,occurs_in_speaker_text
1034,3212,2,occurs_in_speaker_text
444,3213,3,occurs_in_speaker_text
2833,3213,1,occurs_in_speaker_text
981,3213,1,occurs_in_speaker_text
666,3213,8,occurs_in_speaker_text
1372,3213,1,occurs_in_speaker_text
1034,3213,11,occurs_in_speaker_text
1268,3213,1,occurs_in_speaker_text
840,3213,1,occurs_in_speaker_text
796,3213,1,occurs_in_speaker_text
2115,3213,1,occurs_in_speaker_text
1202,3213,1,occurs_in_speaker_text
2477,3213,4,occurs_in_speaker_text
2878,3213,1,occurs_in_speaker_text
808,3213,1,occurs_in_speaker_text
2518,3213,1,occurs_in_speaker_text
1719,3213,1,occurs_in_speaker_text
3085,3213,1,occurs_in_speaker_text
2465,3213,1,occurs_in_speaker_text
1001,3213,4,occurs_in_speaker_text
1263,3213,2,occurs_in_speaker_text
1878,3213,1,occurs_in_speaker_text
222,3213,2,occurs_in_speaker_text
1656,3213,3,occurs_in_speaker_text
2134,3213,1,occurs_in_speaker_text
2076,3213,1,occurs_in_speaker_text
2977,3213,1,occurs_in_speaker_text
929,3213,1,occurs_in_speaker_text
2391,3214,1,occurs_in_speaker_text
1823,3214,3,occurs_in_speaker_text
1592,3214,1,occurs_in_speaker_text
2076,3214,1,occurs_in_speaker_text
686,3214,1,occurs_in_speaker_text
2313,3214,1,occurs_in_speaker_text
666,3214,1,occurs_in_speaker_text
2017,3214,1,occurs_in_speaker_text
760,3214,8,occurs_in_speaker_text
1034,3214,8,occurs_in_speaker_text
2977,3214,1,occurs_in_speaker_text
575,3214,1,occurs_in_speaker_text
2477,3214,2,occurs_in_speaker_text
2190,3214,1,occurs_in_speaker_text
2024,3214,1,occurs_in_speaker_text
168,3214,1,occurs_in_speaker_text
1051,3214,1,occurs_in_speaker_text
1073,3214,1,occurs_in_speaker_text
2710,3214,1,occurs_in_speaker_text
752,3214,1,occurs_in_speaker_text
2477,3215,9,occurs_in_speaker_text
1198,3215,1,occurs_in_speaker_text
1876,3215,2,occurs_in_speaker_text
1732,3215,5,occurs_in_speaker_text
52,3215,1,occurs_in_speaker_text
1589,3215,1,occurs_in_speaker_text
1619,3215,1,occurs_in_speaker_text
395,3215,1,occurs_in_speaker_text
670,3215,1,occurs_in_speaker_text
1001,3215,1,occurs_in_speaker_text
667,3215,1,occurs_in_speaker_text
1668,3215,1,occurs_in_speaker_text
2633,3215,4,occurs_in_speaker_text
666,3215,2,occurs_in_speaker_text
2879,3215,1,occurs_in_speaker_text
2583,3215,4,occurs_in_speaker_text
2878,3215,3,occurs_in_speaker_text
1034,3215,5,occurs_in_speaker_text
1051,3215,6,occurs_in_speaker_text
1238,3215,1,occurs_in_speaker_text
2805,3215,1,occurs_in_speaker_text
786,3215,1,occurs_in_speaker_text
932,3215,2,occurs_in_speaker_text
609,3215,1,occurs_in_speaker_text
3024,3215,1,occurs_in_speaker_text
1641,3215,1,occurs_in_speaker_text
1225,3215,1,occurs_in_speaker_text
312,3215,3,occurs_in_speaker_text
2380,3215,2,occurs_in_speaker_text
24,3215,1,occurs_in_speaker_text
2886,3215,1,occurs_in_speaker_text
64,3215,1,occurs_in_speaker_text
2820,3215,1,occurs_in_speaker_text
536,3215,1,occurs_in_speaker_text
2015,3215,1,occurs_in_speaker_text
2604,3215,1,occurs_in_speaker_text
575,3215,1,occurs_in_speaker_text
2360,3215,3,occurs_in_speaker_text
3016,3215,1,occurs_in_speaker_text
1988,3215,1,occurs_in_speaker_text
1656,3215,1,occurs_in_speaker_text
1086,3215,1,occurs_in_speaker_text
2361,3215,2,occurs_in_speaker_text
444,3215,1,occurs_in_speaker_text
1074,3215,1,occurs_in_speaker_text
3079,3215,1,occurs_in_speaker_text
1611,3215,2,occurs_in_speaker_text
1823,3215,2,occurs_in_speaker_text
549,3215,1,occurs_in_speaker_text
2518,3215,3,occurs_in_speaker_text
1263,3215,1,occurs_in_speaker_text
1194,3215,1,occurs_in_speaker_text
222,3215,4,occurs_in_speaker_text
124,3215,1,occurs_in_speaker_text
136,3215,1,occurs_in_speaker_text
1280,3215,1,occurs_in_speaker_text
781,3215,1,occurs_in_speaker_text
1023,3215,1,occurs_in_speaker_text
1034,3216,16,occurs_in_speaker_text
1250,3216,3,occurs_in_speaker_text
288,3216,2,occurs_in_speaker_text
1727,3216,1,occurs_in_speaker_text
1641,3216,1,occurs_in_speaker_text
2967,3216,3,occurs_in_speaker_text
717,3216,1,occurs_in_speaker_text
1397,3216,1,occurs_in_speaker_text
313,3216,1,occurs_in_speaker_text
641,3216,1,occurs_in_speaker_text
1733,3216,1,occurs_in_speaker_text
2678,3216,1,occurs_in_speaker_text
1823,3216,6,occurs_in_speaker_text
2438,3216,3,occurs_in_speaker_text
1378,3216,1,occurs_in_speaker_text
178,3216,1,occurs_in_speaker_text
666,3216,7,occurs_in_speaker_text
1482,3216,1,occurs_in_speaker_text
752,3216,8,occurs_in_speaker_text
1366,3216,8,occurs_in_speaker_text
1193,3216,1,occurs_in_speaker_text
1564,3216,1,occurs_in_speaker_text
616,3216,4,occurs_in_speaker_text
445,3216,1,occurs_in_speaker_text
2328,3216,3,occurs_in_speaker_text
2845,3216,2,occurs_in_speaker_text
409,3216,1,occurs_in_speaker_text
691,3216,1,occurs_in_speaker_text
1924,3216,1,occurs_in_speaker_text
222,3216,4,occurs_in_speaker_text
2269,3216,1,occurs_in_speaker_text
2360,3216,9,occurs_in_speaker_text
1984,3216,1,occurs_in_speaker_text
891,3216,5,occurs_in_speaker_text
1721,3216,1,occurs_in_speaker_text
1425,3216,1,occurs_in_speaker_text
143,3216,1,occurs_in_speaker_text
1593,3216,1,occurs_in_speaker_text
667,3216,1,occurs_in_speaker_text
158,3216,1,occurs_in_speaker_text
906,3216,1,occurs_in_speaker_text
1051,3216,5,occurs_in_speaker_text
270,3216,1,occurs_in_speaker_text
1462,3216,1,occurs_in_speaker_text
1988,3216,2,occurs_in_speaker_text
183,3216,1,occurs_in_speaker_text
1134,3216,1,occurs_in_speaker_text
2627,3216,1,occurs_in_speaker_text
2633,3216,2,occurs_in_speaker_text
1115,3216,1,occurs_in_speaker_text
1645,3216,1,occurs_in_speaker_text
1876,3216,1,occurs_in_speaker_text
1656,3216,5,occurs_in_speaker_text
2477,3216,4,occurs_in_speaker_text
759,3216,1,occurs_in_speaker_text
1871,3216,1,occurs_in_speaker_text
2108,3216,2,occurs_in_speaker_text
2156,3216,1,occurs_in_speaker_text
2251,3216,5,occurs_in_speaker_text
1212,3216,1,occurs_in_speaker_text
2050,3216,1,occurs_in_speaker_text
699,3216,1,occurs_in_speaker_text
194,3216,1,occurs_in_speaker_text
1611,3216,1,occurs_in_speaker_text
2076,3216,1,occurs_in_speaker_text
510,3216,1,occurs_in_speaker_text
1944,3216,1,occurs_in_speaker_text
1263,3216,1,occurs_in_speaker_text
1872,3216,1,occurs_in_speaker_text
1280,3216,1,occurs_in_speaker_text
3017,3216,1,occurs_in_speaker_text
1238,3216,1,occurs_in_speaker_text
417,3216,1,occurs_in_speaker_text
2939,3216,1,occurs_in_speaker_text
475,3216,1,occurs_in_speaker_text
312,3217,1,occurs_in_speaker_text
601,3217,1,occurs_in_speaker_text
1316,3217,1,occurs_in_speaker_text
1051,3217,2,occurs_in_speaker_text
891,3217,1,occurs_in_speaker_text
445,3217,1,occurs_in_speaker_text
610,3217,1,occurs_in_speaker_text
1786,3217,2,occurs_in_speaker_text
1034,3217,3,occurs_in_speaker_text
2360,3217,1,occurs_in_speaker_text
1250,3217,3,occurs_in_speaker_text
752,3217,1,occurs_in_speaker_text
1213,3217,1,occurs_in_speaker_text
2266,3217,1,occurs_in_speaker_text
875,3218,1,occurs_in_speaker_text
1034,3218,5,occurs_in_speaker_text
2258,3218,1,occurs_in_speaker_text
2360,3218,1,occurs_in_speaker_text
1051,3218,3,occurs_in_speaker_text
222,3218,2,occurs_in_speaker_text
1193,3218,1,occurs_in_speaker_text
2391,3218,1,occurs_in_speaker_text
666,3218,3,occurs_in_speaker_text
1700,3218,1,occurs_in_speaker_text
2661,3218,2,occurs_in_speaker_text
1435,3218,1,occurs_in_speaker_text
752,3218,2,occurs_in_speaker_text
2177,3218,1,occurs_in_speaker_text
272,3219,1,occurs_in_speaker_text
1120,3219,1,occurs_in_speaker_text
2525,3219,1,occurs_in_speaker_text
722,3219,5,occurs_in_speaker_text
1829,3219,1,occurs_in_speaker_text
1051,3219,3,occurs_in_speaker_text
856,3219,1,occurs_in_speaker_text
2346,3219,1,occurs_in_speaker_text
2412,3219,1,occurs_in_speaker_text
840,3219,1,occurs_in_speaker_text
2604,3219,1,occurs_in_speaker_text
2477,3219,2,occurs_in_speaker_text
577,3219,1,occurs_in_speaker_text
1570,3219,1,occurs_in_speaker_text
2095,3219,2,occurs_in_speaker_text
1686,3219,1,occurs_in_speaker_text
2530,3219,1,occurs_in_speaker_text
1819,3219,1,occurs_in_speaker_text
1250,3219,2,occurs_in_speaker_text
2009,3219,1,occurs_in_speaker_text
561,3219,2,occurs_in_speaker_text
2121,3219,1,occurs_in_speaker_text
1260,3219,1,occurs_in_speaker_text
666,3219,4,occurs_in_speaker_text
1238,3219,1,occurs_in_speaker_text
1082,3219,1,occurs_in_speaker_text
1039,3219,1,occurs_in_speaker_text
981,3219,1,occurs_in_speaker_text
1357,3219,1,occurs_in_speaker_text
1732,3219,2,occurs_in_speaker_text
2212,3219,1,occurs_in_speaker_text
1034,3219,1,occurs_in_speaker_text
1852,3219,1,occurs_in_speaker_text
2031,3219,1,occurs_in_speaker_text
752,3219,2,occurs_in_speaker_text
1006,3219,1,occurs_in_speaker_text
1912,3219,1,occurs_in_speaker_text
3094,3219,1,occurs_in_speaker_text
2518,3219,1,occurs_in_speaker_text
3034,3219,1,occurs_in_speaker_text
2251,3219,1,occurs_in_speaker_text
3096,3219,1,occurs_in_speaker_text
1074,3219,1,occurs_in_speaker_text
1246,3219,1,occurs_in_speaker_text
222,3220,6,occurs_in_speaker_text
58,3220,1,occurs_in_speaker_text
666,3220,22,occurs_in_speaker_text
752,3220,8,occurs_in_speaker_text
981,3220,1,occurs_in_speaker_text
2977,3220,1,occurs_in_speaker_text
2360,3220,8,occurs_in_speaker_text
2095,3220,1,occurs_in_speaker_text
1182,3220,1,occurs_in_speaker_text
1641,3220,2,occurs_in_speaker_text
14,3220,1,occurs_in_speaker_text
1194,3220,3,occurs_in_speaker_text
1193,3220,3,occurs_in_speaker_text
1034,3220,19,occurs_in_speaker_text
1156,3220,1,occurs_in_speaker_text
1801,3220,1,occurs_in_speaker_text
2477,3220,3,occurs_in_speaker_text
722,3220,2,occurs_in_speaker_text
616,3220,2,occurs_in_speaker_text
1051,3220,3,occurs_in_speaker_text
1260,3220,1,occurs_in_speaker_text
2835,3220,1,occurs_in_speaker_text
2878,3220,3,occurs_in_speaker_text
1924,3220,2,occurs_in_speaker_text
1440,3220,1,occurs_in_speaker_text
2787,3220,1,occurs_in_speaker_text
2643,3220,1,occurs_in_speaker_text
1464,3220,1,occurs_in_speaker_text
114,3220,1,occurs_in_speaker_text
1767,3220,1,occurs_in_speaker_text
382,3220,1,occurs_in_speaker_text
667,3220,3,occurs_in_speaker_text
1250,3220,4,occurs_in_speaker_text
135,3220,1,occurs_in_speaker_text
52,3220,2,occurs_in_speaker_text
2380,3220,1,occurs_in_speaker_text
2518,3220,2,occurs_in_speaker_text
1876,3220,1,occurs_in_speaker_text
1176,3220,1,occurs_in_speaker_text
1988,3220,2,occurs_in_speaker_text
1313,3220,1,occurs_in_speaker_text
996,3220,1,occurs_in_speaker_text
1465,3220,1,occurs_in_speaker_text
2203,3220,1,occurs_in_speaker_text
891,3220,1,occurs_in_speaker_text
1611,3220,1,occurs_in_speaker_text
1263,3220,1,occurs_in_speaker_text
1392,3220,1,occurs_in_speaker_text
2076,3220,1,occurs_in_speaker_text
235,3220,1,occurs_in_speaker_text
49,3220,1,occurs_in_speaker_text
312,3220,1,occurs_in_speaker_text
1732,3220,1,occurs_in_speaker_text
579,3220,1,occurs_in_speaker_text
780,3220,1,occurs_in_speaker_text
1034,3221,16,occurs_in_speaker_text
1780,3221,1,occurs_in_speaker_text
1194,3221,1,occurs_in_speaker_text
666,3221,3,occurs_in_speaker_text
752,3221,3,occurs_in_speaker_text
932,3221,2,occurs_in_speaker_text
1436,3221,1,occurs_in_speaker_text
1051,3221,1,occurs_in_speaker_text
1359,3221,1,occurs_in_speaker_text
1673,3221,1,occurs_in_speaker_text
222,3221,2,occurs_in_speaker_text
1983,3221,1,occurs_in_speaker_text
1193,3221,1,occurs_in_speaker_text
58,3221,1,occurs_in_speaker_text
2477,3221,2,occurs_in_speaker_text
2134,3221,1,occurs_in_speaker_text
2360,3221,1,occurs_in_speaker_text
1918,3222,11,occurs_in_speaker_text
1051,3222,1,occurs_in_speaker_text
222,3222,4,occurs_in_speaker_text
1194,3222,1,occurs_in_speaker_text
2193,3222,1,occurs_in_speaker_text
2477,3222,3,occurs_in_speaker_text
1263,3222,1,occurs_in_speaker_text
1400,3224,1,occurs_in_speaker_text
1194,3224,77,occurs_in_speaker_text
363,3224,3,occurs_in_speaker_text
1484,3224,2,occurs_in_speaker_text
1034,3224,1,occurs_in_speaker_text
222,3224,3,occurs_in_speaker_text
666,3225,1,occurs_in_speaker_text
1034,3225,2,occurs_in_speaker_text
2786,3225,1,occurs_in_speaker_text
2360,3226,3,occurs_in_speaker_text
529,3226,1,occurs_in_speaker_text
136,3226,1,occurs_in_speaker_text
1801,3226,1,occurs_in_speaker_text
2348,3226,1,occurs_in_speaker_text
1632,3226,1,occurs_in_speaker_text
1480,3226,2,occurs_in_speaker_text
14,3226,1,occurs_in_speaker_text
2477,3226,9,occurs_in_speaker_text
2228,3226,2,occurs_in_speaker_text
1194,3226,1,occurs_in_speaker_text
1611,3226,1,occurs_in_speaker_text
3092,3226,1,occurs_in_speaker_text
1097,3226,2,occurs_in_speaker_text
222,3226,14,occurs_in_speaker_text
1656,3226,5,occurs_in_speaker_text
47,3226,3,occurs_in_speaker_text
2518,3226,2,occurs_in_speaker_text
2181,3226,2,occurs_in_speaker_text
506,3226,1,occurs_in_speaker_text
2018,3226,1,occurs_in_speaker_text
1625,3226,1,occurs_in_speaker_text
2095,3226,3,occurs_in_speaker_text
444,3226,2,occurs_in_speaker_text
609,3226,1,occurs_in_speaker_text
2017,3226,1,occurs_in_speaker_text
2604,3226,1,occurs_in_speaker_text
499,3226,2,occurs_in_speaker_text
2263,3226,3,occurs_in_speaker_text
3045,3226,1,occurs_in_speaker_text
2076,3226,1,occurs_in_speaker_text
1034,3226,1,occurs_in_speaker_text
1924,3226,1,occurs_in_speaker_text
666,3226,1,occurs_in_speaker_text
1051,3226,2,occurs_in_speaker_text
1884,3226,1,occurs_in_speaker_text
2182,3226,1,occurs_in_speaker_text
2277,3227,3,occurs_in_speaker_text
2613,3227,7,occurs_in_speaker_text
1724,3227,1,occurs_in_speaker_text
1704,3227,1,occurs_in_speaker_text
1501,3227,1,occurs_in_speaker_text
1034,3227,9,occurs_in_speaker_text
1051,3227,1,occurs_in_speaker_text
2254,3227,1,occurs_in_speaker_text
752,3227,1,occurs_in_speaker_text
2263,3227,16,occurs_in_speaker_text
2074,3227,1,occurs_in_speaker_text
785,3227,1,occurs_in_speaker_text
1777,3227,1,occurs_in_speaker_text
530,3227,1,occurs_in_speaker_text
201,3227,1,occurs_in_speaker_text
2924,3227,1,occurs_in_speaker_text
2472,3227,1,occurs_in_speaker_text
867,3227,1,occurs_in_speaker_text
222,3227,3,occurs_in_speaker_text
1250,3227,5,occurs_in_speaker_text
239,3227,1,occurs_in_speaker_text
859,3227,1,occurs_in_speaker_text
40,3227,1,occurs_in_speaker_text
504,3227,1,occurs_in_speaker_text
2805,3227,1,occurs_in_speaker_text
2360,3227,1,occurs_in_speaker_text
874,3227,2,occurs_in_speaker_text
2041,3227,1,occurs_in_speaker_text
1316,3228,41,occurs_in_speaker_text
1095,3228,3,occurs_in_speaker_text
2999,3228,1,occurs_in_speaker_text
1521,3228,1,occurs_in_speaker_text
2157,3228,1,occurs_in_speaker_text
716,3228,1,occurs_in_speaker_text
800,3228,1,occurs_in_speaker_text
2679,3228,2,occurs_in_speaker_text
2191,3228,2,occurs_in_speaker_text
1656,3228,8,occurs_in_speaker_text
981,3228,21,occurs_in_speaker_text
1608,3228,1,occurs_in_speaker_text
2477,3228,16,occurs_in_speaker_text
2095,3228,7,occurs_in_speaker_text
2380,3228,2,occurs_in_speaker_text
382,3228,1,occurs_in_speaker_text
752,3228,1,occurs_in_speaker_text
2805,3228,1,occurs_in_speaker_text
2360,3228,2,occurs_in_speaker_text
2518,3228,20,occurs_in_speaker_text
2161,3228,1,occurs_in_speaker_text
1604,3228,1,occurs_in_speaker_text
2633,3228,5,occurs_in_speaker_text
2261,3228,1,occurs_in_speaker_text
1263,3228,2,occurs_in_speaker_text
1876,3228,2,occurs_in_speaker_text
1196,3228,2,occurs_in_speaker_text
474,3228,1,occurs_in_speaker_text
103,3228,1,occurs_in_speaker_text
977,3228,1,occurs_in_speaker_text
1823,3228,2,occurs_in_speaker_text
856,3228,1,occurs_in_speaker_text
3092,3228,11,occurs_in_speaker_text
1001,3228,1,occurs_in_speaker_text
1038,3228,1,occurs_in_speaker_text
71,3228,1,occurs_in_speaker_text
1250,3228,6,occurs_in_speaker_text
2298,3228,1,occurs_in_speaker_text
1034,3228,1,occurs_in_speaker_text
890,3228,1,occurs_in_speaker_text
1939,3228,1,occurs_in_speaker_text
932,3228,1,occurs_in_speaker_text
2940,3228,1,occurs_in_speaker_text
3,3228,2,occurs_in_speaker_text
1644,3228,1,occurs_in_speaker_text
2260,3228,2,occurs_in_speaker_text
2650,3228,2,occurs_in_speaker_text
2484,3228,1,occurs_in_speaker_text
2292,3228,1,occurs_in_speaker_text
2165,3228,1,occurs_in_speaker_text
972,3228,1,occurs_in_speaker_text
1618,3228,1,occurs_in_speaker_text
73,3229,3,occurs_in_speaker_text
2628,3229,1,occurs_in_speaker_text
2604,3229,1,occurs_in_speaker_text
1329,3229,1,occurs_in_speaker_text
666,3229,2,occurs_in_speaker_text
1034,3229,10,occurs_in_speaker_text
999,3229,2,occurs_in_speaker_text
2918,3229,1,occurs_in_speaker_text
1732,3230,13,occurs_in_speaker_text
86,3230,1,occurs_in_speaker_text
2477,3230,2,occurs_in_speaker_text
2554,3230,1,occurs_in_speaker_text
856,3230,2,occurs_in_speaker_text
1843,3230,12,occurs_in_speaker_text
2360,3230,5,occurs_in_speaker_text
2341,3230,4,occurs_in_speaker_text
82,3230,3,occurs_in_speaker_text
666,3230,11,occurs_in_speaker_text
2046,3230,1,occurs_in_speaker_text
1316,3230,1,occurs_in_speaker_text
1034,3230,4,occurs_in_speaker_text
537,3230,2,occurs_in_speaker_text
222,3230,2,occurs_in_speaker_text
1193,3230,1,occurs_in_speaker_text
2247,3230,3,occurs_in_speaker_text
93,3230,1,occurs_in_speaker_text
52,3231,1,occurs_in_speaker_text
1034,3231,7,occurs_in_speaker_text
752,3231,11,occurs_in_speaker_text
14,3231,1,occurs_in_speaker_text
981,3231,2,occurs_in_speaker_text
1704,3231,1,occurs_in_speaker_text
77,3231,1,occurs_in_speaker_text
2477,3231,3,occurs_in_speaker_text
2820,3231,1,occurs_in_speaker_text
3031,3231,1,occurs_in_speaker_text
1104,3231,1,occurs_in_speaker_text
2360,3231,2,occurs_in_speaker_text
2869,3231,1,occurs_in_speaker_text
2805,3231,1,occurs_in_speaker_text
2095,3231,2,occurs_in_speaker_text
1823,3231,2,occurs_in_speaker_text
594,3231,1,occurs_in_speaker_text
2518,3231,2,occurs_in_speaker_text
1801,3231,1,occurs_in_speaker_text
2637,3231,1,occurs_in_speaker_text
2108,3231,1,occurs_in_speaker_text
360,3231,2,occurs_in_speaker_text
666,3231,1,occurs_in_speaker_text
3092,3231,1,occurs_in_speaker_text
2619,3231,1,occurs_in_speaker_text
312,3232,1,occurs_in_speaker_text
891,3232,2,occurs_in_speaker_text
666,3232,1,occurs_in_speaker_text
880,3232,1,occurs_in_speaker_text
2095,3233,2,occurs_in_speaker_text
1034,3233,7,occurs_in_speaker_text
2360,3233,7,occurs_in_speaker_text
1223,3233,1,occurs_in_speaker_text
2869,3233,1,occurs_in_speaker_text
891,3233,3,occurs_in_speaker_text
1263,3233,1,occurs_in_speaker_text
1611,3233,1,occurs_in_speaker_text
2477,3233,4,occurs_in_speaker_text
444,3233,2,occurs_in_speaker_text
2805,3233,2,occurs_in_speaker_text
2664,3233,1,occurs_in_speaker_text
1051,3233,3,occurs_in_speaker_text
1711,3233,2,occurs_in_speaker_text
666,3233,10,occurs_in_speaker_text
2655,3233,1,occurs_in_speaker_text
856,3233,3,occurs_in_speaker_text
2228,3233,1,occurs_in_speaker_text
222,3233,4,occurs_in_speaker_text
445,3233,1,occurs_in_speaker_text
932,3233,2,occurs_in_speaker_text
2280,3233,1,occurs_in_speaker_text
1250,3233,5,occurs_in_speaker_text
752,3233,12,occurs_in_speaker_text
3096,3233,1,occurs_in_speaker_text
1823,3233,2,occurs_in_speaker_text
1742,3233,1,occurs_in_speaker_text
2348,3233,1,occurs_in_speaker_text
1442,3233,1,occurs_in_speaker_text
1313,3233,1,occurs_in_speaker_text
447,3233,1,occurs_in_speaker_text
2327,3233,1,occurs_in_speaker_text
1034,3234,12,occurs_in_speaker_text
222,3234,1,occurs_in_speaker_text
869,3234,1,occurs_in_speaker_text
666,3234,2,occurs_in_speaker_text
2360,3234,1,occurs_in_speaker_text
1238,3234,1,occurs_in_speaker_text
1720,3234,1,occurs_in_speaker_text
933,3234,1,occurs_in_speaker_text
430,3234,1,occurs_in_speaker_text
1051,3234,3,occurs_in_speaker_text
2263,3234,4,occurs_in_speaker_text
2095,3234,1,occurs_in_speaker_text
1193,3234,1,occurs_in_speaker_text
891,3234,1,occurs_in_speaker_text
1592,3235,1,occurs_in_speaker_text
1250,3235,23,occurs_in_speaker_text
2615,3235,1,occurs_in_speaker_text
2391,3235,1,occurs_in_speaker_text
2360,3235,35,occurs_in_speaker_text
2362,3235,1,occurs_in_speaker_text
2108,3235,3,occurs_in_speaker_text
1051,3235,7,occurs_in_speaker_text
752,3235,2,occurs_in_speaker_text
245,3235,1,occurs_in_speaker_text
312,3235,1,occurs_in_speaker_text
891,3235,1,occurs_in_speaker_text
122,3235,1,occurs_in_speaker_text
840,3235,3,occurs_in_speaker_text
1823,3235,8,occurs_in_speaker_text
2477,3235,13,occurs_in_speaker_text
1876,3235,2,occurs_in_speaker_text
666,3235,78,occurs_in_speaker_text
1533,3235,2,occurs_in_speaker_text
2657,3235,1,occurs_in_speaker_text
444,3235,9,occurs_in_speaker_text
431,3235,7,occurs_in_speaker_text
1034,3235,6,occurs_in_speaker_text
1082,3235,1,occurs_in_speaker_text
1293,3235,1,occurs_in_speaker_text
1656,3235,1,occurs_in_speaker_text
3039,3235,3,occurs_in_speaker_text
870,3235,1,occurs_in_speaker_text
2380,3235,10,occurs_in_speaker_text
249,3235,3,occurs_in_speaker_text
2531,3235,1,occurs_in_speaker_text
2095,3235,10,occurs_in_speaker_text
2722,3235,1,occurs_in_speaker_text
1480,3235,1,occurs_in_speaker_text
1024,3235,1,occurs_in_speaker_text
525,3235,1,occurs_in_speaker_text
1056,3235,1,occurs_in_speaker_text
1926,3235,3,occurs_in_speaker_text
379,3235,2,occurs_in_speaker_text
14,3235,4,occurs_in_speaker_text
1193,3235,3,occurs_in_speaker_text
453,3235,2,occurs_in_speaker_text
1641,3235,3,occurs_in_speaker_text
1879,3235,1,occurs_in_speaker_text
3049,3235,1,occurs_in_speaker_text
2266,3235,2,occurs_in_speaker_text
1732,3235,1,occurs_in_speaker_text
2655,3235,5,occurs_in_speaker_text
1704,3235,1,occurs_in_speaker_text
1175,3235,1,occurs_in_speaker_text
1843,3235,1,occurs_in_speaker_text
1516,3235,1,occurs_in_speaker_text
1696,3235,1,occurs_in_speaker_text
1194,3235,1,occurs_in_speaker_text
1946,3235,1,occurs_in_speaker_text
250,3235,1,occurs_in_speaker_text
180,3235,1,occurs_in_speaker_text
1880,3235,3,occurs_in_speaker_text
2554,3235,3,occurs_in_speaker_text
667,3235,3,occurs_in_speaker_text
2297,3235,1,occurs_in_speaker_text
2633,3235,1,occurs_in_speaker_text
2886,3235,2,occurs_in_speaker_text
71,3235,2,occurs_in_speaker_text
1632,3235,2,occurs_in_speaker_text
2112,3235,1,occurs_in_speaker_text
2228,3235,2,occurs_in_speaker_text
2680,3235,1,occurs_in_speaker_text
2719,3235,1,occurs_in_speaker_text
932,3235,1,occurs_in_speaker_text
616,3235,1,occurs_in_speaker_text
2423,3235,1,occurs_in_speaker_text
2207,3235,1,occurs_in_speaker_text
1962,3235,1,occurs_in_speaker_text
2651,3235,1,occurs_in_speaker_text
1611,3235,1,occurs_in_speaker_text
2050,3235,1,occurs_in_speaker_text
222,3235,1,occurs_in_speaker_text
984,3235,1,occurs_in_speaker_text
2806,3235,1,occurs_in_speaker_text
1280,3235,1,occurs_in_speaker_text
417,3235,2,occurs_in_speaker_text
728,3235,1,occurs_in_speaker_text
638,3235,2,occurs_in_speaker_text
410,3235,1,occurs_in_speaker_text
1834,3235,1,occurs_in_speaker_text
854,3235,1,occurs_in_speaker_text
1263,3235,3,occurs_in_speaker_text
1352,3235,1,occurs_in_speaker_text
951,3235,1,occurs_in_speaker_text
1238,3235,1,occurs_in_speaker_text
1815,3235,1,occurs_in_speaker_text
3093,3235,1,occurs_in_speaker_text
2956,3235,1,occurs_in_speaker_text
2561,3235,1,occurs_in_speaker_text
1323,3235,1,occurs_in_speaker_text
1457,3235,1,occurs_in_speaker_text
2626,3235,1,occurs_in_speaker_text
2518,3235,1,occurs_in_speaker_text
2492,3235,1,occurs_in_speaker_text
2604,3235,1,occurs_in_speaker_text
752,3236,4,occurs_in_speaker_text
1263,3236,1,occurs_in_speaker_text
1611,3236,2,occurs_in_speaker_text
666,3236,3,occurs_in_speaker_text
395,3236,1,occurs_in_speaker_text
1823,3236,1,occurs_in_speaker_text
1193,3236,1,occurs_in_speaker_text
1357,3236,1,occurs_in_speaker_text
2412,3236,1,occurs_in_speaker_text
957,3236,1,occurs_in_speaker_text
1034,3236,2,occurs_in_speaker_text
1732,3236,1,occurs_in_speaker_text
222,3236,1,occurs_in_speaker_text
2095,3236,1,occurs_in_speaker_text
666,3237,11,occurs_in_speaker_text
1721,3237,1,occurs_in_speaker_text
2391,3237,4,occurs_in_speaker_text
1548,3237,5,occurs_in_speaker_text
222,3237,3,occurs_in_speaker_text
2076,3237,1,occurs_in_speaker_text
675,3237,1,occurs_in_speaker_text
2562,3237,1,occurs_in_speaker_text
2548,3237,1,occurs_in_speaker_text
1860,3237,1,occurs_in_speaker_text
752,3237,7,occurs_in_speaker_text
1263,3237,1,occurs_in_speaker_text
2898,3237,1,occurs_in_speaker_text
1034,3237,3,occurs_in_speaker_text
1193,3237,5,occurs_in_speaker_text
489,3237,1,occurs_in_speaker_text
2197,3237,1,occurs_in_speaker_text
231,3237,2,occurs_in_speaker_text
3,3237,1,occurs_in_speaker_text
2214,3237,1,occurs_in_speaker_text
973,3237,1,occurs_in_speaker_text
30,3237,2,occurs_in_speaker_text
1366,3237,1,occurs_in_speaker_text
2477,3237,1,occurs_in_speaker_text
2156,3237,1,occurs_in_speaker_text
2209,3237,1,occurs_in_speaker_text
2254,3237,1,occurs_in_speaker_text
3088,3237,1,occurs_in_speaker_text
2360,3237,1,occurs_in_speaker_text
2004,3237,1,occurs_in_speaker_text
2562,3238,1,occurs_in_speaker_text
985,3238,1,occurs_in_speaker_text
2360,3238,9,occurs_in_speaker_text
1133,3238,2,occurs_in_speaker_text
2254,3238,1,occurs_in_speaker_text
2685,3238,1,occurs_in_speaker_text
2633,3238,2,occurs_in_speaker_text
1823,3238,1,occurs_in_speaker_text
891,3238,1,occurs_in_speaker_text
2982,3238,1,occurs_in_speaker_text
677,3238,1,occurs_in_speaker_text
2644,3238,2,occurs_in_speaker_text
383,3238,2,occurs_in_speaker_text
2177,3238,1,occurs_in_speaker_text
2832,3238,1,occurs_in_speaker_text
1656,3238,1,occurs_in_speaker_text
1034,3239,8,occurs_in_speaker_text
444,3239,1,occurs_in_speaker_text
2477,3239,9,occurs_in_speaker_text
1337,3239,1,occurs_in_speaker_text
16,3239,3,occurs_in_speaker_text
1732,3239,2,occurs_in_speaker_text
2046,3239,1,occurs_in_speaker_text
2878,3239,2,occurs_in_speaker_text
2655,3239,2,occurs_in_speaker_text
1359,3239,1,occurs_in_speaker_text
1193,3239,1,occurs_in_speaker_text
222,3239,8,occurs_in_speaker_text
946,3239,1,occurs_in_speaker_text
213,3239,1,occurs_in_speaker_text
1365,3239,1,occurs_in_speaker_text
752,3239,3,occurs_in_speaker_text
666,3239,6,occurs_in_speaker_text
2177,3239,1,occurs_in_speaker_text
2360,3239,2,occurs_in_speaker_text
1271,3239,1,occurs_in_speaker_text
1020,3239,2,occurs_in_speaker_text
1857,3239,6,occurs_in_speaker_text
1353,3239,1,occurs_in_speaker_text
1007,3239,1,occurs_in_speaker_text
932,3239,1,occurs_in_speaker_text
2583,3239,3,occurs_in_speaker_text
878,3239,1,occurs_in_speaker_text
1513,3239,1,occurs_in_speaker_text
2045,3239,1,occurs_in_speaker_text
175,3239,1,occurs_in_speaker_text
1156,3239,1,occurs_in_speaker_text
130,3239,1,occurs_in_speaker_text
1552,3239,1,occurs_in_speaker_text
1629,3239,1,occurs_in_speaker_text
488,3239,1,occurs_in_speaker_text
2604,3239,1,occurs_in_speaker_text
577,3239,1,occurs_in_speaker_text
2590,3239,1,occurs_in_speaker_text
2571,3239,1,occurs_in_speaker_text
341,3239,1,occurs_in_speaker_text
1845,3240,1,occurs_in_speaker_text
2483,3240,1,occurs_in_speaker_text
1034,3240,13,occurs_in_speaker_text
2804,3240,2,occurs_in_speaker_text
2634,3240,1,occurs_in_speaker_text
891,3240,3,occurs_in_speaker_text
2360,3240,1,occurs_in_speaker_text
1368,3240,1,occurs_in_speaker_text
222,3240,2,occurs_in_speaker_text
372,3240,1,occurs_in_speaker_text
936,3240,1,occurs_in_speaker_text
3025,3240,1,occurs_in_speaker_text
1639,3240,1,occurs_in_speaker_text
1263,3240,1,occurs_in_speaker_text
1532,3240,1,occurs_in_speaker_text
200,3240,1,occurs_in_speaker_text
2477,3240,1,occurs_in_speaker_text
2228,3240,1,occurs_in_speaker_text
752,3240,1,occurs_in_speaker_text
1051,3240,1,occurs_in_speaker_text
1501,3240,1,occurs_in_speaker_text
1704,3240,1,occurs_in_speaker_text
2498,3240,1,occurs_in_speaker_text
642,3240,2,occurs_in_speaker_text
1177,3240,1,occurs_in_speaker_text
666,3240,1,occurs_in_speaker_text
2633,3240,4,occurs_in_speaker_text
244,3240,1,occurs_in_speaker_text
1082,3240,1,occurs_in_speaker_text
1749,3240,2,occurs_in_speaker_text
2952,3240,1,occurs_in_speaker_text
195,3241,3,occurs_in_speaker_text
2477,3241,4,occurs_in_speaker_text
2999,3241,1,occurs_in_speaker_text
1701,3241,1,occurs_in_speaker_text
1521,3241,1,occurs_in_speaker_text
2633,3241,15,occurs_in_speaker_text
1034,3241,5,occurs_in_speaker_text
1656,3241,1,occurs_in_speaker_text
696,3241,1,occurs_in_speaker_text
2412,3241,1,occurs_in_speaker_text
1823,3241,15,occurs_in_speaker_text
1544,3241,1,occurs_in_speaker_text
1611,3241,1,occurs_in_speaker_text
232,3241,1,occurs_in_speaker_text
666,3241,4,occurs_in_speaker_text
1732,3241,2,occurs_in_speaker_text
977,3241,1,occurs_in_speaker_text
1764,3241,2,occurs_in_speaker_text
2752,3241,1,occurs_in_speaker_text
2328,3241,1,occurs_in_speaker_text
1974,3241,5,occurs_in_speaker_text
2390,3241,7,occurs_in_speaker_text
312,3241,1,occurs_in_speaker_text
1025,3241,1,occurs_in_speaker_text
444,3241,1,occurs_in_speaker_text
409,3241,1,occurs_in_speaker_text
417,3241,4,occurs_in_speaker_text
2231,3241,1,occurs_in_speaker_text
1913,3241,4,occurs_in_speaker_text
1263,3241,2,occurs_in_speaker_text
2360,3241,1,occurs_in_speaker_text
1483,3241,1,occurs_in_speaker_text
1293,3241,1,occurs_in_speaker_text
1831,3241,1,occurs_in_speaker_text
1126,3241,1,occurs_in_speaker_text
680,3241,1,occurs_in_speaker_text
706,3241,1,occurs_in_speaker_text
2360,3242,6,occurs_in_speaker_text
1194,3242,7,occurs_in_speaker_text
2477,3242,2,occurs_in_speaker_text
666,3242,2,occurs_in_speaker_text
1876,3242,1,occurs_in_speaker_text
2095,3242,1,occurs_in_speaker_text
1034,3242,5,occurs_in_speaker_text
1275,3242,1,occurs_in_speaker_text
2955,3242,2,occurs_in_speaker_text
222,3242,6,occurs_in_speaker_text
1829,3242,1,occurs_in_speaker_text
2910,3242,1,occurs_in_speaker_text
1034,3243,2,occurs_in_speaker_text
2393,3243,1,occurs_in_speaker_text
2354,3243,1,occurs_in_speaker_text
445,3243,1,occurs_in_speaker_text
1193,3243,1,occurs_in_speaker_text
1633,3243,1,occurs_in_speaker_text
2357,3243,1,occurs_in_speaker_text
2638,3243,1,occurs_in_speaker_text
2328,3243,1,occurs_in_speaker_text
2477,3243,1,occurs_in_speaker_text
1250,3243,1,occurs_in_speaker_text
1194,3243,1,occurs_in_speaker_text
2948,3243,1,occurs_in_speaker_text
861,3243,1,occurs_in_speaker_text
2790,3243,1,occurs_in_speaker_text
1034,3244,3,occurs_in_speaker_text
2404,3244,2,occurs_in_speaker_text
1656,3244,1,occurs_in_speaker_text
2602,3244,1,occurs_in_speaker_text
1884,3244,1,occurs_in_speaker_text
2196,3244,1,occurs_in_speaker_text
2314,3244,1,occurs_in_speaker_text
568,3244,1,occurs_in_speaker_text
2805,3244,2,occurs_in_speaker_text
1732,3244,9,occurs_in_speaker_text
2360,3244,4,occurs_in_speaker_text
2108,3244,1,occurs_in_speaker_text
2477,3244,3,occurs_in_speaker_text
1594,3244,1,occurs_in_speaker_text
666,3244,1,occurs_in_speaker_text
2095,3244,2,occurs_in_speaker_text
220,3244,1,occurs_in_speaker_text
2266,3244,1,occurs_in_speaker_text
1193,3244,1,occurs_in_speaker_text
895,3244,1,occurs_in_speaker_text
2118,3244,2,occurs_in_speaker_text
2664,3244,1,occurs_in_speaker_text
2383,3244,1,occurs_in_speaker_text
2820,3244,1,occurs_in_speaker_text
2177,3244,1,occurs_in_speaker_text
891,3244,1,occurs_in_speaker_text
1961,3244,1,occurs_in_speaker_text
1790,3245,1,occurs_in_speaker_text
2982,3245,4,occurs_in_speaker_text
891,3245,1,occurs_in_speaker_text
1034,3245,15,occurs_in_speaker_text
2380,3245,1,occurs_in_speaker_text
2360,3245,5,occurs_in_speaker_text
283,3245,2,occurs_in_speaker_text
106,3245,2,occurs_in_speaker_text
2104,3245,1,occurs_in_speaker_text
666,3245,1,occurs_in_speaker_text
1316,3245,1,occurs_in_speaker_text
881,3245,4,occurs_in_speaker_text
1130,3245,1,occurs_in_speaker_text
2805,3245,2,occurs_in_speaker_text
1960,3245,3,occurs_in_speaker_text
1574,3245,1,occurs_in_speaker_text
735,3245,2,occurs_in_speaker_text
1013,3245,1,occurs_in_speaker_text
2529,3245,1,occurs_in_speaker_text
752,3246,8,occurs_in_speaker_text
2412,3246,1,occurs_in_speaker_text
666,3246,3,occurs_in_speaker_text
1193,3246,2,occurs_in_speaker_text
2477,3246,2,occurs_in_speaker_text
241,3246,1,occurs_in_speaker_text
1316,3246,2,occurs_in_speaker_text
2805,3246,2,occurs_in_speaker_text
932,3246,1,occurs_in_speaker_text
445,3246,1,occurs_in_speaker_text
2391,3246,1,occurs_in_speaker_text
2977,3246,1,occurs_in_speaker_text
1034,3246,2,occurs_in_speaker_text
222,3246,4,occurs_in_speaker_text
122,3246,1,occurs_in_speaker_text
667,3246,1,occurs_in_speaker_text
1357,3246,1,occurs_in_speaker_text
736,3246,1,occurs_in_speaker_text
2393,3246,1,occurs_in_speaker_text
758,3246,2,occurs_in_speaker_text
2872,3246,1,occurs_in_speaker_text
2360,3246,1,occurs_in_speaker_text
1034,3247,3,occurs_in_speaker_text
1051,3247,1,occurs_in_speaker_text
681,3247,1,occurs_in_speaker_text
2477,3247,1,occurs_in_speaker_text
2076,3247,1,occurs_in_speaker_text
1673,3247,1,occurs_in_speaker_text
222,3247,1,occurs_in_speaker_text
1051,3248,4,occurs_in_speaker_text
1034,3248,4,occurs_in_speaker_text
1988,3248,1,occurs_in_speaker_text
848,3248,3,occurs_in_speaker_text
481,3248,1,occurs_in_speaker_text
1051,3249,1,occurs_in_speaker_text
2682,3249,1,occurs_in_speaker_text
888,3249,1,occurs_in_speaker_text
2050,3249,1,occurs_in_speaker_text
1034,3249,1,occurs_in_speaker_text
1393,3249,1,occurs_in_speaker_text
1366,3249,2,occurs_in_speaker_text
2412,3249,1,occurs_in_speaker_text
1698,3249,1,occurs_in_speaker_text
222,3249,1,occurs_in_speaker_text
1316,3250,9,occurs_in_speaker_text
2360,3250,1,occurs_in_speaker_text
932,3250,1,occurs_in_speaker_text
3055,3250,1,occurs_in_speaker_text
666,3250,2,occurs_in_speaker_text
856,3250,1,occurs_in_speaker_text
2477,3250,5,occurs_in_speaker_text
1594,3250,1,occurs_in_speaker_text
1656,3250,2,occurs_in_speaker_text
1876,3250,1,occurs_in_speaker_text
1607,3250,1,occurs_in_speaker_text
2977,3250,1,occurs_in_speaker_text
2108,3250,1,occurs_in_speaker_text
1051,3250,1,occurs_in_speaker_text
1034,3250,3,occurs_in_speaker_text
1193,3252,1,occurs_in_speaker_text
985,3252,1,occurs_in_speaker_text
1034,3252,2,occurs_in_speaker_text
2095,3252,1,occurs_in_speaker_text
1194,3252,1,occurs_in_speaker_text
666,3252,2,occurs_in_speaker_text
73,3252,1,occurs_in_speaker_text
1034,3253,12,occurs_in_speaker_text
2263,3253,3,occurs_in_speaker_text
1372,3253,1,occurs_in_speaker_text
222,3253,4,occurs_in_speaker_text
2228,3253,1,occurs_in_speaker_text
2539,3253,1,occurs_in_speaker_text
2391,3253,1,occurs_in_speaker_text
666,3253,1,occurs_in_speaker_text
2177,3253,1,occurs_in_speaker_text
666,3254,3,occurs_in_speaker_text
1034,3254,1,occurs_in_speaker_text
2878,3255,2,occurs_in_speaker_text
2380,3255,10,occurs_in_speaker_text
1871,3255,2,occurs_in_speaker_text
2328,3255,1,occurs_in_speaker_text
1051,3255,6,occurs_in_speaker_text
2807,3255,1,occurs_in_speaker_text
2095,3255,2,occurs_in_speaker_text
666,3255,2,occurs_in_speaker_text
2805,3255,2,occurs_in_speaker_text
141,3255,1,occurs_in_speaker_text
1823,3255,3,occurs_in_speaker_text
3014,3255,1,occurs_in_speaker_text
1250,3255,2,occurs_in_speaker_text
2360,3255,2,occurs_in_speaker_text
1876,3255,10,occurs_in_speaker_text
2319,3255,1,occurs_in_speaker_text
1193,3255,1,occurs_in_speaker_text
222,3255,1,occurs_in_speaker_text
1089,3255,1,occurs_in_speaker_text
1034,3255,1,occurs_in_speaker_text
1003,3255,1,occurs_in_speaker_text
752,3255,1,occurs_in_speaker_text
932,3255,1,occurs_in_speaker_text
2733,3255,1,occurs_in_speaker_text
1023,3255,1,occurs_in_speaker_text
1732,3255,9,occurs_in_speaker_text
444,3255,2,occurs_in_speaker_text
2108,3255,1,occurs_in_speaker_text
2477,3255,2,occurs_in_speaker_text
7,3256,1,occurs_in_speaker_text
2540,3256,1,occurs_in_speaker_text
752,3256,2,occurs_in_speaker_text
666,3256,4,occurs_in_speaker_text
1051,3256,3,occurs_in_speaker_text
2604,3256,1,occurs_in_speaker_text
1135,3256,1,occurs_in_speaker_text
2477,3256,3,occurs_in_speaker_text
50,3256,1,occurs_in_speaker_text
1034,3256,9,occurs_in_speaker_text
2393,3256,1,occurs_in_speaker_text
932,3256,1,occurs_in_speaker_text
3096,3256,1,occurs_in_speaker_text
2611,3256,1,occurs_in_speaker_text
1550,3256,1,occurs_in_speaker_text
2095,3256,3,occurs_in_speaker_text
1546,3256,1,occurs_in_speaker_text
856,3256,1,occurs_in_speaker_text
1427,3256,1,occurs_in_speaker_text
2217,3256,1,occurs_in_speaker_text
2239,3256,1,occurs_in_speaker_text
1672,3256,1,occurs_in_speaker_text
681,3256,1,occurs_in_speaker_text
667,3256,1,occurs_in_speaker_text
1193,3256,4,occurs_in_speaker_text
122,3256,1,occurs_in_speaker_text
1948,3256,1,occurs_in_speaker_text
430,3256,1,occurs_in_speaker_text
1659,3256,1,occurs_in_speaker_text
999,3256,2,occurs_in_speaker_text
1538,3256,1,occurs_in_speaker_text
2776,3256,1,occurs_in_speaker_text
1260,3257,1,occurs_in_speaker_text
1034,3257,16,occurs_in_speaker_text
1662,3257,1,occurs_in_speaker_text
891,3257,3,occurs_in_speaker_text
666,3257,9,occurs_in_speaker_text
2360,3257,5,occurs_in_speaker_text
1250,3257,1,occurs_in_speaker_text
2684,3257,1,occurs_in_speaker_text
1051,3257,3,occurs_in_speaker_text
3092,3257,1,occurs_in_speaker_text
1193,3257,1,occurs_in_speaker_text
1263,3257,2,occurs_in_speaker_text
1656,3257,1,occurs_in_speaker_text
445,3257,1,occurs_in_speaker_text
2548,3257,1,occurs_in_speaker_text
232,3257,1,occurs_in_speaker_text
93,3257,2,occurs_in_speaker_text
2095,3257,1,occurs_in_speaker_text
430,3258,1,occurs_in_speaker_text
1034,3258,2,occurs_in_speaker_text
368,3258,1,occurs_in_speaker_text
1034,3259,12,occurs_in_speaker_text
1051,3259,1,occurs_in_speaker_text
641,3259,1,occurs_in_speaker_text
488,3259,1,occurs_in_speaker_text
468,3259,3,occurs_in_speaker_text
222,3259,3,occurs_in_speaker_text
629,3259,1,occurs_in_speaker_text
433,3259,1,occurs_in_speaker_text
1838,3259,1,occurs_in_speaker_text
666,3259,1,occurs_in_speaker_text
1193,3259,1,occurs_in_speaker_text
2477,3259,1,occurs_in_speaker_text
780,3259,1,occurs_in_speaker_text
2943,3259,1,occurs_in_speaker_text
477,3259,1,occurs_in_speaker_text
2360,3259,1,occurs_in_speaker_text
722,3259,1,occurs_in_speaker_text
122,3259,1,occurs_in_speaker_text
1108,3260,1,occurs_in_speaker_text
2633,3260,1,occurs_in_speaker_text
666,3261,7,occurs_in_speaker_text
1034,3261,8,occurs_in_speaker_text
80,3261,1,occurs_in_speaker_text
2655,3261,1,occurs_in_speaker_text
222,3261,1,occurs_in_speaker_text
1263,3261,2,occurs_in_speaker_text
1676,3261,1,occurs_in_speaker_text
1133,3261,5,occurs_in_speaker_text
1673,3261,2,occurs_in_speaker_text
2360,3261,10,occurs_in_speaker_text
2270,3261,1,occurs_in_speaker_text
312,3261,2,occurs_in_speaker_text
2836,3261,1,occurs_in_speaker_text
1212,3261,2,occurs_in_speaker_text
1614,3261,1,occurs_in_speaker_text
1176,3261,1,occurs_in_speaker_text
1193,3261,1,occurs_in_speaker_text
2477,3261,1,occurs_in_speaker_text
2328,3261,1,occurs_in_speaker_text
2533,3261,1,occurs_in_speaker_text
909,3261,1,occurs_in_speaker_text
1260,3261,1,occurs_in_speaker_text
2793,3261,1,occurs_in_speaker_text
444,3261,1,occurs_in_speaker_text
2402,3261,2,occurs_in_speaker_text
616,3261,2,occurs_in_speaker_text
1250,3261,1,occurs_in_speaker_text
1051,3261,3,occurs_in_speaker_text
171,3261,1,occurs_in_speaker_text
1867,3261,1,occurs_in_speaker_text
1266,3261,1,occurs_in_speaker_text
2633,3261,2,occurs_in_speaker_text
2878,3261,1,occurs_in_speaker_text
752,3261,1,occurs_in_speaker_text
296,3261,1,occurs_in_speaker_text
447,3261,1,occurs_in_speaker_text
2271,3261,1,occurs_in_speaker_text
999,3261,1,occurs_in_speaker_text
1240,3261,1,occurs_in_speaker_text
461,3261,1,occurs_in_speaker_text
3045,3261,1,occurs_in_speaker_text
1034,3262,13,occurs_in_speaker_text
1957,3262,1,occurs_in_speaker_text
1193,3262,2,occurs_in_speaker_text
666,3262,6,occurs_in_speaker_text
1801,3262,1,occurs_in_speaker_text
946,3262,1,occurs_in_speaker_text
616,3262,1,occurs_in_speaker_text
1078,3262,1,occurs_in_speaker_text
445,3262,1,occurs_in_speaker_text
2391,3262,1,occurs_in_speaker_text
1293,3262,1,occurs_in_speaker_text
1206,3262,1,occurs_in_speaker_text
1082,3262,2,occurs_in_speaker_text
2108,3262,1,occurs_in_speaker_text
932,3262,1,occurs_in_speaker_text
2477,3263,12,occurs_in_speaker_text
1194,3263,1,occurs_in_speaker_text
722,3263,1,occurs_in_speaker_text
981,3263,1,occurs_in_speaker_text
2328,3263,2,occurs_in_speaker_text
2360,3263,4,occurs_in_speaker_text
2050,3263,1,occurs_in_speaker_text
1034,3263,3,occurs_in_speaker_text
2518,3263,1,occurs_in_speaker_text
2134,3263,1,occurs_in_speaker_text
168,3263,3,occurs_in_speaker_text
2701,3263,1,occurs_in_speaker_text
1656,3263,1,occurs_in_speaker_text
1732,3263,2,occurs_in_speaker_text
1974,3263,1,occurs_in_speaker_text
2633,3263,1,occurs_in_speaker_text
780,3263,3,occurs_in_speaker_text
1876,3263,1,occurs_in_speaker_text
856,3263,1,occurs_in_speaker_text
2936,3263,1,occurs_in_speaker_text
26,3263,1,occurs_in_speaker_text
2764,3263,3,occurs_in_speaker_text
821,3263,1,occurs_in_speaker_text
744,3263,1,occurs_in_speaker_text
2752,3263,2,occurs_in_speaker_text
2986,3263,1,occurs_in_speaker_text
2823,3263,1,occurs_in_speaker_text
2298,3263,1,occurs_in_speaker_text
2619,3263,1,occurs_in_speaker_text
2575,3263,1,occurs_in_speaker_text
1238,3264,4,occurs_in_speaker_text
2412,3264,3,occurs_in_speaker_text
666,3264,30,occurs_in_speaker_text
2767,3264,1,occurs_in_speaker_text
1732,3264,3,occurs_in_speaker_text
1034,3264,14,occurs_in_speaker_text
1665,3264,2,occurs_in_speaker_text
1156,3264,2,occurs_in_speaker_text
1250,3264,11,occurs_in_speaker_text
2477,3264,7,occurs_in_speaker_text
1656,3264,2,occurs_in_speaker_text
1293,3264,1,occurs_in_speaker_text
981,3264,1,occurs_in_speaker_text
442,3264,1,occurs_in_speaker_text
616,3264,3,occurs_in_speaker_text
2255,3264,1,occurs_in_speaker_text
752,3264,9,occurs_in_speaker_text
3057,3264,1,occurs_in_speaker_text
1357,3264,2,occurs_in_speaker_text
2392,3264,1,occurs_in_speaker_text
1193,3264,1,occurs_in_speaker_text
2406,3264,1,occurs_in_speaker_text
2360,3264,2,occurs_in_speaker_text
2209,3264,1,occurs_in_speaker_text
2655,3264,1,occurs_in_speaker_text
409,3264,1,occurs_in_speaker_text
364,3264,1,occurs_in_speaker_text
2432,3264,1,occurs_in_speaker_text
1631,3264,1,occurs_in_speaker_text
2832,3264,1,occurs_in_speaker_text
2653,3264,1,occurs_in_speaker_text
738,3264,1,occurs_in_speaker_text
2525,3264,1,occurs_in_speaker_text
2328,3264,1,occurs_in_speaker_text
2076,3264,1,occurs_in_speaker_text
1263,3264,1,occurs_in_speaker_text
1051,3264,3,occurs_in_speaker_text
856,3264,2,occurs_in_speaker_text
780,3264,1,occurs_in_speaker_text
779,3264,1,occurs_in_speaker_text
899,3264,1,occurs_in_speaker_text
1590,3264,1,occurs_in_speaker_text
2228,3264,1,occurs_in_speaker_text
1399,3264,1,occurs_in_speaker_text
2539,3266,1,occurs_in_speaker_text
1034,3266,3,occurs_in_speaker_text
1034,3267,8,occurs_in_speaker_text
840,3267,2,occurs_in_speaker_text
2593,3267,1,occurs_in_speaker_text
2812,3267,2,occurs_in_speaker_text
538,3267,3,occurs_in_speaker_text
1250,3267,5,occurs_in_speaker_text
2858,3267,1,occurs_in_speaker_text
1075,3267,4,occurs_in_speaker_text
1477,3267,1,occurs_in_speaker_text
1316,3267,1,occurs_in_speaker_text
2360,3267,1,occurs_in_speaker_text
666,3267,1,occurs_in_speaker_text
858,3267,1,occurs_in_speaker_text
729,3267,1,occurs_in_speaker_text
965,3267,1,occurs_in_speaker_text
2266,3267,4,occurs_in_speaker_text
563,3267,1,occurs_in_speaker_text
2251,3267,1,occurs_in_speaker_text
952,3267,1,occurs_in_speaker_text
331,3267,1,occurs_in_speaker_text
752,3267,1,occurs_in_speaker_text
115,3267,1,occurs_in_speaker_text
1003,3267,1,occurs_in_speaker_text
1262,3267,1,occurs_in_speaker_text
2391,3267,1,occurs_in_speaker_text
1034,3268,8,occurs_in_speaker_text
2629,3268,1,occurs_in_speaker_text
2979,3268,3,occurs_in_speaker_text
43,3268,1,occurs_in_speaker_text
1193,3268,1,occurs_in_speaker_text
1272,3268,1,occurs_in_speaker_text
677,3268,1,occurs_in_speaker_text
122,3268,1,occurs_in_speaker_text
932,3268,1,occurs_in_speaker_text
1034,3269,10,occurs_in_speaker_text
108,3269,1,occurs_in_speaker_text
1955,3269,1,occurs_in_speaker_text
1116,3269,1,occurs_in_speaker_text
547,3269,1,occurs_in_speaker_text
666,3269,2,occurs_in_speaker_text
172,3269,1,occurs_in_speaker_text
2795,3269,1,occurs_in_speaker_text
543,3269,1,occurs_in_speaker_text
2095,3269,1,occurs_in_speaker_text
212,3269,1,occurs_in_speaker_text
1260,3269,1,occurs_in_speaker_text
2360,3270,19,occurs_in_speaker_text
2477,3270,9,occurs_in_speaker_text
1034,3270,4,occurs_in_speaker_text
722,3270,2,occurs_in_speaker_text
666,3270,11,occurs_in_speaker_text
1357,3270,1,occurs_in_speaker_text
1260,3270,1,occurs_in_speaker_text
2134,3270,1,occurs_in_speaker_text
222,3270,2,occurs_in_speaker_text
1611,3270,2,occurs_in_speaker_text
2391,3270,2,occurs_in_speaker_text
1051,3270,1,occurs_in_speaker_text
1823,3270,2,occurs_in_speaker_text
14,3270,1,occurs_in_speaker_text
840,3270,2,occurs_in_speaker_text
2808,3270,1,occurs_in_speaker_text
1193,3270,1,occurs_in_speaker_text
1548,3271,1,occurs_in_speaker_text
1034,3271,7,occurs_in_speaker_text
175,3271,2,occurs_in_speaker_text
222,3271,6,occurs_in_speaker_text
2209,3271,1,occurs_in_speaker_text
752,3271,2,occurs_in_speaker_text
2360,3272,6,occurs_in_speaker_text
52,3272,2,occurs_in_speaker_text
2095,3272,2,occurs_in_speaker_text
2135,3272,1,occurs_in_speaker_text
523,3272,1,occurs_in_speaker_text
2235,3272,1,occurs_in_speaker_text
1166,3272,1,occurs_in_speaker_text
817,3272,1,occurs_in_speaker_text
2977,3272,1,occurs_in_speaker_text
1638,3272,1,occurs_in_speaker_text
856,3272,1,occurs_in_speaker_text
850,3272,1,occurs_in_speaker_text
667,3272,2,occurs_in_speaker_text
1034,3272,11,occurs_in_speaker_text
232,3272,1,occurs_in_speaker_text
666,3272,3,occurs_in_speaker_text
1664,3272,1,occurs_in_speaker_text
215,3272,1,occurs_in_speaker_text
1051,3272,2,occurs_in_speaker_text
2403,3272,1,occurs_in_speaker_text
1732,3272,1,occurs_in_speaker_text
383,3272,1,occurs_in_speaker_text
2412,3272,1,occurs_in_speaker_text
2477,3273,3,occurs_in_speaker_text
1034,3273,2,occurs_in_speaker_text
1714,3273,1,occurs_in_speaker_text
1194,3273,1,occurs_in_speaker_text
1051,3273,1,occurs_in_speaker_text
1250,3274,5,occurs_in_speaker_text
666,3274,4,occurs_in_speaker_text
1051,3274,5,occurs_in_speaker_text
2556,3274,1,occurs_in_speaker_text
3044,3274,1,occurs_in_speaker_text
2977,3274,3,occurs_in_speaker_text
997,3274,1,occurs_in_speaker_text
2518,3274,3,occurs_in_speaker_text
2228,3274,1,occurs_in_speaker_text
2477,3274,2,occurs_in_speaker_text
1034,3274,11,occurs_in_speaker_text
1433,3274,1,occurs_in_speaker_text
1193,3274,4,occurs_in_speaker_text
2360,3274,1,occurs_in_speaker_text
752,3274,1,occurs_in_speaker_text
1688,3274,1,occurs_in_speaker_text
722,3274,1,occurs_in_speaker_text
1089,3274,1,occurs_in_speaker_text
222,3274,1,occurs_in_speaker_text
1773,3274,1,occurs_in_speaker_text
1611,3274,1,occurs_in_speaker_text
2539,3274,1,occurs_in_speaker_text
1316,3274,1,occurs_in_speaker_text
2198,3274,1,occurs_in_speaker_text
2878,3274,2,occurs_in_speaker_text
73,3274,1,occurs_in_speaker_text
757,3274,1,occurs_in_speaker_text
2447,3274,1,occurs_in_speaker_text
1034,3275,5,occurs_in_speaker_text
343,3275,1,occurs_in_speaker_text
1985,3275,1,occurs_in_speaker_text
597,3275,1,occurs_in_speaker_text
2005,3275,1,occurs_in_speaker_text
445,3275,2,occurs_in_speaker_text
1919,3275,1,occurs_in_speaker_text
2762,3276,1,occurs_in_speaker_text
2075,3276,1,occurs_in_speaker_text
725,3276,3,occurs_in_speaker_text
1034,3276,23,occurs_in_speaker_text
666,3276,8,occurs_in_speaker_text
2865,3276,1,occurs_in_speaker_text
1051,3276,3,occurs_in_speaker_text
1260,3276,1,occurs_in_speaker_text
2360,3276,1,occurs_in_speaker_text
1250,3276,4,occurs_in_speaker_text
302,3276,1,occurs_in_speaker_text
1585,3276,1,occurs_in_speaker_text
2995,3276,1,occurs_in_speaker_text
667,3276,1,occurs_in_speaker_text
430,3276,2,occurs_in_speaker_text
2878,3276,1,occurs_in_speaker_text
243,3276,1,occurs_in_speaker_text
752,3276,1,occurs_in_speaker_text
1263,3276,1,occurs_in_speaker_text
3098,3276,1,occurs_in_speaker_text
122,3276,1,occurs_in_speaker_text
1034,3277,31,occurs_in_speaker_text
666,3277,6,occurs_in_speaker_text
1193,3277,3,occurs_in_speaker_text
891,3277,4,occurs_in_speaker_text
445,3277,2,occurs_in_speaker_text
2066,3277,1,occurs_in_speaker_text
2254,3277,2,occurs_in_speaker_text
2391,3277,1,occurs_in_speaker_text
2214,3277,1,occurs_in_speaker_text
2413,3277,1,occurs_in_speaker_text
331,3277,1,occurs_in_speaker_text
752,3277,4,occurs_in_speaker_text
1280,3277,2,occurs_in_speaker_text
1699,3277,1,occurs_in_speaker_text
2666,3277,1,occurs_in_speaker_text
312,3277,1,occurs_in_speaker_text
213,3277,1,occurs_in_speaker_text
222,3277,2,occurs_in_speaker_text
2583,3277,1,occurs_in_speaker_text
616,3277,2,occurs_in_speaker_text
1051,3277,1,occurs_in_speaker_text
2604,3277,1,occurs_in_speaker_text
182,3277,1,occurs_in_speaker_text
711,3278,2,occurs_in_speaker_text
1034,3278,1,occurs_in_speaker_text
2650,3279,1,occurs_in_speaker_text
2034,3279,12,occurs_in_speaker_text
1034,3279,9,occurs_in_speaker_text
2539,3279,1,occurs_in_speaker_text
1898,3279,1,occurs_in_speaker_text
891,3279,6,occurs_in_speaker_text
1732,3279,2,occurs_in_speaker_text
262,3279,1,occurs_in_speaker_text
2836,3279,1,occurs_in_speaker_text
2765,3279,3,occurs_in_speaker_text
1611,3279,1,occurs_in_speaker_text
2360,3279,2,occurs_in_speaker_text
1263,3279,1,occurs_in_speaker_text
1193,3279,3,occurs_in_speaker_text
2601,3279,2,occurs_in_speaker_text
1656,3279,1,occurs_in_speaker_text
2076,3279,1,occurs_in_speaker_text
2477,3279,6,occurs_in_speaker_text
1051,3279,1,occurs_in_speaker_text
471,3279,1,occurs_in_speaker_text
1156,3279,1,occurs_in_speaker_text
2548,3279,1,occurs_in_speaker_text
1753,3279,1,occurs_in_speaker_text
1107,3279,1,occurs_in_speaker_text
2644,3279,1,occurs_in_speaker_text
1871,3280,1,occurs_in_speaker_text
2360,3280,1,occurs_in_speaker_text
1034,3280,1,occurs_in_speaker_text
1034,3281,2,occurs_in_speaker_text
666,3282,6,occurs_in_speaker_text
1034,3282,4,occurs_in_speaker_text
222,3282,1,occurs_in_speaker_text
2805,3283,1,occurs_in_speaker_text
2191,3283,2,occurs_in_speaker_text
222,3283,3,occurs_in_speaker_text
677,3283,1,occurs_in_speaker_text
2583,3283,1,occurs_in_speaker_text
568,3283,1,occurs_in_speaker_text
667,3283,2,occurs_in_speaker_text
1034,3283,1,occurs_in_speaker_text
3045,3283,1,occurs_in_speaker_text
258,3284,2,occurs_in_speaker_text
1823,3284,4,occurs_in_speaker_text
168,3284,1,occurs_in_speaker_text
1250,3284,9,occurs_in_speaker_text
752,3284,21,occurs_in_speaker_text
666,3284,15,occurs_in_speaker_text
943,3284,1,occurs_in_speaker_text
1366,3284,2,occurs_in_speaker_text
1988,3284,3,occurs_in_speaker_text
382,3284,1,occurs_in_speaker_text
1968,3284,1,occurs_in_speaker_text
245,3284,1,occurs_in_speaker_text
2548,3284,1,occurs_in_speaker_text
2977,3284,1,occurs_in_speaker_text
2412,3284,4,occurs_in_speaker_text
3096,3284,1,occurs_in_speaker_text
409,3284,1,occurs_in_speaker_text
2655,3284,1,occurs_in_speaker_text
2878,3284,1,occurs_in_speaker_text
444,3284,1,occurs_in_speaker_text
1843,3284,1,occurs_in_speaker_text
3077,3284,2,occurs_in_speaker_text
1034,3285,2,occurs_in_speaker_text
1194,3285,1,occurs_in_speaker_text
666,3285,1,occurs_in_speaker_text
1801,3286,1,occurs_in_speaker_text
2477,3286,1,occurs_in_speaker_text
1823,3286,7,occurs_in_speaker_text
1480,3286,1,occurs_in_speaker_text
163,3286,1,occurs_in_speaker_text
2412,3286,3,occurs_in_speaker_text
2360,3286,2,occurs_in_speaker_text
1318,3286,1,occurs_in_speaker_text
1366,3286,4,occurs_in_speaker_text
2518,3286,2,occurs_in_speaker_text
816,3286,1,occurs_in_speaker_text
891,3286,1,occurs_in_speaker_text
856,3286,3,occurs_in_speaker_text
2959,3286,1,occurs_in_speaker_text
548,3286,1,occurs_in_speaker_text
2514,3286,1,occurs_in_speaker_text
2209,3286,6,occurs_in_speaker_text
1034,3286,7,occurs_in_speaker_text
975,3286,1,occurs_in_speaker_text
666,3286,11,occurs_in_speaker_text
752,3286,5,occurs_in_speaker_text
1899,3286,1,occurs_in_speaker_text
2583,3286,1,occurs_in_speaker_text
14,3286,1,occurs_in_speaker_text
1732,3286,1,occurs_in_speaker_text
2878,3286,1,occurs_in_speaker_text
1241,3286,1,occurs_in_speaker_text
1250,3286,9,occurs_in_speaker_text
444,3286,3,occurs_in_speaker_text
140,3286,1,occurs_in_speaker_text
537,3286,1,occurs_in_speaker_text
1263,3286,1,occurs_in_speaker_text
1576,3286,1,occurs_in_speaker_text
3096,3286,3,occurs_in_speaker_text
1591,3286,1,occurs_in_speaker_text
2050,3286,1,occurs_in_speaker_text
1193,3286,2,occurs_in_speaker_text
667,3286,1,occurs_in_speaker_text
258,3286,4,occurs_in_speaker_text
1763,3286,1,occurs_in_speaker_text
616,3286,1,occurs_in_speaker_text
474,3286,2,occurs_in_speaker_text
869,3286,1,occurs_in_speaker_text
1592,3286,1,occurs_in_speaker_text
1884,3286,1,occurs_in_speaker_text
62,3286,1,occurs_in_speaker_text
31,3286,1,occurs_in_speaker_text
1051,3286,1,occurs_in_speaker_text
2559,3286,1,occurs_in_speaker_text
1313,3286,1,occurs_in_speaker_text
1034,3287,1,occurs_in_speaker_text
2805,3287,1,occurs_in_speaker_text
2780,3287,1,occurs_in_speaker_text
1250,3287,1,occurs_in_speaker_text
3096,3287,1,occurs_in_speaker_text
666,3287,1,occurs_in_speaker_text
2412,3287,1,occurs_in_speaker_text
1797,3287,1,occurs_in_speaker_text
2477,3288,17,occurs_in_speaker_text
891,3288,3,occurs_in_speaker_text
722,3288,1,occurs_in_speaker_text
2454,3288,1,occurs_in_speaker_text
222,3288,3,occurs_in_speaker_text
2337,3288,2,occurs_in_speaker_text
2228,3288,4,occurs_in_speaker_text
2328,3288,19,occurs_in_speaker_text
953,3288,1,occurs_in_speaker_text
2544,3288,1,occurs_in_speaker_text
2518,3288,5,occurs_in_speaker_text
1576,3288,1,occurs_in_speaker_text
2324,3288,1,occurs_in_speaker_text
1034,3288,17,occurs_in_speaker_text
2790,3288,1,occurs_in_speaker_text
2360,3288,1,occurs_in_speaker_text
444,3288,2,occurs_in_speaker_text
2191,3288,1,occurs_in_speaker_text
73,3288,1,occurs_in_speaker_text
1611,3288,2,occurs_in_speaker_text
2742,3288,2,occurs_in_speaker_text
266,3288,1,occurs_in_speaker_text
840,3288,1,occurs_in_speaker_text
1656,3288,7,occurs_in_speaker_text
2999,3288,2,occurs_in_speaker_text
2500,3288,1,occurs_in_speaker_text
717,3288,1,occurs_in_speaker_text
104,3288,1,occurs_in_speaker_text
168,3288,1,occurs_in_speaker_text
1263,3288,1,occurs_in_speaker_text
222,3289,2,occurs_in_speaker_text
1493,3289,1,occurs_in_speaker_text
666,3289,3,occurs_in_speaker_text
2477,3290,1,occurs_in_speaker_text
1656,3290,1,occurs_in_speaker_text
2076,3290,1,occurs_in_speaker_text
2604,3290,1,occurs_in_speaker_text
1034,3290,4,occurs_in_speaker_text
1051,3290,2,occurs_in_speaker_text
900,3290,8,occurs_in_speaker_text
1407,3290,1,occurs_in_speaker_text
1561,3290,1,occurs_in_speaker_text
2017,3290,1,occurs_in_speaker_text
2391,3290,1,occurs_in_speaker_text
2360,3290,1,occurs_in_speaker_text
222,3290,2,occurs_in_speaker_text
3088,3290,1,occurs_in_speaker_text
666,3290,1,occurs_in_speaker_text
1673,3290,1,occurs_in_speaker_text
2215,3290,1,occurs_in_speaker_text
1437,3291,1,occurs_in_speaker_text
2477,3291,3,occurs_in_speaker_text
1034,3291,14,occurs_in_speaker_text
1051,3291,9,occurs_in_speaker_text
1194,3291,2,occurs_in_speaker_text
222,3291,2,occurs_in_speaker_text
1576,3291,1,occurs_in_speaker_text
1199,3291,1,occurs_in_speaker_text
2644,3291,1,occurs_in_speaker_text
891,3291,2,occurs_in_speaker_text
513,3291,1,occurs_in_speaker_text
1227,3291,3,occurs_in_speaker_text
1498,3291,1,occurs_in_speaker_text
2756,3291,1,occurs_in_speaker_text
666,3291,6,occurs_in_speaker_text
2562,3291,1,occurs_in_speaker_text
1316,3291,1,occurs_in_speaker_text
2360,3291,1,occurs_in_speaker_text
2846,3291,1,occurs_in_speaker_text
1193,3291,1,occurs_in_speaker_text
1250,3291,1,occurs_in_speaker_text
1366,3291,1,occurs_in_speaker_text
1034,3292,2,occurs_in_speaker_text
891,3292,4,occurs_in_speaker_text
1051,3292,1,occurs_in_speaker_text
906,3292,1,occurs_in_speaker_text
1876,3292,1,occurs_in_speaker_text
2878,3292,1,occurs_in_speaker_text
666,3292,1,occurs_in_speaker_text
2023,3292,1,occurs_in_speaker_text
892,3292,1,occurs_in_speaker_text
249,3293,2,occurs_in_speaker_text
666,3293,9,occurs_in_speaker_text
1034,3293,22,occurs_in_speaker_text
576,3293,1,occurs_in_speaker_text
2477,3293,8,occurs_in_speaker_text
1058,3293,1,occurs_in_speaker_text
856,3293,2,occurs_in_speaker_text
2805,3293,5,occurs_in_speaker_text
1260,3293,3,occurs_in_speaker_text
1787,3293,1,occurs_in_speaker_text
1525,3293,1,occurs_in_speaker_text
1480,3293,1,occurs_in_speaker_text
3028,3293,1,occurs_in_speaker_text
2391,3293,3,occurs_in_speaker_text
2655,3293,1,occurs_in_speaker_text
588,3293,1,occurs_in_speaker_text
1193,3293,3,occurs_in_speaker_text
1051,3293,2,occurs_in_speaker_text
2671,3293,1,occurs_in_speaker_text
202,3293,1,occurs_in_speaker_text
1656,3293,3,occurs_in_speaker_text
2784,3293,1,occurs_in_speaker_text
752,3293,1,occurs_in_speaker_text
1238,3293,1,occurs_in_speaker_text
2790,3293,1,occurs_in_speaker_text
1194,3293,3,occurs_in_speaker_text
2103,3293,1,occurs_in_speaker_text
2033,3293,1,occurs_in_speaker_text
2878,3293,1,occurs_in_speaker_text
780,3293,1,occurs_in_speaker_text
145,3293,1,occurs_in_speaker_text
222,3293,2,occurs_in_speaker_text
2193,3293,1,occurs_in_speaker_text
999,3293,1,occurs_in_speaker_text
1454,3293,1,occurs_in_speaker_text
1924,3293,1,occurs_in_speaker_text
1713,3293,1,occurs_in_speaker_text
2423,3293,2,occurs_in_speaker_text
573,3293,1,occurs_in_speaker_text
168,3293,1,occurs_in_speaker_text
1216,3293,1,occurs_in_speaker_text
1988,3293,1,occurs_in_speaker_text
1250,3293,1,occurs_in_speaker_text
1333,3293,1,occurs_in_speaker_text
891,3294,1,occurs_in_speaker_text
62,3295,8,occurs_in_speaker_text
1034,3295,21,occurs_in_speaker_text
666,3295,27,occurs_in_speaker_text
2360,3295,2,occurs_in_speaker_text
355,3295,1,occurs_in_speaker_text
1051,3295,5,occurs_in_speaker_text
2346,3295,1,occurs_in_speaker_text
2095,3295,1,occurs_in_speaker_text
2826,3295,1,occurs_in_speaker_text
2655,3295,2,occurs_in_speaker_text
1799,3295,1,occurs_in_speaker_text
1504,3295,3,occurs_in_speaker_text
1611,3295,2,occurs_in_speaker_text
1926,3295,1,occurs_in_speaker_text
722,3295,2,occurs_in_speaker_text
1260,3295,2,occurs_in_speaker_text
2005,3295,1,occurs_in_speaker_text
920,3295,1,occurs_in_speaker_text
444,3295,3,occurs_in_speaker_text
1194,3295,1,occurs_in_speaker_text
2108,3295,1,occurs_in_speaker_text
2477,3295,2,occurs_in_speaker_text
932,3295,1,occurs_in_speaker_text
2042,3295,2,occurs_in_speaker_text
2381,3295,1,occurs_in_speaker_text
1899,3295,1,occurs_in_speaker_text
222,3295,2,occurs_in_speaker_text
575,3295,1,occurs_in_speaker_text
2652,3295,1,occurs_in_speaker_text
667,3295,1,occurs_in_speaker_text
2228,3295,1,occurs_in_speaker_text
1801,3295,1,occurs_in_speaker_text
2805,3295,1,occurs_in_speaker_text
1366,3295,1,occurs_in_speaker_text
1286,3295,1,occurs_in_speaker_text
1958,3295,1,occurs_in_speaker_text
1553,3296,1,occurs_in_speaker_text
1034,3296,1,occurs_in_speaker_text
666,3297,2,occurs_in_speaker_text
1250,3297,2,occurs_in_speaker_text
1034,3297,3,occurs_in_speaker_text
2541,3297,1,occurs_in_speaker_text
1934,3297,1,occurs_in_speaker_text
409,3297,1,occurs_in_speaker_text
1034,3298,5,occurs_in_speaker_text
2360,3299,2,occurs_in_speaker_text
666,3299,1,occurs_in_speaker_text
1194,3299,1,occurs_in_speaker_text
1034,3299,2,occurs_in_speaker_text
752,3299,1,occurs_in_speaker_text
1193,3299,1,occurs_in_speaker_text
1905,3300,1,occurs_in_speaker_text
2554,3300,1,occurs_in_speaker_text
122,3300,1,occurs_in_speaker_text
2477,3300,8,occurs_in_speaker_text
1339,3300,1,occurs_in_speaker_text
869,3300,1,occurs_in_speaker_text
22,3300,1,occurs_in_speaker_text
414,3300,1,occurs_in_speaker_text
2518,3300,5,occurs_in_speaker_text
525,3300,5,occurs_in_speaker_text
2335,3300,1,occurs_in_speaker_text
1418,3300,1,occurs_in_speaker_text
445,3300,1,occurs_in_speaker_text
926,3300,1,occurs_in_speaker_text
666,3300,8,occurs_in_speaker_text
1615,3300,6,occurs_in_speaker_text
2360,3300,13,occurs_in_speaker_text
3046,3300,1,occurs_in_speaker_text
2165,3300,6,occurs_in_speaker_text
168,3300,3,occurs_in_speaker_text
1876,3300,5,occurs_in_speaker_text
752,3300,2,occurs_in_speaker_text
2633,3300,6,occurs_in_speaker_text
2655,3300,1,occurs_in_speaker_text
1193,3300,1,occurs_in_speaker_text
2805,3300,2,occurs_in_speaker_text
856,3300,1,occurs_in_speaker_text
14,3300,5,occurs_in_speaker_text
2346,3300,1,occurs_in_speaker_text
2650,3300,3,occurs_in_speaker_text
2572,3300,1,occurs_in_speaker_text
1872,3300,1,occurs_in_speaker_text
2368,3300,1,occurs_in_speaker_text
1101,3300,1,occurs_in_speaker_text
932,3300,1,occurs_in_speaker_text
2664,3300,1,occurs_in_speaker_text
635,3300,1,occurs_in_speaker_text
2531,3300,1,occurs_in_speaker_text
606,3300,1,occurs_in_speaker_text
2328,3300,3,occurs_in_speaker_text
2459,3300,1,occurs_in_speaker_text
1034,3300,2,occurs_in_speaker_text
2108,3300,3,occurs_in_speaker_text
2448,3300,1,occurs_in_speaker_text
1611,3300,3,occurs_in_speaker_text
1823,3300,1,occurs_in_speaker_text
891,3300,2,occurs_in_speaker_text
1194,3300,3,occurs_in_speaker_text
2844,3300,1,occurs_in_speaker_text
303,3300,3,occurs_in_speaker_text
2050,3300,1,occurs_in_speaker_text
1176,3300,1,occurs_in_speaker_text
1545,3300,1,occurs_in_speaker_text
3023,3300,1,occurs_in_speaker_text
1656,3300,1,occurs_in_speaker_text
2210,3300,1,occurs_in_speaker_text
1143,3300,1,occurs_in_speaker_text
829,3300,1,occurs_in_speaker_text
1357,3300,1,occurs_in_speaker_text
444,3300,4,occurs_in_speaker_text
1366,3300,1,occurs_in_speaker_text
670,3300,1,occurs_in_speaker_text
1672,3300,1,occurs_in_speaker_text
2516,3300,1,occurs_in_speaker_text
341,3300,1,occurs_in_speaker_text
1308,3300,1,occurs_in_speaker_text
2547,3300,1,occurs_in_speaker_text
321,3300,1,occurs_in_speaker_text
1408,3300,1,occurs_in_speaker_text
2109,3300,1,occurs_in_speaker_text
1869,3300,1,occurs_in_speaker_text
2609,3300,1,occurs_in_speaker_text
610,3300,1,occurs_in_speaker_text
1865,3300,3,occurs_in_speaker_text
2393,3300,1,occurs_in_speaker_text
1776,3300,1,occurs_in_speaker_text
1051,3300,1,occurs_in_speaker_text
1506,3300,1,occurs_in_speaker_text
2235,3300,1,occurs_in_speaker_text
1034,3301,3,occurs_in_speaker_text
222,3301,2,occurs_in_speaker_text
666,3301,1,occurs_in_speaker_text
2878,3301,1,occurs_in_speaker_text
1823,3301,1,occurs_in_speaker_text
575,3301,1,occurs_in_speaker_text
2820,3301,2,occurs_in_speaker_text
409,3301,1,occurs_in_speaker_text
616,3301,1,occurs_in_speaker_text
891,3302,1,occurs_in_speaker_text
1193,3302,1,occurs_in_speaker_text
1034,3302,1,occurs_in_speaker_text
1034,3303,22,occurs_in_speaker_text
1736,3303,1,occurs_in_speaker_text
1051,3303,4,occurs_in_speaker_text
1895,3303,1,occurs_in_speaker_text
222,3303,1,occurs_in_speaker_text
11,3303,1,occurs_in_speaker_text
1611,3303,1,occurs_in_speaker_text
2477,3303,1,occurs_in_speaker_text
2820,3303,1,occurs_in_speaker_text
990,3303,1,occurs_in_speaker_text
2605,3303,1,occurs_in_speaker_text
2134,3303,1,occurs_in_speaker_text
1704,3303,1,occurs_in_speaker_text
828,3303,1,occurs_in_speaker_text
368,3303,5,occurs_in_speaker_text
2959,3304,1,occurs_in_speaker_text
2412,3304,1,occurs_in_speaker_text
1034,3304,17,occurs_in_speaker_text
667,3304,1,occurs_in_speaker_text
2477,3304,2,occurs_in_speaker_text
2108,3304,4,occurs_in_speaker_text
1404,3304,2,occurs_in_speaker_text
577,3304,1,occurs_in_speaker_text
1051,3304,2,occurs_in_speaker_text
1250,3304,1,occurs_in_speaker_text
2274,3304,2,occurs_in_speaker_text
1049,3304,1,occurs_in_speaker_text
37,3304,1,occurs_in_speaker_text
1250,3305,2,occurs_in_speaker_text
1263,3305,5,occurs_in_speaker_text
616,3305,1,occurs_in_speaker_text
2630,3305,4,occurs_in_speaker_text
1193,3305,1,occurs_in_speaker_text
1256,3305,2,occurs_in_speaker_text
222,3305,3,occurs_in_speaker_text
1034,3305,2,occurs_in_speaker_text
1656,3305,2,occurs_in_speaker_text
2360,3305,5,occurs_in_speaker_text
1611,3305,5,occurs_in_speaker_text
2314,3305,1,occurs_in_speaker_text
2412,3305,1,occurs_in_speaker_text
232,3305,1,occurs_in_speaker_text
1732,3305,3,occurs_in_speaker_text
780,3305,1,occurs_in_speaker_text
2419,3305,1,occurs_in_speaker_text
2797,3305,1,occurs_in_speaker_text
2441,3305,1,occurs_in_speaker_text
1592,3305,1,occurs_in_speaker_text
1823,3305,2,occurs_in_speaker_text
891,3305,1,occurs_in_speaker_text
666,3305,1,occurs_in_speaker_text
312,3305,2,occurs_in_speaker_text
1003,3305,2,occurs_in_speaker_text
1104,3305,1,occurs_in_speaker_text
932,3306,1,occurs_in_speaker_text
2387,3306,1,occurs_in_speaker_text
865,3306,1,occurs_in_speaker_text
1034,3306,4,occurs_in_speaker_text
985,3306,1,occurs_in_speaker_text
2108,3306,1,occurs_in_speaker_text
1366,3306,6,occurs_in_speaker_text
666,3306,6,occurs_in_speaker_text
2348,3306,1,occurs_in_speaker_text
1250,3306,1,occurs_in_speaker_text
1180,3306,1,occurs_in_speaker_text
2299,3306,1,occurs_in_speaker_text
2363,3306,1,occurs_in_speaker_text
856,3306,3,occurs_in_speaker_text
465,3306,2,occurs_in_speaker_text
2360,3306,1,occurs_in_speaker_text
3082,3306,1,occurs_in_speaker_text
1293,3306,1,occurs_in_speaker_text
2412,3306,1,occurs_in_speaker_text
3096,3306,2,occurs_in_speaker_text
752,3306,2,occurs_in_speaker_text
2157,3306,2,occurs_in_speaker_text
2533,3306,1,occurs_in_speaker_text
667,3306,1,occurs_in_speaker_text
2590,3307,2,occurs_in_speaker_text
1250,3307,1,occurs_in_speaker_text
1823,3307,1,occurs_in_speaker_text
874,3307,1,occurs_in_speaker_text
222,3307,5,occurs_in_speaker_text
1034,3307,12,occurs_in_speaker_text
1357,3307,2,occurs_in_speaker_text
1954,3307,1,occurs_in_speaker_text
1744,3307,1,occurs_in_speaker_text
382,3307,1,occurs_in_speaker_text
1985,3307,1,occurs_in_speaker_text
2850,3307,1,occurs_in_speaker_text
93,3308,1,occurs_in_speaker_text
222,3308,3,occurs_in_speaker_text
794,3308,1,occurs_in_speaker_text
2254,3308,1,occurs_in_speaker_text
1034,3308,4,occurs_in_speaker_text
2589,3308,1,occurs_in_speaker_text
1716,3308,1,occurs_in_speaker_text
1741,3308,1,occurs_in_speaker_text
2280,3308,1,occurs_in_speaker_text
1051,3308,1,occurs_in_speaker_text
2518,3308,2,occurs_in_speaker_text
856,3308,2,occurs_in_speaker_text
666,3308,4,occurs_in_speaker_text
1366,3308,1,occurs_in_speaker_text
752,3308,1,occurs_in_speaker_text
2548,3308,1,occurs_in_speaker_text
2805,3308,1,occurs_in_speaker_text
660,3308,1,occurs_in_speaker_text
891,3308,1,occurs_in_speaker_text
537,3308,1,occurs_in_speaker_text
2477,3308,2,occurs_in_speaker_text
742,3308,1,occurs_in_speaker_text
1260,3308,1,occurs_in_speaker_text
1193,3308,1,occurs_in_speaker_text
2360,3308,1,occurs_in_speaker_text
1194,3309,1,occurs_in_speaker_text
1034,3309,1,occurs_in_speaker_text
222,3309,1,occurs_in_speaker_text
616,3309,1,occurs_in_speaker_text
1034,3310,7,occurs_in_speaker_text
666,3310,2,occurs_in_speaker_text
1548,3310,1,occurs_in_speaker_text
1051,3311,2,occurs_in_speaker_text
2805,3311,4,occurs_in_speaker_text
1250,3311,4,occurs_in_speaker_text
1034,3311,6,occurs_in_speaker_text
891,3311,2,occurs_in_speaker_text
2360,3311,7,occurs_in_speaker_text
1732,3311,2,occurs_in_speaker_text
2177,3311,1,occurs_in_speaker_text
1316,3311,4,occurs_in_speaker_text
2105,3311,1,occurs_in_speaker_text
1359,3311,1,occurs_in_speaker_text
666,3311,8,occurs_in_speaker_text
1529,3311,1,occurs_in_speaker_text
1357,3311,1,occurs_in_speaker_text
1611,3311,1,occurs_in_speaker_text
856,3311,1,occurs_in_speaker_text
2095,3311,1,occurs_in_speaker_text
2477,3311,2,occurs_in_speaker_text
571,3311,1,occurs_in_speaker_text
1992,3311,1,occurs_in_speaker_text
766,3311,1,occurs_in_speaker_text
134,3311,1,occurs_in_speaker_text
1263,3311,1,occurs_in_speaker_text
2346,3311,1,occurs_in_speaker_text
2083,3311,1,occurs_in_speaker_text
2360,3312,1,occurs_in_speaker_text
300,3312,2,occurs_in_speaker_text
1662,3312,1,occurs_in_speaker_text
1034,3312,8,occurs_in_speaker_text
666,3312,1,occurs_in_speaker_text
2035,3312,1,occurs_in_speaker_text
2477,3312,1,occurs_in_speaker_text
2977,3312,1,occurs_in_speaker_text
1263,3312,1,occurs_in_speaker_text
1034,3313,7,occurs_in_speaker_text
2854,3313,1,occurs_in_speaker_text
2958,3313,7,occurs_in_speaker_text
1521,3313,1,occurs_in_speaker_text
1876,3313,4,occurs_in_speaker_text
1250,3313,11,occurs_in_speaker_text
1960,3313,1,occurs_in_speaker_text
2063,3313,1,occurs_in_speaker_text
445,3313,1,occurs_in_speaker_text
2213,3313,1,occurs_in_speaker_text
2480,3313,1,occurs_in_speaker_text
2465,3313,1,occurs_in_speaker_text
840,3313,1,occurs_in_speaker_text
2477,3313,6,occurs_in_speaker_text
2380,3313,2,occurs_in_speaker_text
1801,3313,1,occurs_in_speaker_text
1051,3313,1,occurs_in_speaker_text
2360,3313,4,occurs_in_speaker_text
2878,3313,1,occurs_in_speaker_text
2376,3313,1,occurs_in_speaker_text
222,3313,2,occurs_in_speaker_text
666,3313,1,occurs_in_speaker_text
891,3313,2,occurs_in_speaker_text
2443,3313,1,occurs_in_speaker_text
564,3313,1,occurs_in_speaker_text
1941,3313,1,occurs_in_speaker_text
2312,3313,1,occurs_in_speaker_text
2060,3313,3,occurs_in_speaker_text
2029,3313,1,occurs_in_speaker_text
708,3313,2,occurs_in_speaker_text
1003,3313,1,occurs_in_speaker_text
881,3313,1,occurs_in_speaker_text
1560,3313,1,occurs_in_speaker_text
1260,3313,1,occurs_in_speaker_text
2604,3313,1,occurs_in_speaker_text
1034,3314,16,occurs_in_speaker_text
1659,3314,1,occurs_in_speaker_text
1051,3314,3,occurs_in_speaker_text
666,3314,3,occurs_in_speaker_text
313,3314,1,occurs_in_speaker_text
1823,3314,2,occurs_in_speaker_text
1250,3314,3,occurs_in_speaker_text
1611,3314,1,occurs_in_speaker_text
2274,3314,1,occurs_in_speaker_text
2412,3314,1,occurs_in_speaker_text
1193,3314,1,occurs_in_speaker_text
752,3314,3,occurs_in_speaker_text
2177,3314,1,occurs_in_speaker_text
627,3314,1,occurs_in_speaker_text
749,3314,1,occurs_in_speaker_text
2655,3314,1,occurs_in_speaker_text
683,3314,1,occurs_in_speaker_text
849,3314,1,occurs_in_speaker_text
666,3315,3,occurs_in_speaker_text
1034,3315,16,occurs_in_speaker_text
222,3315,1,occurs_in_speaker_text
667,3315,1,occurs_in_speaker_text
2548,3315,1,occurs_in_speaker_text
2034,3315,1,occurs_in_speaker_text
2123,3316,1,occurs_in_speaker_text
462,3316,4,occurs_in_speaker_text
1387,3316,1,occurs_in_speaker_text
445,3316,1,occurs_in_speaker_text
2878,3316,1,occurs_in_speaker_text
1988,3316,1,occurs_in_speaker_text
222,3316,4,occurs_in_speaker_text
1641,3316,1,occurs_in_speaker_text
1864,3316,1,occurs_in_speaker_text
1036,3316,1,occurs_in_speaker_text
869,3316,1,occurs_in_speaker_text
2360,3316,1,occurs_in_speaker_text
752,3316,1,occurs_in_speaker_text
2696,3316,1,occurs_in_speaker_text
666,3316,1,occurs_in_speaker_text
1034,3316,1,occurs_in_speaker_text
1263,3317,1,occurs_in_speaker_text
1522,3317,39,occurs_in_speaker_text
1194,3317,2,occurs_in_speaker_text
2360,3317,6,occurs_in_speaker_text
1611,3317,3,occurs_in_speaker_text
2477,3317,20,occurs_in_speaker_text
1082,3317,1,occurs_in_speaker_text
1823,3317,3,occurs_in_speaker_text
1988,3317,2,occurs_in_speaker_text
1034,3317,19,occurs_in_speaker_text
1051,3317,1,occurs_in_speaker_text
56,3317,1,occurs_in_speaker_text
999,3317,1,occurs_in_speaker_text
3092,3317,1,occurs_in_speaker_text
1345,3317,1,occurs_in_speaker_text
2077,3317,1,occurs_in_speaker_text
691,3317,1,occurs_in_speaker_text
932,3317,1,occurs_in_speaker_text
752,3317,5,occurs_in_speaker_text
52,3317,4,occurs_in_speaker_text
1885,3317,1,occurs_in_speaker_text
666,3317,4,occurs_in_speaker_text
1876,3317,2,occurs_in_speaker_text
1417,3317,1,occurs_in_speaker_text
2211,3317,1,occurs_in_speaker_text
1927,3317,1,occurs_in_speaker_text
2878,3317,1,occurs_in_speaker_text
1673,3317,1,occurs_in_speaker_text
417,3317,1,occurs_in_speaker_text
1576,3317,1,occurs_in_speaker_text
1665,3317,1,occurs_in_speaker_text
1543,3317,1,occurs_in_speaker_text
1147,3317,1,occurs_in_speaker_text
222,3317,2,occurs_in_speaker_text
956,3317,1,occurs_in_speaker_text
2095,3317,2,occurs_in_speaker_text
513,3317,1,occurs_in_speaker_text
312,3317,1,occurs_in_speaker_text
1193,3317,2,occurs_in_speaker_text
14,3317,1,occurs_in_speaker_text
380,3317,1,occurs_in_speaker_text
2955,3317,1,occurs_in_speaker_text
1250,3317,1,occurs_in_speaker_text
2805,3317,3,occurs_in_speaker_text
891,3317,4,occurs_in_speaker_text
856,3317,1,occurs_in_speaker_text
2230,3317,1,occurs_in_speaker_text
2132,3317,1,occurs_in_speaker_text
1711,3317,1,occurs_in_speaker_text
2254,3317,1,occurs_in_speaker_text
2076,3317,1,occurs_in_speaker_text
722,3317,1,occurs_in_speaker_text
1260,3317,1,occurs_in_speaker_text
2046,3317,1,occurs_in_speaker_text
409,3317,1,occurs_in_speaker_text
213,3317,1,occurs_in_speaker_text
667,3317,2,occurs_in_speaker_text
1117,3317,1,occurs_in_speaker_text
2442,3317,1,occurs_in_speaker_text
2156,3317,1,occurs_in_speaker_text
2539,3317,1,occurs_in_speaker_text
1364,3317,1,occurs_in_speaker_text
2507,3317,1,occurs_in_speaker_text
2477,3318,2,occurs_in_speaker_text
222,3318,5,occurs_in_speaker_text
1485,3318,2,occurs_in_speaker_text
1034,3318,18,occurs_in_speaker_text
2878,3318,3,occurs_in_speaker_text
616,3318,9,occurs_in_speaker_text
627,3318,1,occurs_in_speaker_text
2360,3318,1,occurs_in_speaker_text
638,3318,1,occurs_in_speaker_text
2200,3318,1,occurs_in_speaker_text
2438,3318,1,occurs_in_speaker_text
1209,3318,1,occurs_in_speaker_text
409,3318,1,occurs_in_speaker_text
2209,3318,2,occurs_in_speaker_text
2391,3318,2,occurs_in_speaker_text
2302,3318,1,occurs_in_speaker_text
2786,3318,3,occurs_in_speaker_text
1050,3318,1,occurs_in_speaker_text
1193,3318,2,occurs_in_speaker_text
2699,3318,1,occurs_in_speaker_text
877,3318,1,occurs_in_speaker_text
752,3318,7,occurs_in_speaker_text
1704,3318,2,occurs_in_speaker_text
1042,3318,1,occurs_in_speaker_text
430,3318,1,occurs_in_speaker_text
3081,3318,3,occurs_in_speaker_text
1435,3318,1,occurs_in_speaker_text
667,3318,3,occurs_in_speaker_text
932,3318,1,occurs_in_speaker_text
963,3318,1,occurs_in_speaker_text
1250,3318,1,occurs_in_speaker_text
305,3318,1,occurs_in_speaker_text
666,3318,3,occurs_in_speaker_text
3096,3318,3,occurs_in_speaker_text
418,3318,1,occurs_in_speaker_text
1823,3318,3,occurs_in_speaker_text
1557,3318,1,occurs_in_speaker_text
175,3318,1,occurs_in_speaker_text
985,3318,1,occurs_in_speaker_text
2704,3318,2,occurs_in_speaker_text
869,3318,2,occurs_in_speaker_text
2840,3318,1,occurs_in_speaker_text
891,3318,1,occurs_in_speaker_text
2977,3318,1,occurs_in_speaker_text
660,3318,1,occurs_in_speaker_text
40,3318,1,occurs_in_speaker_text
2076,3318,1,occurs_in_speaker_text
1156,3318,2,occurs_in_speaker_text
3077,3318,1,occurs_in_speaker_text
1164,3318,1,occurs_in_speaker_text
3089,3318,1,occurs_in_speaker_text
168,3319,1,occurs_in_speaker_text
2360,3319,13,occurs_in_speaker_text
1366,3319,9,occurs_in_speaker_text
208,3319,2,occurs_in_speaker_text
1823,3319,4,occurs_in_speaker_text
2494,3319,1,occurs_in_speaker_text
752,3319,22,occurs_in_speaker_text
1631,3319,1,occurs_in_speaker_text
1988,3319,5,occurs_in_speaker_text
2604,3319,4,occurs_in_speaker_text
409,3319,4,occurs_in_speaker_text
666,3319,34,occurs_in_speaker_text
391,3319,1,occurs_in_speaker_text
178,3319,1,occurs_in_speaker_text
1193,3319,4,occurs_in_speaker_text
1034,3319,17,occurs_in_speaker_text
2438,3319,2,occurs_in_speaker_text
432,3319,1,occurs_in_speaker_text
1856,3319,2,occurs_in_speaker_text
258,3319,1,occurs_in_speaker_text
74,3319,2,occurs_in_speaker_text
891,3319,4,occurs_in_speaker_text
2302,3319,1,occurs_in_speaker_text
2346,3319,1,occurs_in_speaker_text
899,3319,7,occurs_in_speaker_text
1906,3319,2,occurs_in_speaker_text
1250,3319,6,occurs_in_speaker_text
52,3319,4,occurs_in_speaker_text
222,3319,1,occurs_in_speaker_text
2805,3319,5,occurs_in_speaker_text
232,3319,1,occurs_in_speaker_text
1907,3319,1,occurs_in_speaker_text
2655,3319,2,occurs_in_speaker_text
932,3319,2,occurs_in_speaker_text
2396,3319,1,occurs_in_speaker_text
405,3319,1,occurs_in_speaker_text
271,3319,2,occurs_in_speaker_text
667,3319,1,occurs_in_speaker_text
2524,3319,1,occurs_in_speaker_text
2477,3319,3,occurs_in_speaker_text
948,3319,1,occurs_in_speaker_text
2506,3319,2,occurs_in_speaker_text
2095,3319,2,occurs_in_speaker_text
1839,3319,1,occurs_in_speaker_text
1641,3319,3,occurs_in_speaker_text
2633,3319,3,occurs_in_speaker_text
722,3319,1,occurs_in_speaker_text
2165,3319,2,occurs_in_speaker_text
525,3319,4,occurs_in_speaker_text
2525,3319,1,occurs_in_speaker_text
2650,3319,1,occurs_in_speaker_text
2393,3319,1,occurs_in_speaker_text
1051,3319,3,occurs_in_speaker_text
488,3319,1,occurs_in_speaker_text
2217,3319,2,occurs_in_speaker_text
880,3319,1,occurs_in_speaker_text
1176,3319,1,occurs_in_speaker_text
1194,3319,1,occurs_in_speaker_text
2179,3319,1,occurs_in_speaker_text
1647,3319,1,occurs_in_speaker_text
3034,3319,1,occurs_in_speaker_text
2348,3319,2,occurs_in_speaker_text
1143,3319,1,occurs_in_speaker_text
500,3319,1,occurs_in_speaker_text
1876,3319,2,occurs_in_speaker_text
2607,3319,1,occurs_in_speaker_text
247,3319,1,occurs_in_speaker_text
1130,3319,1,occurs_in_speaker_text
444,3319,2,occurs_in_speaker_text
1615,3319,1,occurs_in_speaker_text
808,3319,1,occurs_in_speaker_text
2051,3319,1,occurs_in_speaker_text
1611,3319,2,occurs_in_speaker_text
1046,3319,1,occurs_in_speaker_text
580,3319,1,occurs_in_speaker_text
1801,3319,3,occurs_in_speaker_text
1491,3319,1,occurs_in_speaker_text
856,3319,1,occurs_in_speaker_text
2328,3319,2,occurs_in_speaker_text
638,3319,1,occurs_in_speaker_text
730,3319,1,occurs_in_speaker_text
1221,3319,1,occurs_in_speaker_text
2412,3319,1,occurs_in_speaker_text
2652,3319,1,occurs_in_speaker_text
1704,3319,1,occurs_in_speaker_text
1793,3319,1,occurs_in_speaker_text
2012,3319,1,occurs_in_speaker_text
1070,3319,1,occurs_in_speaker_text
2285,3319,2,occurs_in_speaker_text
1669,3319,1,occurs_in_speaker_text
31,3319,1,occurs_in_speaker_text
245,3319,1,occurs_in_speaker_text
1238,3319,1,occurs_in_speaker_text
2096,3319,1,occurs_in_speaker_text
616,3319,3,occurs_in_speaker_text
2108,3319,1,occurs_in_speaker_text
14,3319,1,occurs_in_speaker_text
450,3319,1,occurs_in_speaker_text
699,3319,1,occurs_in_speaker_text
1313,3319,1,occurs_in_speaker_text
1250,3320,3,occurs_in_speaker_text
1194,3320,4,occurs_in_speaker_text
1294,3320,1,occurs_in_speaker_text
1034,3320,7,occurs_in_speaker_text
1193,3320,1,occurs_in_speaker_text
2856,3320,1,occurs_in_speaker_text
3040,3320,2,occurs_in_speaker_text
2908,3320,1,occurs_in_speaker_text
1656,3320,1,occurs_in_speaker_text
2477,3320,2,occurs_in_speaker_text
1260,3320,1,occurs_in_speaker_text
1654,3320,1,occurs_in_speaker_text
1589,3320,1,occurs_in_speaker_text
1278,3320,1,occurs_in_speaker_text
2518,3320,1,occurs_in_speaker_text
1316,3320,1,occurs_in_speaker_text
267,3320,1,occurs_in_speaker_text
2228,3320,1,occurs_in_speaker_text
2360,3320,1,occurs_in_speaker_text
540,3320,1,occurs_in_speaker_text
1530,3320,1,occurs_in_speaker_text
2887,3320,2,occurs_in_speaker_text
1809,3320,1,occurs_in_speaker_text
666,3320,4,occurs_in_speaker_text
2433,3320,1,occurs_in_speaker_text
719,3320,1,occurs_in_speaker_text
780,3320,1,occurs_in_speaker_text
2977,3320,1,occurs_in_speaker_text
1611,3320,1,occurs_in_speaker_text
369,3320,1,occurs_in_speaker_text
3035,3320,1,occurs_in_speaker_text
2078,3320,1,occurs_in_speaker_text
1900,3320,1,occurs_in_speaker_text
1051,3320,1,occurs_in_speaker_text
1887,3320,1,occurs_in_speaker_text
222,3320,1,occurs_in_speaker_text
1034,3321,4,occurs_in_speaker_text
1589,3321,6,occurs_in_speaker_text
169,3321,2,occurs_in_speaker_text
2211,3321,1,occurs_in_speaker_text
780,3321,1,occurs_in_speaker_text
2554,3321,1,occurs_in_speaker_text
2518,3321,1,occurs_in_speaker_text
2477,3321,1,occurs_in_speaker_text
2633,3321,1,occurs_in_speaker_text
2604,3321,1,occurs_in_speaker_text
628,3321,1,occurs_in_speaker_text
1534,3321,1,occurs_in_speaker_text
2360,3322,3,occurs_in_speaker_text
2280,3322,1,occurs_in_speaker_text
1034,3322,16,occurs_in_speaker_text
2633,3322,11,occurs_in_speaker_text
666,3322,9,occurs_in_speaker_text
2477,3322,5,occurs_in_speaker_text
1193,3322,7,occurs_in_speaker_text
2878,3322,2,occurs_in_speaker_text
2576,3322,1,occurs_in_speaker_text
1263,3322,1,occurs_in_speaker_text
1704,3322,1,occurs_in_speaker_text
2635,3322,1,occurs_in_speaker_text
1611,3322,1,occurs_in_speaker_text
1030,3322,1,occurs_in_speaker_text
667,3322,3,occurs_in_speaker_text
1051,3322,1,occurs_in_speaker_text
1732,3322,3,occurs_in_speaker_text
210,3322,1,occurs_in_speaker_text
752,3322,3,occurs_in_speaker_text
1250,3322,3,occurs_in_speaker_text
909,3322,2,occurs_in_speaker_text
2602,3322,1,occurs_in_speaker_text
1099,3322,2,occurs_in_speaker_text
2020,3322,1,occurs_in_speaker_text
2518,3322,1,occurs_in_speaker_text
732,3322,1,occurs_in_speaker_text
1193,3323,6,occurs_in_speaker_text
1051,3323,5,occurs_in_speaker_text
666,3323,5,occurs_in_speaker_text
1034,3323,13,occurs_in_speaker_text
1447,3323,1,occurs_in_speaker_text
752,3323,1,occurs_in_speaker_text
2878,3323,1,occurs_in_speaker_text
1732,3323,1,occurs_in_speaker_text
2360,3323,2,occurs_in_speaker_text
2690,3323,1,occurs_in_speaker_text
3021,3323,2,occurs_in_speaker_text
762,3323,1,occurs_in_speaker_text
902,3323,1,occurs_in_speaker_text
2477,3324,1,occurs_in_speaker_text
742,3324,1,occurs_in_speaker_text
222,3324,7,occurs_in_speaker_text
1194,3324,2,occurs_in_speaker_text
1830,3324,1,occurs_in_speaker_text
1034,3324,4,occurs_in_speaker_text
1051,3324,2,occurs_in_speaker_text
1674,3324,1,occurs_in_speaker_text
2354,3324,1,occurs_in_speaker_text
1364,3324,1,occurs_in_speaker_text
666,3324,2,occurs_in_speaker_text
2790,3324,1,occurs_in_speaker_text
1682,3324,1,occurs_in_speaker_text
2518,3324,1,occurs_in_speaker_text
3086,3324,1,occurs_in_speaker_text
430,3324,2,occurs_in_speaker_text
1034,3325,2,occurs_in_speaker_text
1732,3325,1,occurs_in_speaker_text
1543,3325,1,occurs_in_speaker_text
2674,3325,1,occurs_in_speaker_text
1285,3325,1,occurs_in_speaker_text
2008,3325,1,occurs_in_speaker_text
2583,3325,2,occurs_in_speaker_text
782,3325,1,occurs_in_speaker_text
2263,3325,1,occurs_in_speaker_text
1250,3325,1,occurs_in_speaker_text
1823,3325,3,occurs_in_speaker_text
2637,3325,1,occurs_in_speaker_text
2477,3325,3,occurs_in_speaker_text
447,3325,2,occurs_in_speaker_text
2878,3325,5,occurs_in_speaker_text
73,3325,3,occurs_in_speaker_text
2108,3325,1,occurs_in_speaker_text
1871,3325,3,occurs_in_speaker_text
2019,3325,2,occurs_in_speaker_text
2412,3325,1,occurs_in_speaker_text
1882,3325,1,occurs_in_speaker_text
1704,3325,1,occurs_in_speaker_text
99,3325,2,occurs_in_speaker_text
222,3325,2,occurs_in_speaker_text
2879,3325,1,occurs_in_speaker_text
932,3325,1,occurs_in_speaker_text
1611,3325,1,occurs_in_speaker_text
1051,3325,1,occurs_in_speaker_text
780,3325,1,occurs_in_speaker_text
1034,3326,4,occurs_in_speaker_text
2386,3326,1,occurs_in_speaker_text
44,3326,1,occurs_in_speaker_text
394,3326,1,occurs_in_speaker_text
73,3326,1,occurs_in_speaker_text
2360,3326,2,occurs_in_speaker_text
93,3326,1,occurs_in_speaker_text
666,3326,3,occurs_in_speaker_text
590,3326,1,occurs_in_speaker_text
752,3326,10,occurs_in_speaker_text
1814,3326,1,occurs_in_speaker_text
1988,3326,3,occurs_in_speaker_text
2684,3326,1,occurs_in_speaker_text
1498,3326,1,occurs_in_speaker_text
1926,3326,1,occurs_in_speaker_text
933,3326,1,occurs_in_speaker_text
1357,3326,1,occurs_in_speaker_text
1250,3326,5,occurs_in_speaker_text
2878,3326,1,occurs_in_speaker_text
1263,3326,1,occurs_in_speaker_text
616,3326,1,occurs_in_speaker_text
950,3326,1,occurs_in_speaker_text
1977,3326,1,occurs_in_speaker_text
722,3326,2,occurs_in_speaker_text
767,3326,1,occurs_in_speaker_text
667,3326,1,occurs_in_speaker_text
856,3326,1,occurs_in_speaker_text
1204,3326,2,occurs_in_speaker_text
1874,3326,1,occurs_in_speaker_text
2548,3326,1,occurs_in_speaker_text
1823,3326,1,occurs_in_speaker_text
1697,3326,1,occurs_in_speaker_text
356,3326,1,occurs_in_speaker_text
746,3326,1,occurs_in_speaker_text
2425,3327,1,occurs_in_speaker_text
2758,3327,1,occurs_in_speaker_text
222,3327,4,occurs_in_speaker_text
2380,3327,2,occurs_in_speaker_text
1034,3327,27,occurs_in_speaker_text
2228,3327,1,occurs_in_speaker_text
2878,3327,1,occurs_in_speaker_text
666,3327,11,occurs_in_speaker_text
1687,3327,1,occurs_in_speaker_text
2518,3327,1,occurs_in_speaker_text
2658,3327,1,occurs_in_speaker_text
1156,3327,2,occurs_in_speaker_text
2181,3327,1,occurs_in_speaker_text
881,3327,2,occurs_in_speaker_text
2604,3327,1,occurs_in_speaker_text
445,3327,2,occurs_in_speaker_text
2360,3327,11,occurs_in_speaker_text
444,3327,1,occurs_in_speaker_text
1260,3327,1,occurs_in_speaker_text
2108,3327,1,occurs_in_speaker_text
1250,3327,1,occurs_in_speaker_text
1051,3327,2,occurs_in_speaker_text
193,3327,1,occurs_in_speaker_text
891,3327,3,occurs_in_speaker_text
2844,3327,1,occurs_in_speaker_text
752,3327,1,occurs_in_speaker_text
2477,3327,1,occurs_in_speaker_text
621,3327,1,occurs_in_speaker_text
2116,3327,1,occurs_in_speaker_text
1220,3327,1,occurs_in_speaker_text
567,3327,1,occurs_in_speaker_text
2805,3327,1,occurs_in_speaker_text
1611,3328,7,occurs_in_speaker_text
1405,3328,3,occurs_in_speaker_text
1194,3329,1,occurs_in_speaker_text
2633,3329,1,occurs_in_speaker_text
1297,3329,1,occurs_in_speaker_text
1689,3329,1,occurs_in_speaker_text
413,3329,1,occurs_in_speaker_text
2328,3329,1,occurs_in_speaker_text
2819,3329,1,occurs_in_speaker_text
1616,3329,1,occurs_in_speaker_text
1034,3329,2,occurs_in_speaker_text
536,3329,1,occurs_in_speaker_text
1034,3330,4,occurs_in_speaker_text
222,3330,2,occurs_in_speaker_text
1821,3330,1,occurs_in_speaker_text
1400,3330,1,occurs_in_speaker_text
2177,3330,1,occurs_in_speaker_text
1051,3330,1,occurs_in_speaker_text
2913,3330,1,occurs_in_speaker_text
2805,3330,1,occurs_in_speaker_text
2017,3330,1,occurs_in_speaker_text
222,3331,4,occurs_in_speaker_text
2156,3332,1,occurs_in_speaker_text
1589,3332,2,occurs_in_speaker_text
1034,3332,1,occurs_in_speaker_text
60,3332,1,occurs_in_speaker_text
2050,3332,1,occurs_in_speaker_text
2477,3333,1,occurs_in_speaker_text
666,3333,1,occurs_in_speaker_text
1434,3333,1,occurs_in_speaker_text
827,3333,1,occurs_in_speaker_text
1034,3333,2,occurs_in_speaker_text
2360,3333,1,occurs_in_speaker_text
2578,3334,1,occurs_in_speaker_text
1034,3334,11,occurs_in_speaker_text
2177,3334,2,occurs_in_speaker_text
666,3334,8,occurs_in_speaker_text
891,3334,2,occurs_in_speaker_text
1487,3334,1,occurs_in_speaker_text
2360,3334,11,occurs_in_speaker_text
1051,3334,5,occurs_in_speaker_text
2348,3334,1,occurs_in_speaker_text
2477,3334,4,occurs_in_speaker_text
1263,3334,1,occurs_in_speaker_text
2491,3334,1,occurs_in_speaker_text
1451,3334,2,occurs_in_speaker_text
1260,3334,3,occurs_in_speaker_text
1656,3334,1,occurs_in_speaker_text
1215,3334,1,occurs_in_speaker_text
1082,3334,1,occurs_in_speaker_text
451,3334,1,occurs_in_speaker_text
1193,3334,1,occurs_in_speaker_text
52,3334,1,occurs_in_speaker_text
752,3334,5,occurs_in_speaker_text
1732,3334,1,occurs_in_speaker_text
2095,3334,1,occurs_in_speaker_text
2977,3334,1,occurs_in_speaker_text
1632,3334,1,occurs_in_speaker_text
66,3334,1,occurs_in_speaker_text
1095,3334,1,occurs_in_speaker_text
3096,3334,1,occurs_in_speaker_text
2340,3334,1,occurs_in_speaker_text
3040,3334,1,occurs_in_speaker_text
2391,3334,1,occurs_in_speaker_text
1501,3334,1,occurs_in_speaker_text
2377,3334,1,occurs_in_speaker_text
1250,3334,1,occurs_in_speaker_text
1316,3334,1,occurs_in_speaker_text
2393,3334,1,occurs_in_speaker_text
1613,3334,1,occurs_in_speaker_text
946,3334,1,occurs_in_speaker_text
577,3334,1,occurs_in_speaker_text
396,3334,1,occurs_in_speaker_text
2878,3334,1,occurs_in_speaker_text
1353,3334,1,occurs_in_speaker_text
1641,3334,1,occurs_in_speaker_text
263,3334,1,occurs_in_speaker_text
2655,3334,1,occurs_in_speaker_text
2984,3334,1,occurs_in_speaker_text
2360,3335,2,occurs_in_speaker_text
1876,3335,1,occurs_in_speaker_text
1034,3335,3,occurs_in_speaker_text
222,3335,1,occurs_in_speaker_text
2050,3335,1,occurs_in_speaker_text
2477,3335,2,occurs_in_speaker_text
2095,3335,4,occurs_in_speaker_text
752,3335,1,occurs_in_speaker_text
856,3335,1,occurs_in_speaker_text
444,3335,1,occurs_in_speaker_text
666,3335,3,occurs_in_speaker_text
166,3336,1,occurs_in_speaker_text
655,3336,1,occurs_in_speaker_text
1316,3336,2,occurs_in_speaker_text
666,3336,4,occurs_in_speaker_text
2360,3336,3,occurs_in_speaker_text
891,3336,3,occurs_in_speaker_text
1095,3336,1,occurs_in_speaker_text
1034,3336,4,occurs_in_speaker_text
222,3336,1,occurs_in_speaker_text
3081,3336,1,occurs_in_speaker_text
1559,3336,1,occurs_in_speaker_text
632,3336,1,occurs_in_speaker_text
2604,3336,1,occurs_in_speaker_text
2728,3336,1,occurs_in_speaker_text
1656,3336,1,occurs_in_speaker_text
2228,3336,1,occurs_in_speaker_text
1034,3337,8,occurs_in_speaker_text
2884,3337,1,occurs_in_speaker_text
2360,3337,5,occurs_in_speaker_text
891,3337,2,occurs_in_speaker_text
2346,3337,2,occurs_in_speaker_text
666,3337,4,occurs_in_speaker_text
2477,3337,1,occurs_in_speaker_text
2364,3337,1,occurs_in_speaker_text
1051,3337,1,occurs_in_speaker_text
1194,3337,1,occurs_in_speaker_text
506,3337,1,occurs_in_speaker_text
2266,3337,1,occurs_in_speaker_text
2076,3337,1,occurs_in_speaker_text
1535,3337,1,occurs_in_speaker_text
1130,3337,1,occurs_in_speaker_text
752,3338,4,occurs_in_speaker_text
1051,3338,4,occurs_in_speaker_text
1357,3338,2,occurs_in_speaker_text
2360,3338,1,occurs_in_speaker_text
666,3338,4,occurs_in_speaker_text
2177,3338,1,occurs_in_speaker_text
246,3338,1,occurs_in_speaker_text
1034,3338,1,occurs_in_speaker_text
2530,3338,1,occurs_in_speaker_text
1193,3338,1,occurs_in_speaker_text
2650,3339,1,occurs_in_speaker_text
666,3339,14,occurs_in_speaker_text
2611,3339,1,occurs_in_speaker_text
1550,3339,1,occurs_in_speaker_text
224,3339,1,occurs_in_speaker_text
667,3339,1,occurs_in_speaker_text
1409,3339,1,occurs_in_speaker_text
2633,3339,1,occurs_in_speaker_text
1133,3339,2,occurs_in_speaker_text
2706,3339,1,occurs_in_speaker_text
2540,3339,1,occurs_in_speaker_text
1875,3339,1,occurs_in_speaker_text
14,3339,3,occurs_in_speaker_text
1252,3339,2,occurs_in_speaker_text
2655,3339,1,occurs_in_speaker_text
703,3339,1,occurs_in_speaker_text
1051,3339,7,occurs_in_speaker_text
1611,3339,3,occurs_in_speaker_text
253,3339,1,occurs_in_speaker_text
1046,3339,1,occurs_in_speaker_text
1260,3339,1,occurs_in_speaker_text
596,3339,1,occurs_in_speaker_text
1366,3339,1,occurs_in_speaker_text
752,3339,2,occurs_in_speaker_text
2382,3339,1,occurs_in_speaker_text
2977,3339,2,occurs_in_speaker_text
1034,3339,8,occurs_in_speaker_text
2566,3339,1,occurs_in_speaker_text
638,3339,1,occurs_in_speaker_text
409,3339,1,occurs_in_speaker_text
2095,3339,3,occurs_in_speaker_text
2393,3339,1,occurs_in_speaker_text
2346,3339,2,occurs_in_speaker_text
935,3339,1,occurs_in_speaker_text
616,3339,1,occurs_in_speaker_text
3028,3339,1,occurs_in_speaker_text
1514,3339,1,occurs_in_speaker_text
2477,3339,1,occurs_in_speaker_text
2108,3339,1,occurs_in_speaker_text
2103,3339,1,occurs_in_speaker_text
474,3339,1,occurs_in_speaker_text
1193,3339,2,occurs_in_speaker_text
1079,3339,1,occurs_in_speaker_text
382,3339,1,occurs_in_speaker_text
266,3340,1,occurs_in_speaker_text
1035,3340,1,occurs_in_speaker_text
73,3340,1,occurs_in_speaker_text
1152,3340,1,occurs_in_speaker_text
1034,3340,2,occurs_in_speaker_text
2254,3340,1,occurs_in_speaker_text
667,3340,1,occurs_in_speaker_text
666,3341,4,occurs_in_speaker_text
1034,3341,15,occurs_in_speaker_text
2477,3341,2,occurs_in_speaker_text
1382,3341,1,occurs_in_speaker_text
2234,3341,1,occurs_in_speaker_text
1260,3341,1,occurs_in_speaker_text
130,3341,1,occurs_in_speaker_text
1370,3341,2,occurs_in_speaker_text
223,3341,1,occurs_in_speaker_text
621,3341,1,occurs_in_speaker_text
1823,3341,2,occurs_in_speaker_text
1263,3341,2,occurs_in_speaker_text
317,3341,1,occurs_in_speaker_text
2878,3341,3,occurs_in_speaker_text
1194,3341,2,occurs_in_speaker_text
2360,3341,1,occurs_in_speaker_text
444,3341,2,occurs_in_speaker_text
2911,3341,1,occurs_in_speaker_text
3015,3341,1,occurs_in_speaker_text
2391,3342,2,occurs_in_speaker_text
1221,3342,6,occurs_in_speaker_text
1051,3342,4,occurs_in_speaker_text
1778,3342,1,occurs_in_speaker_text
3002,3342,2,occurs_in_speaker_text
1034,3342,8,occurs_in_speaker_text
2977,3342,1,occurs_in_speaker_text
1724,3342,1,occurs_in_speaker_text
1749,3342,1,occurs_in_speaker_text
667,3342,1,occurs_in_speaker_text
2710,3342,1,occurs_in_speaker_text
222,3342,1,occurs_in_speaker_text
985,3342,1,occurs_in_speaker_text
1242,3342,1,occurs_in_speaker_text
616,3342,2,occurs_in_speaker_text
666,3342,6,occurs_in_speaker_text
2156,3342,1,occurs_in_speaker_text
2380,3342,1,occurs_in_speaker_text
2076,3342,2,occurs_in_speaker_text
136,3342,1,occurs_in_speaker_text
1001,3342,1,occurs_in_speaker_text
2518,3342,2,occurs_in_speaker_text
946,3342,1,occurs_in_speaker_text
1801,3342,1,occurs_in_speaker_text
1876,3342,1,occurs_in_speaker_text
168,3342,1,occurs_in_speaker_text
932,3342,1,occurs_in_speaker_text
1250,3342,2,occurs_in_speaker_text
1000,3342,1,occurs_in_speaker_text
2258,3342,1,occurs_in_speaker_text
524,3342,1,occurs_in_speaker_text
2412,3342,1,occurs_in_speaker_text
382,3342,1,occurs_in_speaker_text
2655,3342,1,occurs_in_speaker_text
840,3342,1,occurs_in_speaker_text
1193,3342,1,occurs_in_speaker_text
2722,3342,1,occurs_in_speaker_text
666,3343,2,occurs_in_speaker_text
1034,3343,8,occurs_in_speaker_text
1018,3343,1,occurs_in_speaker_text
222,3343,1,occurs_in_speaker_text
175,3343,1,occurs_in_speaker_text
2672,3343,1,occurs_in_speaker_text
1226,3343,3,occurs_in_speaker_text
1194,3344,2,occurs_in_speaker_text
1260,3344,3,occurs_in_speaker_text
1178,3344,3,occurs_in_speaker_text
1051,3344,3,occurs_in_speaker_text
1034,3344,4,occurs_in_speaker_text
2633,3344,1,occurs_in_speaker_text
666,3344,2,occurs_in_speaker_text
2360,3344,2,occurs_in_speaker_text
891,3344,1,occurs_in_speaker_text
1176,3344,1,occurs_in_speaker_text
856,3344,2,occurs_in_speaker_text
1034,3345,17,occurs_in_speaker_text
2477,3345,4,occurs_in_speaker_text
891,3345,5,occurs_in_speaker_text
312,3345,2,occurs_in_speaker_text
1156,3345,2,occurs_in_speaker_text
168,3345,1,occurs_in_speaker_text
525,3345,1,occurs_in_speaker_text
2209,3345,1,occurs_in_speaker_text
2391,3345,1,occurs_in_speaker_text
2571,3345,1,occurs_in_speaker_text
1250,3345,7,occurs_in_speaker_text
2120,3345,1,occurs_in_speaker_text
1193,3345,2,occurs_in_speaker_text
1051,3345,1,occurs_in_speaker_text
222,3345,10,occurs_in_speaker_text
1662,3345,1,occurs_in_speaker_text
2380,3345,2,occurs_in_speaker_text
1876,3345,2,occurs_in_speaker_text
2360,3345,4,occurs_in_speaker_text
856,3345,1,occurs_in_speaker_text
445,3345,1,occurs_in_speaker_text
444,3345,3,occurs_in_speaker_text
1611,3345,1,occurs_in_speaker_text
2805,3345,1,occurs_in_speaker_text
752,3345,2,occurs_in_speaker_text
666,3345,2,occurs_in_speaker_text
2305,3345,1,occurs_in_speaker_text
2156,3345,1,occurs_in_speaker_text
780,3345,1,occurs_in_speaker_text
1157,3345,1,occurs_in_speaker_text
1641,3345,1,occurs_in_speaker_text
881,3345,2,occurs_in_speaker_text
2142,3345,1,occurs_in_speaker_text
666,3346,3,occurs_in_speaker_text
856,3346,4,occurs_in_speaker_text
222,3346,5,occurs_in_speaker_text
1673,3346,1,occurs_in_speaker_text
445,3346,2,occurs_in_speaker_text
1034,3346,7,occurs_in_speaker_text
1051,3346,10,occurs_in_speaker_text
2878,3346,1,occurs_in_speaker_text
2518,3346,2,occurs_in_speaker_text
1505,3346,1,occurs_in_speaker_text
2228,3346,1,occurs_in_speaker_text
789,3346,1,occurs_in_speaker_text
2477,3346,1,occurs_in_speaker_text
780,3346,1,occurs_in_speaker_text
737,3346,1,occurs_in_speaker_text
2360,3346,1,occurs_in_speaker_text
444,3346,2,occurs_in_speaker_text
158,3346,1,occurs_in_speaker_text
2667,3346,1,occurs_in_speaker_text
1003,3346,1,occurs_in_speaker_text
14,3346,2,occurs_in_speaker_text
88,3346,1,occurs_in_speaker_text
1194,3346,1,occurs_in_speaker_text
1034,3347,9,occurs_in_speaker_text
2034,3347,2,occurs_in_speaker_text
1193,3347,1,occurs_in_speaker_text
2360,3347,1,occurs_in_speaker_text
865,3347,1,occurs_in_speaker_text
2463,3347,1,occurs_in_speaker_text
1548,3347,3,occurs_in_speaker_text
1292,3347,1,occurs_in_speaker_text
2177,3347,1,occurs_in_speaker_text
2095,3347,2,occurs_in_speaker_text
2744,3348,4,occurs_in_speaker_text
2263,3348,4,occurs_in_speaker_text
630,3348,1,occurs_in_speaker_text
2917,3348,2,occurs_in_speaker_text
666,3349,2,occurs_in_speaker_text
2684,3349,1,occurs_in_speaker_text
677,3349,1,occurs_in_speaker_text
1034,3349,1,occurs_in_speaker_text
2263,3350,5,occurs_in_speaker_text
222,3350,6,occurs_in_speaker_text
2644,3350,1,occurs_in_speaker_text
2602,3350,1,occurs_in_speaker_text
1034,3350,11,occurs_in_speaker_text
666,3350,3,occurs_in_speaker_text
1316,3350,3,occurs_in_speaker_text
742,3350,1,occurs_in_speaker_text
2507,3350,1,occurs_in_speaker_text
1413,3350,1,occurs_in_speaker_text
1924,3350,1,occurs_in_speaker_text
2280,3350,1,occurs_in_speaker_text
891,3350,1,occurs_in_speaker_text
2527,3350,1,occurs_in_speaker_text
2477,3350,1,occurs_in_speaker_text
752,3350,1,occurs_in_speaker_text
752,3351,4,occurs_in_speaker_text
973,3351,1,occurs_in_speaker_text
891,3351,1,occurs_in_speaker_text
1034,3351,8,occurs_in_speaker_text
616,3351,1,occurs_in_speaker_text
2644,3351,1,occurs_in_speaker_text
1051,3351,1,occurs_in_speaker_text
239,3351,1,occurs_in_speaker_text
52,3351,1,occurs_in_speaker_text
2095,3351,1,occurs_in_speaker_text
222,3352,1,occurs_in_speaker_text
2805,3352,2,occurs_in_speaker_text
1348,3352,1,occurs_in_speaker_text
2918,3352,1,occurs_in_speaker_text
1034,3352,9,occurs_in_speaker_text
430,3352,1,occurs_in_speaker_text
2878,3352,1,occurs_in_speaker_text
1753,3352,1,occurs_in_speaker_text
666,3352,1,occurs_in_speaker_text
1370,3352,1,occurs_in_speaker_text
2633,3353,7,occurs_in_speaker_text
1034,3353,14,occurs_in_speaker_text
1731,3353,1,occurs_in_speaker_text
752,3353,6,occurs_in_speaker_text
666,3353,9,occurs_in_speaker_text
1943,3353,1,occurs_in_speaker_text
2477,3353,8,occurs_in_speaker_text
2118,3353,1,occurs_in_speaker_text
1238,3353,3,occurs_in_speaker_text
2602,3353,1,occurs_in_speaker_text
1250,3353,3,occurs_in_speaker_text
222,3353,3,occurs_in_speaker_text
1918,3353,1,occurs_in_speaker_text
1522,3353,4,occurs_in_speaker_text
2143,3353,1,occurs_in_speaker_text
2304,3353,1,occurs_in_speaker_text
2442,3353,1,occurs_in_speaker_text
1194,3353,1,occurs_in_speaker_text
1187,3353,1,occurs_in_speaker_text
577,3353,1,occurs_in_speaker_text
1783,3353,3,occurs_in_speaker_text
1528,3353,1,occurs_in_speaker_text
1911,3353,1,occurs_in_speaker_text
1001,3353,1,occurs_in_speaker_text
1339,3353,1,occurs_in_speaker_text
430,3353,1,occurs_in_speaker_text
2597,3353,4,occurs_in_speaker_text
2417,3353,1,occurs_in_speaker_text
384,3353,1,occurs_in_speaker_text
1611,3353,3,occurs_in_speaker_text
1974,3353,1,occurs_in_speaker_text
2095,3353,1,occurs_in_speaker_text
891,3353,4,occurs_in_speaker_text
1823,3353,4,occurs_in_speaker_text
2748,3353,1,occurs_in_speaker_text
2644,3353,1,occurs_in_speaker_text
1317,3353,1,occurs_in_speaker_text
2655,3353,2,occurs_in_speaker_text
1986,3353,2,occurs_in_speaker_text
2805,3353,5,occurs_in_speaker_text
2423,3353,1,occurs_in_speaker_text
2861,3353,1,occurs_in_speaker_text
1193,3353,1,occurs_in_speaker_text
1051,3353,1,occurs_in_speaker_text
311,3353,1,occurs_in_speaker_text
1340,3353,1,occurs_in_speaker_text
2076,3353,1,occurs_in_speaker_text
2303,3353,2,occurs_in_speaker_text
1316,3353,9,occurs_in_speaker_text
2157,3353,1,occurs_in_speaker_text
226,3353,1,occurs_in_speaker_text
280,3353,1,occurs_in_speaker_text
2328,3353,3,occurs_in_speaker_text
2452,3353,1,occurs_in_speaker_text
2276,3353,1,occurs_in_speaker_text
865,3353,2,occurs_in_speaker_text
2191,3353,1,occurs_in_speaker_text
211,3353,1,occurs_in_speaker_text
2970,3353,1,occurs_in_speaker_text
2040,3353,1,occurs_in_speaker_text
2530,3353,1,occurs_in_speaker_text
1212,3353,1,occurs_in_speaker_text
502,3353,1,occurs_in_speaker_text
409,3353,1,occurs_in_speaker_text
2177,3353,1,occurs_in_speaker_text
3096,3353,1,occurs_in_speaker_text
2412,3353,1,occurs_in_speaker_text
2921,3353,1,occurs_in_speaker_text
1034,3354,1,occurs_in_speaker_text
2391,3354,1,occurs_in_speaker_text
1704,3354,1,occurs_in_speaker_text
2388,3354,1,occurs_in_speaker_text
325,3354,1,occurs_in_speaker_text
932,3354,6,occurs_in_speaker_text
1730,3354,1,occurs_in_speaker_text
2228,3354,2,occurs_in_speaker_text
1263,3354,2,occurs_in_speaker_text
136,3354,1,occurs_in_speaker_text
865,3354,1,occurs_in_speaker_text
2999,3354,3,occurs_in_speaker_text
2360,3354,1,occurs_in_speaker_text
2177,3355,1,occurs_in_speaker_text
2507,3355,2,occurs_in_speaker_text
1034,3355,7,occurs_in_speaker_text
376,3355,1,occurs_in_speaker_text
2518,3355,1,occurs_in_speaker_text
666,3355,1,occurs_in_speaker_text
1612,3355,1,occurs_in_speaker_text
222,3355,1,occurs_in_speaker_text
222,3356,4,occurs_in_speaker_text
1876,3356,2,occurs_in_speaker_text
444,3356,2,occurs_in_speaker_text
2518,3356,1,occurs_in_speaker_text
1732,3356,5,occurs_in_speaker_text
2905,3356,1,occurs_in_speaker_text
932,3356,3,occurs_in_speaker_text
14,3356,2,occurs_in_speaker_text
2477,3356,4,occurs_in_speaker_text
548,3356,1,occurs_in_speaker_text
445,3356,1,occurs_in_speaker_text
2548,3356,4,occurs_in_speaker_text
1130,3356,1,occurs_in_speaker_text
1051,3356,2,occurs_in_speaker_text
1003,3356,2,occurs_in_speaker_text
2209,3356,1,occurs_in_speaker_text
2380,3356,1,occurs_in_speaker_text
2263,3356,6,occurs_in_speaker_text
2360,3356,2,occurs_in_speaker_text
1260,3356,1,occurs_in_speaker_text
1194,3356,1,occurs_in_speaker_text
2254,3356,1,occurs_in_speaker_text
981,3356,2,occurs_in_speaker_text
427,3356,1,occurs_in_speaker_text
3016,3356,1,occurs_in_speaker_text
158,3356,1,occurs_in_speaker_text
2306,3356,1,occurs_in_speaker_text
2700,3356,1,occurs_in_speaker_text
1632,3356,1,occurs_in_speaker_text
2790,3356,1,occurs_in_speaker_text
2604,3356,1,occurs_in_speaker_text
2123,3356,1,occurs_in_speaker_text
52,3356,1,occurs_in_speaker_text
1735,3356,1,occurs_in_speaker_text
2095,3356,1,occurs_in_speaker_text
2172,3356,1,occurs_in_speaker_text
667,3356,1,occurs_in_speaker_text
841,3356,1,occurs_in_speaker_text
1611,3356,1,occurs_in_speaker_text
1640,3356,1,occurs_in_speaker_text
1034,3356,1,occurs_in_speaker_text
2228,3356,1,occurs_in_speaker_text
1034,3357,12,occurs_in_speaker_text
2360,3357,2,occurs_in_speaker_text
444,3357,1,occurs_in_speaker_text
222,3357,11,occurs_in_speaker_text
1698,3357,1,occurs_in_speaker_text
52,3357,2,occurs_in_speaker_text
666,3357,9,occurs_in_speaker_text
891,3357,1,occurs_in_speaker_text
616,3357,1,occurs_in_speaker_text
1711,3357,1,occurs_in_speaker_text
2548,3357,1,occurs_in_speaker_text
667,3357,1,occurs_in_speaker_text
677,3357,2,occurs_in_speaker_text
2076,3357,1,occurs_in_speaker_text
2189,3357,1,occurs_in_speaker_text
2228,3357,1,occurs_in_speaker_text
2380,3358,1,occurs_in_speaker_text
2360,3358,11,occurs_in_speaker_text
417,3358,1,occurs_in_speaker_text
1034,3358,3,occurs_in_speaker_text
2805,3358,1,occurs_in_speaker_text
444,3358,1,occurs_in_speaker_text
2802,3358,2,occurs_in_speaker_text
752,3358,1,occurs_in_speaker_text
258,3359,1,occurs_in_speaker_text
752,3359,4,occurs_in_speaker_text
1823,3359,1,occurs_in_speaker_text
14,3359,1,occurs_in_speaker_text
2486,3359,1,occurs_in_speaker_text
1522,3359,1,occurs_in_speaker_text
1472,3359,1,occurs_in_speaker_text
480,3359,1,occurs_in_speaker_text
1732,3359,3,occurs_in_speaker_text
1001,3359,1,occurs_in_speaker_text
1611,3359,1,occurs_in_speaker_text
1034,3359,16,occurs_in_speaker_text
2025,3359,1,occurs_in_speaker_text
932,3359,1,occurs_in_speaker_text
312,3359,2,occurs_in_speaker_text
869,3359,2,occurs_in_speaker_text
1632,3359,1,occurs_in_speaker_text
2360,3359,17,occurs_in_speaker_text
638,3359,1,occurs_in_speaker_text
666,3359,6,occurs_in_speaker_text
444,3359,3,occurs_in_speaker_text
2604,3359,1,occurs_in_speaker_text
1263,3359,2,occurs_in_speaker_text
222,3359,16,occurs_in_speaker_text
2518,3359,8,occurs_in_speaker_text
2477,3359,4,occurs_in_speaker_text
968,3359,1,occurs_in_speaker_text
168,3359,1,occurs_in_speaker_text
1575,3359,1,occurs_in_speaker_text
1193,3359,1,occurs_in_speaker_text
2181,3359,1,occurs_in_speaker_text
447,3359,1,occurs_in_speaker_text
2878,3359,1,occurs_in_speaker_text
1364,3359,1,occurs_in_speaker_text
1360,3359,1,occurs_in_speaker_text
2539,3359,1,occurs_in_speaker_text
2554,3359,1,occurs_in_speaker_text
2412,3359,2,occurs_in_speaker_text
873,3359,1,occurs_in_speaker_text
2360,3360,5,occurs_in_speaker_text
2103,3360,1,occurs_in_speaker_text
666,3360,4,occurs_in_speaker_text
2129,3360,1,occurs_in_speaker_text
2095,3360,4,occurs_in_speaker_text
1250,3360,2,occurs_in_speaker_text
1034,3360,12,occurs_in_speaker_text
2528,3360,1,occurs_in_speaker_text
482,3360,1,occurs_in_speaker_text
222,3360,2,occurs_in_speaker_text
52,3360,1,occurs_in_speaker_text
2254,3360,1,occurs_in_speaker_text
2633,3360,1,occurs_in_speaker_text
2346,3360,1,occurs_in_speaker_text
2380,3360,4,occurs_in_speaker_text
14,3360,1,occurs_in_speaker_text
1641,3360,2,occurs_in_speaker_text
1289,3360,1,occurs_in_speaker_text
2406,3360,1,occurs_in_speaker_text
91,3360,1,occurs_in_speaker_text
1458,3360,1,occurs_in_speaker_text
3040,3360,1,occurs_in_speaker_text
2108,3360,3,occurs_in_speaker_text
2263,3360,1,occurs_in_speaker_text
2518,3360,2,occurs_in_speaker_text
2209,3360,1,occurs_in_speaker_text
667,3360,4,occurs_in_speaker_text
1969,3360,1,occurs_in_speaker_text
752,3360,9,occurs_in_speaker_text
1967,3360,1,occurs_in_speaker_text
2285,3360,1,occurs_in_speaker_text
1704,3360,1,occurs_in_speaker_text
444,3360,2,occurs_in_speaker_text
71,3360,1,occurs_in_speaker_text
949,3360,1,occurs_in_speaker_text
188,3360,1,occurs_in_speaker_text
979,3360,1,occurs_in_speaker_text
780,3360,2,occurs_in_speaker_text
932,3360,2,occurs_in_speaker_text
1988,3360,2,occurs_in_speaker_text
1193,3360,2,occurs_in_speaker_text
616,3360,1,occurs_in_speaker_text
978,3360,1,occurs_in_speaker_text
2050,3360,1,occurs_in_speaker_text
1167,3360,1,occurs_in_speaker_text
220,3360,1,occurs_in_speaker_text
1166,3360,1,occurs_in_speaker_text
1156,3360,1,occurs_in_speaker_text
168,3360,1,occurs_in_speaker_text
1801,3360,1,occurs_in_speaker_text
620,3360,1,occurs_in_speaker_text
2798,3360,1,occurs_in_speaker_text
2536,3360,1,occurs_in_speaker_text
1043,3360,1,occurs_in_speaker_text
2642,3360,1,occurs_in_speaker_text
244,3360,1,occurs_in_speaker_text
891,3360,2,occurs_in_speaker_text
1176,3360,1,occurs_in_speaker_text
3041,3360,1,occurs_in_speaker_text
856,3360,1,occurs_in_speaker_text
2348,3360,1,occurs_in_speaker_text
187,3360,1,occurs_in_speaker_text
1070,3360,1,occurs_in_speaker_text
1034,3361,6,occurs_in_speaker_text
666,3361,6,occurs_in_speaker_text
1051,3361,2,occurs_in_speaker_text
2393,3361,1,occurs_in_speaker_text
780,3361,1,occurs_in_speaker_text
2076,3361,1,occurs_in_speaker_text
1823,3361,1,occurs_in_speaker_text
1250,3361,1,occurs_in_speaker_text
1193,3362,1,occurs_in_speaker_text
1034,3362,4,occurs_in_speaker_text
2686,3362,2,occurs_in_speaker_text
2360,3362,1,occurs_in_speaker_text
1051,3362,7,occurs_in_speaker_text
1260,3362,4,occurs_in_speaker_text
3096,3362,1,occurs_in_speaker_text
1263,3362,1,occurs_in_speaker_text
2539,3362,1,occurs_in_speaker_text
300,3362,1,occurs_in_speaker_text
2548,3362,1,occurs_in_speaker_text
932,3362,1,occurs_in_speaker_text
1750,3362,1,occurs_in_speaker_text
900,3362,1,occurs_in_speaker_text
1656,3362,1,occurs_in_speaker_text
666,3362,1,occurs_in_speaker_text
2508,3363,1,occurs_in_speaker_text
1589,3363,2,occurs_in_speaker_text
1194,3363,5,occurs_in_speaker_text
1034,3363,17,occurs_in_speaker_text
1051,3363,3,occurs_in_speaker_text
2360,3363,9,occurs_in_speaker_text
1316,3363,12,occurs_in_speaker_text
1790,3363,2,occurs_in_speaker_text
1115,3363,2,occurs_in_speaker_text
2633,3363,1,occurs_in_speaker_text
1366,3363,1,occurs_in_speaker_text
666,3363,11,occurs_in_speaker_text
752,3363,2,occurs_in_speaker_text
1074,3363,3,occurs_in_speaker_text
891,3363,6,occurs_in_speaker_text
2477,3363,20,occurs_in_speaker_text
2069,3363,1,occurs_in_speaker_text
2118,3363,2,occurs_in_speaker_text
65,3363,1,occurs_in_speaker_text
2518,3363,10,occurs_in_speaker_text
222,3363,7,occurs_in_speaker_text
2805,3363,2,occurs_in_speaker_text
300,3363,1,occurs_in_speaker_text
2050,3363,1,occurs_in_speaker_text
682,3363,1,occurs_in_speaker_text
1212,3363,1,occurs_in_speaker_text
1156,3363,1,occurs_in_speaker_text
985,3363,2,occurs_in_speaker_text
2590,3363,1,occurs_in_speaker_text
2467,3363,1,occurs_in_speaker_text
2643,3363,1,occurs_in_speaker_text
2397,3363,1,occurs_in_speaker_text
624,3363,1,occurs_in_speaker_text
1732,3363,13,occurs_in_speaker_text
2254,3363,1,occurs_in_speaker_text
832,3363,1,occurs_in_speaker_text
2790,3363,3,occurs_in_speaker_text
1673,3363,1,occurs_in_speaker_text
2583,3363,1,occurs_in_speaker_text
2878,3363,1,occurs_in_speaker_text
1656,3363,4,occurs_in_speaker_text
2228,3363,1,occurs_in_speaker_text
1062,3363,1,occurs_in_speaker_text
175,3363,2,occurs_in_speaker_text
507,3363,1,occurs_in_speaker_text
1704,3363,1,occurs_in_speaker_text
788,3363,1,occurs_in_speaker_text
863,3363,1,occurs_in_speaker_text
1263,3363,1,occurs_in_speaker_text
3045,3363,1,occurs_in_speaker_text
240,3363,1,occurs_in_speaker_text
81,3363,1,occurs_in_speaker_text
726,3363,1,occurs_in_speaker_text
1238,3363,1,occurs_in_speaker_text
2076,3363,1,occurs_in_speaker_text
604,3363,1,occurs_in_speaker_text
1374,3363,1,occurs_in_speaker_text
1576,3363,1,occurs_in_speaker_text
93,3363,1,occurs_in_speaker_text
1528,3363,1,occurs_in_speaker_text
445,3363,1,occurs_in_speaker_text
2328,3363,1,occurs_in_speaker_text
1000,3363,1,occurs_in_speaker_text
2525,3363,1,occurs_in_speaker_text
1876,3363,2,occurs_in_speaker_text
73,3363,1,occurs_in_speaker_text
722,3363,1,occurs_in_speaker_text
1579,3363,1,occurs_in_speaker_text
2055,3363,1,occurs_in_speaker_text
2738,3364,1,occurs_in_speaker_text
222,3364,4,occurs_in_speaker_text
980,3364,1,occurs_in_speaker_text
1034,3364,3,occurs_in_speaker_text
666,3364,3,occurs_in_speaker_text
1290,3364,1,occurs_in_speaker_text
2790,3364,1,occurs_in_speaker_text
666,3365,7,occurs_in_speaker_text
1924,3365,2,occurs_in_speaker_text
2360,3365,2,occurs_in_speaker_text
616,3365,1,occurs_in_speaker_text
1034,3365,17,occurs_in_speaker_text
1193,3365,6,occurs_in_speaker_text
856,3365,1,occurs_in_speaker_text
2763,3365,1,occurs_in_speaker_text
2095,3365,2,occurs_in_speaker_text
222,3365,3,occurs_in_speaker_text
981,3365,3,occurs_in_speaker_text
2790,3365,1,occurs_in_speaker_text
1823,3365,2,occurs_in_speaker_text
752,3365,1,occurs_in_speaker_text
14,3365,2,occurs_in_speaker_text
1194,3365,1,occurs_in_speaker_text
1611,3365,1,occurs_in_speaker_text
2655,3365,1,occurs_in_speaker_text
2391,3365,1,occurs_in_speaker_text
2604,3365,3,occurs_in_speaker_text
1051,3365,2,occurs_in_speaker_text
1801,3365,1,occurs_in_speaker_text
3020,3365,1,occurs_in_speaker_text
2664,3365,1,occurs_in_speaker_text
856,3366,1,occurs_in_speaker_text
1034,3366,10,occurs_in_speaker_text
666,3366,10,occurs_in_speaker_text
2477,3366,7,occurs_in_speaker_text
1876,3366,1,occurs_in_speaker_text
2360,3366,4,occurs_in_speaker_text
752,3366,3,occurs_in_speaker_text
1920,3366,1,occurs_in_speaker_text
985,3366,4,occurs_in_speaker_text
1250,3366,15,occurs_in_speaker_text
1823,3366,9,occurs_in_speaker_text
258,3366,1,occurs_in_speaker_text
2095,3366,2,occurs_in_speaker_text
891,3366,1,occurs_in_speaker_text
2760,3366,1,occurs_in_speaker_text
2237,3366,1,occurs_in_speaker_text
869,3366,2,occurs_in_speaker_text
1718,3366,3,occurs_in_speaker_text
350,3366,1,occurs_in_speaker_text
2258,3366,1,occurs_in_speaker_text
932,3366,3,occurs_in_speaker_text
264,3366,2,occurs_in_speaker_text
2046,3366,1,occurs_in_speaker_text
353,3366,1,occurs_in_speaker_text
1656,3366,1,occurs_in_speaker_text
3050,3366,1,occurs_in_speaker_text
904,3366,1,occurs_in_speaker_text
1641,3366,2,occurs_in_speaker_text
2328,3366,2,occurs_in_speaker_text
2076,3366,1,occurs_in_speaker_text
1353,3366,1,occurs_in_speaker_text
2919,3366,1,occurs_in_speaker_text
1316,3366,3,occurs_in_speaker_text
2518,3366,1,occurs_in_speaker_text
667,3366,1,occurs_in_speaker_text
1166,3366,1,occurs_in_speaker_text
928,3366,1,occurs_in_speaker_text
2805,3366,1,occurs_in_speaker_text
1051,3366,1,occurs_in_speaker_text
2183,3366,1,occurs_in_speaker_text
1732,3366,1,occurs_in_speaker_text
381,3366,2,occurs_in_speaker_text
1015,3366,1,occurs_in_speaker_text
222,3366,1,occurs_in_speaker_text
2977,3366,1,occurs_in_speaker_text
1193,3366,1,occurs_in_speaker_text
918,3366,1,occurs_in_speaker_text
2968,3366,1,occurs_in_speaker_text
2274,3367,1,occurs_in_speaker_text
666,3367,1,occurs_in_speaker_text
840,3367,1,occurs_in_speaker_text
722,3367,1,occurs_in_speaker_text
2602,3367,1,occurs_in_speaker_text
2254,3367,1,occurs_in_speaker_text
1034,3367,2,occurs_in_speaker_text
430,3368,1,occurs_in_speaker_text
1034,3368,4,occurs_in_speaker_text
2596,3368,1,occurs_in_speaker_text
1051,3368,2,occurs_in_speaker_text
2992,3368,1,occurs_in_speaker_text
2477,3368,1,occurs_in_speaker_text
2573,3368,1,occurs_in_speaker_text
891,3368,3,occurs_in_speaker_text
1193,3368,2,occurs_in_speaker_text
1298,3368,1,occurs_in_speaker_text
222,3368,2,occurs_in_speaker_text
1194,3368,5,occurs_in_speaker_text
2549,3368,1,occurs_in_speaker_text
2633,3368,2,occurs_in_speaker_text
1876,3368,1,occurs_in_speaker_text
2333,3368,1,occurs_in_speaker_text
2942,3368,1,occurs_in_speaker_text
987,3368,1,occurs_in_speaker_text
2134,3368,1,occurs_in_speaker_text
1059,3368,1,occurs_in_speaker_text
158,3368,1,occurs_in_speaker_text
2360,3368,1,occurs_in_speaker_text
2712,3368,1,occurs_in_speaker_text
1109,3368,1,occurs_in_speaker_text
1423,3368,1,occurs_in_speaker_text
1263,3368,1,occurs_in_speaker_text
2058,3368,1,occurs_in_speaker_text
444,3368,1,occurs_in_speaker_text
589,3369,1,occurs_in_speaker_text
359,3369,1,occurs_in_speaker_text
666,3369,1,occurs_in_speaker_text
1908,3369,2,occurs_in_speaker_text
1601,3369,1,occurs_in_speaker_text
1034,3370,1,occurs_in_speaker_text
2266,3370,2,occurs_in_speaker_text
2360,3370,1,occurs_in_speaker_text
420,3370,1,occurs_in_speaker_text
62,3371,1,occurs_in_speaker_text
2094,3371,1,occurs_in_speaker_text
1051,3371,2,occurs_in_speaker_text
1034,3371,1,occurs_in_speaker_text
891,3371,1,occurs_in_speaker_text
445,3371,1,occurs_in_speaker_text
2249,3371,1,occurs_in_speaker_text
666,3371,1,occurs_in_speaker_text
666,3372,29,occurs_in_speaker_text
2875,3372,4,occurs_in_speaker_text
2633,3372,1,occurs_in_speaker_text
312,3372,1,occurs_in_speaker_text
1399,3372,1,occurs_in_speaker_text
120,3372,1,occurs_in_speaker_text
558,3372,1,occurs_in_speaker_text
2655,3372,1,occurs_in_speaker_text
1193,3372,5,occurs_in_speaker_text
1733,3372,1,occurs_in_speaker_text
1034,3372,11,occurs_in_speaker_text
1988,3372,1,occurs_in_speaker_text
1353,3372,1,occurs_in_speaker_text
331,3372,1,occurs_in_speaker_text
1823,3372,3,occurs_in_speaker_text
577,3372,1,occurs_in_speaker_text
222,3372,1,occurs_in_speaker_text
1148,3372,1,occurs_in_speaker_text
1051,3372,5,occurs_in_speaker_text
703,3372,1,occurs_in_speaker_text
2540,3372,1,occurs_in_speaker_text
34,3372,1,occurs_in_speaker_text
1357,3372,1,occurs_in_speaker_text
1469,3372,1,occurs_in_speaker_text
2970,3372,1,occurs_in_speaker_text
1783,3372,1,occurs_in_speaker_text
391,3372,2,occurs_in_speaker_text
668,3372,1,occurs_in_speaker_text
932,3372,1,occurs_in_speaker_text
752,3372,2,occurs_in_speaker_text
186,3372,1,occurs_in_speaker_text
947,3372,1,occurs_in_speaker_text
2052,3372,1,occurs_in_speaker_text
818,3372,2,occurs_in_speaker_text
2330,3372,1,occurs_in_speaker_text
1876,3372,2,occurs_in_speaker_text
780,3372,1,occurs_in_speaker_text
2805,3372,2,occurs_in_speaker_text
1925,3372,1,occurs_in_speaker_text
950,3372,1,occurs_in_speaker_text
2095,3372,1,occurs_in_speaker_text
2254,3372,1,occurs_in_speaker_text
2000,3372,1,occurs_in_speaker_text
355,3372,1,occurs_in_speaker_text
145,3372,1,occurs_in_speaker_text
1536,3372,1,occurs_in_speaker_text
1959,3372,1,occurs_in_speaker_text
2474,3372,1,occurs_in_speaker_text
1544,3372,1,occurs_in_speaker_text
1237,3372,1,occurs_in_speaker_text
1926,3372,1,occurs_in_speaker_text
891,3372,2,occurs_in_speaker_text
1165,3372,1,occurs_in_speaker_text
1230,3372,1,occurs_in_speaker_text
5,3372,1,occurs_in_speaker_text
2360,3372,1,occurs_in_speaker_text
2954,3372,1,occurs_in_speaker_text
2477,3372,3,occurs_in_speaker_text
1635,3372,1,occurs_in_speaker_text
1127,3372,1,occurs_in_speaker_text
1250,3372,1,occurs_in_speaker_text
752,3373,15,occurs_in_speaker_text
1051,3373,6,occurs_in_speaker_text
666,3373,6,occurs_in_speaker_text
113,3373,1,occurs_in_speaker_text
667,3373,2,occurs_in_speaker_text
2584,3373,1,occurs_in_speaker_text
1641,3373,7,occurs_in_speaker_text
1250,3373,4,occurs_in_speaker_text
2034,3373,1,occurs_in_speaker_text
1564,3373,1,occurs_in_speaker_text
2138,3373,1,occurs_in_speaker_text
1034,3373,4,occurs_in_speaker_text
2153,3373,1,occurs_in_speaker_text
55,3373,1,occurs_in_speaker_text
1193,3373,2,occurs_in_speaker_text
1366,3373,5,occurs_in_speaker_text
1969,3373,1,occurs_in_speaker_text
1212,3373,1,occurs_in_speaker_text
1355,3373,1,occurs_in_speaker_text
891,3373,2,occurs_in_speaker_text
220,3373,2,occurs_in_speaker_text
2108,3373,3,occurs_in_speaker_text
14,3373,3,occurs_in_speaker_text
836,3373,1,occurs_in_speaker_text
2914,3373,1,occurs_in_speaker_text
2167,3373,1,occurs_in_speaker_text
1176,3373,1,occurs_in_speaker_text
444,3373,1,occurs_in_speaker_text
2477,3373,1,occurs_in_speaker_text
2360,3373,3,occurs_in_speaker_text
2393,3373,2,occurs_in_speaker_text
856,3373,1,occurs_in_speaker_text
2095,3373,1,occurs_in_speaker_text
2805,3373,1,occurs_in_speaker_text
792,3373,1,occurs_in_speaker_text
1823,3373,2,occurs_in_speaker_text
312,3373,1,occurs_in_speaker_text
2150,3373,1,occurs_in_speaker_text
258,3373,2,occurs_in_speaker_text
1774,3373,1,occurs_in_speaker_text
52,3373,2,occurs_in_speaker_text
2077,3373,1,occurs_in_speaker_text
481,3373,1,occurs_in_speaker_text
1801,3373,1,occurs_in_speaker_text
2947,3373,1,occurs_in_speaker_text
525,3373,1,occurs_in_speaker_text
1876,3373,1,occurs_in_speaker_text
417,3373,1,occurs_in_speaker_text
2477,3374,20,occurs_in_speaker_text
1656,3374,10,occurs_in_speaker_text
2518,3374,5,occurs_in_speaker_text
2878,3374,6,occurs_in_speaker_text
430,3374,1,occurs_in_speaker_text
1034,3374,14,occurs_in_speaker_text
2328,3374,2,occurs_in_speaker_text
666,3374,2,occurs_in_speaker_text
1193,3374,1,occurs_in_speaker_text
1732,3374,19,occurs_in_speaker_text
1464,3374,1,occurs_in_speaker_text
2906,3374,1,occurs_in_speaker_text
1263,3374,1,occurs_in_speaker_text
2287,3374,1,occurs_in_speaker_text
2108,3374,1,occurs_in_speaker_text
417,3374,2,occurs_in_speaker_text
722,3374,1,occurs_in_speaker_text
54,3374,3,occurs_in_speaker_text
2999,3374,2,occurs_in_speaker_text
840,3374,1,occurs_in_speaker_text
2618,3374,1,occurs_in_speaker_text
2633,3374,1,occurs_in_speaker_text
1799,3374,1,occurs_in_speaker_text
1591,3374,1,occurs_in_speaker_text
2228,3374,1,occurs_in_speaker_text
2360,3374,2,occurs_in_speaker_text
444,3374,1,occurs_in_speaker_text
869,3374,1,occurs_in_speaker_text
981,3375,6,occurs_in_speaker_text
222,3375,3,occurs_in_speaker_text
748,3375,1,occurs_in_speaker_text
666,3375,10,occurs_in_speaker_text
752,3375,2,occurs_in_speaker_text
1823,3375,5,occurs_in_speaker_text
1051,3375,6,occurs_in_speaker_text
1704,3375,1,occurs_in_speaker_text
856,3375,4,occurs_in_speaker_text
1105,3375,1,occurs_in_speaker_text
2548,3375,8,occurs_in_speaker_text
2177,3375,1,occurs_in_speaker_text
445,3375,1,occurs_in_speaker_text
891,3375,4,occurs_in_speaker_text
1344,3375,1,occurs_in_speaker_text
2360,3375,1,occurs_in_speaker_text
2538,3375,1,occurs_in_speaker_text
2272,3375,1,occurs_in_speaker_text
2518,3375,1,occurs_in_speaker_text
1034,3375,2,occurs_in_speaker_text
1782,3375,1,occurs_in_speaker_text
1193,3375,1,occurs_in_speaker_text
932,3375,3,occurs_in_speaker_text
1194,3375,3,occurs_in_speaker_text
1,3375,1,occurs_in_speaker_text
485,3375,1,occurs_in_speaker_text
1034,3376,10,occurs_in_speaker_text
1656,3376,1,occurs_in_speaker_text
1611,3376,1,occurs_in_speaker_text
222,3376,3,occurs_in_speaker_text
1176,3376,1,occurs_in_speaker_text
2391,3376,1,occurs_in_speaker_text
1876,3376,1,occurs_in_speaker_text
2380,3376,1,occurs_in_speaker_text
2554,3376,1,occurs_in_speaker_text
1238,3376,1,occurs_in_speaker_text
1473,3376,1,occurs_in_speaker_text
2878,3376,1,occurs_in_speaker_text
2477,3376,1,occurs_in_speaker_text
1250,3376,1,occurs_in_speaker_text
1263,3376,1,occurs_in_speaker_text
1250,3377,3,occurs_in_speaker_text
598,3377,1,occurs_in_speaker_text
1034,3377,4,occurs_in_speaker_text
2263,3377,6,occurs_in_speaker_text
2477,3377,1,occurs_in_speaker_text
1394,3377,1,occurs_in_speaker_text
222,3377,3,occurs_in_speaker_text
2482,3377,1,occurs_in_speaker_text
642,3377,1,occurs_in_speaker_text
2134,3377,1,occurs_in_speaker_text
2706,3378,1,occurs_in_speaker_text
2412,3378,6,occurs_in_speaker_text
924,3378,1,occurs_in_speaker_text
752,3378,14,occurs_in_speaker_text
1250,3378,2,occurs_in_speaker_text
666,3378,2,occurs_in_speaker_text
1034,3378,2,occurs_in_speaker_text
731,3378,1,occurs_in_speaker_text
1512,3378,1,occurs_in_speaker_text
1193,3378,2,occurs_in_speaker_text
2997,3378,1,occurs_in_speaker_text
1695,3378,1,occurs_in_speaker_text
2322,3378,1,occurs_in_speaker_text
854,3378,1,occurs_in_speaker_text
1366,3378,2,occurs_in_speaker_text
616,3378,1,occurs_in_speaker_text
2878,3378,1,occurs_in_speaker_text
206,3378,1,occurs_in_speaker_text
2473,3378,1,occurs_in_speaker_text
2391,3378,1,occurs_in_speaker_text
1656,3378,1,occurs_in_speaker_text
2033,3378,1,occurs_in_speaker_text
2266,3378,1,occurs_in_speaker_text
2577,3378,1,occurs_in_speaker_text
1285,3378,1,occurs_in_speaker_text
3096,3378,1,occurs_in_speaker_text
1034,3379,25,occurs_in_speaker_text
2393,3379,1,occurs_in_speaker_text
1859,3379,2,occurs_in_speaker_text
2360,3379,4,occurs_in_speaker_text
1194,3379,5,occurs_in_speaker_text
2734,3379,1,occurs_in_speaker_text
752,3379,3,occurs_in_speaker_text
2263,3379,5,occurs_in_speaker_text
2284,3379,1,occurs_in_speaker_text
1988,3379,1,occurs_in_speaker_text
1823,3379,1,occurs_in_speaker_text
677,3379,1,occurs_in_speaker_text
222,3379,1,occurs_in_speaker_text
2810,3379,1,occurs_in_speaker_text
1193,3379,2,occurs_in_speaker_text
2613,3379,1,occurs_in_speaker_text
2778,3379,1,occurs_in_speaker_text
2878,3379,1,occurs_in_speaker_text
2077,3379,1,occurs_in_speaker_text
312,3379,3,occurs_in_speaker_text
1051,3380,1,occurs_in_speaker_text
1425,3380,3,occurs_in_speaker_text
677,3380,1,occurs_in_speaker_text
1034,3380,9,occurs_in_speaker_text
98,3380,1,occurs_in_speaker_text
666,3380,1,occurs_in_speaker_text
2809,3380,1,occurs_in_speaker_text
1183,3381,10,occurs_in_speaker_text
1034,3381,9,occurs_in_speaker_text
666,3381,7,occurs_in_speaker_text
1051,3381,1,occurs_in_speaker_text
2477,3381,1,occurs_in_speaker_text
752,3381,1,occurs_in_speaker_text
2329,3381,1,occurs_in_speaker_text
667,3381,1,occurs_in_speaker_text
2652,3381,1,occurs_in_speaker_text
2999,3381,1,occurs_in_speaker_text
1624,3381,1,occurs_in_speaker_text
2259,3381,1,occurs_in_speaker_text
1522,3381,1,occurs_in_speaker_text
1732,3381,1,occurs_in_speaker_text
616,3381,1,occurs_in_speaker_text
2254,3381,1,occurs_in_speaker_text
3094,3381,1,occurs_in_speaker_text
1034,3382,8,occurs_in_speaker_text
666,3383,5,occurs_in_speaker_text
1051,3383,2,occurs_in_speaker_text
2391,3383,2,occurs_in_speaker_text
1034,3383,6,occurs_in_speaker_text
2360,3383,1,occurs_in_speaker_text
1316,3383,1,occurs_in_speaker_text
2518,3383,1,occurs_in_speaker_text
2477,3383,3,occurs_in_speaker_text
3063,3383,1,occurs_in_speaker_text
2103,3383,1,occurs_in_speaker_text
222,3383,1,occurs_in_speaker_text
2177,3383,1,occurs_in_speaker_text
2228,3383,1,occurs_in_speaker_text
1591,3383,1,occurs_in_speaker_text
168,3383,1,occurs_in_speaker_text
1960,3384,1,occurs_in_speaker_text
2129,3384,1,occurs_in_speaker_text
1051,3384,2,occurs_in_speaker_text
891,3384,1,occurs_in_speaker_text
2477,3384,1,occurs_in_speaker_text
222,3384,1,occurs_in_speaker_text
666,3384,1,occurs_in_speaker_text
805,3384,1,occurs_in_speaker_text
1034,3384,4,occurs_in_speaker_text
2393,3384,1,occurs_in_speaker_text
1583,3384,1,occurs_in_speaker_text
312,3384,1,occurs_in_speaker_text
2360,3384,3,occurs_in_speaker_text
1648,3384,1,occurs_in_speaker_text
610,3384,1,occurs_in_speaker_text
881,3384,1,occurs_in_speaker_text
1193,3385,1,occurs_in_speaker_text
1034,3385,2,occurs_in_speaker_text
155,3386,1,occurs_in_speaker_text
2633,3386,1,occurs_in_speaker_text
136,3386,2,occurs_in_speaker_text
1263,3386,1,occurs_in_speaker_text
2514,3386,1,occurs_in_speaker_text
1034,3386,6,occurs_in_speaker_text
222,3386,2,occurs_in_speaker_text
2696,3386,1,occurs_in_speaker_text
1193,3386,1,occurs_in_speaker_text
138,3386,1,occurs_in_speaker_text
488,3386,1,occurs_in_speaker_text
445,3387,1,occurs_in_speaker_text
2423,3387,1,occurs_in_speaker_text
666,3388,2,occurs_in_speaker_text
2360,3388,1,occurs_in_speaker_text
1034,3388,6,occurs_in_speaker_text
1268,3388,1,occurs_in_speaker_text
2600,3388,1,occurs_in_speaker_text
2800,3388,1,occurs_in_speaker_text
1883,3388,1,occurs_in_speaker_text
1263,3388,1,occurs_in_speaker_text
2878,3388,3,occurs_in_speaker_text
52,3389,1,occurs_in_speaker_text
1732,3389,1,occurs_in_speaker_text
1735,3389,1,occurs_in_speaker_text
2548,3389,1,occurs_in_speaker_text
14,3389,1,occurs_in_speaker_text
2095,3389,1,occurs_in_speaker_text
2172,3389,1,occurs_in_speaker_text
932,3389,1,occurs_in_speaker_text
1640,3389,1,occurs_in_speaker_text
981,3389,1,occurs_in_speaker_text
667,3389,1,occurs_in_speaker_text
2360,3389,1,occurs_in_speaker_text
222,3389,1,occurs_in_speaker_text
222,3390,3,occurs_in_speaker_text
1034,3390,13,occurs_in_speaker_text
1125,3390,1,occurs_in_speaker_text
2604,3390,1,occurs_in_speaker_text
1030,3390,1,occurs_in_speaker_text
858,3390,1,occurs_in_speaker_text
1051,3390,4,occurs_in_speaker_text
2346,3390,3,occurs_in_speaker_text
175,3390,2,occurs_in_speaker_text
666,3390,6,occurs_in_speaker_text
2611,3390,1,occurs_in_speaker_text
1359,3390,1,occurs_in_speaker_text
2878,3390,2,occurs_in_speaker_text
2633,3390,1,occurs_in_speaker_text
2254,3390,1,occurs_in_speaker_text
639,3390,1,occurs_in_speaker_text
2805,3390,1,occurs_in_speaker_text
2360,3390,2,occurs_in_speaker_text
752,3390,1,occurs_in_speaker_text
653,3390,1,occurs_in_speaker_text
1193,3390,1,occurs_in_speaker_text
1611,3390,1,occurs_in_speaker_text
2391,3390,2,occurs_in_speaker_text
2024,3390,1,occurs_in_speaker_text
1238,3390,1,occurs_in_speaker_text
1263,3390,1,occurs_in_speaker_text
667,3390,1,occurs_in_speaker_text
1034,3391,2,occurs_in_speaker_text
2027,3391,1,occurs_in_speaker_text
222,3391,16,occurs_in_speaker_text
2477,3391,3,occurs_in_speaker_text
2181,3391,1,occurs_in_speaker_text
1250,3391,1,occurs_in_speaker_text
1051,3392,9,occurs_in_speaker_text
1250,3392,4,occurs_in_speaker_text
14,3392,1,occurs_in_speaker_text
2805,3392,9,occurs_in_speaker_text
2477,3392,13,occurs_in_speaker_text
444,3392,22,occurs_in_speaker_text
2391,3392,1,occurs_in_speaker_text
2360,3392,25,occurs_in_speaker_text
2205,3392,1,occurs_in_speaker_text
1194,3392,7,occurs_in_speaker_text
3077,3392,1,occurs_in_speaker_text
1034,3392,27,occurs_in_speaker_text
481,3392,1,occurs_in_speaker_text
2268,3392,1,occurs_in_speaker_text
2655,3392,4,occurs_in_speaker_text
666,3392,26,occurs_in_speaker_text
222,3392,7,occurs_in_speaker_text
2274,3392,3,occurs_in_speaker_text
1641,3392,1,occurs_in_speaker_text
856,3392,5,occurs_in_speaker_text
258,3392,4,occurs_in_speaker_text
1417,3392,1,occurs_in_speaker_text
948,3392,1,occurs_in_speaker_text
1621,3392,1,occurs_in_speaker_text
1558,3392,2,occurs_in_speaker_text
2867,3392,1,occurs_in_speaker_text
2518,3392,7,occurs_in_speaker_text
1209,3392,2,occurs_in_speaker_text
752,3392,24,occurs_in_speaker_text
446,3392,2,occurs_in_speaker_text
2955,3392,1,occurs_in_speaker_text
11,3392,1,occurs_in_speaker_text
1260,3392,1,occurs_in_speaker_text
1988,3392,3,occurs_in_speaker_text
323,3392,1,occurs_in_speaker_text
28,3392,1,occurs_in_speaker_text
2947,3392,1,occurs_in_speaker_text
1040,3392,1,occurs_in_speaker_text
2412,3392,4,occurs_in_speaker_text
869,3392,3,occurs_in_speaker_text
3092,3392,2,occurs_in_speaker_text
2880,3392,1,occurs_in_speaker_text
1829,3392,3,occurs_in_speaker_text
2382,3392,3,occurs_in_speaker_text
168,3392,7,occurs_in_speaker_text
2228,3392,3,occurs_in_speaker_text
1353,3392,1,occurs_in_speaker_text
434,3392,1,occurs_in_speaker_text
1732,3392,8,occurs_in_speaker_text
2905,3392,1,occurs_in_speaker_text
2227,3392,1,occurs_in_speaker_text
1263,3392,2,occurs_in_speaker_text
1611,3392,3,occurs_in_speaker_text
932,3392,5,occurs_in_speaker_text
474,3392,3,occurs_in_speaker_text
1823,3392,11,occurs_in_speaker_text
2250,3392,1,occurs_in_speaker_text
439,3392,1,occurs_in_speaker_text
1404,3392,1,occurs_in_speaker_text
2243,3392,1,occurs_in_speaker_text
1454,3392,1,occurs_in_speaker_text
616,3392,4,occurs_in_speaker_text
885,3392,1,occurs_in_speaker_text
2254,3392,3,occurs_in_speaker_text
2193,3392,1,occurs_in_speaker_text
3096,3392,6,occurs_in_speaker_text
720,3392,1,occurs_in_speaker_text
1359,3392,2,occurs_in_speaker_text
1858,3392,1,occurs_in_speaker_text
1615,3392,1,occurs_in_speaker_text
2380,3392,2,occurs_in_speaker_text
1563,3392,1,occurs_in_speaker_text
743,3392,1,occurs_in_speaker_text
1666,3392,1,occurs_in_speaker_text
2534,3392,1,occurs_in_speaker_text
1415,3392,1,occurs_in_speaker_text
137,3392,1,occurs_in_speaker_text
967,3392,1,occurs_in_speaker_text
430,3392,1,occurs_in_speaker_text
692,3392,1,occurs_in_speaker_text
2095,3392,3,occurs_in_speaker_text
1876,3392,2,occurs_in_speaker_text
409,3392,2,occurs_in_speaker_text
1492,3392,1,occurs_in_speaker_text
467,3392,1,occurs_in_speaker_text
2393,3392,1,occurs_in_speaker_text
2114,3392,1,occurs_in_speaker_text
1193,3392,2,occurs_in_speaker_text
780,3392,2,occurs_in_speaker_text
2629,3392,1,occurs_in_speaker_text
2879,3392,1,occurs_in_speaker_text
161,3392,1,occurs_in_speaker_text
603,3392,1,occurs_in_speaker_text
2949,3392,1,occurs_in_speaker_text
791,3392,1,occurs_in_speaker_text
1612,3392,1,occurs_in_speaker_text
2922,3392,1,occurs_in_speaker_text
1480,3392,1,occurs_in_speaker_text
31,3392,1,occurs_in_speaker_text
653,3392,1,occurs_in_speaker_text
2372,3392,1,occurs_in_speaker_text
946,3392,1,occurs_in_speaker_text
2030,3392,1,occurs_in_speaker_text
2001,3392,2,occurs_in_speaker_text
315,3392,1,occurs_in_speaker_text
548,3392,1,occurs_in_speaker_text
1334,3392,1,occurs_in_speaker_text
1466,3392,1,occurs_in_speaker_text
1369,3392,1,occurs_in_speaker_text
2533,3392,2,occurs_in_speaker_text
2175,3392,1,occurs_in_speaker_text
312,3392,1,occurs_in_speaker_text
416,3392,1,occurs_in_speaker_text
1801,3392,3,occurs_in_speaker_text
71,3392,1,occurs_in_speaker_text
1357,3392,1,occurs_in_speaker_text
1871,3392,1,occurs_in_speaker_text
2860,3392,1,occurs_in_speaker_text
2027,3392,1,occurs_in_speaker_text
284,3392,1,occurs_in_speaker_text
2131,3392,1,occurs_in_speaker_text
1528,3392,1,occurs_in_speaker_text
1366,3392,1,occurs_in_speaker_text
1021,3392,1,occurs_in_speaker_text
693,3392,1,occurs_in_speaker_text
2108,3392,2,occurs_in_speaker_text
2749,3392,1,occurs_in_speaker_text
136,3392,1,occurs_in_speaker_text
704,3392,1,occurs_in_speaker_text
2436,3392,1,occurs_in_speaker_text
1266,3392,1,occurs_in_speaker_text
2936,3392,1,occurs_in_speaker_text
1706,3392,1,occurs_in_speaker_text
2706,3392,3,occurs_in_speaker_text
731,3392,2,occurs_in_speaker_text
1212,3392,1,occurs_in_speaker_text
2423,3392,1,occurs_in_speaker_text
2878,3392,1,occurs_in_speaker_text
1868,3392,1,occurs_in_speaker_text
1810,3392,1,occurs_in_speaker_text
3081,3392,2,occurs_in_speaker_text
981,3392,1,occurs_in_speaker_text
2024,3392,1,occurs_in_speaker_text
1673,3392,1,occurs_in_speaker_text
999,3392,1,occurs_in_speaker_text
1704,3392,1,occurs_in_speaker_text
808,3392,3,occurs_in_speaker_text
525,3392,1,occurs_in_speaker_text
891,3392,1,occurs_in_speaker_text
1850,3392,1,occurs_in_speaker_text
52,3392,1,occurs_in_speaker_text
1034,3393,29,occurs_in_speaker_text
1193,3393,3,occurs_in_speaker_text
1010,3393,1,occurs_in_speaker_text
1528,3393,1,occurs_in_speaker_text
666,3393,1,occurs_in_speaker_text
222,3393,1,occurs_in_speaker_text
2518,3393,2,occurs_in_speaker_text
2346,3393,2,occurs_in_speaker_text
2360,3393,1,occurs_in_speaker_text
999,3393,2,occurs_in_speaker_text
1316,3393,1,occurs_in_speaker_text
1156,3393,1,occurs_in_speaker_text
891,3393,1,occurs_in_speaker_text
1479,3393,1,occurs_in_speaker_text
2302,3393,1,occurs_in_speaker_text
1349,3393,1,occurs_in_speaker_text
278,3393,1,occurs_in_speaker_text
1217,3393,1,occurs_in_speaker_text
1034,3394,3,occurs_in_speaker_text
851,3394,1,occurs_in_speaker_text
1808,3394,1,occurs_in_speaker_text
906,3394,1,occurs_in_speaker_text
666,3394,1,occurs_in_speaker_text
2878,3394,1,occurs_in_speaker_text
1233,3394,1,occurs_in_speaker_text
2391,3394,1,occurs_in_speaker_text
2735,3394,1,occurs_in_speaker_text
752,3394,2,occurs_in_speaker_text
2380,3394,1,occurs_in_speaker_text
1156,3394,1,occurs_in_speaker_text
752,3395,4,occurs_in_speaker_text
2360,3395,3,occurs_in_speaker_text
1632,3395,1,occurs_in_speaker_text
1513,3395,1,occurs_in_speaker_text
222,3395,3,occurs_in_speaker_text
164,3395,1,occurs_in_speaker_text
2518,3395,1,occurs_in_speaker_text
548,3395,1,occurs_in_speaker_text
1326,3395,1,occurs_in_speaker_text
3058,3395,1,occurs_in_speaker_text
2530,3395,1,occurs_in_speaker_text
666,3395,2,occurs_in_speaker_text
1541,3395,1,occurs_in_speaker_text
1034,3395,2,occurs_in_speaker_text
2380,3395,1,occurs_in_speaker_text
1852,3395,1,occurs_in_speaker_text
752,3396,4,occurs_in_speaker_text
331,3396,1,occurs_in_speaker_text
1250,3396,11,occurs_in_speaker_text
1034,3396,13,occurs_in_speaker_text
2360,3396,1,occurs_in_speaker_text
1704,3396,2,occurs_in_speaker_text
2602,3396,1,occurs_in_speaker_text
1194,3396,1,occurs_in_speaker_text
2058,3396,1,occurs_in_speaker_text
536,3396,1,occurs_in_speaker_text
2878,3396,1,occurs_in_speaker_text
1366,3396,4,occurs_in_speaker_text
2034,3396,2,occurs_in_speaker_text
1823,3396,5,occurs_in_speaker_text
2907,3396,3,occurs_in_speaker_text
1193,3396,1,occurs_in_speaker_text
2305,3396,1,occurs_in_speaker_text
2391,3396,1,occurs_in_speaker_text
715,3396,1,occurs_in_speaker_text
666,3396,8,occurs_in_speaker_text
1656,3396,1,occurs_in_speaker_text
2263,3396,1,occurs_in_speaker_text
780,3396,1,occurs_in_speaker_text
2412,3396,2,occurs_in_speaker_text
3096,3396,1,occurs_in_speaker_text
1672,3396,1,occurs_in_speaker_text
2456,3396,1,occurs_in_speaker_text
874,3396,1,occurs_in_speaker_text
891,3396,1,occurs_in_speaker_text
242,3396,1,occurs_in_speaker_text
616,3396,1,occurs_in_speaker_text
2228,3396,1,occurs_in_speaker_text
3029,3396,1,occurs_in_speaker_text
2382,3396,1,occurs_in_speaker_text
276,3396,1,occurs_in_speaker_text
2805,3396,1,occurs_in_speaker_text
1034,3397,16,occurs_in_speaker_text
1876,3397,1,occurs_in_speaker_text
3096,3397,3,occurs_in_speaker_text
616,3397,2,occurs_in_speaker_text
2477,3397,2,occurs_in_speaker_text
1823,3397,1,occurs_in_speaker_text
752,3397,7,occurs_in_speaker_text
2878,3397,2,occurs_in_speaker_text
1434,3397,1,occurs_in_speaker_text
3071,3397,1,occurs_in_speaker_text
1894,3397,1,occurs_in_speaker_text
1263,3397,4,occurs_in_speaker_text
3081,3397,2,occurs_in_speaker_text
840,3397,1,occurs_in_speaker_text
2360,3397,3,occurs_in_speaker_text
2820,3397,1,occurs_in_speaker_text
222,3397,3,occurs_in_speaker_text
2518,3397,1,occurs_in_speaker_text
1801,3397,1,occurs_in_speaker_text
519,3397,1,occurs_in_speaker_text
2412,3397,3,occurs_in_speaker_text
409,3397,1,occurs_in_speaker_text
2076,3397,1,occurs_in_speaker_text
2604,3397,1,occurs_in_speaker_text
1980,3397,1,occurs_in_speaker_text
666,3397,1,occurs_in_speaker_text
2091,3397,1,occurs_in_speaker_text
752,3398,7,occurs_in_speaker_text
1034,3398,9,occurs_in_speaker_text
2412,3398,3,occurs_in_speaker_text
3096,3398,1,occurs_in_speaker_text
666,3398,22,occurs_in_speaker_text
1366,3398,2,occurs_in_speaker_text
1255,3398,1,occurs_in_speaker_text
2095,3398,2,occurs_in_speaker_text
474,3398,1,occurs_in_speaker_text
1823,3398,1,occurs_in_speaker_text
1250,3398,2,occurs_in_speaker_text
1763,3398,1,occurs_in_speaker_text
1410,3398,3,occurs_in_speaker_text
2604,3398,1,occurs_in_speaker_text
675,3398,1,occurs_in_speaker_text
2554,3398,5,occurs_in_speaker_text
1193,3398,5,occurs_in_speaker_text
2492,3398,1,occurs_in_speaker_text
1102,3398,1,occurs_in_speaker_text
2222,3398,1,occurs_in_speaker_text
162,3398,1,occurs_in_speaker_text
2328,3398,1,occurs_in_speaker_text
667,3398,2,occurs_in_speaker_text
780,3398,1,occurs_in_speaker_text
1732,3399,4,occurs_in_speaker_text
1051,3399,3,occurs_in_speaker_text
1034,3399,15,occurs_in_speaker_text
1876,3399,1,occurs_in_speaker_text
1193,3399,7,occurs_in_speaker_text
2360,3399,1,occurs_in_speaker_text
752,3399,4,occurs_in_speaker_text
1176,3399,1,occurs_in_speaker_text
1611,3399,6,occurs_in_speaker_text
1250,3399,4,occurs_in_speaker_text
666,3399,27,occurs_in_speaker_text
1789,3399,1,occurs_in_speaker_text
1263,3399,3,occurs_in_speaker_text
1823,3399,5,occurs_in_speaker_text
1144,3399,1,occurs_in_speaker_text
1194,3399,1,occurs_in_speaker_text
232,3399,1,occurs_in_speaker_text
616,3399,1,occurs_in_speaker_text
2391,3399,5,occurs_in_speaker_text
2477,3399,4,occurs_in_speaker_text
1212,3399,2,occurs_in_speaker_text
667,3399,1,occurs_in_speaker_text
1051,3400,4,occurs_in_speaker_text
856,3400,1,occurs_in_speaker_text
2477,3400,14,occurs_in_speaker_text
1194,3400,2,occurs_in_speaker_text
1176,3400,2,occurs_in_speaker_text
2360,3400,8,occurs_in_speaker_text
1308,3400,1,occurs_in_speaker_text
1366,3400,3,occurs_in_speaker_text
1656,3400,3,occurs_in_speaker_text
1576,3400,2,occurs_in_speaker_text
666,3400,4,occurs_in_speaker_text
752,3400,8,occurs_in_speaker_text
1876,3400,2,occurs_in_speaker_text
122,3400,2,occurs_in_speaker_text
2878,3400,1,occurs_in_speaker_text
1034,3400,3,occurs_in_speaker_text
2518,3400,6,occurs_in_speaker_text
1835,3400,1,occurs_in_speaker_text
2380,3400,2,occurs_in_speaker_text
1732,3400,2,occurs_in_speaker_text
417,3400,1,occurs_in_speaker_text
1733,3400,1,occurs_in_speaker_text
1606,3400,1,occurs_in_speaker_text
1250,3400,1,occurs_in_speaker_text
2873,3400,1,occurs_in_speaker_text
2671,3400,1,occurs_in_speaker_text
2554,3400,6,occurs_in_speaker_text
1189,3400,5,occurs_in_speaker_text
2909,3400,1,occurs_in_speaker_text
1632,3400,1,occurs_in_speaker_text
869,3400,1,occurs_in_speaker_text
1575,3400,1,occurs_in_speaker_text
2412,3400,1,occurs_in_speaker_text
168,3400,2,occurs_in_speaker_text
1522,3400,6,occurs_in_speaker_text
207,3400,1,occurs_in_speaker_text
722,3400,1,occurs_in_speaker_text
1238,3400,3,occurs_in_speaker_text
891,3400,1,occurs_in_speaker_text
1631,3400,1,occurs_in_speaker_text
31,3400,1,occurs_in_speaker_text
1023,3400,1,occurs_in_speaker_text
2375,3400,1,occurs_in_speaker_text
232,3400,1,occurs_in_speaker_text
1357,3400,1,occurs_in_speaker_text
2805,3400,1,occurs_in_speaker_text
2836,3400,1,occurs_in_speaker_text
2108,3400,1,occurs_in_speaker_text
667,3400,1,occurs_in_speaker_text
444,3400,1,occurs_in_speaker_text
2095,3400,1,occurs_in_speaker_text
1000,3400,1,occurs_in_speaker_text
2514,3401,1,occurs_in_speaker_text
666,3401,1,occurs_in_speaker_text
1769,3401,1,occurs_in_speaker_text
2577,3401,1,occurs_in_speaker_text
2006,3401,2,occurs_in_speaker_text
1263,3401,1,occurs_in_speaker_text
2360,3401,2,occurs_in_speaker_text
1194,3401,1,occurs_in_speaker_text
2790,3401,1,occurs_in_speaker_text
752,3401,5,occurs_in_speaker_text
1535,3401,1,occurs_in_speaker_text
1823,3401,3,occurs_in_speaker_text
2095,3401,1,occurs_in_speaker_text
222,3401,3,occurs_in_speaker_text
2878,3401,2,occurs_in_speaker_text
1193,3401,1,occurs_in_speaker_text
1366,3401,1,occurs_in_speaker_text
2477,3401,3,occurs_in_speaker_text
1656,3401,1,occurs_in_speaker_text
869,3401,1,occurs_in_speaker_text
932,3401,2,occurs_in_speaker_text
1034,3402,5,occurs_in_speaker_text
1400,3402,1,occurs_in_speaker_text
666,3402,3,occurs_in_speaker_text
2533,3402,1,occurs_in_speaker_text
932,3402,1,occurs_in_speaker_text
948,3402,1,occurs_in_speaker_text
1051,3402,4,occurs_in_speaker_text
2477,3402,1,occurs_in_speaker_text
1194,3402,2,occurs_in_speaker_text
222,3402,1,occurs_in_speaker_text
222,3403,2,occurs_in_speaker_text
891,3403,1,occurs_in_speaker_text
318,3403,1,occurs_in_speaker_text
1034,3403,1,occurs_in_speaker_text
1753,3404,1,occurs_in_speaker_text
468,3404,1,occurs_in_speaker_text
1193,3404,2,occurs_in_speaker_text
1823,3404,1,occurs_in_speaker_text
1749,3404,1,occurs_in_speaker_text
3065,3404,1,occurs_in_speaker_text
2156,3404,1,occurs_in_speaker_text
2027,3404,1,occurs_in_speaker_text
2974,3404,1,occurs_in_speaker_text
666,3404,10,occurs_in_speaker_text
1034,3404,2,occurs_in_speaker_text
1366,3404,1,occurs_in_speaker_text
618,3404,1,occurs_in_speaker_text
2253,3404,1,occurs_in_speaker_text
1711,3404,1,occurs_in_speaker_text
3089,3404,1,occurs_in_speaker_text
209,3404,1,occurs_in_speaker_text
717,3404,1,occurs_in_speaker_text
2251,3404,1,occurs_in_speaker_text
1034,3405,4,occurs_in_speaker_text
1051,3405,2,occurs_in_speaker_text
2977,3405,1,occurs_in_speaker_text
175,3405,2,occurs_in_speaker_text
1193,3405,2,occurs_in_speaker_text
666,3405,4,occurs_in_speaker_text
752,3405,1,occurs_in_speaker_text
2501,3405,1,occurs_in_speaker_text
2633,3405,2,occurs_in_speaker_text
1823,3405,1,occurs_in_speaker_text
485,3405,1,occurs_in_speaker_text
222,3405,2,occurs_in_speaker_text
2209,3405,1,occurs_in_speaker_text
1095,3405,1,occurs_in_speaker_text
2805,3405,2,occurs_in_speaker_text
865,3405,1,occurs_in_speaker_text
1823,3406,1,occurs_in_speaker_text
2805,3406,1,occurs_in_speaker_text
2266,3406,1,occurs_in_speaker_text
1051,3406,1,occurs_in_speaker_text
401,3406,2,occurs_in_speaker_text
1732,3406,1,occurs_in_speaker_text
8,3406,1,occurs_in_speaker_text
585,3407,1,occurs_in_speaker_text
2944,3407,78,occurs_in_speaker_text
2251,3407,1,occurs_in_speaker_text
666,3407,4,occurs_in_speaker_text
1004,3407,1,occurs_in_speaker_text
1034,3407,5,occurs_in_speaker_text
880,3407,1,occurs_in_speaker_text
2477,3407,1,occurs_in_speaker_text
752,3407,2,occurs_in_speaker_text
1141,3407,1,occurs_in_speaker_text
1353,3407,1,occurs_in_speaker_text
741,3407,1,occurs_in_speaker_text
1034,3408,8,occurs_in_speaker_text
1051,3409,1,occurs_in_speaker_text
1034,3409,2,occurs_in_speaker_text
2434,3409,1,occurs_in_speaker_text
2781,3409,1,occurs_in_speaker_text
1051,3410,6,occurs_in_speaker_text
2805,3410,1,occurs_in_speaker_text
2118,3410,5,occurs_in_speaker_text
2158,3410,1,occurs_in_speaker_text
1656,3410,1,occurs_in_speaker_text
222,3410,1,occurs_in_speaker_text
1193,3410,1,occurs_in_speaker_text
666,3410,1,occurs_in_speaker_text
2554,3410,1,occurs_in_speaker_text
2034,3410,1,occurs_in_speaker_text
1623,3411,1,occurs_in_speaker_text
666,3411,5,occurs_in_speaker_text
2633,3411,1,occurs_in_speaker_text
2692,3411,1,occurs_in_speaker_text
1704,3411,1,occurs_in_speaker_text
2655,3411,2,occurs_in_speaker_text
1505,3411,1,occurs_in_speaker_text
2177,3411,1,occurs_in_speaker_text
752,3411,3,occurs_in_speaker_text
2412,3411,1,occurs_in_speaker_text
382,3411,1,occurs_in_speaker_text
1034,3411,6,occurs_in_speaker_text
385,3411,1,occurs_in_speaker_text
891,3411,1,occurs_in_speaker_text
232,3411,1,occurs_in_speaker_text
2080,3411,1,occurs_in_speaker_text
2477,3411,1,occurs_in_speaker_text
2518,3411,1,occurs_in_speaker_text
1051,3411,1,occurs_in_speaker_text
2391,3412,1,occurs_in_speaker_text
2177,3412,1,occurs_in_speaker_text
666,3412,1,occurs_in_speaker_text
616,3412,1,occurs_in_speaker_text
1270,3412,1,occurs_in_speaker_text
1399,3412,1,occurs_in_speaker_text
2062,3412,1,occurs_in_speaker_text
1034,3412,7,occurs_in_speaker_text
1697,3412,1,occurs_in_speaker_text
1548,3412,5,occurs_in_speaker_text
1193,3412,1,occurs_in_speaker_text
856,3412,1,occurs_in_speaker_text
667,3412,1,occurs_in_speaker_text
2034,3412,2,occurs_in_speaker_text
3081,3412,1,occurs_in_speaker_text
2644,3413,1,occurs_in_speaker_text
2477,3413,1,occurs_in_speaker_text
667,3413,2,occurs_in_speaker_text
2779,3414,1,occurs_in_speaker_text
1732,3414,2,occurs_in_speaker_text
2027,3414,1,occurs_in_speaker_text
1034,3414,9,occurs_in_speaker_text
642,3414,2,occurs_in_speaker_text
2060,3414,1,occurs_in_speaker_text
2360,3414,5,occurs_in_speaker_text
2266,3414,2,occurs_in_speaker_text
222,3414,1,occurs_in_speaker_text
979,3414,1,occurs_in_speaker_text
891,3414,1,occurs_in_speaker_text
1674,3414,1,occurs_in_speaker_text
2931,3414,1,occurs_in_speaker_text
322,3414,2,occurs_in_speaker_text
1193,3414,1,occurs_in_speaker_text
1749,3414,1,occurs_in_speaker_text
1823,3414,2,occurs_in_speaker_text
1263,3414,2,occurs_in_speaker_text
1034,3415,6,occurs_in_speaker_text
2765,3415,1,occurs_in_speaker_text
2034,3415,2,occurs_in_speaker_text
222,3415,5,occurs_in_speaker_text
31,3415,1,occurs_in_speaker_text
666,3415,2,occurs_in_speaker_text
2056,3415,1,occurs_in_speaker_text
542,3415,1,occurs_in_speaker_text
2199,3415,1,occurs_in_speaker_text
313,3415,1,occurs_in_speaker_text
2927,3415,1,occurs_in_speaker_text
1250,3415,2,occurs_in_speaker_text
1255,3415,2,occurs_in_speaker_text
2028,3415,1,occurs_in_speaker_text
666,3416,4,occurs_in_speaker_text
2263,3416,1,occurs_in_speaker_text
2209,3416,1,occurs_in_speaker_text
1034,3416,8,occurs_in_speaker_text
222,3416,10,occurs_in_speaker_text
2267,3416,1,occurs_in_speaker_text
370,3416,1,occurs_in_speaker_text
2477,3416,1,occurs_in_speaker_text
677,3416,1,occurs_in_speaker_text
2017,3416,1,occurs_in_speaker_text
1035,3416,1,occurs_in_speaker_text
2134,3416,1,occurs_in_speaker_text
2765,3416,1,occurs_in_speaker_text
2240,3416,1,occurs_in_speaker_text
1656,3416,1,occurs_in_speaker_text
1051,3417,1,occurs_in_speaker_text
666,3417,1,occurs_in_speaker_text
222,3417,1,occurs_in_speaker_text
1034,3417,1,occurs_in_speaker_text
666,3418,1,occurs_in_speaker_text
222,3418,2,occurs_in_speaker_text
312,3418,1,occurs_in_speaker_text
1034,3418,4,occurs_in_speaker_text
722,3419,1,occurs_in_speaker_text
46,3419,1,occurs_in_speaker_text
2477,3419,2,occurs_in_speaker_text
2954,3419,1,occurs_in_speaker_text
1611,3419,3,occurs_in_speaker_text
2095,3419,1,occurs_in_speaker_text
666,3419,4,occurs_in_speaker_text
1823,3419,1,occurs_in_speaker_text
2401,3419,1,occurs_in_speaker_text
444,3419,1,occurs_in_speaker_text
127,3419,1,occurs_in_speaker_text
2360,3419,1,occurs_in_speaker_text
171,3419,1,occurs_in_speaker_text
1193,3419,1,occurs_in_speaker_text
245,3419,1,occurs_in_speaker_text
926,3419,1,occurs_in_speaker_text
2193,3419,1,occurs_in_speaker_text
2805,3419,1,occurs_in_speaker_text
932,3419,2,occurs_in_speaker_text
1194,3419,1,occurs_in_speaker_text
158,3419,1,occurs_in_speaker_text
1034,3419,1,occurs_in_speaker_text
222,3420,6,occurs_in_speaker_text
446,3420,1,occurs_in_speaker_text
1034,3420,6,occurs_in_speaker_text
1194,3420,3,occurs_in_speaker_text
891,3420,1,occurs_in_speaker_text
444,3420,7,occurs_in_speaker_text
1611,3420,6,occurs_in_speaker_text
1871,3420,1,occurs_in_speaker_text
537,3420,1,occurs_in_speaker_text
2805,3420,1,occurs_in_speaker_text
2076,3420,1,occurs_in_speaker_text
1130,3420,1,occurs_in_speaker_text
2548,3420,1,occurs_in_speaker_text
2477,3420,1,occurs_in_speaker_text
430,3420,1,occurs_in_speaker_text
666,3420,1,occurs_in_speaker_text
1193,3420,1,occurs_in_speaker_text
2254,3420,1,occurs_in_speaker_text
2095,3421,3,occurs_in_speaker_text
2477,3421,2,occurs_in_speaker_text
752,3421,1,occurs_in_speaker_text
571,3421,1,occurs_in_speaker_text
1316,3421,6,occurs_in_speaker_text
222,3421,1,occurs_in_speaker_text
981,3421,1,occurs_in_speaker_text
2076,3421,1,occurs_in_speaker_text
1238,3421,1,occurs_in_speaker_text
2118,3421,1,occurs_in_speaker_text
721,3421,2,occurs_in_speaker_text
1656,3421,1,occurs_in_speaker_text
2177,3421,1,occurs_in_speaker_text
1034,3421,1,occurs_in_speaker_text
723,3421,1,occurs_in_speaker_text
1732,3421,1,occurs_in_speaker_text
1051,3421,1,occurs_in_speaker_text
1823,3421,1,occurs_in_speaker_text
1293,3421,1,occurs_in_speaker_text
1280,3421,1,occurs_in_speaker_text
2641,3421,1,occurs_in_speaker_text
2254,3421,1,occurs_in_speaker_text
856,3423,8,occurs_in_speaker_text
2477,3423,10,occurs_in_speaker_text
1051,3423,1,occurs_in_speaker_text
222,3423,1,occurs_in_speaker_text
1029,3423,1,occurs_in_speaker_text
1285,3423,1,occurs_in_speaker_text
1034,3423,4,occurs_in_speaker_text
843,3423,1,occurs_in_speaker_text
2002,3423,1,occurs_in_speaker_text
1704,3423,1,occurs_in_speaker_text
2840,3423,1,occurs_in_speaker_text
1000,3423,1,occurs_in_speaker_text
667,3423,1,occurs_in_speaker_text
1464,3423,3,occurs_in_speaker_text
2518,3423,1,occurs_in_speaker_text
666,3423,1,occurs_in_speaker_text
3011,3424,1,occurs_in_speaker_text
1051,3424,1,occurs_in_speaker_text
2882,3424,1,occurs_in_speaker_text
2839,3424,1,occurs_in_speaker_text
981,3424,1,occurs_in_speaker_text
2515,3424,1,occurs_in_speaker_text
724,3424,1,occurs_in_speaker_text
1359,3424,1,occurs_in_speaker_text
1732,3424,2,occurs_in_speaker_text
1194,3424,1,occurs_in_speaker_text
2477,3424,2,occurs_in_speaker_text
388,3424,1,occurs_in_speaker_text
2177,3424,2,occurs_in_speaker_text
1250,3424,1,occurs_in_speaker_text
1611,3424,1,occurs_in_speaker_text
869,3424,1,occurs_in_speaker_text
1823,3424,3,occurs_in_speaker_text
2412,3424,1,occurs_in_speaker_text
752,3424,2,occurs_in_speaker_text
918,3424,1,occurs_in_speaker_text
2360,3424,2,occurs_in_speaker_text
1034,3424,1,occurs_in_speaker_text
222,3424,3,occurs_in_speaker_text
2058,3424,2,occurs_in_speaker_text
2644,3424,1,occurs_in_speaker_text
1522,3424,1,occurs_in_speaker_text
666,3424,1,occurs_in_speaker_text
1238,3424,1,occurs_in_speaker_text
430,3424,1,occurs_in_speaker_text
447,3424,1,occurs_in_speaker_text
1305,3424,1,occurs_in_speaker_text
2518,3424,1,occurs_in_speaker_text
1266,3424,1,occurs_in_speaker_text
1193,3424,1,occurs_in_speaker_text
808,3424,1,occurs_in_speaker_text
2668,3425,1,occurs_in_speaker_text
2047,3425,1,occurs_in_speaker_text
1051,3425,1,occurs_in_speaker_text
1034,3425,1,occurs_in_speaker_text
897,3425,2,occurs_in_speaker_text
862,3425,1,occurs_in_speaker_text
2720,3425,1,occurs_in_speaker_text
1194,3425,1,occurs_in_speaker_text
1264,3425,1,occurs_in_speaker_text
666,3425,2,occurs_in_speaker_text
175,3425,1,occurs_in_speaker_text
389,3425,1,occurs_in_speaker_text
131,3425,1,occurs_in_speaker_text
128,3425,1,occurs_in_speaker_text
807,3425,1,occurs_in_speaker_text
2477,3425,1,occurs_in_speaker_text
1051,3426,2,occurs_in_speaker_text
666,3426,3,occurs_in_speaker_text
2901,3426,1,occurs_in_speaker_text
702,3426,1,occurs_in_speaker_text
513,3427,1,occurs_in_speaker_text
1356,3427,1,occurs_in_speaker_text
1876,3427,5,occurs_in_speaker_text
2805,3427,2,occurs_in_speaker_text
2912,3427,3,occurs_in_speaker_text
1193,3427,1,occurs_in_speaker_text
666,3427,1,occurs_in_speaker_text
1009,3427,1,occurs_in_speaker_text
2360,3427,2,occurs_in_speaker_text
2539,3427,1,occurs_in_speaker_text
1656,3427,1,occurs_in_speaker_text
1236,3427,1,occurs_in_speaker_text
1616,3428,2,occurs_in_speaker_text
1233,3428,1,occurs_in_speaker_text
2977,3428,1,occurs_in_speaker_text
1034,3428,4,occurs_in_speaker_text
2357,3428,4,occurs_in_speaker_text
677,3428,1,occurs_in_speaker_text
2349,3428,1,occurs_in_speaker_text
222,3428,1,occurs_in_speaker_text
242,3428,1,occurs_in_speaker_text
616,3428,2,occurs_in_speaker_text
666,3429,3,occurs_in_speaker_text
2518,3429,2,occurs_in_speaker_text
880,3429,1,occurs_in_speaker_text
752,3429,1,occurs_in_speaker_text
3067,3430,14,occurs_in_speaker_text
1034,3430,1,occurs_in_speaker_text
1051,3430,1,occurs_in_speaker_text
2955,3430,1,occurs_in_speaker_text
1823,3430,1,occurs_in_speaker_text
2654,3430,1,occurs_in_speaker_text
222,3430,1,occurs_in_speaker_text
1074,3431,1,occurs_in_speaker_text
1263,3431,1,occurs_in_speaker_text
1611,3431,1,occurs_in_speaker_text
1753,3431,1,occurs_in_speaker_text
1034,3431,17,occurs_in_speaker_text
666,3431,7,occurs_in_speaker_text
222,3431,7,occurs_in_speaker_text
1641,3431,1,occurs_in_speaker_text
391,3431,1,occurs_in_speaker_text
1519,3431,1,occurs_in_speaker_text
1003,3431,1,occurs_in_speaker_text
2421,3431,1,occurs_in_speaker_text
1477,3431,1,occurs_in_speaker_text
2316,3431,1,occurs_in_speaker_text
281,3431,1,occurs_in_speaker_text
1219,3431,1,occurs_in_speaker_text
2266,3431,1,occurs_in_speaker_text
331,3431,1,occurs_in_speaker_text
1607,3431,1,occurs_in_speaker_text
1194,3431,2,occurs_in_speaker_text
1051,3431,2,occurs_in_speaker_text
2076,3431,1,occurs_in_speaker_text
2477,3431,1,occurs_in_speaker_text
891,3431,1,occurs_in_speaker_text
1490,3431,1,occurs_in_speaker_text
2869,3431,1,occurs_in_speaker_text
856,3431,1,occurs_in_speaker_text
1156,3431,1,occurs_in_speaker_text
1074,3432,6,occurs_in_speaker_text
3070,3432,1,occurs_in_speaker_text
752,3432,2,occurs_in_speaker_text
650,3432,1,occurs_in_speaker_text
1263,3432,1,occurs_in_speaker_text
1034,3432,5,occurs_in_speaker_text
1593,3432,1,occurs_in_speaker_text
1051,3432,2,occurs_in_speaker_text
667,3432,1,occurs_in_speaker_text
1250,3432,1,occurs_in_speaker_text
178,3432,1,occurs_in_speaker_text
2095,3432,1,occurs_in_speaker_text
2633,3432,1,occurs_in_speaker_text
1704,3432,1,occurs_in_speaker_text
712,3432,1,occurs_in_speaker_text
409,3432,1,occurs_in_speaker_text
445,3432,1,occurs_in_speaker_text
662,3432,1,occurs_in_speaker_text
946,3432,1,occurs_in_speaker_text
666,3432,1,occurs_in_speaker_text
616,3432,1,occurs_in_speaker_text
1823,3432,3,occurs_in_speaker_text
1849,3432,1,occurs_in_speaker_text
2518,3432,1,occurs_in_speaker_text
1047,3432,1,occurs_in_speaker_text
402,3432,1,occurs_in_speaker_text
808,3432,1,occurs_in_speaker_text
382,3432,2,occurs_in_speaker_text
1641,3432,1,occurs_in_speaker_text
254,3432,1,occurs_in_speaker_text
627,3432,1,occurs_in_speaker_text
2211,3433,1,occurs_in_speaker_text
666,3433,2,occurs_in_speaker_text
3085,3433,1,occurs_in_speaker_text
1034,3433,5,occurs_in_speaker_text
891,3433,1,occurs_in_speaker_text
1176,3433,1,occurs_in_speaker_text
158,3433,4,occurs_in_speaker_text
1193,3433,1,occurs_in_speaker_text
1366,3433,2,occurs_in_speaker_text
2710,3433,1,occurs_in_speaker_text
3081,3433,1,occurs_in_speaker_text
1034,3434,1,occurs_in_speaker_text
666,3434,2,occurs_in_speaker_text
2192,3434,1,occurs_in_speaker_text
780,3434,3,occurs_in_speaker_text
1760,3434,1,occurs_in_speaker_text
752,3434,2,occurs_in_speaker_text
2977,3434,1,occurs_in_speaker_text
1762,3434,1,occurs_in_speaker_text
981,3434,1,occurs_in_speaker_text
932,3434,2,occurs_in_speaker_text
23,3434,1,occurs_in_speaker_text
2999,3434,1,occurs_in_speaker_text
1362,3434,2,occurs_in_speaker_text
1871,3434,1,occurs_in_speaker_text
444,3434,1,occurs_in_speaker_text
2493,3434,1,occurs_in_speaker_text
667,3434,2,occurs_in_speaker_text
2391,3434,1,occurs_in_speaker_text
1034,3435,9,occurs_in_speaker_text
1679,3435,1,occurs_in_speaker_text
1921,3435,6,occurs_in_speaker_text
222,3435,5,occurs_in_speaker_text
1263,3435,1,occurs_in_speaker_text
1823,3435,2,occurs_in_speaker_text
891,3435,1,occurs_in_speaker_text
985,3435,1,occurs_in_speaker_text
2095,3435,1,occurs_in_speaker_text
1250,3435,1,occurs_in_speaker_text
666,3435,2,occurs_in_speaker_text
1193,3435,1,occurs_in_speaker_text
409,3435,1,occurs_in_speaker_text
1250,3436,2,occurs_in_speaker_text
222,3436,5,occurs_in_speaker_text
1777,3436,1,occurs_in_speaker_text
84,3436,1,occurs_in_speaker_text
1703,3436,1,occurs_in_speaker_text
1034,3436,2,occurs_in_speaker_text
222,3437,6,occurs_in_speaker_text
1673,3437,1,occurs_in_speaker_text
806,3437,1,occurs_in_speaker_text
2391,3437,1,occurs_in_speaker_text
2652,3437,2,occurs_in_speaker_text
3,3437,1,occurs_in_speaker_text
667,3437,1,occurs_in_speaker_text
1721,3437,1,occurs_in_speaker_text
2477,3437,2,occurs_in_speaker_text
1051,3437,2,occurs_in_speaker_text
666,3437,12,occurs_in_speaker_text
932,3437,1,occurs_in_speaker_text
1513,3437,1,occurs_in_speaker_text
666,3438,7,occurs_in_speaker_text
801,3438,1,occurs_in_speaker_text
616,3438,8,occurs_in_speaker_text
1034,3438,11,occurs_in_speaker_text
667,3438,2,occurs_in_speaker_text
752,3438,8,occurs_in_speaker_text
2024,3438,1,occurs_in_speaker_text
2302,3438,1,occurs_in_speaker_text
1803,3438,1,occurs_in_speaker_text
1366,3438,2,occurs_in_speaker_text
1823,3438,4,occurs_in_speaker_text
2878,3438,2,occurs_in_speaker_text
2644,3438,1,occurs_in_speaker_text
1876,3438,1,occurs_in_speaker_text
2530,3438,5,occurs_in_speaker_text
1829,3438,1,occurs_in_speaker_text
222,3438,2,occurs_in_speaker_text
2604,3438,1,occurs_in_speaker_text
2877,3438,1,occurs_in_speaker_text
856,3438,1,occurs_in_speaker_text
2684,3438,1,occurs_in_speaker_text
1511,3438,1,occurs_in_speaker_text
2710,3438,1,occurs_in_speaker_text
1611,3438,3,occurs_in_speaker_text
1250,3438,3,occurs_in_speaker_text
100,3438,1,occurs_in_speaker_text
1995,3438,1,occurs_in_speaker_text
2562,3438,1,occurs_in_speaker_text
1051,3438,1,occurs_in_speaker_text
1263,3438,1,occurs_in_speaker_text
232,3438,1,occurs_in_speaker_text
1732,3438,1,occurs_in_speaker_text
1656,3438,1,occurs_in_speaker_text
825,3438,1,occurs_in_speaker_text
2805,3438,1,occurs_in_speaker_text
2829,3439,1,occurs_in_speaker_text
2477,3439,1,occurs_in_speaker_text
2262,3439,2,occurs_in_speaker_text
1034,3439,12,occurs_in_speaker_text
468,3439,2,occurs_in_speaker_text
1194,3439,2,occurs_in_speaker_text
2790,3439,1,occurs_in_speaker_text
222,3439,9,occurs_in_speaker_text
1103,3439,1,occurs_in_speaker_text
312,3439,1,occurs_in_speaker_text
3084,3439,1,occurs_in_speaker_text
2360,3439,1,occurs_in_speaker_text
891,3439,1,occurs_in_speaker_text
1263,3439,1,occurs_in_speaker_text
2878,3439,1,occurs_in_speaker_text
52,3439,1,occurs_in_speaker_text
2721,3439,2,occurs_in_speaker_text
1823,3439,2,occurs_in_speaker_text
2805,3439,1,occurs_in_speaker_text
2229,3439,1,occurs_in_speaker_text
666,3439,2,occurs_in_speaker_text
643,3439,1,occurs_in_speaker_text
1282,3439,1,occurs_in_speaker_text
2367,3439,1,occurs_in_speaker_text
2095,3439,1,occurs_in_speaker_text
1801,3439,1,occurs_in_speaker_text
667,3439,1,occurs_in_speaker_text
2961,3439,1,occurs_in_speaker_text
932,3439,1,occurs_in_speaker_text
222,3440,11,occurs_in_speaker_text
1034,3440,2,occurs_in_speaker_text
454,3440,1,occurs_in_speaker_text
2604,3441,1,occurs_in_speaker_text
666,3441,2,occurs_in_speaker_text
2360,3441,1,occurs_in_speaker_text
2686,3441,1,occurs_in_speaker_text
752,3441,1,occurs_in_speaker_text
2554,3441,1,occurs_in_speaker_text
2328,3441,1,occurs_in_speaker_text
1034,3441,2,occurs_in_speaker_text
2134,3441,1,occurs_in_speaker_text
1823,3441,1,occurs_in_speaker_text
1375,3441,1,occurs_in_speaker_text
891,3441,2,occurs_in_speaker_text
1656,3441,1,occurs_in_speaker_text
1051,3441,1,occurs_in_speaker_text
2805,3441,1,occurs_in_speaker_text
1193,3441,2,occurs_in_speaker_text
2477,3441,1,occurs_in_speaker_text
222,3442,3,occurs_in_speaker_text
2149,3442,1,occurs_in_speaker_text
2095,3442,2,occurs_in_speaker_text
946,3442,1,occurs_in_speaker_text
1034,3442,14,occurs_in_speaker_text
1193,3442,2,occurs_in_speaker_text
1127,3442,1,occurs_in_speaker_text
2477,3442,2,occurs_in_speaker_text
666,3442,9,occurs_in_speaker_text
2604,3442,1,occurs_in_speaker_text
1353,3442,1,occurs_in_speaker_text
1240,3442,1,occurs_in_speaker_text
866,3442,1,occurs_in_speaker_text
625,3442,1,occurs_in_speaker_text
752,3442,1,occurs_in_speaker_text
2896,3442,1,occurs_in_speaker_text
2391,3442,2,occurs_in_speaker_text
1085,3442,1,occurs_in_speaker_text
2360,3442,3,occurs_in_speaker_text
2134,3442,1,occurs_in_speaker_text
933,3442,1,occurs_in_speaker_text
444,3442,1,occurs_in_speaker_text
675,3442,1,occurs_in_speaker_text
1263,3443,16,occurs_in_speaker_text
2650,3443,35,occurs_in_speaker_text
2125,3443,1,occurs_in_speaker_text
1611,3443,1,occurs_in_speaker_text
2412,3443,2,occurs_in_speaker_text
666,3443,1,occurs_in_speaker_text
1034,3443,11,occurs_in_speaker_text
1265,3443,1,occurs_in_speaker_text
2518,3443,1,occurs_in_speaker_text
1455,3443,1,occurs_in_speaker_text
2530,3443,2,occurs_in_speaker_text
2477,3443,5,occurs_in_speaker_text
1198,3443,1,occurs_in_speaker_text
752,3443,1,occurs_in_speaker_text
1823,3443,1,occurs_in_speaker_text
2274,3443,1,occurs_in_speaker_text
1849,3443,1,occurs_in_speaker_text
254,3443,1,occurs_in_speaker_text
3059,3443,1,occurs_in_speaker_text
1749,3443,1,occurs_in_speaker_text
2305,3443,1,occurs_in_speaker_text
869,3443,1,occurs_in_speaker_text
1034,3444,18,occurs_in_speaker_text
1732,3444,1,occurs_in_speaker_text
444,3444,2,occurs_in_speaker_text
856,3444,1,occurs_in_speaker_text
780,3444,1,occurs_in_speaker_text
666,3444,7,occurs_in_speaker_text
331,3444,1,occurs_in_speaker_text
2360,3444,7,occurs_in_speaker_text
893,3444,1,occurs_in_speaker_text
1193,3444,1,occurs_in_speaker_text
2518,3444,1,occurs_in_speaker_text
136,3444,1,occurs_in_speaker_text
2095,3444,5,occurs_in_speaker_text
891,3444,4,occurs_in_speaker_text
2477,3444,14,occurs_in_speaker_text
1934,3444,1,occurs_in_speaker_text
932,3444,1,occurs_in_speaker_text
1364,3444,1,occurs_in_speaker_text
881,3444,4,occurs_in_speaker_text
367,3444,1,occurs_in_speaker_text
3015,3444,3,occurs_in_speaker_text
1035,3444,1,occurs_in_speaker_text
222,3444,2,occurs_in_speaker_text
3096,3444,1,occurs_in_speaker_text
1928,3444,1,occurs_in_speaker_text
752,3444,3,occurs_in_speaker_text
2805,3444,2,occurs_in_speaker_text
667,3444,2,occurs_in_speaker_text
1933,3444,1,occurs_in_speaker_text
1238,3444,1,occurs_in_speaker_text
1260,3444,1,occurs_in_speaker_text
1194,3444,1,occurs_in_speaker_text
616,3444,1,occurs_in_speaker_text
1250,3444,1,occurs_in_speaker_text
2655,3444,1,occurs_in_speaker_text
1034,3445,28,occurs_in_speaker_text
222,3445,12,occurs_in_speaker_text
666,3445,8,occurs_in_speaker_text
1194,3445,9,occurs_in_speaker_text
616,3445,2,occurs_in_speaker_text
2477,3445,11,occurs_in_speaker_text
2805,3445,7,occurs_in_speaker_text
312,3445,2,occurs_in_speaker_text
2548,3445,1,occurs_in_speaker_text
1626,3445,1,occurs_in_speaker_text
891,3445,1,occurs_in_speaker_text
677,3445,1,occurs_in_speaker_text
2134,3445,5,occurs_in_speaker_text
2263,3445,5,occurs_in_speaker_text
881,3445,1,occurs_in_speaker_text
752,3445,3,occurs_in_speaker_text
57,3445,1,occurs_in_speaker_text
1176,3445,1,occurs_in_speaker_text
2391,3445,1,occurs_in_speaker_text
1704,3445,1,occurs_in_speaker_text
2977,3445,1,occurs_in_speaker_text
1796,3445,1,occurs_in_speaker_text
2518,3445,1,occurs_in_speaker_text
1051,3445,2,occurs_in_speaker_text
1118,3445,1,occurs_in_speaker_text
444,3445,3,occurs_in_speaker_text
2393,3445,1,occurs_in_speaker_text
232,3445,1,occurs_in_speaker_text
988,3445,1,occurs_in_speaker_text
1064,3445,1,occurs_in_speaker_text
1673,3445,1,occurs_in_speaker_text
1611,3445,1,occurs_in_speaker_text
2360,3445,3,occurs_in_speaker_text
2737,3445,1,occurs_in_speaker_text
2317,3445,1,occurs_in_speaker_text
3017,3445,1,occurs_in_speaker_text
1250,3445,1,occurs_in_speaker_text
2711,3445,1,occurs_in_speaker_text
2346,3445,1,occurs_in_speaker_text
2554,3445,1,occurs_in_speaker_text
2228,3445,1,occurs_in_speaker_text
1193,3446,2,occurs_in_speaker_text
1431,3446,1,occurs_in_speaker_text
666,3446,2,occurs_in_speaker_text
1248,3446,1,occurs_in_speaker_text
752,3446,2,occurs_in_speaker_text
869,3446,1,occurs_in_speaker_text
1366,3446,2,occurs_in_speaker_text
2391,3446,3,occurs_in_speaker_text
1250,3446,6,occurs_in_speaker_text
1034,3446,1,occurs_in_speaker_text
1357,3446,1,occurs_in_speaker_text
2740,3446,1,occurs_in_speaker_text
2360,3446,3,occurs_in_speaker_text
1611,3446,1,occurs_in_speaker_text
1263,3446,1,occurs_in_speaker_text
2516,3446,1,occurs_in_speaker_text
1823,3446,3,occurs_in_speaker_text
2254,3446,1,occurs_in_speaker_text
1001,3446,1,occurs_in_speaker_text
130,3446,1,occurs_in_speaker_text
633,3446,1,occurs_in_speaker_text
3096,3446,2,occurs_in_speaker_text
2095,3446,1,occurs_in_speaker_text
1034,3447,5,occurs_in_speaker_text
752,3447,9,occurs_in_speaker_text
3077,3447,1,occurs_in_speaker_text
666,3447,3,occurs_in_speaker_text
258,3447,1,occurs_in_speaker_text
2477,3447,4,occurs_in_speaker_text
3090,3447,1,occurs_in_speaker_text
2878,3447,1,occurs_in_speaker_text
1926,3447,1,occurs_in_speaker_text
1656,3447,1,occurs_in_speaker_text
2274,3447,1,occurs_in_speaker_text
1193,3447,1,occurs_in_speaker_text
1956,3447,1,occurs_in_speaker_text
2487,3447,1,occurs_in_speaker_text
1366,3447,1,occurs_in_speaker_text
2391,3447,2,occurs_in_speaker_text
1704,3448,1,occurs_in_speaker_text
1285,3448,1,occurs_in_speaker_text
2360,3448,1,occurs_in_speaker_text
119,3448,1,occurs_in_speaker_text
666,3448,1,occurs_in_speaker_text
752,3448,1,occurs_in_speaker_text
2890,3448,1,occurs_in_speaker_text
2633,3448,3,occurs_in_speaker_text
2379,3448,1,occurs_in_speaker_text
1034,3448,4,occurs_in_speaker_text
447,3448,1,occurs_in_speaker_text
1250,3448,2,occurs_in_speaker_text
1732,3448,3,occurs_in_speaker_text
780,3448,1,occurs_in_speaker_text
653,3448,1,occurs_in_speaker_text
2380,3448,1,occurs_in_speaker_text
1758,3448,1,occurs_in_speaker_text
1823,3448,1,occurs_in_speaker_text
2412,3448,1,occurs_in_speaker_text
1034,3449,8,occurs_in_speaker_text
2511,3449,4,occurs_in_speaker_text
1357,3449,2,occurs_in_speaker_text
497,3449,1,occurs_in_speaker_text
896,3449,1,occurs_in_speaker_text
2878,3449,1,occurs_in_speaker_text
2021,3449,4,occurs_in_speaker_text
2302,3449,1,occurs_in_speaker_text
2699,3449,1,occurs_in_speaker_text
666,3449,2,occurs_in_speaker_text
2633,3449,1,occurs_in_speaker_text
15,3449,1,occurs_in_speaker_text
2617,3449,1,occurs_in_speaker_text
222,3449,1,occurs_in_speaker_text
1616,3449,1,occurs_in_speaker_text
1589,3450,1,occurs_in_speaker_text
666,3450,3,occurs_in_speaker_text
1034,3450,4,occurs_in_speaker_text
975,3450,1,occurs_in_speaker_text
508,3450,1,occurs_in_speaker_text
932,3450,1,occurs_in_speaker_text
1250,3450,1,occurs_in_speaker_text
1818,3450,1,occurs_in_speaker_text
865,3450,1,occurs_in_speaker_text
1612,3450,2,occurs_in_speaker_text
1823,3450,1,occurs_in_speaker_text
73,3450,1,occurs_in_speaker_text
1194,3451,1,occurs_in_speaker_text
1034,3451,1,occurs_in_speaker_text
2805,3451,1,occurs_in_speaker_text
1051,3451,1,occurs_in_speaker_text
222,3451,1,occurs_in_speaker_text
930,3452,19,occurs_in_speaker_text
2470,3452,2,occurs_in_speaker_text
168,3452,3,occurs_in_speaker_text
1724,3452,1,occurs_in_speaker_text
2862,3452,1,occurs_in_speaker_text
1034,3452,17,occurs_in_speaker_text
891,3452,8,occurs_in_speaker_text
2805,3452,4,occurs_in_speaker_text
666,3452,3,occurs_in_speaker_text
1611,3452,7,occurs_in_speaker_text
1823,3452,1,occurs_in_speaker_text
1676,3452,3,occurs_in_speaker_text
1316,3452,3,occurs_in_speaker_text
1263,3452,1,occurs_in_speaker_text
122,3452,1,occurs_in_speaker_text
1339,3452,1,occurs_in_speaker_text
317,3452,1,occurs_in_speaker_text
1194,3452,2,occurs_in_speaker_text
1260,3452,1,occurs_in_speaker_text
1673,3452,1,occurs_in_speaker_text
1163,3452,1,occurs_in_speaker_text
856,3453,1,occurs_in_speaker_text
852,3453,3,occurs_in_speaker_text
2878,3453,1,occurs_in_speaker_text
1876,3453,4,occurs_in_speaker_text
2380,3453,1,occurs_in_speaker_text
2950,3453,1,occurs_in_speaker_text
2745,3453,1,occurs_in_speaker_text
1263,3453,2,occurs_in_speaker_text
2360,3453,1,occurs_in_speaker_text
2426,3453,1,occurs_in_speaker_text
897,3453,1,occurs_in_speaker_text
2574,3453,1,occurs_in_speaker_text
1337,3453,1,occurs_in_speaker_text
2518,3453,1,occurs_in_speaker_text
1656,3453,1,occurs_in_speaker_text
1149,3453,1,occurs_in_speaker_text
1051,3453,3,occurs_in_speaker_text
1434,3453,1,occurs_in_speaker_text
1260,3453,2,occurs_in_speaker_text
939,3454,1,occurs_in_speaker_text
666,3454,2,occurs_in_speaker_text
1152,3454,1,occurs_in_speaker_text
1656,3454,5,occurs_in_speaker_text
222,3454,3,occurs_in_speaker_text
1194,3454,1,occurs_in_speaker_text
2360,3454,2,occurs_in_speaker_text
856,3454,2,occurs_in_speaker_text
1238,3454,1,occurs_in_speaker_text
673,3454,1,occurs_in_speaker_text
2477,3454,3,occurs_in_speaker_text
2805,3454,2,occurs_in_speaker_text
1316,3454,2,occurs_in_speaker_text
1130,3454,1,occurs_in_speaker_text
289,3454,1,occurs_in_speaker_text
1682,3454,1,occurs_in_speaker_text
1051,3454,1,occurs_in_speaker_text
2878,3454,1,occurs_in_speaker_text
2502,3454,1,occurs_in_speaker_text
1034,3454,4,occurs_in_speaker_text
875,3454,1,occurs_in_speaker_text
840,3454,1,occurs_in_speaker_text
408,3454,1,occurs_in_speaker_text
2177,3454,1,occurs_in_speaker_text
1551,3454,1,occurs_in_speaker_text
2058,3454,1,occurs_in_speaker_text
1548,3454,1,occurs_in_speaker_text
73,3454,1,occurs_in_speaker_text
1193,3455,2,occurs_in_speaker_text
1034,3456,13,occurs_in_speaker_text
1051,3456,3,occurs_in_speaker_text
1176,3456,1,occurs_in_speaker_text
1194,3456,1,occurs_in_speaker_text
2835,3456,1,occurs_in_speaker_text
666,3456,2,occurs_in_speaker_text
331,3456,1,occurs_in_speaker_text
324,3456,1,occurs_in_speaker_text
2518,3456,1,occurs_in_speaker_text
1174,3456,1,occurs_in_speaker_text
2360,3456,1,occurs_in_speaker_text
222,3456,3,occurs_in_speaker_text
3010,3457,1,occurs_in_speaker_text
1161,3457,1,occurs_in_speaker_text
1823,3457,1,occurs_in_speaker_text
217,3457,2,occurs_in_speaker_text
1364,3457,1,occurs_in_speaker_text
2518,3457,11,occurs_in_speaker_text
73,3457,1,occurs_in_speaker_text
2305,3457,1,occurs_in_speaker_text
222,3457,3,occurs_in_speaker_text
981,3457,3,occurs_in_speaker_text
2263,3457,1,occurs_in_speaker_text
2477,3457,5,occurs_in_speaker_text
1656,3457,1,occurs_in_speaker_text
1438,3457,1,occurs_in_speaker_text
1357,3458,1,occurs_in_speaker_text
981,3458,1,occurs_in_speaker_text
2805,3458,1,occurs_in_speaker_text
2305,3458,1,occurs_in_speaker_text
1263,3458,1,occurs_in_speaker_text
1286,3458,1,occurs_in_speaker_text
2980,3458,1,occurs_in_speaker_text
1034,3458,5,occurs_in_speaker_text
41,3458,1,occurs_in_speaker_text
1906,3458,1,occurs_in_speaker_text
666,3458,1,occurs_in_speaker_text
981,3459,1,occurs_in_speaker_text
1051,3459,1,occurs_in_speaker_text
2360,3459,1,occurs_in_speaker_text
1801,3459,1,occurs_in_speaker_text
666,3459,1,occurs_in_speaker_text
667,3459,3,occurs_in_speaker_text
752,3459,1,occurs_in_speaker_text
2477,3459,3,occurs_in_speaker_text
47,3459,1,occurs_in_speaker_text
1034,3460,4,occurs_in_speaker_text
666,3460,1,occurs_in_speaker_text
2393,3461,1,occurs_in_speaker_text
752,3461,4,occurs_in_speaker_text
1918,3461,1,occurs_in_speaker_text
222,3461,3,occurs_in_speaker_text
666,3461,9,occurs_in_speaker_text
668,3461,1,occurs_in_speaker_text
2650,3461,1,occurs_in_speaker_text
2165,3461,1,occurs_in_speaker_text
2633,3461,1,occurs_in_speaker_text
703,3461,1,occurs_in_speaker_text
237,3461,1,occurs_in_speaker_text
2878,3461,3,occurs_in_speaker_text
1801,3461,2,occurs_in_speaker_text
2477,3461,2,occurs_in_speaker_text
2518,3461,3,occurs_in_speaker_text
2360,3461,6,occurs_in_speaker_text
3096,3461,1,occurs_in_speaker_text
2095,3461,4,occurs_in_speaker_text
3088,3461,1,occurs_in_speaker_text
657,3461,1,occurs_in_speaker_text
273,3461,1,occurs_in_speaker_text
1255,3461,1,occurs_in_speaker_text
1095,3461,1,occurs_in_speaker_text
2274,3461,1,occurs_in_speaker_text
2444,3461,3,occurs_in_speaker_text
1136,3461,1,occurs_in_speaker_text
932,3461,1,occurs_in_speaker_text
856,3461,1,occurs_in_speaker_text
1104,3461,1,occurs_in_speaker_text
1034,3461,7,occurs_in_speaker_text
2134,3461,1,occurs_in_speaker_text
1636,3461,1,occurs_in_speaker_text
2303,3461,1,occurs_in_speaker_text
2805,3461,1,occurs_in_speaker_text
1494,3461,1,occurs_in_speaker_text
1052,3461,1,occurs_in_speaker_text
2438,3461,1,occurs_in_speaker_text
2644,3461,1,occurs_in_speaker_text
2987,3461,1,occurs_in_speaker_text
1914,3461,1,occurs_in_speaker_text
168,3461,1,occurs_in_speaker_text
2320,3461,1,occurs_in_speaker_text
519,3461,1,occurs_in_speaker_text
2382,3461,1,occurs_in_speaker_text
2477,3462,4,occurs_in_speaker_text
1034,3462,2,occurs_in_speaker_text
2955,3462,1,occurs_in_speaker_text
1263,3462,1,occurs_in_speaker_text
2518,3462,4,occurs_in_speaker_text
826,3462,2,occurs_in_speaker_text
2522,3462,3,occurs_in_speaker_text
1250,3462,1,occurs_in_speaker_text
1823,3462,1,occurs_in_speaker_text
1464,3462,2,occurs_in_speaker_text
1051,3462,1,occurs_in_speaker_text
1863,3462,1,occurs_in_speaker_text
1430,3462,1,occurs_in_speaker_text
2360,3462,1,occurs_in_speaker_text
444,3462,1,occurs_in_speaker_text
1034,3463,1,occurs_in_speaker_text
2076,3463,1,occurs_in_speaker_text
1193,3463,1,occurs_in_speaker_text
1364,3464,1,occurs_in_speaker_text
1732,3464,11,occurs_in_speaker_text
537,3464,2,occurs_in_speaker_text
1715,3464,1,occurs_in_speaker_text
2477,3464,1,occurs_in_speaker_text
1194,3464,1,occurs_in_speaker_text
1034,3464,1,occurs_in_speaker_text
3096,3465,2,occurs_in_speaker_text
667,3465,1,occurs_in_speaker_text
1034,3465,2,occurs_in_speaker_text
2118,3465,1,occurs_in_speaker_text
2477,3465,3,occurs_in_speaker_text
1023,3465,2,occurs_in_speaker_text
808,3465,1,occurs_in_speaker_text
1823,3465,3,occurs_in_speaker_text
2274,3465,2,occurs_in_speaker_text
1238,3465,1,occurs_in_speaker_text
977,3465,2,occurs_in_speaker_text
1822,3465,1,occurs_in_speaker_text
3092,3465,1,occurs_in_speaker_text
666,3465,2,occurs_in_speaker_text
222,3465,3,occurs_in_speaker_text
548,3465,1,occurs_in_speaker_text
724,3465,1,occurs_in_speaker_text
752,3465,1,occurs_in_speaker_text
2108,3465,1,occurs_in_speaker_text
2619,3465,1,occurs_in_speaker_text
1193,3465,3,occurs_in_speaker_text
1034,3466,6,occurs_in_speaker_text
222,3466,1,occurs_in_speaker_text
2477,3466,1,occurs_in_speaker_text
2108,3466,1,occurs_in_speaker_text
666,3467,3,occurs_in_speaker_text
1034,3467,3,occurs_in_speaker_text
2077,3467,1,occurs_in_speaker_text
856,3468,2,occurs_in_speaker_text
2878,3468,4,occurs_in_speaker_text
2689,3468,1,occurs_in_speaker_text
781,3468,1,occurs_in_speaker_text
445,3468,1,occurs_in_speaker_text
1611,3468,2,occurs_in_speaker_text
2412,3468,1,occurs_in_speaker_text
752,3468,3,occurs_in_speaker_text
2177,3468,1,occurs_in_speaker_text
136,3468,1,occurs_in_speaker_text
616,3468,1,occurs_in_speaker_text
73,3468,2,occurs_in_speaker_text
2925,3468,1,occurs_in_speaker_text
2604,3468,1,occurs_in_speaker_text
2134,3468,1,occurs_in_speaker_text
1501,3468,1,occurs_in_speaker_text
2254,3468,2,occurs_in_speaker_text
666,3468,1,occurs_in_speaker_text
1455,3468,1,occurs_in_speaker_text
568,3468,1,occurs_in_speaker_text
2955,3468,1,occurs_in_speaker_text
1357,3468,1,occurs_in_speaker_text
1034,3468,5,occurs_in_speaker_text
1193,3468,1,occurs_in_speaker_text
3018,3468,1,occurs_in_speaker_text
1417,3468,1,occurs_in_speaker_text
950,3468,2,occurs_in_speaker_text
2516,3468,1,occurs_in_speaker_text
189,3468,1,occurs_in_speaker_text
1800,3468,1,occurs_in_speaker_text
1000,3468,1,occurs_in_speaker_text
2644,3468,1,occurs_in_speaker_text
526,3468,1,occurs_in_speaker_text
2977,3468,1,occurs_in_speaker_text
2095,3468,1,occurs_in_speaker_text
1095,3468,1,occurs_in_speaker_text
2391,3468,1,occurs_in_speaker_text
2805,3468,1,occurs_in_speaker_text
1295,3468,1,occurs_in_speaker_text
895,3468,1,occurs_in_speaker_text
222,3468,1,occurs_in_speaker_text
3019,3468,1,occurs_in_speaker_text
445,3469,1,occurs_in_speaker_text
666,3469,1,occurs_in_speaker_text
690,3469,1,occurs_in_speaker_text
752,3469,1,occurs_in_speaker_text
1034,3469,4,occurs_in_speaker_text
2477,3469,3,occurs_in_speaker_text
2177,3469,2,occurs_in_speaker_text
155,3469,2,occurs_in_speaker_text
1672,3469,1,occurs_in_speaker_text
1623,3469,1,occurs_in_speaker_text
2123,3469,1,occurs_in_speaker_text
2250,3469,5,occurs_in_speaker_text
2545,3469,1,occurs_in_speaker_text
2604,3469,1,occurs_in_speaker_text
2360,3469,1,occurs_in_speaker_text
135,3469,1,occurs_in_speaker_text
780,3470,1,occurs_in_speaker_text
1715,3470,1,occurs_in_speaker_text
666,3470,1,occurs_in_speaker_text
1034,3470,10,occurs_in_speaker_text
2360,3470,2,occurs_in_speaker_text
222,3470,3,occurs_in_speaker_text
95,3470,1,occurs_in_speaker_text
1600,3470,1,occurs_in_speaker_text
752,3471,3,occurs_in_speaker_text
1034,3471,3,occurs_in_speaker_text
2644,3471,1,occurs_in_speaker_text
470,3471,1,occurs_in_speaker_text
2274,3471,1,occurs_in_speaker_text
1034,3472,7,occurs_in_speaker_text
1740,3472,1,occurs_in_speaker_text
1319,3472,1,occurs_in_speaker_text
2263,3472,6,occurs_in_speaker_text
2477,3472,1,occurs_in_speaker_text
2791,3472,1,occurs_in_speaker_text
1353,3472,1,occurs_in_speaker_text
2076,3472,1,occurs_in_speaker_text
2480,3472,1,occurs_in_speaker_text
222,3472,1,occurs_in_speaker_text
1141,3472,1,occurs_in_speaker_text
1656,3472,2,occurs_in_speaker_text
1616,3472,1,occurs_in_speaker_text
663,3472,1,occurs_in_speaker_text
1891,3472,1,occurs_in_speaker_text
1194,3472,1,occurs_in_speaker_text
1188,3472,1,occurs_in_speaker_text
1051,3473,8,occurs_in_speaker_text
1656,3473,1,occurs_in_speaker_text
891,3473,2,occurs_in_speaker_text
2263,3473,1,occurs_in_speaker_text
666,3473,2,occurs_in_speaker_text
1034,3473,2,occurs_in_speaker_text
2360,3473,2,occurs_in_speaker_text
2393,3473,2,occurs_in_speaker_text
2477,3474,12,occurs_in_speaker_text
1034,3474,17,occurs_in_speaker_text
1193,3474,1,occurs_in_speaker_text
2103,3474,1,occurs_in_speaker_text
2586,3474,1,occurs_in_speaker_text
1051,3474,3,occurs_in_speaker_text
1611,3474,1,occurs_in_speaker_text
2346,3474,2,occurs_in_speaker_text
1630,3474,1,occurs_in_speaker_text
368,3474,2,occurs_in_speaker_text
2983,3474,1,occurs_in_speaker_text
1034,3475,4,occurs_in_speaker_text
616,3475,2,occurs_in_speaker_text
1404,3475,1,occurs_in_speaker_text
761,3475,1,occurs_in_speaker_text
1380,3475,1,occurs_in_speaker_text
666,3475,3,occurs_in_speaker_text
1090,3475,1,occurs_in_speaker_text
62,3475,1,occurs_in_speaker_text
214,3475,1,occurs_in_speaker_text
1070,3476,2,occurs_in_speaker_text
2360,3476,4,occurs_in_speaker_text
1301,3476,1,occurs_in_speaker_text
1250,3476,3,occurs_in_speaker_text
2633,3476,7,occurs_in_speaker_text
666,3476,10,occurs_in_speaker_text
2399,3476,1,occurs_in_speaker_text
1034,3476,8,occurs_in_speaker_text
922,3476,1,occurs_in_speaker_text
175,3476,1,occurs_in_speaker_text
2477,3476,7,occurs_in_speaker_text
332,3476,1,occurs_in_speaker_text
2726,3476,1,occurs_in_speaker_text
2878,3476,1,occurs_in_speaker_text
1193,3476,5,occurs_in_speaker_text
2602,3476,2,occurs_in_speaker_text
638,3476,1,occurs_in_speaker_text
1464,3476,1,occurs_in_speaker_text
2156,3476,1,occurs_in_speaker_text
752,3476,1,occurs_in_speaker_text
722,3476,1,occurs_in_speaker_text
1634,3476,1,occurs_in_speaker_text
1034,3477,16,occurs_in_speaker_text
1896,3477,4,occurs_in_speaker_text
938,3477,1,occurs_in_speaker_text
627,3477,5,occurs_in_speaker_text
2805,3477,6,occurs_in_speaker_text
2119,3477,1,occurs_in_speaker_text
2503,3477,1,occurs_in_speaker_text
1263,3477,2,occurs_in_speaker_text
2157,3477,1,occurs_in_speaker_text
2391,3477,2,occurs_in_speaker_text
1194,3477,5,occurs_in_speaker_text
822,3477,2,occurs_in_speaker_text
1528,3477,8,occurs_in_speaker_text
2551,3477,1,occurs_in_speaker_text
1193,3477,2,occurs_in_speaker_text
382,3477,4,occurs_in_speaker_text
3096,3477,2,occurs_in_speaker_text
752,3477,11,occurs_in_speaker_text
865,3477,3,occurs_in_speaker_text
2644,3477,3,occurs_in_speaker_text
1597,3477,1,occurs_in_speaker_text
819,3477,1,occurs_in_speaker_text
2878,3477,1,occurs_in_speaker_text
2010,3477,1,occurs_in_speaker_text
409,3477,1,occurs_in_speaker_text
429,3477,1,occurs_in_speaker_text
2188,3477,2,occurs_in_speaker_text
2702,3477,1,occurs_in_speaker_text
2095,3477,8,occurs_in_speaker_text
731,3477,3,occurs_in_speaker_text
170,3477,1,occurs_in_speaker_text
1823,3477,3,occurs_in_speaker_text
666,3477,2,occurs_in_speaker_text
2027,3477,1,occurs_in_speaker_text
891,3477,1,occurs_in_speaker_text
2578,3477,1,occurs_in_speaker_text
1261,3477,2,occurs_in_speaker_text
1353,3477,1,occurs_in_speaker_text
1791,3477,1,occurs_in_speaker_text
2360,3477,2,occurs_in_speaker_text
2220,3477,1,occurs_in_speaker_text
1717,3477,1,occurs_in_speaker_text
1250,3477,2,occurs_in_speaker_text
784,3477,1,occurs_in_speaker_text
2228,3477,2,occurs_in_speaker_text
2178,3477,1,occurs_in_speaker_text
2729,3477,1,occurs_in_speaker_text
312,3477,1,occurs_in_speaker_text
869,3477,6,occurs_in_speaker_text
330,3477,1,occurs_in_speaker_text
135,3477,4,occurs_in_speaker_text
2891,3477,1,occurs_in_speaker_text
2159,3477,1,occurs_in_speaker_text
1801,3477,1,occurs_in_speaker_text
2512,3477,2,occurs_in_speaker_text
1953,3477,1,occurs_in_speaker_text
2151,3477,3,occurs_in_speaker_text
474,3477,2,occurs_in_speaker_text
133,3477,1,occurs_in_speaker_text
2070,3477,1,occurs_in_speaker_text
2118,3477,4,occurs_in_speaker_text
1238,3477,2,occurs_in_speaker_text
1443,3477,1,occurs_in_speaker_text
1818,3477,1,occurs_in_speaker_text
2412,3477,2,occurs_in_speaker_text
2504,3477,1,occurs_in_speaker_text
617,3477,1,occurs_in_speaker_text
667,3477,1,occurs_in_speaker_text
1386,3477,1,occurs_in_speaker_text
1732,3477,3,occurs_in_speaker_text
294,3477,1,occurs_in_speaker_text
2477,3477,2,occurs_in_speaker_text
2050,3477,1,occurs_in_speaker_text
977,3477,2,occurs_in_speaker_text
713,3477,1,occurs_in_speaker_text
1091,3477,1,occurs_in_speaker_text
168,3477,2,occurs_in_speaker_text
2714,3477,1,occurs_in_speaker_text
2045,3477,1,occurs_in_speaker_text
959,3477,1,occurs_in_speaker_text
2274,3477,2,occurs_in_speaker_text
2177,3477,4,occurs_in_speaker_text
2108,3477,3,occurs_in_speaker_text
2655,3477,1,occurs_in_speaker_text
1991,3477,2,occurs_in_speaker_text
1291,3477,1,occurs_in_speaker_text
602,3477,1,occurs_in_speaker_text
2895,3477,1,occurs_in_speaker_text
1918,3477,1,occurs_in_speaker_text
948,3477,1,occurs_in_speaker_text
2532,3477,1,occurs_in_speaker_text
2583,3477,1,occurs_in_speaker_text
1527,3477,1,occurs_in_speaker_text
1307,3477,1,occurs_in_speaker_text
222,3477,1,occurs_in_speaker_text
1051,3477,1,occurs_in_speaker_text
772,3477,1,occurs_in_speaker_text
1104,3477,1,occurs_in_speaker_text
1002,3477,1,occurs_in_speaker_text
2156,3477,1,occurs_in_speaker_text
420,3477,1,occurs_in_speaker_text
1373,3477,1,occurs_in_speaker_text
2614,3477,1,occurs_in_speaker_text
2629,3477,1,occurs_in_speaker_text
1316,3477,1,occurs_in_speaker_text
907,3477,1,occurs_in_speaker_text
2650,3477,1,occurs_in_speaker_text
1843,3477,1,occurs_in_speaker_text
1035,3477,1,occurs_in_speaker_text
932,3477,1,occurs_in_speaker_text
67,3477,1,occurs_in_speaker_text
2615,3477,1,occurs_in_speaker_text
268,3477,1,occurs_in_speaker_text
2039,3477,1,occurs_in_speaker_text
546,3477,1,occurs_in_speaker_text
241,3477,1,occurs_in_speaker_text
392,3477,1,occurs_in_speaker_text
2863,3477,2,occurs_in_speaker_text
1156,3477,1,occurs_in_speaker_text
1435,3477,1,occurs_in_speaker_text
1940,3477,1,occurs_in_speaker_text
2206,3477,1,occurs_in_speaker_text
856,3477,3,occurs_in_speaker_text
2662,3477,1,occurs_in_speaker_text
983,3477,1,occurs_in_speaker_text
2380,3477,1,occurs_in_speaker_text
445,3477,1,occurs_in_speaker_text
2786,3477,1,occurs_in_speaker_text
2656,3477,1,occurs_in_speaker_text
477,3477,1,occurs_in_speaker_text
1266,3477,2,occurs_in_speaker_text
2518,3477,1,occurs_in_speaker_text
908,3477,2,occurs_in_speaker_text
3008,3477,1,occurs_in_speaker_text
331,3478,1,occurs_in_speaker_text
980,3478,4,occurs_in_speaker_text
1263,3478,1,occurs_in_speaker_text
1034,3478,7,occurs_in_speaker_text
2156,3478,1,occurs_in_speaker_text
752,3478,1,occurs_in_speaker_text
2832,3478,1,occurs_in_speaker_text
2961,3478,1,occurs_in_speaker_text
241,3479,1,occurs_in_speaker_text
1823,3479,1,occurs_in_speaker_text
666,3479,8,occurs_in_speaker_text
2378,3479,1,occurs_in_speaker_text
1255,3479,1,occurs_in_speaker_text
2477,3479,11,occurs_in_speaker_text
1968,3479,1,occurs_in_speaker_text
752,3479,14,occurs_in_speaker_text
1656,3479,4,occurs_in_speaker_text
2911,3479,1,occurs_in_speaker_text
1732,3479,2,occurs_in_speaker_text
2518,3479,1,occurs_in_speaker_text
1676,3479,1,occurs_in_speaker_text
3096,3479,1,occurs_in_speaker_text
1250,3479,2,occurs_in_speaker_text
2772,3479,1,occurs_in_speaker_text
2805,3479,1,occurs_in_speaker_text
1522,3479,1,occurs_in_speaker_text
932,3479,1,occurs_in_speaker_text
993,3479,4,occurs_in_speaker_text
394,3479,1,occurs_in_speaker_text
981,3479,14,occurs_in_speaker_text
3092,3479,8,occurs_in_speaker_text
1611,3479,1,occurs_in_speaker_text
1733,3479,1,occurs_in_speaker_text
1034,3479,1,occurs_in_speaker_text
2360,3479,2,occurs_in_speaker_text
780,3479,1,occurs_in_speaker_text
2655,3479,1,occurs_in_speaker_text
1366,3479,1,occurs_in_speaker_text
975,3479,1,occurs_in_speaker_text
2412,3479,3,occurs_in_speaker_text
946,3479,1,occurs_in_speaker_text
1888,3479,2,occurs_in_speaker_text
411,3479,1,occurs_in_speaker_text
1464,3479,1,occurs_in_speaker_text
1963,3479,1,occurs_in_speaker_text
1372,3479,1,occurs_in_speaker_text
1411,3479,2,occurs_in_speaker_text
136,3479,3,occurs_in_speaker_text
2540,3479,1,occurs_in_speaker_text
2050,3479,1,occurs_in_speaker_text
1051,3480,2,occurs_in_speaker_text
1678,3480,1,occurs_in_speaker_text
2841,3480,1,occurs_in_speaker_text
1193,3480,3,occurs_in_speaker_text
752,3480,3,occurs_in_speaker_text
1322,3480,4,occurs_in_speaker_text
1034,3480,9,occurs_in_speaker_text
232,3480,1,occurs_in_speaker_text
313,3480,1,occurs_in_speaker_text
168,3480,2,occurs_in_speaker_text
666,3480,3,occurs_in_speaker_text
977,3480,1,occurs_in_speaker_text
1823,3480,1,occurs_in_speaker_text
222,3480,1,occurs_in_speaker_text
2655,3480,2,occurs_in_speaker_text
1662,3480,1,occurs_in_speaker_text
2111,3480,1,occurs_in_speaker_text
1366,3480,1,occurs_in_speaker_text
136,3480,2,occurs_in_speaker_text
932,3480,1,occurs_in_speaker_text
2914,3480,1,occurs_in_speaker_text
292,3480,1,occurs_in_speaker_text
1675,3480,1,occurs_in_speaker_text
371,3480,1,occurs_in_speaker_text
869,3480,1,occurs_in_speaker_text
856,3480,1,occurs_in_speaker_text
222,3481,4,occurs_in_speaker_text
1034,3481,5,occurs_in_speaker_text
545,3481,1,occurs_in_speaker_text
2076,3482,2,occurs_in_speaker_text
444,3482,1,occurs_in_speaker_text
666,3482,18,occurs_in_speaker_text
2477,3482,4,occurs_in_speaker_text
2360,3482,2,occurs_in_speaker_text
752,3482,11,occurs_in_speaker_text
62,3482,1,occurs_in_speaker_text
2554,3482,5,occurs_in_speaker_text
932,3482,1,occurs_in_speaker_text
2095,3482,3,occurs_in_speaker_text
1611,3482,2,occurs_in_speaker_text
1576,3482,1,occurs_in_speaker_text
2518,3482,1,occurs_in_speaker_text
1522,3482,1,occurs_in_speaker_text
2274,3482,1,occurs_in_speaker_text
1732,3482,4,occurs_in_speaker_text
1366,3482,3,occurs_in_speaker_text
2301,3482,1,occurs_in_speaker_text
1193,3482,3,occurs_in_speaker_text
1656,3482,2,occurs_in_speaker_text
1238,3482,1,occurs_in_speaker_text
14,3482,1,occurs_in_speaker_text
891,3482,1,occurs_in_speaker_text
1250,3482,1,occurs_in_speaker_text
2697,3482,1,occurs_in_speaker_text
264,3482,1,occurs_in_speaker_text
2381,3482,1,occurs_in_speaker_text
54,3482,1,occurs_in_speaker_text
498,3482,1,occurs_in_speaker_text
2209,3482,2,occurs_in_speaker_text
222,3482,1,occurs_in_speaker_text
1117,3482,1,occurs_in_speaker_text
1367,3482,1,occurs_in_speaker_text
2977,3482,1,occurs_in_speaker_text
2805,3482,2,occurs_in_speaker_text
666,3483,1,occurs_in_speaker_text
2846,3483,1,occurs_in_speaker_text
222,3483,2,occurs_in_speaker_text
985,3483,1,occurs_in_speaker_text
2134,3483,5,occurs_in_speaker_text
1263,3483,1,occurs_in_speaker_text
158,3483,1,occurs_in_speaker_text
1034,3484,2,occurs_in_speaker_text
2034,3484,1,occurs_in_speaker_text
1876,3485,2,occurs_in_speaker_text
1034,3485,8,occurs_in_speaker_text
2360,3485,2,occurs_in_speaker_text
1611,3485,1,occurs_in_speaker_text
2805,3485,1,occurs_in_speaker_text
1871,3485,1,occurs_in_speaker_text
2095,3485,1,occurs_in_speaker_text
1051,3485,3,occurs_in_speaker_text
1715,3485,1,occurs_in_speaker_text
2577,3485,1,occurs_in_speaker_text
891,3485,1,occurs_in_speaker_text
1193,3485,2,occurs_in_speaker_text
213,3485,1,occurs_in_speaker_text
2477,3485,1,occurs_in_speaker_text
2977,3485,3,occurs_in_speaker_text
666,3485,1,occurs_in_speaker_text
667,3485,1,occurs_in_speaker_text
2412,3485,1,occurs_in_speaker_text
3096,3485,1,occurs_in_speaker_text
869,3485,1,occurs_in_speaker_text
2878,3485,1,occurs_in_speaker_text
789,3485,1,occurs_in_speaker_text
780,3485,1,occurs_in_speaker_text
2811,3485,1,occurs_in_speaker_text
1108,3485,1,occurs_in_speaker_text
1988,3485,1,occurs_in_speaker_text
1801,3485,1,occurs_in_speaker_text
2554,3485,1,occurs_in_speaker_text
1852,3485,1,occurs_in_speaker_text
1034,3486,9,occurs_in_speaker_text
666,3486,2,occurs_in_speaker_text
1611,3486,1,occurs_in_speaker_text
1051,3486,1,occurs_in_speaker_text
1115,3486,1,occurs_in_speaker_text
2360,3486,1,occurs_in_speaker_text
1934,3486,1,occurs_in_speaker_text
917,3486,1,occurs_in_speaker_text
752,3487,7,occurs_in_speaker_text
2477,3487,3,occurs_in_speaker_text
3096,3487,1,occurs_in_speaker_text
1656,3487,1,occurs_in_speaker_text
666,3487,2,occurs_in_speaker_text
1193,3487,1,occurs_in_speaker_text
2643,3487,2,occurs_in_speaker_text
1034,3487,1,occurs_in_speaker_text
1250,3487,2,occurs_in_speaker_text
2228,3487,1,occurs_in_speaker_text
1823,3487,1,occurs_in_speaker_text
2703,3487,3,occurs_in_speaker_text
2878,3487,1,occurs_in_speaker_text
2134,3487,1,occurs_in_speaker_text
1000,3488,3,occurs_in_speaker_text
2360,3488,1,occurs_in_speaker_text
1051,3488,3,occurs_in_speaker_text
2477,3488,5,occurs_in_speaker_text
222,3488,2,occurs_in_speaker_text
1632,3488,1,occurs_in_speaker_text
891,3488,1,occurs_in_speaker_text
2518,3488,1,occurs_in_speaker_text
1277,3488,1,occurs_in_speaker_text
747,3488,1,occurs_in_speaker_text
339,3488,1,occurs_in_speaker_text
1034,3488,1,occurs_in_speaker_text
666,3488,1,occurs_in_speaker_text
2108,3489,1,occurs_in_speaker_text
1238,3489,1,occurs_in_speaker_text
1801,3489,1,occurs_in_speaker_text
616,3489,1,occurs_in_speaker_text
752,3489,5,occurs_in_speaker_text
1732,3489,1,occurs_in_speaker_text
1034,3489,9,occurs_in_speaker_text
666,3489,4,occurs_in_speaker_text
2360,3489,3,occurs_in_speaker_text
946,3489,2,occurs_in_speaker_text
1823,3489,1,occurs_in_speaker_text
2554,3489,2,occurs_in_speaker_text
2391,3489,1,occurs_in_speaker_text
869,3489,1,occurs_in_speaker_text
1988,3489,1,occurs_in_speaker_text
213,3489,1,occurs_in_speaker_text
2228,3489,1,occurs_in_speaker_text
850,3489,1,occurs_in_speaker_text
667,3489,1,occurs_in_speaker_text
594,3489,1,occurs_in_speaker_text
981,3489,1,occurs_in_speaker_text
1051,3489,1,occurs_in_speaker_text
1034,3490,36,occurs_in_speaker_text
891,3490,3,occurs_in_speaker_text
1250,3490,3,occurs_in_speaker_text
2878,3490,1,occurs_in_speaker_text
3037,3490,1,occurs_in_speaker_text
808,3490,1,occurs_in_speaker_text
2805,3490,4,occurs_in_speaker_text
1316,3490,2,occurs_in_speaker_text
1801,3490,1,occurs_in_speaker_text
985,3490,1,occurs_in_speaker_text
2644,3490,3,occurs_in_speaker_text
2354,3490,2,occurs_in_speaker_text
1611,3490,2,occurs_in_speaker_text
1194,3490,2,occurs_in_speaker_text
2477,3490,2,occurs_in_speaker_text
222,3490,3,occurs_in_speaker_text
2885,3490,1,occurs_in_speaker_text
2266,3490,1,occurs_in_speaker_text
2177,3490,4,occurs_in_speaker_text
1876,3490,1,occurs_in_speaker_text
2360,3490,1,occurs_in_speaker_text
666,3490,12,occurs_in_speaker_text
1366,3490,1,occurs_in_speaker_text
2095,3490,9,occurs_in_speaker_text
752,3490,6,occurs_in_speaker_text
513,3490,1,occurs_in_speaker_text
946,3490,1,occurs_in_speaker_text
175,3490,1,occurs_in_speaker_text
2050,3490,1,occurs_in_speaker_text
232,3490,1,occurs_in_speaker_text
275,3490,1,occurs_in_speaker_text
2034,3490,1,occurs_in_speaker_text
2876,3490,1,occurs_in_speaker_text
2274,3490,1,occurs_in_speaker_text
982,3490,1,occurs_in_speaker_text
2691,3490,1,occurs_in_speaker_text
1732,3490,5,occurs_in_speaker_text
2916,3490,1,occurs_in_speaker_text
1823,3490,3,occurs_in_speaker_text
2506,3490,1,occurs_in_speaker_text
312,3490,1,occurs_in_speaker_text
1193,3490,2,occurs_in_speaker_text
1022,3490,1,occurs_in_speaker_text
2518,3490,1,occurs_in_speaker_text
52,3490,1,occurs_in_speaker_text
415,3490,1,occurs_in_speaker_text
1437,3490,1,occurs_in_speaker_text
1840,3490,1,occurs_in_speaker_text
2254,3490,1,occurs_in_speaker_text
449,3490,1,occurs_in_speaker_text
1051,3490,1,occurs_in_speaker_text
2408,3490,1,occurs_in_speaker_text
1034,3491,11,occurs_in_speaker_text
752,3491,1,occurs_in_speaker_text
2790,3491,1,occurs_in_speaker_text
891,3491,2,occurs_in_speaker_text
331,3491,1,occurs_in_speaker_text
2477,3491,1,occurs_in_speaker_text
1250,3491,1,occurs_in_speaker_text
666,3491,1,occurs_in_speaker_text
1590,3491,1,occurs_in_speaker_text
2835,3491,1,occurs_in_speaker_text
2360,3491,1,occurs_in_speaker_text
2254,3491,1,occurs_in_speaker_text
2234,3491,2,occurs_in_speaker_text
492,3492,1,occurs_in_speaker_text
599,3492,1,occurs_in_speaker_text
677,3492,1,occurs_in_speaker_text
891,3492,2,occurs_in_speaker_text
1034,3492,6,occurs_in_speaker_text
222,3492,1,occurs_in_speaker_text
666,3492,2,occurs_in_speaker_text
118,3492,1,occurs_in_speaker_text
2869,3492,1,occurs_in_speaker_text
1641,3493,2,occurs_in_speaker_text
1034,3493,6,occurs_in_speaker_text
2076,3493,2,occurs_in_speaker_text
666,3493,7,occurs_in_speaker_text
1656,3493,3,occurs_in_speaker_text
1263,3493,1,occurs_in_speaker_text
1051,3493,4,occurs_in_speaker_text
2477,3493,5,occurs_in_speaker_text
2380,3493,1,occurs_in_speaker_text
1250,3493,1,occurs_in_speaker_text
1082,3493,1,occurs_in_speaker_text
1987,3493,1,occurs_in_speaker_text
2347,3493,1,occurs_in_speaker_text
936,3493,1,occurs_in_speaker_text
1611,3493,1,occurs_in_speaker_text
981,3493,1,occurs_in_speaker_text
1783,3493,1,occurs_in_speaker_text
856,3493,1,occurs_in_speaker_text
1823,3493,2,occurs_in_speaker_text
1106,3493,1,occurs_in_speaker_text
2805,3493,2,occurs_in_speaker_text
2604,3493,1,occurs_in_speaker_text
1974,3493,1,occurs_in_speaker_text
2095,3493,8,occurs_in_speaker_text
78,3493,1,occurs_in_speaker_text
2633,3493,1,occurs_in_speaker_text
1745,3493,2,occurs_in_speaker_text
2314,3493,1,occurs_in_speaker_text
395,3493,1,occurs_in_speaker_text
2360,3493,2,occurs_in_speaker_text
2328,3493,2,occurs_in_speaker_text
2260,3493,1,occurs_in_speaker_text
1926,3493,1,occurs_in_speaker_text
444,3493,2,occurs_in_speaker_text
615,3493,1,occurs_in_speaker_text
2235,3493,1,occurs_in_speaker_text
437,3493,1,occurs_in_speaker_text
1280,3493,1,occurs_in_speaker_text
2554,3493,1,occurs_in_speaker_text
339,3493,1,occurs_in_speaker_text
1558,3493,1,occurs_in_speaker_text
891,3493,1,occurs_in_speaker_text
2518,3493,1,occurs_in_speaker_text
752,3493,1,occurs_in_speaker_text
2120,3493,1,occurs_in_speaker_text
353,3493,1,occurs_in_speaker_text
1034,3494,15,occurs_in_speaker_text
1250,3494,1,occurs_in_speaker_text
950,3494,1,occurs_in_speaker_text
1611,3494,3,occurs_in_speaker_text
1510,3494,1,occurs_in_speaker_text
666,3494,10,occurs_in_speaker_text
1051,3494,5,occurs_in_speaker_text
2805,3494,1,occurs_in_speaker_text
2665,3494,1,occurs_in_speaker_text
1715,3494,1,occurs_in_speaker_text
891,3494,1,occurs_in_speaker_text
752,3494,2,occurs_in_speaker_text
2655,3494,1,occurs_in_speaker_text
2246,3494,1,occurs_in_speaker_text
2228,3494,1,occurs_in_speaker_text
2095,3494,1,occurs_in_speaker_text
1193,3494,1,occurs_in_speaker_text
1194,3494,1,occurs_in_speaker_text
2477,3494,1,occurs_in_speaker_text
122,3494,1,occurs_in_speaker_text
2548,3494,1,occurs_in_speaker_text
1801,3494,1,occurs_in_speaker_text
1656,3495,5,occurs_in_speaker_text
2515,3495,2,occurs_in_speaker_text
2805,3495,5,occurs_in_speaker_text
1238,3495,1,occurs_in_speaker_text
119,3495,1,occurs_in_speaker_text
1576,3495,1,occurs_in_speaker_text
2360,3495,6,occurs_in_speaker_text
666,3495,31,occurs_in_speaker_text
2477,3495,8,occurs_in_speaker_text
3073,3495,1,occurs_in_speaker_text
444,3495,4,occurs_in_speaker_text
663,3495,1,occurs_in_speaker_text
1051,3495,6,occurs_in_speaker_text
1034,3495,13,occurs_in_speaker_text
1142,3495,1,occurs_in_speaker_text
1194,3495,2,occurs_in_speaker_text
1193,3495,9,occurs_in_speaker_text
667,3495,1,occurs_in_speaker_text
1131,3495,1,occurs_in_speaker_text
62,3495,3,occurs_in_speaker_text
2237,3495,1,occurs_in_speaker_text
752,3495,4,occurs_in_speaker_text
1801,3495,1,occurs_in_speaker_text
1201,3495,1,occurs_in_speaker_text
1521,3495,1,occurs_in_speaker_text
2130,3495,1,occurs_in_speaker_text
856,3495,2,occurs_in_speaker_text
891,3495,3,occurs_in_speaker_text
1829,3495,1,occurs_in_speaker_text
222,3495,2,occurs_in_speaker_text
40,3495,1,occurs_in_speaker_text
1823,3495,2,occurs_in_speaker_text
579,3495,1,occurs_in_speaker_text
483,3495,1,occurs_in_speaker_text
2963,3495,1,occurs_in_speaker_text
122,3495,1,occurs_in_speaker_text
2518,3495,2,occurs_in_speaker_text
2095,3495,1,occurs_in_speaker_text
381,3495,1,occurs_in_speaker_text
1641,3495,1,occurs_in_speaker_text
220,3495,1,occurs_in_speaker_text
978,3495,1,occurs_in_speaker_text
616,3495,1,occurs_in_speaker_text
417,3495,1,occurs_in_speaker_text
1034,3496,2,occurs_in_speaker_text
1370,3496,1,occurs_in_speaker_text
666,3496,1,occurs_in_speaker_text
2684,3496,1,occurs_in_speaker_text
2518,3496,3,occurs_in_speaker_text
1947,3496,1,occurs_in_speaker_text
2360,3496,1,occurs_in_speaker_text
2142,3496,1,occurs_in_speaker_text
2935,3497,3,occurs_in_speaker_text
2696,3497,1,occurs_in_speaker_text
2562,3497,1,occurs_in_speaker_text
2477,3497,2,occurs_in_speaker_text
1156,3497,1,occurs_in_speaker_text
1321,3497,1,occurs_in_speaker_text
2360,3497,2,occurs_in_speaker_text
891,3497,1,occurs_in_speaker_text
2955,3497,1,occurs_in_speaker_text
689,3497,1,occurs_in_speaker_text
1542,3497,1,occurs_in_speaker_text
2623,3497,1,occurs_in_speaker_text
1034,3497,1,occurs_in_speaker_text
1250,3497,1,occurs_in_speaker_text
1801,3497,1,occurs_in_speaker_text
752,3498,7,occurs_in_speaker_text
2360,3498,17,occurs_in_speaker_text
14,3498,2,occurs_in_speaker_text
2515,3498,1,occurs_in_speaker_text
2518,3498,1,occurs_in_speaker_text
666,3498,11,occurs_in_speaker_text
1263,3498,1,occurs_in_speaker_text
1238,3498,1,occurs_in_speaker_text
1732,3498,15,occurs_in_speaker_text
780,3498,2,occurs_in_speaker_text
1801,3498,4,occurs_in_speaker_text
981,3498,7,occurs_in_speaker_text
382,3498,1,occurs_in_speaker_text
1034,3498,23,occurs_in_speaker_text
3096,3498,1,occurs_in_speaker_text
1611,3498,10,occurs_in_speaker_text
1308,3498,1,occurs_in_speaker_text
2554,3498,1,occurs_in_speaker_text
2412,3498,3,occurs_in_speaker_text
1656,3498,2,occurs_in_speaker_text
2878,3498,3,occurs_in_speaker_text
2477,3498,5,occurs_in_speaker_text
2380,3498,1,occurs_in_speaker_text
1193,3498,1,occurs_in_speaker_text
189,3498,1,occurs_in_speaker_text
2829,3498,1,occurs_in_speaker_text
1488,3498,3,occurs_in_speaker_text
869,3498,2,occurs_in_speaker_text
621,3498,1,occurs_in_speaker_text
1051,3498,1,occurs_in_speaker_text
1876,3498,2,occurs_in_speaker_text
54,3498,1,occurs_in_speaker_text
1711,3498,1,occurs_in_speaker_text
1555,3498,1,occurs_in_speaker_text
1293,3498,1,occurs_in_speaker_text
1082,3498,1,occurs_in_speaker_text
2815,3498,1,occurs_in_speaker_text
444,3498,1,occurs_in_speaker_text
1463,3498,1,occurs_in_speaker_text
168,3498,1,occurs_in_speaker_text
1034,3499,3,occurs_in_speaker_text
1753,3499,1,occurs_in_speaker_text
667,3499,1,occurs_in_speaker_text
666,3499,1,occurs_in_speaker_text
1548,3499,6,occurs_in_speaker_text
1704,3499,1,occurs_in_speaker_text
395,3499,1,occurs_in_speaker_text
705,3499,1,occurs_in_speaker_text
1603,3499,1,occurs_in_speaker_text
1663,3500,2,occurs_in_speaker_text
1034,3500,1,occurs_in_speaker_text
1193,3500,1,occurs_in_speaker_text
985,3501,1,occurs_in_speaker_text
2393,3501,1,occurs_in_speaker_text
1193,3501,1,occurs_in_speaker_text
1034,3501,1,occurs_in_speaker_text
666,3502,5,occurs_in_speaker_text
2567,3502,1,occurs_in_speaker_text
1193,3502,2,occurs_in_speaker_text
667,3502,1,occurs_in_speaker_text
1366,3502,1,occurs_in_speaker_text
2177,3502,1,occurs_in_speaker_text
1357,3502,1,occurs_in_speaker_text
2644,3502,1,occurs_in_speaker_text
2477,3502,2,occurs_in_speaker_text
2360,3502,1,occurs_in_speaker_text
1034,3502,1,occurs_in_speaker_text
1656,3502,1,occurs_in_speaker_text
1537,3503,1,occurs_in_speaker_text
1034,3503,5,occurs_in_speaker_text
222,3503,5,occurs_in_speaker_text
232,3503,1,occurs_in_speaker_text
891,3503,1,occurs_in_speaker_text
1263,3503,2,occurs_in_speaker_text
2539,3503,5,occurs_in_speaker_text
1743,3503,1,occurs_in_speaker_text
1051,3503,1,occurs_in_speaker_text
122,3503,1,occurs_in_speaker_text
2189,3503,1,occurs_in_speaker_text
158,3503,1,occurs_in_speaker_text
2076,3503,1,occurs_in_speaker_text
2274,3503,1,occurs_in_speaker_text
1034,3504,5,occurs_in_speaker_text
2518,3504,1,occurs_in_speaker_text
1732,3504,2,occurs_in_speaker_text
2836,3504,1,occurs_in_speaker_text
2360,3504,2,occurs_in_speaker_text
780,3504,1,occurs_in_speaker_text
752,3504,2,occurs_in_speaker_text
158,3504,1,occurs_in_speaker_text
840,3504,1,occurs_in_speaker_text
1051,3504,1,occurs_in_speaker_text
666,3504,1,occurs_in_speaker_text
1238,3504,1,occurs_in_speaker_text
2193,3504,1,occurs_in_speaker_text
1988,3504,2,occurs_in_speaker_text
2477,3505,4,occurs_in_speaker_text
2328,3505,2,occurs_in_speaker_text
1051,3505,2,occurs_in_speaker_text
2302,3505,1,occurs_in_speaker_text
2878,3505,1,occurs_in_speaker_text
666,3505,1,occurs_in_speaker_text
610,3505,2,occurs_in_speaker_text
2177,3505,1,occurs_in_speaker_text
1876,3505,3,occurs_in_speaker_text
2393,3505,2,occurs_in_speaker_text
1357,3505,1,occurs_in_speaker_text
1034,3505,1,occurs_in_speaker_text
1034,3506,12,occurs_in_speaker_text
2852,3506,1,occurs_in_speaker_text
266,3506,1,occurs_in_speaker_text
222,3506,2,occurs_in_speaker_text
1665,3506,1,occurs_in_speaker_text
1193,3506,1,occurs_in_speaker_text
445,3507,1,occurs_in_speaker_text
222,3507,3,occurs_in_speaker_text
1316,3507,2,occurs_in_speaker_text
2050,3507,1,occurs_in_speaker_text
2533,3507,1,occurs_in_speaker_text
932,3507,2,occurs_in_speaker_text
2391,3507,1,occurs_in_speaker_text
891,3507,2,occurs_in_speaker_text
2360,3507,3,occurs_in_speaker_text
666,3507,1,occurs_in_speaker_text
417,3507,1,occurs_in_speaker_text
2805,3507,3,occurs_in_speaker_text
2518,3507,5,occurs_in_speaker_text
1238,3507,1,occurs_in_speaker_text
985,3507,1,occurs_in_speaker_text
175,3507,1,occurs_in_speaker_text
2602,3507,4,occurs_in_speaker_text
1193,3507,1,occurs_in_speaker_text
264,3508,2,occurs_in_speaker_text
1034,3508,5,occurs_in_speaker_text
2477,3508,3,occurs_in_speaker_text
222,3508,1,occurs_in_speaker_text
666,3508,1,occurs_in_speaker_text
2391,3508,1,occurs_in_speaker_text
2254,3508,1,occurs_in_speaker_text
2552,3509,1,occurs_in_speaker_text
1034,3509,12,occurs_in_speaker_text
856,3509,1,occurs_in_speaker_text
222,3509,16,occurs_in_speaker_text
2076,3509,2,occurs_in_speaker_text
293,3509,1,occurs_in_speaker_text
2853,3509,8,occurs_in_speaker_text
2927,3509,1,occurs_in_speaker_text
2878,3509,3,occurs_in_speaker_text
807,3509,4,occurs_in_speaker_text
1364,3509,2,occurs_in_speaker_text
491,3509,1,occurs_in_speaker_text
932,3509,1,occurs_in_speaker_text
1656,3509,1,occurs_in_speaker_text
2477,3509,1,occurs_in_speaker_text
2360,3509,2,occurs_in_speaker_text
616,3510,1,occurs_in_speaker_text
2209,3510,1,occurs_in_speaker_text
1823,3510,1,occurs_in_speaker_text
985,3510,3,occurs_in_speaker_text
1996,3510,1,occurs_in_speaker_text
1034,3510,1,occurs_in_speaker_text
932,3510,1,occurs_in_speaker_text
2637,3510,1,occurs_in_speaker_text
2254,3511,3,occurs_in_speaker_text
666,3511,12,occurs_in_speaker_text
752,3511,36,occurs_in_speaker_text
2177,3511,1,occurs_in_speaker_text
2360,3511,5,occurs_in_speaker_text
1366,3511,1,occurs_in_speaker_text
1193,3511,3,occurs_in_speaker_text
2830,3511,2,occurs_in_speaker_text
1034,3511,28,occurs_in_speaker_text
1358,3511,1,occurs_in_speaker_text
1611,3511,3,occurs_in_speaker_text
134,3511,1,occurs_in_speaker_text
586,3511,1,occurs_in_speaker_text
2348,3511,1,occurs_in_speaker_text
614,3511,1,occurs_in_speaker_text
638,3511,1,occurs_in_speaker_text
1035,3511,1,occurs_in_speaker_text
2710,3511,1,occurs_in_speaker_text
1829,3511,1,occurs_in_speaker_text
2477,3511,2,occurs_in_speaker_text
667,3511,21,occurs_in_speaker_text
2154,3511,1,occurs_in_speaker_text
865,3511,1,occurs_in_speaker_text
52,3511,3,occurs_in_speaker_text
449,3511,1,occurs_in_speaker_text
2439,3511,1,occurs_in_speaker_text
1732,3511,7,occurs_in_speaker_text
2885,3511,1,occurs_in_speaker_text
1823,3511,2,occurs_in_speaker_text
1051,3511,2,occurs_in_speaker_text
1920,3511,1,occurs_in_speaker_text
2046,3511,1,occurs_in_speaker_text
1212,3511,1,occurs_in_speaker_text
2805,3511,4,occurs_in_speaker_text
891,3511,1,occurs_in_speaker_text
2412,3511,1,occurs_in_speaker_text
1250,3511,2,occurs_in_speaker_text
932,3511,1,occurs_in_speaker_text
616,3511,2,occurs_in_speaker_text
1316,3511,2,occurs_in_speaker_text
1801,3511,1,occurs_in_speaker_text
2548,3511,1,occurs_in_speaker_text
1263,3511,1,occurs_in_speaker_text
1921,3511,3,occurs_in_speaker_text
1346,3511,1,occurs_in_speaker_text
395,3511,1,occurs_in_speaker_text
615,3511,1,occurs_in_speaker_text
2655,3511,1,occurs_in_speaker_text
346,3511,1,occurs_in_speaker_text
2391,3511,1,occurs_in_speaker_text
1243,3511,1,occurs_in_speaker_text
1876,3511,1,occurs_in_speaker_text
2108,3511,1,occurs_in_speaker_text
1051,3512,7,occurs_in_speaker_text
1034,3512,6,occurs_in_speaker_text
2380,3512,1,occurs_in_speaker_text
1104,3512,1,occurs_in_speaker_text
981,3512,1,occurs_in_speaker_text
436,3512,1,occurs_in_speaker_text
2477,3512,1,occurs_in_speaker_text
2360,3512,1,occurs_in_speaker_text
1316,3512,1,occurs_in_speaker_text
2391,3512,1,occurs_in_speaker_text
752,3512,1,occurs_in_speaker_text
1823,3512,1,occurs_in_speaker_text
2650,3512,2,occurs_in_speaker_text
1876,3512,1,occurs_in_speaker_text
1860,3512,1,occurs_in_speaker_text
1130,3512,1,occurs_in_speaker_text
1194,3512,1,occurs_in_speaker_text
1609,3512,1,occurs_in_speaker_text
2177,3512,1,occurs_in_speaker_text
666,3512,1,occurs_in_speaker_text
1587,3513,1,occurs_in_speaker_text
1273,3513,1,occurs_in_speaker_text
2955,3513,4,occurs_in_speaker_text
423,3513,2,occurs_in_speaker_text
1952,3513,3,occurs_in_speaker_text
2663,3513,1,occurs_in_speaker_text
1034,3513,4,occurs_in_speaker_text
160,3513,1,occurs_in_speaker_text
898,3513,1,occurs_in_speaker_text
2856,3513,1,occurs_in_speaker_text
457,3513,1,occurs_in_speaker_text
222,3514,23,occurs_in_speaker_text
444,3514,1,occurs_in_speaker_text
856,3514,2,occurs_in_speaker_text
2776,3514,1,occurs_in_speaker_text
1034,3514,10,occurs_in_speaker_text
117,3514,1,occurs_in_speaker_text
1366,3514,1,occurs_in_speaker_text
1988,3514,1,occurs_in_speaker_text
752,3514,1,occurs_in_speaker_text
1389,3514,1,occurs_in_speaker_text
220,3514,1,occurs_in_speaker_text
520,3514,1,occurs_in_speaker_text
1622,3514,1,occurs_in_speaker_text
1823,3514,1,occurs_in_speaker_text
978,3514,2,occurs_in_speaker_text
2095,3514,2,occurs_in_speaker_text
1641,3514,1,occurs_in_speaker_text
2346,3514,1,occurs_in_speaker_text
1193,3514,4,occurs_in_speaker_text
73,3514,1,occurs_in_speaker_text
2108,3514,1,occurs_in_speaker_text
1871,3514,1,occurs_in_speaker_text
1716,3514,1,occurs_in_speaker_text
2076,3514,1,occurs_in_speaker_text
1051,3514,2,occurs_in_speaker_text
722,3514,1,occurs_in_speaker_text
2514,3514,2,occurs_in_speaker_text
2044,3514,1,occurs_in_speaker_text
1889,3514,1,occurs_in_speaker_text
2360,3514,1,occurs_in_speaker_text
780,3514,1,occurs_in_speaker_text
1051,3515,3,occurs_in_speaker_text
1034,3515,11,occurs_in_speaker_text
2864,3515,1,occurs_in_speaker_text
1300,3515,2,occurs_in_speaker_text
1754,3515,1,occurs_in_speaker_text
2489,3515,1,occurs_in_speaker_text
1596,3515,1,occurs_in_speaker_text
666,3515,2,occurs_in_speaker_text
3004,3515,1,occurs_in_speaker_text
2360,3515,1,occurs_in_speaker_text
2765,3515,1,occurs_in_speaker_text
666,3516,1,occurs_in_speaker_text
981,3516,1,occurs_in_speaker_text
286,3516,1,occurs_in_speaker_text
3088,3517,2,occurs_in_speaker_text
856,3517,1,occurs_in_speaker_text
667,3517,4,occurs_in_speaker_text
2050,3517,2,occurs_in_speaker_text
110,3517,1,occurs_in_speaker_text
1823,3517,3,occurs_in_speaker_text
204,3517,1,occurs_in_speaker_text
722,3517,1,occurs_in_speaker_text
592,3517,1,occurs_in_speaker_text
2805,3517,3,occurs_in_speaker_text
616,3517,3,occurs_in_speaker_text
222,3517,3,occurs_in_speaker_text
1034,3517,6,occurs_in_speaker_text
2832,3517,1,occurs_in_speaker_text
2477,3517,4,occurs_in_speaker_text
1316,3517,3,occurs_in_speaker_text
2274,3517,2,occurs_in_speaker_text
3096,3517,1,occurs_in_speaker_text
1357,3517,1,occurs_in_speaker_text
1852,3517,1,occurs_in_speaker_text
2661,3517,1,occurs_in_speaker_text
227,3517,1,occurs_in_speaker_text
1728,3517,1,occurs_in_speaker_text
2177,3517,1,occurs_in_speaker_text
1250,3517,1,occurs_in_speaker_text
666,3517,6,occurs_in_speaker_text
1876,3517,1,occurs_in_speaker_text
2977,3517,2,occurs_in_speaker_text
2391,3517,1,occurs_in_speaker_text
2108,3517,4,occurs_in_speaker_text
669,3517,1,occurs_in_speaker_text
1458,3517,3,occurs_in_speaker_text
752,3517,2,occurs_in_speaker_text
3092,3517,1,occurs_in_speaker_text
1732,3517,2,occurs_in_speaker_text
981,3517,1,occurs_in_speaker_text
932,3517,1,occurs_in_speaker_text
1924,3517,1,occurs_in_speaker_text
2352,3517,1,occurs_in_speaker_text
2820,3517,1,occurs_in_speaker_text
1451,3517,1,occurs_in_speaker_text
421,3517,1,occurs_in_speaker_text
1749,3517,1,occurs_in_speaker_text
2170,3517,1,occurs_in_speaker_text
1364,3517,1,occurs_in_speaker_text
62,3517,1,occurs_in_speaker_text
2302,3517,4,occurs_in_speaker_text
1853,3517,1,occurs_in_speaker_text
666,3518,2,occurs_in_speaker_text
1034,3518,3,occurs_in_speaker_text
1548,3518,1,occurs_in_speaker_text
846,3518,2,occurs_in_speaker_text
1721,3518,1,occurs_in_speaker_text
616,3519,8,occurs_in_speaker_text
666,3519,12,occurs_in_speaker_text
2177,3519,1,occurs_in_speaker_text
1034,3519,13,occurs_in_speaker_text
1522,3519,7,occurs_in_speaker_text
2805,3519,2,occurs_in_speaker_text
1652,3519,1,occurs_in_speaker_text
1451,3519,1,occurs_in_speaker_text
2365,3519,2,occurs_in_speaker_text
941,3519,2,occurs_in_speaker_text
1074,3519,1,occurs_in_speaker_text
275,3519,2,occurs_in_speaker_text
839,3519,2,occurs_in_speaker_text
1316,3519,8,occurs_in_speaker_text
3096,3519,1,occurs_in_speaker_text
1362,3519,1,occurs_in_speaker_text
906,3519,1,occurs_in_speaker_text
1001,3519,1,occurs_in_speaker_text
1353,3519,1,occurs_in_speaker_text
1704,3519,1,occurs_in_speaker_text
569,3519,1,occurs_in_speaker_text
2305,3519,1,occurs_in_speaker_text
2604,3519,1,occurs_in_speaker_text
3081,3519,2,occurs_in_speaker_text
2263,3519,1,occurs_in_speaker_text
3033,3519,1,occurs_in_speaker_text
2360,3519,3,occurs_in_speaker_text
2539,3519,2,occurs_in_speaker_text
667,3519,2,occurs_in_speaker_text
999,3519,1,occurs_in_speaker_text
1051,3519,3,occurs_in_speaker_text
1876,3519,2,occurs_in_speaker_text
2095,3519,1,occurs_in_speaker_text
1723,3519,1,occurs_in_speaker_text
752,3519,4,occurs_in_speaker_text
1366,3519,2,occurs_in_speaker_text
2533,3519,1,occurs_in_speaker_text
1082,3519,1,occurs_in_speaker_text
1732,3519,1,occurs_in_speaker_text
2367,3519,1,occurs_in_speaker_text
1245,3519,1,occurs_in_speaker_text
2274,3519,1,occurs_in_speaker_text
1193,3519,2,occurs_in_speaker_text
2518,3519,1,occurs_in_speaker_text
1342,3519,1,occurs_in_speaker_text
2235,3519,1,occurs_in_speaker_text
1673,3519,1,occurs_in_speaker_text
2977,3519,1,occurs_in_speaker_text
1988,3519,1,occurs_in_speaker_text
183,3520,2,occurs_in_speaker_text
1051,3520,1,occurs_in_speaker_text
312,3520,1,occurs_in_speaker_text
264,3520,1,occurs_in_speaker_text
222,3520,7,occurs_in_speaker_text
1034,3520,11,occurs_in_speaker_text
1206,3520,1,occurs_in_speaker_text
1193,3520,1,occurs_in_speaker_text
2608,3520,2,occurs_in_speaker_text
3017,3520,1,occurs_in_speaker_text
445,3520,1,occurs_in_speaker_text
1547,3520,1,occurs_in_speaker_text
537,3520,2,occurs_in_speaker_text
1656,3520,2,occurs_in_speaker_text
1918,3520,1,occurs_in_speaker_text
1761,3520,1,occurs_in_speaker_text
450,3520,1,occurs_in_speaker_text
275,3520,1,occurs_in_speaker_text
1034,3521,1,occurs_in_speaker_text
1285,3522,1,occurs_in_speaker_text
2177,3522,1,occurs_in_speaker_text
2597,3522,1,occurs_in_speaker_text
2805,3522,1,occurs_in_speaker_text
1034,3523,7,occurs_in_speaker_text
891,3523,1,occurs_in_speaker_text
1823,3523,3,occurs_in_speaker_text
2109,3523,1,occurs_in_speaker_text
578,3523,1,occurs_in_speaker_text
1681,3523,1,occurs_in_speaker_text
2391,3523,1,occurs_in_speaker_text
1312,3523,1,occurs_in_speaker_text
1250,3523,2,occurs_in_speaker_text
1170,3523,2,occurs_in_speaker_text
2238,3523,1,occurs_in_speaker_text
2836,3523,1,occurs_in_speaker_text
1641,3523,1,occurs_in_speaker_text
2514,3523,2,occurs_in_speaker_text
2951,3523,1,occurs_in_speaker_text
338,3523,1,occurs_in_speaker_text
222,3523,1,occurs_in_speaker_text
266,3523,1,occurs_in_speaker_text
999,3523,1,occurs_in_speaker_text
666,3523,1,occurs_in_speaker_text
605,3523,1,occurs_in_speaker_text
1377,3523,1,occurs_in_speaker_text
2477,3523,3,occurs_in_speaker_text
815,3523,1,occurs_in_speaker_text
2930,3524,7,occurs_in_speaker_text
2412,3524,2,occurs_in_speaker_text
666,3524,11,occurs_in_speaker_text
1034,3524,5,occurs_in_speaker_text
856,3524,2,occurs_in_speaker_text
175,3524,3,occurs_in_speaker_text
2134,3524,1,occurs_in_speaker_text
667,3524,3,occurs_in_speaker_text
2606,3524,1,occurs_in_speaker_text
2274,3524,1,occurs_in_speaker_text
312,3524,4,occurs_in_speaker_text
1823,3524,1,occurs_in_speaker_text
752,3524,3,occurs_in_speaker_text
2820,3524,1,occurs_in_speaker_text
780,3524,2,occurs_in_speaker_text
2058,3524,1,occurs_in_speaker_text
932,3524,1,occurs_in_speaker_text
427,3524,1,occurs_in_speaker_text
1988,3524,1,occurs_in_speaker_text
1926,3524,3,occurs_in_speaker_text
1051,3524,4,occurs_in_speaker_text
2477,3524,1,occurs_in_speaker_text
2360,3524,1,occurs_in_speaker_text
2931,3524,1,occurs_in_speaker_text
1711,3524,1,occurs_in_speaker_text
2665,3524,1,occurs_in_speaker_text
1549,3524,1,occurs_in_speaker_text
2095,3524,1,occurs_in_speaker_text
1097,3524,1,occurs_in_speaker_text
1193,3524,2,occurs_in_speaker_text
2191,3524,1,occurs_in_speaker_text
981,3524,1,occurs_in_speaker_text
1455,3524,1,occurs_in_speaker_text
616,3524,1,occurs_in_speaker_text
2805,3524,2,occurs_in_speaker_text
1924,3524,1,occurs_in_speaker_text
808,3524,1,occurs_in_speaker_text
2209,3525,4,occurs_in_speaker_text
2360,3525,1,occurs_in_speaker_text
891,3525,2,occurs_in_speaker_text
222,3525,5,occurs_in_speaker_text
666,3525,3,occurs_in_speaker_text
2134,3525,1,occurs_in_speaker_text
1194,3525,2,occurs_in_speaker_text
2790,3525,2,occurs_in_speaker_text
488,3525,1,occurs_in_speaker_text
158,3525,1,occurs_in_speaker_text
940,3525,3,occurs_in_speaker_text
1051,3525,7,occurs_in_speaker_text
1673,3525,6,occurs_in_speaker_text
1354,3525,1,occurs_in_speaker_text
2539,3525,1,occurs_in_speaker_text
1051,3526,1,occurs_in_speaker_text
1034,3526,9,occurs_in_speaker_text
1260,3526,1,occurs_in_speaker_text
2282,3526,1,occurs_in_speaker_text
2391,3526,1,occurs_in_speaker_text
2017,3526,1,occurs_in_speaker_text
73,3526,1,occurs_in_speaker_text
2360,3526,2,occurs_in_speaker_text
803,3526,1,occurs_in_speaker_text
2228,3526,2,occurs_in_speaker_text
1263,3526,1,occurs_in_speaker_text
1611,3526,1,occurs_in_speaker_text
1250,3526,1,occurs_in_speaker_text
666,3526,1,occurs_in_speaker_text
949,3526,1,occurs_in_speaker_text
666,3527,2,occurs_in_speaker_text
1051,3527,1,occurs_in_speaker_text
1194,3528,1,occurs_in_speaker_text
222,3528,2,occurs_in_speaker_text
1034,3528,5,occurs_in_speaker_text
1646,3528,2,occurs_in_speaker_text
2477,3528,16,occurs_in_speaker_text
444,3528,1,occurs_in_speaker_text
1133,3528,3,occurs_in_speaker_text
1181,3528,2,occurs_in_speaker_text
1611,3528,3,occurs_in_speaker_text
666,3528,11,occurs_in_speaker_text
1148,3528,1,occurs_in_speaker_text
1721,3528,1,occurs_in_speaker_text
891,3528,3,occurs_in_speaker_text
2360,3528,3,occurs_in_speaker_text
1581,3528,1,occurs_in_speaker_text
1673,3528,1,occurs_in_speaker_text
1263,3528,1,occurs_in_speaker_text
752,3528,2,occurs_in_speaker_text
1051,3528,6,occurs_in_speaker_text
2878,3528,1,occurs_in_speaker_text
312,3528,1,occurs_in_speaker_text
932,3528,1,occurs_in_speaker_text
2134,3528,1,occurs_in_speaker_text
1704,3528,1,occurs_in_speaker_text
1152,3528,2,occurs_in_speaker_text
2380,3528,1,occurs_in_speaker_text
1210,3528,1,occurs_in_speaker_text
722,3528,3,occurs_in_speaker_text
681,3528,1,occurs_in_speaker_text
1193,3528,1,occurs_in_speaker_text
1876,3528,1,occurs_in_speaker_text
1122,3528,1,occurs_in_speaker_text
2095,3528,1,occurs_in_speaker_text
2518,3528,1,occurs_in_speaker_text
1662,3528,1,occurs_in_speaker_text
2805,3528,1,occurs_in_speaker_text
2360,3529,1,occurs_in_speaker_text
158,3529,1,occurs_in_speaker_text
2781,3529,1,occurs_in_speaker_text
1034,3529,1,occurs_in_speaker_text
666,3530,1,occurs_in_speaker_text
752,3530,1,occurs_in_speaker_text
2177,3530,1,occurs_in_speaker_text
1268,3530,1,occurs_in_speaker_text
1051,3530,2,occurs_in_speaker_text
2095,3530,1,occurs_in_speaker_text
856,3530,1,occurs_in_speaker_text
2360,3530,1,occurs_in_speaker_text
666,3531,3,occurs_in_speaker_text
1034,3531,9,occurs_in_speaker_text
1193,3531,2,occurs_in_speaker_text
1611,3531,1,occurs_in_speaker_text
2393,3531,1,occurs_in_speaker_text
2796,3531,1,occurs_in_speaker_text
1637,3531,1,occurs_in_speaker_text
2961,3531,1,occurs_in_speaker_text
2805,3531,1,occurs_in_speaker_text
716,3531,1,occurs_in_speaker_text
2391,3531,1,occurs_in_speaker_text
1194,3531,2,occurs_in_speaker_text
2477,3531,3,occurs_in_speaker_text
312,3531,1,occurs_in_speaker_text
2193,3531,1,occurs_in_speaker_text
417,3531,1,occurs_in_speaker_text
981,3531,1,occurs_in_speaker_text
752,3531,2,occurs_in_speaker_text
509,3531,1,occurs_in_speaker_text
667,3531,1,occurs_in_speaker_text
2093,3531,1,occurs_in_speaker_text
2945,3531,1,occurs_in_speaker_text
1748,3532,1,occurs_in_speaker_text
445,3532,1,occurs_in_speaker_text
2129,3532,1,occurs_in_speaker_text
1003,3532,1,occurs_in_speaker_text
1034,3532,13,occurs_in_speaker_text
1412,3532,1,occurs_in_speaker_text
2263,3532,3,occurs_in_speaker_text
666,3532,5,occurs_in_speaker_text
2360,3532,4,occurs_in_speaker_text
2546,3532,1,occurs_in_speaker_text
222,3532,3,occurs_in_speaker_text
2034,3532,1,occurs_in_speaker_text
3052,3532,1,occurs_in_speaker_text
2781,3532,1,occurs_in_speaker_text
1721,3532,1,occurs_in_speaker_text
2477,3532,1,occurs_in_speaker_text
1263,3532,1,occurs_in_speaker_text
677,3532,1,occurs_in_speaker_text
1876,3532,1,occurs_in_speaker_text
1250,3532,1,occurs_in_speaker_text
474,3532,1,occurs_in_speaker_text
2790,3532,1,occurs_in_speaker_text
3096,3532,1,occurs_in_speaker_text
1034,3533,13,occurs_in_speaker_text
2539,3533,1,occurs_in_speaker_text
933,3533,1,occurs_in_speaker_text
2871,3533,1,occurs_in_speaker_text
666,3533,1,occurs_in_speaker_text
222,3534,7,occurs_in_speaker_text
1034,3534,1,occurs_in_speaker_text
2177,3534,2,occurs_in_speaker_text
1263,3534,1,occurs_in_speaker_text
2263,3534,1,occurs_in_speaker_text
666,3534,1,occurs_in_speaker_text
1034,3535,4,occurs_in_speaker_text
2108,3535,1,occurs_in_speaker_text
312,3535,1,occurs_in_speaker_text
1194,3535,1,occurs_in_speaker_text
666,3535,1,occurs_in_speaker_text
1034,3536,14,occurs_in_speaker_text
2477,3536,4,occurs_in_speaker_text
2435,3536,1,occurs_in_speaker_text
2102,3536,1,occurs_in_speaker_text
1019,3536,1,occurs_in_speaker_text
666,3536,8,occurs_in_speaker_text
232,3536,1,occurs_in_speaker_text
2360,3536,9,occurs_in_speaker_text
1876,3536,2,occurs_in_speaker_text
2741,3536,1,occurs_in_speaker_text
396,3536,1,occurs_in_speaker_text
435,3536,6,occurs_in_speaker_text
2878,3536,1,occurs_in_speaker_text
2675,3536,1,occurs_in_speaker_text
1316,3536,1,occurs_in_speaker_text
2526,3536,1,occurs_in_speaker_text
1051,3536,2,occurs_in_speaker_text
2391,3536,1,occurs_in_speaker_text
2492,3536,1,occurs_in_speaker_text
2380,3536,2,occurs_in_speaker_text
107,3536,1,occurs_in_speaker_text
1353,3536,1,occurs_in_speaker_text
604,3536,1,occurs_in_speaker_text
1674,3536,1,occurs_in_speaker_text
2805,3536,1,occurs_in_speaker_text
1238,3536,1,occurs_in_speaker_text
2209,3536,1,occurs_in_speaker_text
2518,3536,1,occurs_in_speaker_text
1823,3537,1,occurs_in_speaker_text
752,3537,5,occurs_in_speaker_text
666,3537,5,occurs_in_speaker_text
2391,3537,3,occurs_in_speaker_text
1250,3537,1,occurs_in_speaker_text
3055,3537,1,occurs_in_speaker_text
1034,3537,13,occurs_in_speaker_text
2095,3537,1,occurs_in_speaker_text
2360,3537,2,occurs_in_speaker_text
3096,3537,1,occurs_in_speaker_text
1732,3537,1,occurs_in_speaker_text
1757,3537,1,occurs_in_speaker_text
2655,3537,3,occurs_in_speaker_text
856,3537,1,occurs_in_speaker_text
1255,3537,1,occurs_in_speaker_text
1656,3537,1,occurs_in_speaker_text
2604,3537,1,occurs_in_speaker_text
2360,3538,1,occurs_in_speaker_text
2090,3538,1,occurs_in_speaker_text
444,3538,1,occurs_in_speaker_text
1801,3538,1,occurs_in_speaker_text
46,3538,1,occurs_in_speaker_text
752,3538,4,occurs_in_speaker_text
2412,3538,1,occurs_in_speaker_text
1650,3538,1,occurs_in_speaker_text
1034,3538,3,occurs_in_speaker_text
1121,3538,1,occurs_in_speaker_text
932,3538,1,occurs_in_speaker_text
222,3538,4,occurs_in_speaker_text
1708,3538,1,occurs_in_speaker_text
2260,3538,1,occurs_in_speaker_text
1260,3539,1,occurs_in_speaker_text
1051,3539,6,occurs_in_speaker_text
2883,3539,1,occurs_in_speaker_text
222,3539,10,occurs_in_speaker_text
1280,3539,1,occurs_in_speaker_text
253,3539,1,occurs_in_speaker_text
780,3539,2,occurs_in_speaker_text
14,3539,1,occurs_in_speaker_text
2360,3539,2,occurs_in_speaker_text
1474,3539,1,occurs_in_speaker_text
2509,3539,1,occurs_in_speaker_text
2716,3539,1,occurs_in_speaker_text
1704,3539,1,occurs_in_speaker_text
2297,3539,1,occurs_in_speaker_text
1212,3539,2,occurs_in_speaker_text
1823,3539,2,occurs_in_speaker_text
2633,3539,2,occurs_in_speaker_text
2107,3539,1,occurs_in_speaker_text
2805,3539,7,occurs_in_speaker_text
1598,3539,1,occurs_in_speaker_text
1997,3539,1,occurs_in_speaker_text
1124,3539,1,occurs_in_speaker_text
444,3539,2,occurs_in_speaker_text
1521,3539,1,occurs_in_speaker_text
320,3539,1,occurs_in_speaker_text
1801,3539,2,occurs_in_speaker_text
1480,3539,1,occurs_in_speaker_text
932,3539,1,occurs_in_speaker_text
468,3539,1,occurs_in_speaker_text
1193,3539,1,occurs_in_speaker_text
555,3539,1,occurs_in_speaker_text
722,3539,1,occurs_in_speaker_text
1133,3539,1,occurs_in_speaker_text
1250,3539,1,occurs_in_speaker_text
168,3539,1,occurs_in_speaker_text
2840,3539,1,occurs_in_speaker_text
2217,3539,1,occurs_in_speaker_text
2477,3539,1,occurs_in_speaker_text
2228,3539,1,occurs_in_speaker_text
856,3539,1,occurs_in_speaker_text
213,3539,1,occurs_in_speaker_text
251,3540,1,occurs_in_speaker_text
1034,3540,20,occurs_in_speaker_text
1801,3540,1,occurs_in_speaker_text
666,3540,3,occurs_in_speaker_text
300,3540,1,occurs_in_speaker_text
1280,3540,1,occurs_in_speaker_text
62,3541,2,occurs_in_speaker_text
666,3541,13,occurs_in_speaker_text
1034,3541,5,occurs_in_speaker_text
2209,3541,1,occurs_in_speaker_text
2477,3541,7,occurs_in_speaker_text
1051,3541,2,occurs_in_speaker_text
2633,3541,3,occurs_in_speaker_text
2495,3541,4,occurs_in_speaker_text
2530,3541,1,occurs_in_speaker_text
222,3541,3,occurs_in_speaker_text
92,3541,1,occurs_in_speaker_text
2514,3541,1,occurs_in_speaker_text
891,3541,5,occurs_in_speaker_text
1339,3541,1,occurs_in_speaker_text
999,3541,4,occurs_in_speaker_text
1521,3541,1,occurs_in_speaker_text
1823,3541,5,occurs_in_speaker_text
1611,3541,1,occurs_in_speaker_text
1576,3541,1,occurs_in_speaker_text
1152,3541,1,occurs_in_speaker_text
2095,3541,8,occurs_in_speaker_text
1732,3541,1,occurs_in_speaker_text
894,3541,3,occurs_in_speaker_text
122,3541,1,occurs_in_speaker_text
232,3541,1,occurs_in_speaker_text
949,3541,1,occurs_in_speaker_text
1034,3542,3,occurs_in_speaker_text
667,3542,1,occurs_in_speaker_text
752,3542,1,occurs_in_speaker_text
175,3542,1,occurs_in_speaker_text
1250,3543,14,occurs_in_speaker_text
666,3543,42,occurs_in_speaker_text
1034,3543,22,occurs_in_speaker_text
3030,3543,1,occurs_in_speaker_text
1193,3543,8,occurs_in_speaker_text
406,3543,1,occurs_in_speaker_text
752,3543,4,occurs_in_speaker_text
616,3543,6,occurs_in_speaker_text
1051,3543,3,occurs_in_speaker_text
1280,3543,1,occurs_in_speaker_text
1611,3543,3,occurs_in_speaker_text
1651,3543,1,occurs_in_speaker_text
3095,3543,1,occurs_in_speaker_text
2746,3543,1,occurs_in_speaker_text
2228,3543,1,occurs_in_speaker_text
1801,3543,1,occurs_in_speaker_text
409,3543,1,occurs_in_speaker_text
719,3543,1,occurs_in_speaker_text
160,3543,1,occurs_in_speaker_text
2977,3543,1,occurs_in_speaker_text
2477,3543,2,occurs_in_speaker_text
1876,3543,1,occurs_in_speaker_text
2568,3543,1,occurs_in_speaker_text
2621,3543,1,occurs_in_speaker_text
2633,3543,1,occurs_in_speaker_text
1877,3543,1,occurs_in_speaker_text
2095,3543,1,occurs_in_speaker_text
2126,3543,1,occurs_in_speaker_text
285,3543,1,occurs_in_speaker_text
1517,3543,1,occurs_in_speaker_text
2223,3543,2,occurs_in_speaker_text
2412,3543,1,occurs_in_speaker_text
2878,3543,1,occurs_in_speaker_text
846,3543,1,occurs_in_speaker_text
1053,3543,1,occurs_in_speaker_text
1228,3544,1,occurs_in_speaker_text
222,3544,12,occurs_in_speaker_text
2263,3544,12,occurs_in_speaker_text
1034,3544,24,occurs_in_speaker_text
2134,3544,11,occurs_in_speaker_text
2360,3544,1,occurs_in_speaker_text
1704,3544,1,occurs_in_speaker_text
2095,3544,5,occurs_in_speaker_text
1020,3544,2,occurs_in_speaker_text
20,3544,1,occurs_in_speaker_text
677,3544,1,occurs_in_speaker_text
2790,3544,1,occurs_in_speaker_text
780,3544,1,occurs_in_speaker_text
1366,3544,4,occurs_in_speaker_text
1929,3544,2,occurs_in_speaker_text
312,3544,2,occurs_in_speaker_text
891,3544,2,occurs_in_speaker_text
2391,3544,1,occurs_in_speaker_text
616,3544,2,occurs_in_speaker_text
382,3544,1,occurs_in_speaker_text
2878,3544,1,occurs_in_speaker_text
2477,3544,1,occurs_in_speaker_text
1357,3544,1,occurs_in_speaker_text
2554,3544,1,occurs_in_speaker_text
411,3544,4,occurs_in_speaker_text
752,3544,22,occurs_in_speaker_text
2193,3544,1,occurs_in_speaker_text
417,3544,13,occurs_in_speaker_text
666,3544,5,occurs_in_speaker_text
2412,3544,12,occurs_in_speaker_text
805,3544,1,occurs_in_speaker_text
1823,3544,11,occurs_in_speaker_text
1250,3544,3,occurs_in_speaker_text
2162,3544,1,occurs_in_speaker_text
1478,3544,1,occurs_in_speaker_text
409,3544,1,occurs_in_speaker_text
1988,3544,1,occurs_in_speaker_text
1263,3544,1,occurs_in_speaker_text
1193,3544,1,occurs_in_speaker_text
1194,3544,1,occurs_in_speaker_text
245,3544,1,occurs_in_speaker_text
2805,3544,1,occurs_in_speaker_text
1051,3544,1,occurs_in_speaker_text
752,3545,6,occurs_in_speaker_text
1930,3545,1,occurs_in_speaker_text
173,3545,1,occurs_in_speaker_text
222,3545,16,occurs_in_speaker_text
714,3545,1,occurs_in_speaker_text
2250,3545,1,occurs_in_speaker_text
438,3545,1,occurs_in_speaker_text
2274,3545,2,occurs_in_speaker_text
156,3545,1,occurs_in_speaker_text
1028,3545,1,occurs_in_speaker_text
1250,3545,2,occurs_in_speaker_text
1362,3545,1,occurs_in_speaker_text
469,3545,1,occurs_in_speaker_text
616,3545,1,occurs_in_speaker_text
1489,3545,1,occurs_in_speaker_text
342,3545,1,occurs_in_speaker_text
1366,3545,2,occurs_in_speaker_text
2583,3545,1,occurs_in_speaker_text
213,3545,1,occurs_in_speaker_text
306,3545,1,occurs_in_speaker_text
1439,3545,1,occurs_in_speaker_text
2251,3545,1,occurs_in_speaker_text
2263,3545,2,occurs_in_speaker_text
1034,3545,4,occurs_in_speaker_text
985,3545,1,occurs_in_speaker_text
2034,3545,5,occurs_in_speaker_text
2359,3545,1,occurs_in_speaker_text
467,3545,1,occurs_in_speaker_text
1823,3545,1,occurs_in_speaker_text
718,3545,1,occurs_in_speaker_text
981,3545,1,occurs_in_speaker_text
2412,3545,1,occurs_in_speaker_text
1051,3545,1,occurs_in_speaker_text
1890,3545,1,occurs_in_speaker_text
666,3545,2,occurs_in_speaker_text
1611,3545,2,occurs_in_speaker_text
2633,3545,3,occurs_in_speaker_text
2792,3545,1,occurs_in_speaker_text
1779,3545,1,occurs_in_speaker_text
2167,3545,1,occurs_in_speaker_text
996,3545,1,occurs_in_speaker_text
407,3545,1,occurs_in_speaker_text
2358,3545,1,occurs_in_speaker_text
2076,3545,2,occurs_in_speaker_text
2477,3545,1,occurs_in_speaker_text
14,3546,2,occurs_in_speaker_text
1176,3546,1,occurs_in_speaker_text
1260,3546,1,occurs_in_speaker_text
2360,3546,7,occurs_in_speaker_text
722,3546,2,occurs_in_speaker_text
444,3546,3,occurs_in_speaker_text
666,3546,18,occurs_in_speaker_text
582,3546,2,occurs_in_speaker_text
667,3546,1,occurs_in_speaker_text
2553,3546,1,occurs_in_speaker_text
3022,3546,5,occurs_in_speaker_text
1051,3546,10,occurs_in_speaker_text
2180,3546,1,occurs_in_speaker_text
85,3546,1,occurs_in_speaker_text
2391,3546,2,occurs_in_speaker_text
1193,3546,7,occurs_in_speaker_text
789,3546,1,occurs_in_speaker_text
1194,3546,1,occurs_in_speaker_text
812,3546,1,occurs_in_speaker_text
2108,3546,4,occurs_in_speaker_text
2506,3546,1,occurs_in_speaker_text
1034,3546,10,occurs_in_speaker_text
464,3546,1,occurs_in_speaker_text
2393,3546,1,occurs_in_speaker_text
752,3546,5,occurs_in_speaker_text
1611,3546,2,occurs_in_speaker_text
1951,3546,1,occurs_in_speaker_text
1480,3546,1,occurs_in_speaker_text
1366,3546,2,occurs_in_speaker_text
2095,3546,1,occurs_in_speaker_text
1732,3546,1,occurs_in_speaker_text
308,3546,2,occurs_in_speaker_text
2879,3546,1,occurs_in_speaker_text
2050,3546,1,occurs_in_speaker_text
167,3546,1,occurs_in_speaker_text
1481,3546,1,occurs_in_speaker_text
856,3546,2,occurs_in_speaker_text
1427,3546,1,occurs_in_speaker_text
2294,3546,1,occurs_in_speaker_text
780,3546,2,occurs_in_speaker_text
697,3546,1,occurs_in_speaker_text
891,3546,2,occurs_in_speaker_text
2518,3546,1,occurs_in_speaker_text
2565,3546,1,occurs_in_speaker_text
1127,3546,1,occurs_in_speaker_text
681,3546,1,occurs_in_speaker_text
2477,3546,2,occurs_in_speaker_text
2554,3546,1,occurs_in_speaker_text
1152,3546,1,occurs_in_speaker_text
2517,3546,1,occurs_in_speaker_text
999,3546,1,occurs_in_speaker_text
2555,3547,1,occurs_in_speaker_text
222,3547,2,occurs_in_speaker_text
515,3547,1,occurs_in_speaker_text
1162,3548,1,occurs_in_speaker_text
666,3548,4,occurs_in_speaker_text
1698,3548,1,occurs_in_speaker_text
856,3548,3,occurs_in_speaker_text
1034,3548,11,occurs_in_speaker_text
616,3548,1,occurs_in_speaker_text
752,3548,4,occurs_in_speaker_text
2250,3548,1,occurs_in_speaker_text
1611,3548,1,occurs_in_speaker_text
2477,3548,7,occurs_in_speaker_text
1366,3548,2,occurs_in_speaker_text
701,3548,1,occurs_in_speaker_text
1458,3548,1,occurs_in_speaker_text
891,3548,1,occurs_in_speaker_text
1051,3548,3,occurs_in_speaker_text
120,3548,1,occurs_in_speaker_text
1732,3548,1,occurs_in_speaker_text
2805,3548,7,occurs_in_speaker_text
1656,3548,4,occurs_in_speaker_text
2644,3548,2,occurs_in_speaker_text
1876,3548,9,occurs_in_speaker_text
638,3548,1,occurs_in_speaker_text
2360,3548,2,occurs_in_speaker_text
2177,3548,1,occurs_in_speaker_text
681,3548,1,occurs_in_speaker_text
9,3548,1,occurs_in_speaker_text
1823,3548,1,occurs_in_speaker_text
2095,3548,1,occurs_in_speaker_text
2562,3548,1,occurs_in_speaker_text
1501,3548,1,occurs_in_speaker_text
722,3548,5,occurs_in_speaker_text
220,3548,1,occurs_in_speaker_text
2004,3548,1,occurs_in_speaker_text
3,3548,1,occurs_in_speaker_text
1280,3548,1,occurs_in_speaker_text
1238,3548,1,occurs_in_speaker_text
2539,3548,1,occurs_in_speaker_text
999,3548,1,occurs_in_speaker_text
1034,3549,2,occurs_in_speaker_text
1611,3549,1,occurs_in_speaker_text
2518,3549,1,occurs_in_speaker_text
752,3549,1,occurs_in_speaker_text
222,3549,9,occurs_in_speaker_text
1194,3549,1,occurs_in_speaker_text
190,3549,1,occurs_in_speaker_text
1721,3549,1,occurs_in_speaker_text
2148,3549,5,occurs_in_speaker_text
1233,3550,3,occurs_in_speaker_text
1017,3550,1,occurs_in_speaker_text
752,3550,1,occurs_in_speaker_text
1034,3550,3,occurs_in_speaker_text
864,3550,1,occurs_in_speaker_text
1823,3550,2,occurs_in_speaker_text
2146,3550,1,occurs_in_speaker_text
1710,3550,4,occurs_in_speaker_text
2360,3550,1,occurs_in_speaker_text
666,3550,1,occurs_in_speaker_text
368,3550,3,occurs_in_speaker_text
2208,3550,1,occurs_in_speaker_text
1193,3551,1,occurs_in_speaker_text
2788,3551,1,occurs_in_speaker_text
1034,3551,1,occurs_in_speaker_text
642,3551,2,occurs_in_speaker_text
2477,3552,4,occurs_in_speaker_text
2490,3552,1,occurs_in_speaker_text
2346,3552,8,occurs_in_speaker_text
881,3552,1,occurs_in_speaker_text
1823,3552,1,occurs_in_speaker_text
2557,3552,3,occurs_in_speaker_text
1034,3552,2,occurs_in_speaker_text
906,3552,1,occurs_in_speaker_text
2005,3552,1,occurs_in_speaker_text
1193,3552,1,occurs_in_speaker_text
1357,3552,1,occurs_in_speaker_text
2391,3552,1,occurs_in_speaker_text
1662,3553,1,occurs_in_speaker_text
1795,3553,1,occurs_in_speaker_text
752,3554,2,occurs_in_speaker_text
1034,3554,4,occurs_in_speaker_text
780,3554,2,occurs_in_speaker_text
2391,3554,3,occurs_in_speaker_text
2876,3554,1,occurs_in_speaker_text
3096,3554,2,occurs_in_speaker_text
2019,3554,1,occurs_in_speaker_text
977,3554,1,occurs_in_speaker_text
1866,3554,1,occurs_in_speaker_text
884,3554,1,occurs_in_speaker_text
2878,3554,1,occurs_in_speaker_text
1611,3554,1,occurs_in_speaker_text
666,3555,2,occurs_in_speaker_text
495,3555,1,occurs_in_speaker_text
2996,3555,1,occurs_in_speaker_text
160,3555,1,occurs_in_speaker_text
2476,3556,2,occurs_in_speaker_text
1841,3556,1,occurs_in_speaker_text
2805,3556,5,occurs_in_speaker_text
1231,3556,2,occurs_in_speaker_text
666,3556,13,occurs_in_speaker_text
1034,3556,7,occurs_in_speaker_text
2477,3556,2,occurs_in_speaker_text
254,3556,1,occurs_in_speaker_text
616,3556,1,occurs_in_speaker_text
2518,3556,2,occurs_in_speaker_text
1823,3556,1,occurs_in_speaker_text
2095,3556,3,occurs_in_speaker_text
1357,3556,1,occurs_in_speaker_text
52,3556,1,occurs_in_speaker_text
1194,3556,1,occurs_in_speaker_text
326,3556,1,occurs_in_speaker_text
238,3556,1,occurs_in_speaker_text
318,3556,1,occurs_in_speaker_text
1263,3556,1,occurs_in_speaker_text
1801,3556,1,occurs_in_speaker_text
722,3556,1,occurs_in_speaker_text
1266,3556,1,occurs_in_speaker_text
1257,3556,1,occurs_in_speaker_text
1732,3556,1,occurs_in_speaker_text
2560,3556,1,occurs_in_speaker_text
1611,3556,1,occurs_in_speaker_text
891,3556,1,occurs_in_speaker_text
1051,3556,2,occurs_in_speaker_text
2058,3556,1,occurs_in_speaker_text
241,3556,1,occurs_in_speaker_text
752,3556,1,occurs_in_speaker_text
541,3556,1,occurs_in_speaker_text
2160,3556,1,occurs_in_speaker_text
1250,3556,1,occurs_in_speaker_text
2693,3556,1,occurs_in_speaker_text
1338,3556,1,occurs_in_speaker_text
61,3556,1,occurs_in_speaker_text
880,3556,1,occurs_in_speaker_text
1926,3556,1,occurs_in_speaker_text
2967,3556,1,occurs_in_speaker_text
122,3556,1,occurs_in_speaker_text
2360,3557,1,occurs_in_speaker_text
2095,3557,1,occurs_in_speaker_text
2177,3557,1,occurs_in_speaker_text
2354,3557,1,occurs_in_speaker_text
1034,3557,5,occurs_in_speaker_text
300,3557,2,occurs_in_speaker_text
666,3557,1,occurs_in_speaker_text
266,3557,1,occurs_in_speaker_text
1193,3558,1,occurs_in_speaker_text
1611,3558,2,occurs_in_speaker_text
1823,3558,1,occurs_in_speaker_text
226,3558,1,occurs_in_speaker_text
1051,3558,1,occurs_in_speaker_text
1034,3558,19,occurs_in_speaker_text
2813,3558,1,occurs_in_speaker_text
2686,3558,1,occurs_in_speaker_text
666,3558,4,occurs_in_speaker_text
891,3558,1,occurs_in_speaker_text
2076,3558,3,occurs_in_speaker_text
1003,3558,3,occurs_in_speaker_text
222,3558,3,occurs_in_speaker_text
537,3558,1,occurs_in_speaker_text
2604,3558,1,occurs_in_speaker_text
1034,3559,14,occurs_in_speaker_text
1522,3559,15,occurs_in_speaker_text
2027,3559,2,occurs_in_speaker_text
1331,3559,5,occurs_in_speaker_text
2655,3559,1,occurs_in_speaker_text
1745,3559,1,occurs_in_speaker_text
1079,3559,1,occurs_in_speaker_text
666,3559,4,occurs_in_speaker_text
752,3559,3,occurs_in_speaker_text
616,3559,1,occurs_in_speaker_text
183,3559,2,occurs_in_speaker_text
1260,3559,1,occurs_in_speaker_text
1051,3559,2,occurs_in_speaker_text
1193,3559,3,occurs_in_speaker_text
2477,3559,3,occurs_in_speaker_text
382,3559,1,occurs_in_speaker_text
1732,3559,1,occurs_in_speaker_text
2360,3559,2,occurs_in_speaker_text
2254,3559,2,occurs_in_speaker_text
1238,3559,1,occurs_in_speaker_text
1920,3559,1,occurs_in_speaker_text
1250,3559,1,occurs_in_speaker_text
312,3559,2,occurs_in_speaker_text
1988,3559,1,occurs_in_speaker_text
444,3559,1,occurs_in_speaker_text
1353,3559,1,occurs_in_speaker_text
3096,3559,1,occurs_in_speaker_text
2274,3559,1,occurs_in_speaker_text
478,3559,1,occurs_in_speaker_text
1998,3559,2,occurs_in_speaker_text
424,3559,1,occurs_in_speaker_text
2016,3560,1,occurs_in_speaker_text
444,3560,3,occurs_in_speaker_text
2518,3560,2,occurs_in_speaker_text
2762,3560,3,occurs_in_speaker_text
626,3560,1,occurs_in_speaker_text
2234,3560,1,occurs_in_speaker_text
856,3560,1,occurs_in_speaker_text
780,3560,1,occurs_in_speaker_text
891,3560,2,occurs_in_speaker_text
1250,3560,1,occurs_in_speaker_text
1034,3560,1,occurs_in_speaker_text
1263,3560,1,occurs_in_speaker_text
222,3561,2,occurs_in_speaker_text
2571,3561,1,occurs_in_speaker_text
2156,3561,2,occurs_in_speaker_text
666,3561,2,occurs_in_speaker_text
1296,3561,2,occurs_in_speaker_text
2360,3561,1,occurs_in_speaker_text
1034,3561,2,occurs_in_speaker_text
1051,3561,1,occurs_in_speaker_text
1611,3561,1,occurs_in_speaker_text
1366,3562,3,occurs_in_speaker_text
856,3562,2,occurs_in_speaker_text
2604,3562,5,occurs_in_speaker_text
525,3562,1,occurs_in_speaker_text
666,3562,6,occurs_in_speaker_text
2518,3562,2,occurs_in_speaker_text
136,3562,3,occurs_in_speaker_text
2360,3562,4,occurs_in_speaker_text
2108,3562,1,occurs_in_speaker_text
444,3562,1,occurs_in_speaker_text
1110,3562,1,occurs_in_speaker_text
1416,3562,1,occurs_in_speaker_text
667,3562,4,occurs_in_speaker_text
977,3562,1,occurs_in_speaker_text
16,3562,1,occurs_in_speaker_text
1266,3562,3,occurs_in_speaker_text
1313,3562,1,occurs_in_speaker_text
752,3562,2,occurs_in_speaker_text
2477,3562,2,occurs_in_speaker_text
222,3562,2,occurs_in_speaker_text
1876,3562,1,occurs_in_speaker_text
1193,3562,2,occurs_in_speaker_text
1476,3562,1,occurs_in_speaker_text
860,3562,1,occurs_in_speaker_text
395,3562,1,occurs_in_speaker_text
445,3562,1,occurs_in_speaker_text
1034,3562,1,occurs_in_speaker_text
1250,3562,1,occurs_in_speaker_text
891,3562,1,occurs_in_speaker_text
1277,3562,1,occurs_in_speaker_text
1840,3562,1,occurs_in_speaker_text
10,3562,1,occurs_in_speaker_text
1311,3562,1,occurs_in_speaker_text
2655,3563,1,occurs_in_speaker_text
1034,3563,29,occurs_in_speaker_text
14,3563,3,occurs_in_speaker_text
752,3563,11,occurs_in_speaker_text
1611,3563,3,occurs_in_speaker_text
666,3563,9,occurs_in_speaker_text
913,3563,1,occurs_in_speaker_text
1194,3563,2,occurs_in_speaker_text
932,3563,1,occurs_in_speaker_text
2477,3563,6,occurs_in_speaker_text
1823,3563,1,occurs_in_speaker_text
1732,3563,3,occurs_in_speaker_text
2095,3563,3,occurs_in_speaker_text
2518,3563,3,occurs_in_speaker_text
1871,3563,1,occurs_in_speaker_text
2360,3563,9,occurs_in_speaker_text
856,3563,1,occurs_in_speaker_text
2955,3563,1,occurs_in_speaker_text
2108,3563,3,occurs_in_speaker_text
222,3563,5,occurs_in_speaker_text
1051,3563,6,occurs_in_speaker_text
1480,3563,1,occurs_in_speaker_text
444,3563,3,occurs_in_speaker_text
3055,3563,1,occurs_in_speaker_text
168,3563,1,occurs_in_speaker_text
2382,3563,1,occurs_in_speaker_text
2698,3563,1,occurs_in_speaker_text
1829,3563,1,occurs_in_speaker_text
1250,3563,3,occurs_in_speaker_text
667,3563,1,occurs_in_speaker_text
2058,3563,1,occurs_in_speaker_text
2050,3563,2,occurs_in_speaker_text
2533,3563,2,occurs_in_speaker_text
2805,3563,2,occurs_in_speaker_text
616,3563,1,occurs_in_speaker_text
722,3563,3,occurs_in_speaker_text
122,3563,1,occurs_in_speaker_text
1193,3563,4,occurs_in_speaker_text
1359,3563,4,occurs_in_speaker_text
1913,3563,1,occurs_in_speaker_text
445,3563,2,occurs_in_speaker_text
1673,3563,1,occurs_in_speaker_text
1260,3563,1,occurs_in_speaker_text
1656,3563,1,occurs_in_speaker_text
1852,3563,1,occurs_in_speaker_text
400,3563,1,occurs_in_speaker_text
1876,3563,1,occurs_in_speaker_text
1266,3563,3,occurs_in_speaker_text
1983,3563,1,occurs_in_speaker_text
1973,3563,1,occurs_in_speaker_text
553,3563,1,occurs_in_speaker_text
2999,3563,1,occurs_in_speaker_text
1461,3563,1,occurs_in_speaker_text
2669,3563,1,occurs_in_speaker_text
2878,3563,1,occurs_in_speaker_text
310,3563,1,occurs_in_speaker_text
1801,3563,3,occurs_in_speaker_text
2254,3563,1,occurs_in_speaker_text
2977,3563,1,occurs_in_speaker_text
536,3563,1,occurs_in_speaker_text
386,3563,1,occurs_in_speaker_text
2869,3563,1,occurs_in_speaker_text
1501,3563,1,occurs_in_speaker_text
3066,3563,1,occurs_in_speaker_text
738,3563,1,occurs_in_speaker_text
58,3563,1,occurs_in_speaker_text
1870,3563,1,occurs_in_speaker_text
2134,3563,1,occurs_in_speaker_text
2360,3564,56,occurs_in_speaker_text
2539,3564,1,occurs_in_speaker_text
1051,3564,2,occurs_in_speaker_text
2254,3564,2,occurs_in_speaker_text
2134,3564,1,occurs_in_speaker_text
664,3564,1,occurs_in_speaker_text
891,3564,1,occurs_in_speaker_text
79,3564,1,occurs_in_speaker_text
1034,3564,5,occurs_in_speaker_text
222,3564,1,occurs_in_speaker_text
466,3564,1,occurs_in_speaker_text
666,3564,1,occurs_in_speaker_text
313,3564,1,occurs_in_speaker_text
398,3564,1,occurs_in_speaker_text
1548,3564,2,occurs_in_speaker_text
351,3564,1,occurs_in_speaker_text
1260,3564,1,occurs_in_speaker_text
85,3564,1,occurs_in_speaker_text
2217,3564,2,occurs_in_speaker_text
1668,3564,1,occurs_in_speaker_text
1000,3564,1,occurs_in_speaker_text
1316,3564,1,occurs_in_speaker_text
2730,3564,1,occurs_in_speaker_text
1250,3564,1,occurs_in_speaker_text
254,3564,1,occurs_in_speaker_text
847,3565,1,occurs_in_speaker_text
2518,3565,2,occurs_in_speaker_text
1623,3565,2,occurs_in_speaker_text
807,3567,1,occurs_in_speaker_text
1034,3568,1,occurs_in_speaker_text
1856,3568,1,occurs_in_speaker_text
1051,3568,2,occurs_in_speaker_text
2477,3568,1,occurs_in_speaker_text
1388,3568,1,occurs_in_speaker_text
666,3568,1,occurs_in_speaker_text
1656,3568,1,occurs_in_speaker_text
2999,3568,2,occurs_in_speaker_text
667,3568,2,occurs_in_speaker_text
2177,3568,1,occurs_in_speaker_text
222,3569,1,occurs_in_speaker_text
1623,3569,1,occurs_in_speaker_text
2263,3569,1,occurs_in_speaker_text
1034,3569,2,occurs_in_speaker_text
1194,3570,1,occurs_in_speaker_text
2805,3570,3,occurs_in_speaker_text
1034,3570,1,occurs_in_speaker_text
2171,3571,2,occurs_in_speaker_text
1458,3571,1,occurs_in_speaker_text
89,3571,1,occurs_in_speaker_text
2095,3571,1,occurs_in_speaker_text
752,3571,19,occurs_in_speaker_text
2228,3571,1,occurs_in_speaker_text
666,3571,13,occurs_in_speaker_text
254,3571,2,occurs_in_speaker_text
2328,3571,1,occurs_in_speaker_text
1034,3571,5,occurs_in_speaker_text
2831,3571,1,occurs_in_speaker_text
667,3571,2,occurs_in_speaker_text
651,3571,1,occurs_in_speaker_text
241,3571,1,occurs_in_speaker_text
639,3571,1,occurs_in_speaker_text
291,3571,1,occurs_in_speaker_text
850,3571,2,occurs_in_speaker_text
2770,3571,1,occurs_in_speaker_text
1988,3571,1,occurs_in_speaker_text
2412,3571,1,occurs_in_speaker_text
444,3571,1,occurs_in_speaker_text
1357,3571,1,occurs_in_speaker_text
1501,3571,1,occurs_in_speaker_text
1263,3571,1,occurs_in_speaker_text
1260,3571,3,occurs_in_speaker_text
1250,3571,3,occurs_in_speaker_text
2971,3571,1,occurs_in_speaker_text
258,3571,2,occurs_in_speaker_text
922,3571,1,occurs_in_speaker_text
2360,3571,1,occurs_in_speaker_text
1801,3571,1,occurs_in_speaker_text
1266,3571,1,occurs_in_speaker_text
1732,3571,1,occurs_in_speaker_text
1051,3571,1,occurs_in_speaker_text
2297,3571,1,occurs_in_speaker_text
1193,3571,1,occurs_in_speaker_text
2260,3571,1,occurs_in_speaker_text
2820,3571,1,occurs_in_speaker_text
2604,3571,1,occurs_in_speaker_text
2554,3571,1,occurs_in_speaker_text
1034,3572,3,occurs_in_speaker_text
1034,3573,12,occurs_in_speaker_text
2360,3573,2,occurs_in_speaker_text
2477,3573,5,occurs_in_speaker_text
222,3573,3,occurs_in_speaker_text
1611,3573,3,occurs_in_speaker_text
1509,3573,1,occurs_in_speaker_text
1263,3573,1,occurs_in_speaker_text
2602,3573,1,occurs_in_speaker_text
1924,3573,1,occurs_in_speaker_text
1576,3573,1,occurs_in_speaker_text
327,3573,3,occurs_in_speaker_text
425,3573,1,occurs_in_speaker_text
666,3573,1,occurs_in_speaker_text
2391,3573,1,occurs_in_speaker_text
2633,3573,1,occurs_in_speaker_text
2263,3573,1,occurs_in_speaker_text
445,3573,1,occurs_in_speaker_text
312,3573,1,occurs_in_speaker_text
593,3573,1,occurs_in_speaker_text
2086,3573,1,occurs_in_speaker_text
1691,3573,1,occurs_in_speaker_text
2209,3573,1,occurs_in_speaker_text
460,3573,1,occurs_in_speaker_text
1194,3573,1,occurs_in_speaker_text
1823,3573,1,occurs_in_speaker_text
2542,3573,2,occurs_in_speaker_text
1505,3573,3,occurs_in_speaker_text
1656,3573,1,occurs_in_speaker_text
312,3574,1,occurs_in_speaker_text
222,3574,6,occurs_in_speaker_text
1051,3574,2,occurs_in_speaker_text
856,3574,2,occurs_in_speaker_text
2790,3574,1,occurs_in_speaker_text
1732,3574,1,occurs_in_speaker_text
852,3574,1,occurs_in_speaker_text
2360,3574,1,occurs_in_speaker_text
1611,3574,1,occurs_in_speaker_text
1522,3574,1,occurs_in_speaker_text
666,3574,4,occurs_in_speaker_text
891,3574,1,occurs_in_speaker_text
1034,3574,3,occurs_in_speaker_text
2805,3574,2,occurs_in_speaker_text
2799,3574,1,occurs_in_speaker_text
1250,3574,1,occurs_in_speaker_text
667,3574,1,occurs_in_speaker_text
2108,3574,1,occurs_in_speaker_text
2050,3574,1,occurs_in_speaker_text
2477,3574,2,occurs_in_speaker_text
2888,3574,1,occurs_in_speaker_text
1267,3574,1,occurs_in_speaker_text
1335,3574,1,occurs_in_speaker_text
93,3574,1,occurs_in_speaker_text
2439,3574,1,occurs_in_speaker_text
752,3574,1,occurs_in_speaker_text
2683,3574,1,occurs_in_speaker_text
3096,3574,1,occurs_in_speaker_text
258,3574,1,occurs_in_speaker_text
1823,3574,1,occurs_in_speaker_text
2580,3574,1,occurs_in_speaker_text
446,3574,1,occurs_in_speaker_text
136,3574,1,occurs_in_speaker_text
222,3575,7,occurs_in_speaker_text
752,3575,2,occurs_in_speaker_text
1034,3575,14,occurs_in_speaker_text
1732,3575,1,occurs_in_speaker_text
840,3575,1,occurs_in_speaker_text
1156,3575,2,occurs_in_speaker_text
2817,3575,1,occurs_in_speaker_text
2134,3575,2,occurs_in_speaker_text
1263,3575,1,occurs_in_speaker_text
2076,3575,1,occurs_in_speaker_text
445,3575,3,occurs_in_speaker_text
914,3575,1,occurs_in_speaker_text
2177,3575,1,occurs_in_speaker_text
891,3575,1,occurs_in_speaker_text
666,3575,1,occurs_in_speaker_text
2604,3575,1,occurs_in_speaker_text
2477,3575,1,occurs_in_speaker_text
561,3575,1,occurs_in_speaker_text
1034,3576,1,occurs_in_speaker_text
1823,3576,2,occurs_in_speaker_text
856,3576,1,occurs_in_speaker_text
2715,3576,1,occurs_in_speaker_text
222,3576,2,occurs_in_speaker_text
158,3576,1,occurs_in_speaker_text
2360,3576,1,occurs_in_speaker_text
2477,3576,1,occurs_in_speaker_text
2193,3576,1,occurs_in_speaker_text
3092,3576,1,occurs_in_speaker_text
2343,3576,1,occurs_in_speaker_text
932,3576,1,occurs_in_speaker_text
258,3576,1,occurs_in_speaker_text
2095,3576,1,occurs_in_speaker_text
535,3577,1,occurs_in_speaker_text
1082,3577,1,occurs_in_speaker_text
666,3577,6,occurs_in_speaker_text
752,3577,1,occurs_in_speaker_text
2380,3577,1,occurs_in_speaker_text
2477,3577,1,occurs_in_speaker_text
1034,3577,2,occurs_in_speaker_text
525,3577,1,occurs_in_speaker_text
1611,3577,1,occurs_in_speaker_text
849,3577,1,occurs_in_speaker_text
1156,3577,1,occurs_in_speaker_text
2391,3577,1,occurs_in_speaker_text
1660,3577,1,occurs_in_speaker_text
722,3577,1,occurs_in_speaker_text
666,3578,4,occurs_in_speaker_text
1915,3578,1,occurs_in_speaker_text
2360,3578,1,occurs_in_speaker_text
946,3578,2,occurs_in_speaker_text
1051,3578,1,occurs_in_speaker_text
1193,3578,1,occurs_in_speaker_text
2067,3578,1,occurs_in_speaker_text
2679,3578,3,occurs_in_speaker_text
527,3578,1,occurs_in_speaker_text
585,3578,1,occurs_in_speaker_text
667,3578,1,occurs_in_speaker_text
1034,3578,1,occurs_in_speaker_text
2274,3578,2,occurs_in_speaker_text
2455,3578,1,occurs_in_speaker_text
1293,3578,1,occurs_in_speaker_text
2805,3578,3,occurs_in_speaker_text
981,3578,1,occurs_in_speaker_text
1034,3579,8,occurs_in_speaker_text
409,3579,1,occurs_in_speaker_text
3017,3579,1,occurs_in_speaker_text
222,3579,1,occurs_in_speaker_text
666,3579,2,occurs_in_speaker_text
2306,3579,1,occurs_in_speaker_text
2391,3579,2,occurs_in_speaker_text
1263,3580,1,occurs_in_speaker_text
1325,3580,1,occurs_in_speaker_text
666,3580,1,occurs_in_speaker_text
73,3580,1,occurs_in_speaker_text
1034,3580,1,occurs_in_speaker_text
1617,3580,1,occurs_in_speaker_text
222,3581,1,occurs_in_speaker_text
2264,3581,4,occurs_in_speaker_text
666,3582,1,occurs_in_speaker_text
222,3582,1,occurs_in_speaker_text
1421,3582,1,occurs_in_speaker_text
146,3582,1,occurs_in_speaker_text
1727,3582,1,occurs_in_speaker_text
1034,3582,2,occurs_in_speaker_text
1250,3582,1,occurs_in_speaker_text
2254,3582,1,occurs_in_speaker_text
2391,3582,1,occurs_in_speaker_text
1034,3583,17,occurs_in_speaker_text
666,3583,22,occurs_in_speaker_text
616,3583,7,occurs_in_speaker_text
752,3583,6,occurs_in_speaker_text
1250,3583,2,occurs_in_speaker_text
1366,3583,2,occurs_in_speaker_text
856,3583,4,occurs_in_speaker_text
2477,3583,6,occurs_in_speaker_text
2281,3583,1,occurs_in_speaker_text
2977,3583,1,occurs_in_speaker_text
1716,3583,1,occurs_in_speaker_text
537,3583,1,occurs_in_speaker_text
999,3583,1,occurs_in_speaker_text
1263,3583,1,occurs_in_speaker_text
536,3583,1,occurs_in_speaker_text
2878,3583,1,occurs_in_speaker_text
551,3583,1,occurs_in_speaker_text
222,3584,5,occurs_in_speaker_text
1191,3584,1,occurs_in_speaker_text
1034,3584,4,occurs_in_speaker_text
1679,3584,1,occurs_in_speaker_text
1921,3584,10,occurs_in_speaker_text
1263,3584,1,occurs_in_speaker_text
1823,3584,2,occurs_in_speaker_text
891,3584,1,occurs_in_speaker_text
985,3584,1,occurs_in_speaker_text
2095,3584,1,occurs_in_speaker_text
981,3584,1,occurs_in_speaker_text
2177,3584,1,occurs_in_speaker_text
1250,3584,1,occurs_in_speaker_text
666,3584,3,occurs_in_speaker_text
1193,3584,1,occurs_in_speaker_text
752,3584,1,occurs_in_speaker_text
865,3584,1,occurs_in_speaker_text
409,3584,2,occurs_in_speaker_text
2108,3584,1,occurs_in_speaker_text
1034,3585,6,occurs_in_speaker_text
1823,3585,1,occurs_in_speaker_text
1101,3585,1,occurs_in_speaker_text
1859,3585,1,occurs_in_speaker_text
2477,3585,1,occurs_in_speaker_text
131,3585,1,occurs_in_speaker_text
897,3585,1,occurs_in_speaker_text
1749,3585,1,occurs_in_speaker_text
666,3585,1,occurs_in_speaker_text
1034,3586,2,occurs_in_speaker_text
1931,3586,1,occurs_in_speaker_text
666,3586,1,occurs_in_speaker_text
764,3586,1,occurs_in_speaker_text
1617,3587,1,occurs_in_speaker_text
93,3587,1,occurs_in_speaker_text
1034,3587,3,occurs_in_speaker_text
666,3588,12,occurs_in_speaker_text
518,3588,1,occurs_in_speaker_text
1051,3588,2,occurs_in_speaker_text
2592,3588,1,occurs_in_speaker_text
412,3588,2,occurs_in_speaker_text
1034,3588,25,occurs_in_speaker_text
222,3588,7,occurs_in_speaker_text
33,3588,1,occurs_in_speaker_text
950,3588,1,occurs_in_speaker_text
932,3588,2,occurs_in_speaker_text
2235,3588,2,occurs_in_speaker_text
1221,3588,1,occurs_in_speaker_text
1824,3588,1,occurs_in_speaker_text
1544,3588,1,occurs_in_speaker_text
2360,3588,3,occurs_in_speaker_text
2518,3588,2,occurs_in_speaker_text
2633,3588,1,occurs_in_speaker_text
1692,3588,1,occurs_in_speaker_text
1918,3588,1,occurs_in_speaker_text
1213,3588,3,occurs_in_speaker_text
3097,3588,1,occurs_in_speaker_text
1656,3588,3,occurs_in_speaker_text
1198,3588,1,occurs_in_speaker_text
2977,3588,1,occurs_in_speaker_text
312,3588,4,occurs_in_speaker_text
232,3588,1,occurs_in_speaker_text
1250,3588,2,occurs_in_speaker_text
684,3588,1,occurs_in_speaker_text
2684,3588,1,occurs_in_speaker_text
2263,3588,2,occurs_in_speaker_text
2477,3588,3,occurs_in_speaker_text
2124,3588,1,occurs_in_speaker_text
2510,3588,2,occurs_in_speaker_text
709,3588,1,occurs_in_speaker_text
752,3588,1,occurs_in_speaker_text
1193,3588,2,occurs_in_speaker_text
2177,3588,1,occurs_in_speaker_text
1316,3588,1,occurs_in_speaker_text
2095,3588,1,occurs_in_speaker_text
3096,3588,1,occurs_in_speaker_text
2302,3588,1,occurs_in_speaker_text
1745,3588,1,occurs_in_speaker_text
2246,3588,1,occurs_in_speaker_text
2644,3588,2,occurs_in_speaker_text
2485,3588,1,occurs_in_speaker_text
2221,3588,1,occurs_in_speaker_text
1528,3588,1,occurs_in_speaker_text
2274,3588,1,occurs_in_speaker_text
700,3588,1,occurs_in_speaker_text
2832,3588,1,occurs_in_speaker_text
2328,3588,1,occurs_in_speaker_text
2604,3588,1,occurs_in_speaker_text
445,3588,1,occurs_in_speaker_text
2635,3588,1,occurs_in_speaker_text
1531,3588,1,occurs_in_speaker_text
1826,3588,1,occurs_in_speaker_text
1834,3588,1,occurs_in_speaker_text
109,3588,1,occurs_in_speaker_text
2883,3588,1,occurs_in_speaker_text
667,3588,1,occurs_in_speaker_text
722,3588,1,occurs_in_speaker_text
1281,3588,1,occurs_in_speaker_text
399,3589,1,occurs_in_speaker_text
575,3589,1,occurs_in_speaker_text
642,3589,4,occurs_in_speaker_text
1260,3589,2,occurs_in_speaker_text
1063,3589,1,occurs_in_speaker_text
2254,3589,1,occurs_in_speaker_text
2477,3589,1,occurs_in_speaker_text
2360,3589,2,occurs_in_speaker_text
750,3589,1,occurs_in_speaker_text
1364,3589,1,occurs_in_speaker_text
891,3589,1,occurs_in_speaker_text
1034,3589,3,occurs_in_speaker_text
666,3589,13,occurs_in_speaker_text
856,3589,1,occurs_in_speaker_text
1379,3589,1,occurs_in_speaker_text
2263,3589,4,occurs_in_speaker_text
2108,3589,3,occurs_in_speaker_text
1051,3589,1,occurs_in_speaker_text
2234,3589,1,occurs_in_speaker_text
969,3589,1,occurs_in_speaker_text
1034,3590,13,occurs_in_speaker_text
616,3590,13,occurs_in_speaker_text
1807,3590,1,occurs_in_speaker_text
666,3590,19,occurs_in_speaker_text
1366,3590,1,occurs_in_speaker_text
1293,3590,1,occurs_in_speaker_text
2360,3590,1,occurs_in_speaker_text
1341,3590,1,occurs_in_speaker_text
1988,3590,2,occurs_in_speaker_text
1823,3590,1,occurs_in_speaker_text
752,3590,4,occurs_in_speaker_text
2496,3590,1,occurs_in_speaker_text
1417,3590,1,occurs_in_speaker_text
2565,3590,1,occurs_in_speaker_text
2263,3590,3,occurs_in_speaker_text
2794,3590,1,occurs_in_speaker_text
1194,3590,1,occurs_in_speaker_text
2736,3590,1,occurs_in_speaker_text
2457,3590,1,occurs_in_speaker_text
1051,3590,2,occurs_in_speaker_text
981,3590,1,occurs_in_speaker_text
1843,3590,1,occurs_in_speaker_text
722,3590,1,occurs_in_speaker_text
891,3590,1,occurs_in_speaker_text
641,3590,1,occurs_in_speaker_text
1111,3590,1,occurs_in_speaker_text
2095,3590,1,occurs_in_speaker_text
1458,3590,1,occurs_in_speaker_text
1193,3590,1,occurs_in_speaker_text
222,3590,1,occurs_in_speaker_text
1280,3590,2,occurs_in_speaker_text
2477,3590,1,occurs_in_speaker_text
93,3590,1,occurs_in_speaker_text
1876,3590,1,occurs_in_speaker_text
2381,3590,1,occurs_in_speaker_text
922,3591,19,occurs_in_speaker_text
2390,3591,1,occurs_in_speaker_text
2588,3591,1,occurs_in_speaker_text
840,3591,4,occurs_in_speaker_text
1611,3591,1,occurs_in_speaker_text
374,3591,1,occurs_in_speaker_text
891,3591,1,occurs_in_speaker_text
948,3591,1,occurs_in_speaker_text
2228,3591,1,occurs_in_speaker_text
222,3591,3,occurs_in_speaker_text
1871,3591,1,occurs_in_speaker_text
1034,3591,6,occurs_in_speaker_text
1974,3591,3,occurs_in_speaker_text
444,3591,6,occurs_in_speaker_text
2633,3591,2,occurs_in_speaker_text
1104,3591,2,occurs_in_speaker_text
168,3591,1,occurs_in_speaker_text
666,3591,1,occurs_in_speaker_text
1732,3591,1,occurs_in_speaker_text
1913,3591,1,occurs_in_speaker_text
1249,3591,1,occurs_in_speaker_text
1558,3591,1,occurs_in_speaker_text
1034,3592,17,occurs_in_speaker_text
666,3592,2,occurs_in_speaker_text
2407,3592,1,occurs_in_speaker_text
136,3592,1,occurs_in_speaker_text
2360,3592,2,occurs_in_speaker_text
3036,3592,1,occurs_in_speaker_text
619,3592,2,occurs_in_speaker_text
1302,3592,2,occurs_in_speaker_text
2027,3592,1,occurs_in_speaker_text
999,3592,1,occurs_in_speaker_text
2477,3592,1,occurs_in_speaker_text
2814,3592,1,occurs_in_speaker_text
752,3592,1,occurs_in_speaker_text
409,3593,3,occurs_in_speaker_text
666,3593,8,occurs_in_speaker_text
2583,3593,2,occurs_in_speaker_text
1193,3593,3,occurs_in_speaker_text
1238,3593,1,occurs_in_speaker_text
241,3593,1,occurs_in_speaker_text
1034,3593,6,occurs_in_speaker_text
780,3593,1,occurs_in_speaker_text
2360,3593,2,occurs_in_speaker_text
856,3593,2,occurs_in_speaker_text
2050,3593,4,occurs_in_speaker_text
1098,3593,2,occurs_in_speaker_text
2108,3593,1,occurs_in_speaker_text
444,3593,9,occurs_in_speaker_text
3007,3593,1,occurs_in_speaker_text
2655,3593,1,occurs_in_speaker_text
2103,3593,1,occurs_in_speaker_text
1996,3593,4,occurs_in_speaker_text
1871,3593,1,occurs_in_speaker_text
36,3593,1,occurs_in_speaker_text
964,3593,1,occurs_in_speaker_text
775,3593,1,occurs_in_speaker_text
680,3593,1,occurs_in_speaker_text
1515,3593,1,occurs_in_speaker_text
891,3593,1,occurs_in_speaker_text
1391,3593,1,occurs_in_speaker_text
1194,3593,1,occurs_in_speaker_text
1558,3593,1,occurs_in_speaker_text
1193,3594,1,occurs_in_speaker_text
1034,3595,1,occurs_in_speaker_text
222,3595,2,occurs_in_speaker_text
666,3595,1,occurs_in_speaker_text
1184,3595,2,occurs_in_speaker_text
1829,3595,1,occurs_in_speaker_text
1194,3596,1,occurs_in_speaker_text
1034,3596,2,occurs_in_speaker_text
1611,3596,1,occurs_in_speaker_text
2917,3596,1,occurs_in_speaker_text
666,3596,1,occurs_in_speaker_text
177,3596,1,occurs_in_speaker_text
2477,3596,1,occurs_in_speaker_text
1238,3597,3,occurs_in_speaker_text
2354,3597,3,occurs_in_speaker_text
1130,3597,2,occurs_in_speaker_text
1602,3597,1,occurs_in_speaker_text
2878,3597,1,occurs_in_speaker_text
1632,3597,1,occurs_in_speaker_text
666,3597,29,occurs_in_speaker_text
1823,3597,4,occurs_in_speaker_text
856,3597,6,occurs_in_speaker_text
1034,3597,59,occurs_in_speaker_text
2254,3597,3,occurs_in_speaker_text
2481,3597,1,occurs_in_speaker_text
2263,3597,1,occurs_in_speaker_text
222,3597,27,occurs_in_speaker_text
891,3597,12,occurs_in_speaker_text
2008,3597,1,occurs_in_speaker_text
611,3597,1,occurs_in_speaker_text
981,3597,5,occurs_in_speaker_text
525,3597,1,occurs_in_speaker_text
2360,3597,17,occurs_in_speaker_text
2477,3597,35,occurs_in_speaker_text
1250,3597,4,occurs_in_speaker_text
444,3597,7,occurs_in_speaker_text
331,3597,2,occurs_in_speaker_text
1656,3597,12,occurs_in_speaker_text
312,3597,2,occurs_in_speaker_text
2351,3597,1,occurs_in_speaker_text
2805,3597,6,occurs_in_speaker_text
1140,3597,1,occurs_in_speaker_text
752,3597,3,occurs_in_speaker_text
2655,3597,1,occurs_in_speaker_text
1571,3597,1,occurs_in_speaker_text
1988,3597,1,occurs_in_speaker_text
2193,3597,1,occurs_in_speaker_text
2955,3597,2,occurs_in_speaker_text
2554,3597,5,occurs_in_speaker_text
1732,3597,4,occurs_in_speaker_text
2024,3597,1,occurs_in_speaker_text
1263,3597,2,occurs_in_speaker_text
876,3597,1,occurs_in_speaker_text
667,3597,14,occurs_in_speaker_text
1581,3597,1,occurs_in_speaker_text
1051,3597,4,occurs_in_speaker_text
2051,3597,1,occurs_in_speaker_text
2518,3597,10,occurs_in_speaker_text
1260,3597,2,occurs_in_speaker_text
2548,3597,3,occurs_in_speaker_text
932,3597,7,occurs_in_speaker_text
1871,3597,1,occurs_in_speaker_text
958,3597,1,occurs_in_speaker_text
2981,3597,1,occurs_in_speaker_text
1673,3597,1,occurs_in_speaker_text
445,3597,4,occurs_in_speaker_text
869,3597,1,occurs_in_speaker_text
2348,3597,1,occurs_in_speaker_text
2274,3597,1,occurs_in_speaker_text
1711,3597,1,occurs_in_speaker_text
14,3597,1,occurs_in_speaker_text
2389,3597,1,occurs_in_speaker_text
1194,3597,2,occurs_in_speaker_text
2001,3597,1,occurs_in_speaker_text
3092,3597,1,occurs_in_speaker_text
73,3597,1,occurs_in_speaker_text
241,3597,1,occurs_in_speaker_text
2095,3597,5,occurs_in_speaker_text
2790,3597,1,occurs_in_speaker_text
1924,3597,1,occurs_in_speaker_text
1357,3597,1,occurs_in_speaker_text
1037,3597,1,occurs_in_speaker_text
1801,3597,2,occurs_in_speaker_text
1193,3597,2,occurs_in_speaker_text
596,3597,1,occurs_in_speaker_text
1448,3597,1,occurs_in_speaker_text
1876,3597,1,occurs_in_speaker_text
1576,3597,1,occurs_in_speaker_text
2525,3597,1,occurs_in_speaker_text
1001,3597,1,occurs_in_speaker_text
380,3597,1,occurs_in_speaker_text
2173,3597,1,occurs_in_speaker_text
2050,3597,1,occurs_in_speaker_text
661,3597,1,occurs_in_speaker_text
2076,3597,2,occurs_in_speaker_text
1034,3598,6,occurs_in_speaker_text
666,3598,8,occurs_in_speaker_text
2095,3598,3,occurs_in_speaker_text
1823,3598,5,occurs_in_speaker_text
2548,3598,2,occurs_in_speaker_text
2346,3598,4,occurs_in_speaker_text
184,3598,1,occurs_in_speaker_text
1051,3598,1,occurs_in_speaker_text
2058,3598,1,occurs_in_speaker_text
2868,3598,2,occurs_in_speaker_text
2985,3599,1,occurs_in_speaker_text
824,3599,1,occurs_in_speaker_text
2564,3599,1,occurs_in_speaker_text
430,3599,1,occurs_in_speaker_text
1051,3599,3,occurs_in_speaker_text
2604,3599,1,occurs_in_speaker_text
3045,3599,3,occurs_in_speaker_text
2957,3599,1,occurs_in_speaker_text
2360,3599,3,occurs_in_speaker_text
2548,3599,1,occurs_in_speaker_text
2477,3599,1,occurs_in_speaker_text
1667,3599,1,occurs_in_speaker_text
1250,3599,2,occurs_in_speaker_text
1034,3599,3,occurs_in_speaker_text
222,3599,3,occurs_in_speaker_text
1456,3599,2,occurs_in_speaker_text
2181,3599,1,occurs_in_speaker_text
1309,3599,1,occurs_in_speaker_text
666,3599,6,occurs_in_speaker_text
1260,3599,1,occurs_in_speaker_text
1470,3599,1,occurs_in_speaker_text
960,3599,1,occurs_in_speaker_text
2518,3599,1,occurs_in_speaker_text
1670,3599,1,occurs_in_speaker_text
2929,3599,1,occurs_in_speaker_text
2609,3599,1,occurs_in_speaker_text
1611,3599,1,occurs_in_speaker_text
201,3599,1,occurs_in_speaker_text
2263,3599,1,occurs_in_speaker_text
1704,3599,1,occurs_in_speaker_text
1263,3599,1,occurs_in_speaker_text
891,3599,1,occurs_in_speaker_text
2177,3599,1,occurs_in_speaker_text
1979,3599,1,occurs_in_speaker_text
2878,3599,1,occurs_in_speaker_text
1067,3599,1,occurs_in_speaker_text
368,3599,3,occurs_in_speaker_text
222,3600,4,occurs_in_speaker_text
2633,3600,1,occurs_in_speaker_text
666,3600,3,occurs_in_speaker_text
2034,3600,1,occurs_in_speaker_text
1034,3600,3,occurs_in_speaker_text
737,3600,1,occurs_in_speaker_text
1749,3600,2,occurs_in_speaker_text
1239,3600,1,occurs_in_speaker_text
1799,3600,1,occurs_in_speaker_text
396,3600,2,occurs_in_speaker_text
1035,3600,2,occurs_in_speaker_text
1638,3600,1,occurs_in_speaker_text
891,3600,2,occurs_in_speaker_text
1316,3600,1,occurs_in_speaker_text
3092,3601,4,occurs_in_speaker_text
2878,3601,1,occurs_in_speaker_text
2554,3601,2,occurs_in_speaker_text
1034,3601,5,occurs_in_speaker_text
1842,3601,1,occurs_in_speaker_text
666,3601,1,occurs_in_speaker_text
1732,3601,4,occurs_in_speaker_text
752,3601,3,occurs_in_speaker_text
2274,3601,2,occurs_in_speaker_text
981,3601,4,occurs_in_speaker_text
69,3601,1,occurs_in_speaker_text
616,3601,3,occurs_in_speaker_text
678,3601,1,occurs_in_speaker_text
733,3601,1,occurs_in_speaker_text
950,3601,1,occurs_in_speaker_text
856,3601,2,occurs_in_speaker_text
1366,3601,1,occurs_in_speaker_text
1193,3601,1,occurs_in_speaker_text
1260,3601,1,occurs_in_speaker_text
2604,3601,1,occurs_in_speaker_text
222,3601,1,occurs_in_speaker_text
780,3601,1,occurs_in_speaker_text
2360,3601,1,occurs_in_speaker_text
2108,3601,1,occurs_in_speaker_text
932,3601,1,occurs_in_speaker_text
1576,3601,2,occurs_in_speaker_text
258,3601,1,occurs_in_speaker_text
1823,3601,1,occurs_in_speaker_text
2344,3601,1,occurs_in_speaker_text
1250,3601,1,occurs_in_speaker_text
1631,3601,1,occurs_in_speaker_text
2477,3601,1,occurs_in_speaker_text
1594,3601,1,occurs_in_speaker_text
1957,3601,1,occurs_in_speaker_text
2439,3601,1,occurs_in_speaker_text
1238,3601,1,occurs_in_speaker_text
2076,3601,1,occurs_in_speaker_text
185,3601,1,occurs_in_speaker_text
1801,3601,1,occurs_in_speaker_text
1200,3601,1,occurs_in_speaker_text
2583,3601,1,occurs_in_speaker_text
1280,3601,1,occurs_in_speaker_text
2095,3601,1,occurs_in_speaker_text
666,3602,14,occurs_in_speaker_text
2477,3602,2,occurs_in_speaker_text
2655,3602,1,occurs_in_speaker_text
675,3602,2,occurs_in_speaker_text
1823,3602,12,occurs_in_speaker_text
1611,3602,3,occurs_in_speaker_text
232,3602,2,occurs_in_speaker_text
1313,3602,1,occurs_in_speaker_text
1193,3602,1,occurs_in_speaker_text
2193,3602,1,occurs_in_speaker_text
2348,3602,1,occurs_in_speaker_text
1238,3602,1,occurs_in_speaker_text
2977,3602,1,occurs_in_speaker_text
1034,3602,4,occurs_in_speaker_text
2518,3602,1,occurs_in_speaker_text
1194,3602,1,occurs_in_speaker_text
2602,3602,1,occurs_in_speaker_text
1051,3602,1,occurs_in_speaker_text
1402,3602,1,occurs_in_speaker_text
2263,3603,10,occurs_in_speaker_text
752,3604,4,occurs_in_speaker_text
1034,3604,4,occurs_in_speaker_text
666,3604,5,occurs_in_speaker_text
2360,3604,1,occurs_in_speaker_text
1193,3604,1,occurs_in_speaker_text
222,3604,2,occurs_in_speaker_text
1266,3604,3,occurs_in_speaker_text
1194,3604,2,occurs_in_speaker_text
1250,3604,2,occurs_in_speaker_text
232,3604,1,occurs_in_speaker_text
1034,3605,5,occurs_in_speaker_text
1119,3605,1,occurs_in_speaker_text
2108,3605,1,occurs_in_speaker_text
2348,3605,1,occurs_in_speaker_text
595,3605,1,occurs_in_speaker_text
752,3605,1,occurs_in_speaker_text
666,3605,1,occurs_in_speaker_text
3092,3605,1,occurs_in_speaker_text
932,3605,1,occurs_in_speaker_text
444,3605,1,occurs_in_speaker_text
1034,3606,7,occurs_in_speaker_text
2328,3606,1,occurs_in_speaker_text
2633,3606,1,occurs_in_speaker_text
666,3606,5,occurs_in_speaker_text
1656,3606,2,occurs_in_speaker_text
2477,3606,1,occurs_in_speaker_text
1784,3606,1,occurs_in_speaker_text
940,3606,1,occurs_in_speaker_text
1721,3606,1,occurs_in_speaker_text
222,3606,2,occurs_in_speaker_text
1891,3606,1,occurs_in_speaker_text
428,3606,1,occurs_in_speaker_text
677,3606,1,occurs_in_speaker_text
667,3606,1,occurs_in_speaker_text
594,3606,1,occurs_in_speaker_text
1357,3606,1,occurs_in_speaker_text
891,3606,1,occurs_in_speaker_text
1034,3607,2,occurs_in_speaker_text
1034,3608,3,occurs_in_speaker_text
1250,3608,8,occurs_in_speaker_text
393,3608,1,occurs_in_speaker_text
2360,3608,1,occurs_in_speaker_text
1871,3608,1,occurs_in_speaker_text
1765,3608,1,occurs_in_speaker_text
667,3608,1,occurs_in_speaker_text
2988,3608,1,occurs_in_speaker_text
1656,3608,4,occurs_in_speaker_text
1372,3608,1,occurs_in_speaker_text
2477,3608,5,occurs_in_speaker_text
2058,3608,2,occurs_in_speaker_text
2328,3608,1,occurs_in_speaker_text
4,3608,1,occurs_in_speaker_text
2332,3608,1,occurs_in_speaker_text
2554,3608,1,occurs_in_speaker_text
531,3608,1,occurs_in_speaker_text
521,3608,1,occurs_in_speaker_text
666,3608,2,occurs_in_speaker_text
222,3608,7,occurs_in_speaker_text
1788,3608,1,occurs_in_speaker_text
11,3608,1,occurs_in_speaker_text
1258,3608,1,occurs_in_speaker_text
2977,3608,1,occurs_in_speaker_text
2539,3608,1,occurs_in_speaker_text
2076,3608,1,occurs_in_speaker_text
231,3608,3,occurs_in_speaker_text
932,3608,4,occurs_in_speaker_text
1238,3608,1,occurs_in_speaker_text
1922,3608,1,occurs_in_speaker_text
1357,3608,1,occurs_in_speaker_text
1635,3608,1,occurs_in_speaker_text
2428,3608,1,occurs_in_speaker_text
1194,3608,1,occurs_in_speaker_text
856,3608,1,occurs_in_speaker_text
241,3608,1,occurs_in_speaker_text
2050,3608,1,occurs_in_speaker_text
891,3608,1,occurs_in_speaker_text
2087,3608,1,occurs_in_speaker_text
2535,3609,1,occurs_in_speaker_text
1051,3609,4,occurs_in_speaker_text
222,3609,2,occurs_in_speaker_text
1034,3609,1,occurs_in_speaker_text
856,3609,3,occurs_in_speaker_text
666,3609,2,occurs_in_speaker_text
2412,3609,1,occurs_in_speaker_text
752,3609,1,occurs_in_speaker_text
2477,3609,4,occurs_in_speaker_text
2978,3609,1,occurs_in_speaker_text
981,3609,1,occurs_in_speaker_text
2977,3609,1,occurs_in_speaker_text
444,3609,1,occurs_in_speaker_text
1238,3610,1,occurs_in_speaker_text
1194,3610,3,occurs_in_speaker_text
1051,3610,1,occurs_in_speaker_text
2505,3610,1,occurs_in_speaker_text
1371,3610,1,occurs_in_speaker_text
2477,3611,1,occurs_in_speaker_text
2687,3611,4,occurs_in_speaker_text
2878,3611,2,occurs_in_speaker_text
1518,3611,1,occurs_in_speaker_text
1051,3611,1,occurs_in_speaker_text
1034,3611,2,occurs_in_speaker_text
1194,3611,1,occurs_in_speaker_text
780,3611,1,occurs_in_speaker_text
136,3611,1,occurs_in_speaker_text
2781,3611,1,occurs_in_speaker_text
1129,3611,1,occurs_in_speaker_text
1034,3612,10,occurs_in_speaker_text
694,3612,1,occurs_in_speaker_text
1051,3612,1,occurs_in_speaker_text
1260,3612,1,occurs_in_speaker_text
666,3612,1,occurs_in_speaker_text
2193,3612,1,occurs_in_speaker_text
3017,3612,1,occurs_in_speaker_text
2238,3612,1,occurs_in_speaker_text
587,3612,1,occurs_in_speaker_text
222,3612,1,occurs_in_speaker_text
2360,3612,1,occurs_in_speaker_text
2805,3612,1,occurs_in_speaker_text
2655,3612,1,occurs_in_speaker_text
666,3613,2,occurs_in_speaker_text
2456,3613,1,occurs_in_speaker_text
175,3613,2,occurs_in_speaker_text
1068,3613,4,occurs_in_speaker_text
931,3613,1,occurs_in_speaker_text
921,3613,1,occurs_in_speaker_text
232,3613,1,occurs_in_speaker_text
1549,3613,1,occurs_in_speaker_text
610,3613,1,occurs_in_speaker_text
2973,3613,1,occurs_in_speaker_text
1097,3613,3,occurs_in_speaker_text
1034,3613,1,occurs_in_speaker_text
1611,3613,1,occurs_in_speaker_text
2306,3613,3,occurs_in_speaker_text
2302,3613,1,occurs_in_speaker_text
222,3613,1,occurs_in_speaker_text
934,3613,1,occurs_in_speaker_text
122,3614,1,occurs_in_speaker_text
222,3614,4,occurs_in_speaker_text
1077,3614,1,occurs_in_speaker_text
1079,3614,1,occurs_in_speaker_text
1720,3614,1,occurs_in_speaker_text
1260,3615,1,occurs_in_speaker_text
1034,3615,12,occurs_in_speaker_text
1167,3615,1,occurs_in_speaker_text
662,3615,1,occurs_in_speaker_text
610,3615,1,occurs_in_speaker_text
666,3615,1,occurs_in_speaker_text
2527,3615,1,occurs_in_speaker_text
2530,3615,1,occurs_in_speaker_text
2633,3615,1,occurs_in_speaker_text
1641,3615,1,occurs_in_speaker_text
2477,3615,2,occurs_in_speaker_text
177,3615,1,occurs_in_speaker_text
932,3615,1,occurs_in_speaker_text
135,3615,1,occurs_in_speaker_text
1051,3615,1,occurs_in_speaker_text
1524,3615,2,occurs_in_speaker_text
382,3615,1,occurs_in_speaker_text
444,3616,2,occurs_in_speaker_text
1034,3616,11,occurs_in_speaker_text
1194,3616,1,occurs_in_speaker_text
797,3616,1,occurs_in_speaker_text
1656,3616,2,occurs_in_speaker_text
752,3616,5,occurs_in_speaker_text
707,3616,1,occurs_in_speaker_text
1498,3616,1,occurs_in_speaker_text
105,3616,1,occurs_in_speaker_text
1012,3616,1,occurs_in_speaker_text
1193,3616,1,occurs_in_speaker_text
1711,3616,1,occurs_in_speaker_text
382,3616,1,occurs_in_speaker_text
932,3616,3,occurs_in_speaker_text
2250,3616,1,occurs_in_speaker_text
2759,3616,1,occurs_in_speaker_text
1732,3616,1,occurs_in_speaker_text
2548,3616,2,occurs_in_speaker_text
1605,3616,1,occurs_in_speaker_text
666,3616,1,occurs_in_speaker_text
2775,3616,1,occurs_in_speaker_text
1539,3616,1,occurs_in_speaker_text
1260,3616,1,occurs_in_speaker_text
2360,3617,2,occurs_in_speaker_text
666,3617,16,occurs_in_speaker_text
2655,3617,2,occurs_in_speaker_text
1156,3617,2,occurs_in_speaker_text
1877,3617,1,occurs_in_speaker_text
1034,3617,2,occurs_in_speaker_text
2477,3617,1,occurs_in_speaker_text
2805,3617,1,occurs_in_speaker_text
1611,3618,1,occurs_in_speaker_text
2235,3618,4,occurs_in_speaker_text
666,3618,6,occurs_in_speaker_text
241,3618,1,occurs_in_speaker_text
2318,3618,1,occurs_in_speaker_text
1194,3618,2,occurs_in_speaker_text
1738,3618,3,occurs_in_speaker_text
856,3618,1,occurs_in_speaker_text
2477,3618,4,occurs_in_speaker_text
357,3618,1,occurs_in_speaker_text
981,3618,1,occurs_in_speaker_text
752,3618,1,occurs_in_speaker_text
2805,3618,2,occurs_in_speaker_text
1034,3618,6,occurs_in_speaker_text
2391,3618,4,occurs_in_speaker_text
1818,3618,1,occurs_in_speaker_text
1823,3618,3,occurs_in_speaker_text
1636,3618,1,occurs_in_speaker_text
2977,3618,1,occurs_in_speaker_text
2554,3618,1,occurs_in_speaker_text
222,3618,3,occurs_in_speaker_text
2878,3618,1,occurs_in_speaker_text
2837,3618,1,occurs_in_speaker_text
2360,3618,1,occurs_in_speaker_text
444,3618,1,occurs_in_speaker_text
231,3618,2,occurs_in_speaker_text
816,3618,1,occurs_in_speaker_text
932,3618,1,occurs_in_speaker_text
1051,3619,1,occurs_in_speaker_text
2477,3619,5,occurs_in_speaker_text
444,3619,1,occurs_in_speaker_text
222,3619,1,occurs_in_speaker_text
1193,3619,1,occurs_in_speaker_text
2360,3619,1,occurs_in_speaker_text
258,3619,1,occurs_in_speaker_text
666,3619,5,occurs_in_speaker_text
1366,3619,1,occurs_in_speaker_text
62,3619,1,occurs_in_speaker_text
1034,3619,1,occurs_in_speaker_text
752,3619,2,occurs_in_speaker_text
2014,3619,1,occurs_in_speaker_text
2274,3619,1,occurs_in_speaker_text
2433,3620,1,occurs_in_speaker_text
1034,3620,9,occurs_in_speaker_text
2360,3620,1,occurs_in_speaker_text
222,3620,1,occurs_in_speaker_text
1649,3620,1,occurs_in_speaker_text
666,3620,1,occurs_in_speaker_text
52,3621,1,occurs_in_speaker_text
2477,3621,3,occurs_in_speaker_text
1250,3621,3,occurs_in_speaker_text
1034,3621,11,occurs_in_speaker_text
2360,3621,1,occurs_in_speaker_text
1193,3621,1,occurs_in_speaker_text
1051,3621,1,occurs_in_speaker_text
666,3621,5,occurs_in_speaker_text
139,3621,1,occurs_in_speaker_text
1662,3621,1,occurs_in_speaker_text
752,3621,1,occurs_in_speaker_text
1565,3621,1,occurs_in_speaker_text
581,3621,2,occurs_in_speaker_text
2915,3621,1,occurs_in_speaker_text
1823,3621,1,occurs_in_speaker_text
554,3621,1,occurs_in_speaker_text
2412,3621,1,occurs_in_speaker_text
2095,3621,1,occurs_in_speaker_text
1034,3622,2,occurs_in_speaker_text
666,3622,6,occurs_in_speaker_text
1937,3622,1,occurs_in_speaker_text
1193,3623,2,occurs_in_speaker_text
1528,3623,1,occurs_in_speaker_text
666,3623,1,occurs_in_speaker_text
1918,3623,6,occurs_in_speaker_text
891,3623,1,occurs_in_speaker_text
2360,3623,3,occurs_in_speaker_text
2477,3623,5,occurs_in_speaker_text
1656,3623,2,occurs_in_speaker_text
2095,3623,1,occurs_in_speaker_text
1716,3623,1,occurs_in_speaker_text
2409,3623,1,occurs_in_speaker_text
1051,3623,1,occurs_in_speaker_text
1811,3623,1,occurs_in_speaker_text
2216,3623,1,occurs_in_speaker_text
403,3623,2,occurs_in_speaker_text
2771,3623,2,occurs_in_speaker_text
666,3624,5,occurs_in_speaker_text
97,3624,13,occurs_in_speaker_text
1051,3624,4,occurs_in_speaker_text
1034,3624,7,occurs_in_speaker_text
2024,3624,1,occurs_in_speaker_text
2604,3624,1,occurs_in_speaker_text
47,3624,7,occurs_in_speaker_text
1671,3624,1,occurs_in_speaker_text
2263,3624,1,occurs_in_speaker_text
216,3624,1,occurs_in_speaker_text
1250,3625,8,occurs_in_speaker_text
798,3625,1,occurs_in_speaker_text
1584,3625,24,occurs_in_speaker_text
423,3625,4,occurs_in_speaker_text
1785,3625,1,occurs_in_speaker_text
1881,3625,2,occurs_in_speaker_text
1952,3625,2,occurs_in_speaker_text
309,3625,2,occurs_in_speaker_text
2460,3625,2,occurs_in_speaker_text
1587,3625,2,occurs_in_speaker_text
2639,3625,1,occurs_in_speaker_text
1034,3625,10,occurs_in_speaker_text
1294,3625,1,occurs_in_speaker_text
2422,3625,1,occurs_in_speaker_text
2412,3625,2,occurs_in_speaker_text
756,3625,1,occurs_in_speaker_text
2620,3625,1,occurs_in_speaker_text
666,3625,2,occurs_in_speaker_text
1224,3625,1,occurs_in_speaker_text
2398,3625,1,occurs_in_speaker_text
2110,3625,1,occurs_in_speaker_text
2827,3625,2,occurs_in_speaker_text
1970,3625,2,occurs_in_speaker_text
1034,3626,25,occurs_in_speaker_text
808,3626,1,occurs_in_speaker_text
2263,3626,1,occurs_in_speaker_text
312,3626,1,occurs_in_speaker_text
1988,3626,1,occurs_in_speaker_text
1823,3626,1,occurs_in_speaker_text
397,3626,1,occurs_in_speaker_text
752,3626,1,occurs_in_speaker_text
1861,3626,1,occurs_in_speaker_text
1039,3626,1,occurs_in_speaker_text
2477,3626,1,occurs_in_speaker_text
222,3626,19,occurs_in_speaker_text
1263,3626,1,occurs_in_speaker_text
2360,3626,1,occurs_in_speaker_text
1626,3626,1,occurs_in_speaker_text
1954,3626,2,occurs_in_speaker_text
2302,3626,1,occurs_in_speaker_text
241,3626,1,occurs_in_speaker_text
980,3626,2,occurs_in_speaker_text
666,3626,1,occurs_in_speaker_text
1841,3626,1,occurs_in_speaker_text
2248,3626,1,occurs_in_speaker_text
666,3627,23,occurs_in_speaker_text
1749,3627,3,occurs_in_speaker_text
2650,3627,2,occurs_in_speaker_text
149,3627,1,occurs_in_speaker_text
2757,3627,1,occurs_in_speaker_text
999,3627,1,occurs_in_speaker_text
2295,3627,3,occurs_in_speaker_text
1251,3627,1,occurs_in_speaker_text
2328,3627,1,occurs_in_speaker_text
3091,3627,1,occurs_in_speaker_text
1034,3627,17,occurs_in_speaker_text
1711,3627,1,occurs_in_speaker_text
1193,3627,4,occurs_in_speaker_text
1051,3627,7,occurs_in_speaker_text
3089,3627,1,occurs_in_speaker_text
1876,3627,2,occurs_in_speaker_text
2855,3627,1,occurs_in_speaker_text
1751,3627,1,occurs_in_speaker_text
2360,3627,3,occurs_in_speaker_text
722,3627,2,occurs_in_speaker_text
3065,3627,2,occurs_in_speaker_text
2095,3627,3,occurs_in_speaker_text
2604,3627,3,occurs_in_speaker_text
1194,3627,1,occurs_in_speaker_text
856,3627,1,occurs_in_speaker_text
1176,3627,1,occurs_in_speaker_text
2134,3627,1,occurs_in_speaker_text
222,3627,1,occurs_in_speaker_text
2878,3627,2,occurs_in_speaker_text
1916,3627,1,occurs_in_speaker_text
811,3627,1,occurs_in_speaker_text
2805,3627,1,occurs_in_speaker_text
2477,3627,2,occurs_in_speaker_text
780,3627,1,occurs_in_speaker_text
838,3627,2,occurs_in_speaker_text
668,3627,1,occurs_in_speaker_text
222,3628,36,occurs_in_speaker_text
642,3628,2,occurs_in_speaker_text
1027,3628,1,occurs_in_speaker_text
1250,3628,1,occurs_in_speaker_text
2249,3628,1,occurs_in_speaker_text
1817,3628,1,occurs_in_speaker_text
1034,3628,17,occurs_in_speaker_text
2360,3628,1,occurs_in_speaker_text
2878,3628,2,occurs_in_speaker_text
3076,3628,1,occurs_in_speaker_text
2450,3628,2,occurs_in_speaker_text
1051,3628,1,occurs_in_speaker_text
2676,3628,1,occurs_in_speaker_text
2604,3628,1,occurs_in_speaker_text
3081,3628,5,occurs_in_speaker_text
2446,3628,1,occurs_in_speaker_text
2106,3628,1,occurs_in_speaker_text
1376,3628,1,occurs_in_speaker_text
2660,3628,1,occurs_in_speaker_text
891,3628,2,occurs_in_speaker_text
2185,3628,1,occurs_in_speaker_text
1823,3628,1,occurs_in_speaker_text
754,3628,1,occurs_in_speaker_text
937,3628,1,occurs_in_speaker_text
795,3628,1,occurs_in_speaker_text
2081,3628,1,occurs_in_speaker_text
616,3628,1,occurs_in_speaker_text
175,3628,1,occurs_in_speaker_text
911,3628,1,occurs_in_speaker_text
241,3628,1,occurs_in_speaker_text
910,3628,1,occurs_in_speaker_text
722,3628,1,occurs_in_speaker_text
1715,3628,1,occurs_in_speaker_text
2703,3628,1,occurs_in_speaker_text
125,3628,1,occurs_in_speaker_text
1000,3628,1,occurs_in_speaker_text
2622,3628,1,occurs_in_speaker_text
220,3628,1,occurs_in_speaker_text
2695,3628,1,occurs_in_speaker_text
1641,3628,1,occurs_in_speaker_text
869,3628,1,occurs_in_speaker_text
1620,3628,1,occurs_in_speaker_text
2032,3628,1,occurs_in_speaker_text
477,3628,1,occurs_in_speaker_text
1572,3628,1,occurs_in_speaker_text
1034,3629,6,occurs_in_speaker_text
2590,3629,1,occurs_in_speaker_text
2360,3629,4,occurs_in_speaker_text
168,3629,1,occurs_in_speaker_text
666,3629,2,occurs_in_speaker_text
258,3629,1,occurs_in_speaker_text
2274,3629,1,occurs_in_speaker_text
780,3629,2,occurs_in_speaker_text
722,3629,2,occurs_in_speaker_text
2300,3629,1,occurs_in_speaker_text
1656,3629,1,occurs_in_speaker_text
222,3629,2,occurs_in_speaker_text
3096,3629,1,occurs_in_speaker_text
473,3629,1,occurs_in_speaker_text
752,3629,1,occurs_in_speaker_text
856,3629,1,occurs_in_speaker_text
1522,3629,1,occurs_in_speaker_text
1856,3629,1,occurs_in_speaker_text
399,3629,1,occurs_in_speaker_text
1051,3629,2,occurs_in_speaker_text
1611,3629,1,occurs_in_speaker_text
444,3629,1,occurs_in_speaker_text
2554,3629,1,occurs_in_speaker_text
2391,3629,1,occurs_in_speaker_text
666,3630,21,occurs_in_speaker_text
2633,3630,3,occurs_in_speaker_text
1783,3630,3,occurs_in_speaker_text
2068,3630,1,occurs_in_speaker_text
1965,3630,2,occurs_in_speaker_text
1601,3630,1,occurs_in_speaker_text
1804,3630,1,occurs_in_speaker_text
1193,3630,1,occurs_in_speaker_text
666,3631,21,occurs_in_speaker_text
1250,3631,8,occurs_in_speaker_text
1034,3631,17,occurs_in_speaker_text
493,3631,1,occurs_in_speaker_text
1823,3631,1,occurs_in_speaker_text
2960,3631,1,occurs_in_speaker_text
752,3631,11,occurs_in_speaker_text
2356,3631,1,occurs_in_speaker_text
616,3631,3,occurs_in_speaker_text
891,3631,1,occurs_in_speaker_text
2360,3631,6,occurs_in_speaker_text
667,3631,1,occurs_in_speaker_text
2878,3631,1,occurs_in_speaker_text
1193,3631,1,occurs_in_speaker_text
642,3631,2,occurs_in_speaker_text
1263,3631,2,occurs_in_speaker_text
2477,3631,1,occurs_in_speaker_text
1656,3631,2,occurs_in_speaker_text
1260,3631,1,occurs_in_speaker_text
2217,3631,1,occurs_in_speaker_text
1641,3631,1,occurs_in_speaker_text
1366,3631,3,occurs_in_speaker_text
2903,3631,1,occurs_in_speaker_text
3077,3631,2,occurs_in_speaker_text
2154,3631,1,occurs_in_speaker_text
409,3631,1,occurs_in_speaker_text
727,3631,1,occurs_in_speaker_text
1829,3631,1,occurs_in_speaker_text
2659,3631,1,occurs_in_speaker_text
222,3631,2,occurs_in_speaker_text
2189,3631,1,occurs_in_speaker_text
2724,3632,1,occurs_in_speaker_text
575,3632,1,occurs_in_speaker_text
1710,3632,1,occurs_in_speaker_text
1034,3632,2,occurs_in_speaker_text
666,3632,1,occurs_in_speaker_text
2223,3632,1,occurs_in_speaker_text
2177,3633,1,occurs_in_speaker_text
1051,3633,1,occurs_in_speaker_text
1034,3633,1,occurs_in_speaker_text
2391,3634,1,occurs_in_speaker_text
666,3634,1,occurs_in_speaker_text
3015,3634,1,occurs_in_speaker_text
2274,3634,1,occurs_in_speaker_text
2477,3634,1,occurs_in_speaker_text
1280,3634,1,occurs_in_speaker_text
175,3634,1,occurs_in_speaker_text
1314,3634,1,occurs_in_speaker_text
579,3634,1,occurs_in_speaker_text
2548,3634,1,occurs_in_speaker_text
2881,3634,1,occurs_in_speaker_text
2360,3634,1,occurs_in_speaker_text
1034,3634,3,occurs_in_speaker_text
667,3634,1,occurs_in_speaker_text
122,3634,1,occurs_in_speaker_text
1193,3634,1,occurs_in_speaker_text
1752,3634,1,occurs_in_speaker_text
1034,3635,2,occurs_in_speaker_text
1662,3635,1,occurs_in_speaker_text
985,3635,1,occurs_in_speaker_text
2228,3635,1,occurs_in_speaker_text
2360,3635,1,occurs_in_speaker_text
752,3635,1,occurs_in_speaker_text
444,3636,5,occurs_in_speaker_text
1193,3636,2,occurs_in_speaker_text
2477,3636,6,occurs_in_speaker_text
1656,3636,1,occurs_in_speaker_text
1171,3636,1,occurs_in_speaker_text
666,3636,6,occurs_in_speaker_text
1034,3636,13,occurs_in_speaker_text
2878,3636,1,occurs_in_speaker_text
933,3636,1,occurs_in_speaker_text
1014,3636,1,occurs_in_speaker_text
331,3636,1,occurs_in_speaker_text
222,3636,5,occurs_in_speaker_text
1260,3636,1,occurs_in_speaker_text
1051,3636,1,occurs_in_speaker_text
2266,3636,2,occurs_in_speaker_text
154,3636,1,occurs_in_speaker_text
345,3636,2,occurs_in_speaker_text
1238,3636,1,occurs_in_speaker_text
1558,3636,1,occurs_in_speaker_text
2050,3636,1,occurs_in_speaker_text
2874,3636,1,occurs_in_speaker_text
2360,3636,6,occurs_in_speaker_text
2108,3636,1,occurs_in_speaker_text
1801,3636,2,occurs_in_speaker_text
1981,3636,1,occurs_in_speaker_text
544,3636,1,occurs_in_speaker_text
891,3636,4,occurs_in_speaker_text
1747,3636,1,occurs_in_speaker_text
1250,3636,2,occurs_in_speaker_text
1538,3636,1,occurs_in_speaker_text
2805,3636,1,occurs_in_speaker_text
638,3636,1,occurs_in_speaker_text
738,3636,1,occurs_in_speaker_text
2152,3636,1,occurs_in_speaker_text
1876,3636,1,occurs_in_speaker_text
1003,3636,1,occurs_in_speaker_text
25,3637,2,occurs_in_speaker_text
752,3637,28,occurs_in_speaker_text
2559,3637,1,occurs_in_speaker_text
1366,3637,8,occurs_in_speaker_text
2536,3637,2,occurs_in_speaker_text
1250,3637,6,occurs_in_speaker_text
2718,3637,1,occurs_in_speaker_text
1263,3637,1,occurs_in_speaker_text
2360,3637,4,occurs_in_speaker_text
666,3637,12,occurs_in_speaker_text
1823,3637,6,occurs_in_speaker_text
2604,3637,2,occurs_in_speaker_text
3096,3637,3,occurs_in_speaker_text
722,3637,6,occurs_in_speaker_text
2477,3637,8,occurs_in_speaker_text
2530,3637,1,occurs_in_speaker_text
2217,3637,6,occurs_in_speaker_text
2628,3637,1,occurs_in_speaker_text
2412,3637,5,occurs_in_speaker_text
409,3637,2,occurs_in_speaker_text
856,3637,10,occurs_in_speaker_text
2619,3637,1,occurs_in_speaker_text
1453,3637,1,occurs_in_speaker_text
2108,3637,4,occurs_in_speaker_text
2506,3637,1,occurs_in_speaker_text
1051,3637,4,occurs_in_speaker_text
1034,3637,8,occurs_in_speaker_text
882,3637,1,occurs_in_speaker_text
1222,3637,1,occurs_in_speaker_text
691,3637,5,occurs_in_speaker_text
667,3637,9,occurs_in_speaker_text
1193,3637,6,occurs_in_speaker_text
2567,3637,1,occurs_in_speaker_text
1179,3637,1,occurs_in_speaker_text
1516,3637,1,occurs_in_speaker_text
68,3637,1,occurs_in_speaker_text
3053,3637,1,occurs_in_speaker_text
2684,3637,1,occurs_in_speaker_text
954,3637,1,occurs_in_speaker_text
1988,3637,3,occurs_in_speaker_text
348,3637,1,occurs_in_speaker_text
1238,3637,1,occurs_in_speaker_text
1876,3637,5,occurs_in_speaker_text
1274,3637,1,occurs_in_speaker_text
58,3637,1,occurs_in_speaker_text
1641,3637,1,occurs_in_speaker_text
120,3637,1,occurs_in_speaker_text
175,3637,1,occurs_in_speaker_text
2285,3637,1,occurs_in_speaker_text
1310,3637,1,occurs_in_speaker_text
440,3637,5,occurs_in_speaker_text
556,3637,1,occurs_in_speaker_text
146,3637,1,occurs_in_speaker_text
2939,3637,1,occurs_in_speaker_text
2805,3637,5,occurs_in_speaker_text
1156,3637,1,occurs_in_speaker_text
83,3637,1,occurs_in_speaker_text
891,3637,5,occurs_in_speaker_text
2226,3637,1,occurs_in_speaker_text
2160,3637,1,occurs_in_speaker_text
141,3637,1,occurs_in_speaker_text
1833,3637,1,occurs_in_speaker_text
2144,3637,1,occurs_in_speaker_text
2064,3637,1,occurs_in_speaker_text
899,3637,1,occurs_in_speaker_text
1074,3637,1,occurs_in_speaker_text
444,3637,1,occurs_in_speaker_text
981,3637,1,occurs_in_speaker_text
2848,3637,1,occurs_in_speaker_text
2050,3637,1,occurs_in_speaker_text
2254,3637,2,occurs_in_speaker_text
14,3637,2,occurs_in_speaker_text
3000,3637,4,occurs_in_speaker_text
871,3637,2,occurs_in_speaker_text
313,3637,1,occurs_in_speaker_text
3027,3637,1,occurs_in_speaker_text
1100,3637,1,occurs_in_speaker_text
2242,3637,1,occurs_in_speaker_text
2824,3637,1,occurs_in_speaker_text
1089,3637,1,occurs_in_speaker_text
257,3637,1,occurs_in_speaker_text
1871,3637,1,occurs_in_speaker_text
616,3637,1,occurs_in_speaker_text
222,3637,1,occurs_in_speaker_text
1526,3637,1,occurs_in_speaker_text
2899,3637,2,occurs_in_speaker_text
816,3637,1,occurs_in_speaker_text
2904,3637,1,occurs_in_speaker_text
2847,3637,1,occurs_in_speaker_text
1707,3637,1,occurs_in_speaker_text
2975,3637,1,occurs_in_speaker_text
3034,3637,1,occurs_in_speaker_text
241,3637,1,occurs_in_speaker_text
594,3637,1,occurs_in_speaker_text
2554,3637,1,occurs_in_speaker_text
869,3637,1,occurs_in_speaker_text
1023,3637,1,occurs_in_speaker_text
2037,3637,1,occurs_in_speaker_text
780,3637,1,occurs_in_speaker_text
2380,3637,1,occurs_in_speaker_text
1732,3637,2,occurs_in_speaker_text
1923,3637,1,occurs_in_speaker_text
1668,3637,1,occurs_in_speaker_text
2225,3637,1,occurs_in_speaker_text
946,3637,1,occurs_in_speaker_text
2214,3637,1,occurs_in_speaker_text
1658,3637,1,occurs_in_speaker_text
582,3637,1,occurs_in_speaker_text
805,3637,1,occurs_in_speaker_text
168,3637,1,occurs_in_speaker_text
932,3637,1,occurs_in_speaker_text
1205,3637,1,occurs_in_speaker_text
781,3637,1,occurs_in_speaker_text
2113,3637,1,occurs_in_speaker_text
1194,3637,1,occurs_in_speaker_text
2250,3637,1,occurs_in_speaker_text
1901,3637,1,occurs_in_speaker_text
444,3638,1,occurs_in_speaker_text
1871,3638,1,occurs_in_speaker_text
2518,3638,1,occurs_in_speaker_text
752,3638,2,occurs_in_speaker_text
1034,3638,2,occurs_in_speaker_text
1446,3638,1,occurs_in_speaker_text
2930,3639,3,occurs_in_speaker_text
1034,3639,9,occurs_in_speaker_text
891,3639,3,occurs_in_speaker_text
2790,3639,2,occurs_in_speaker_text
1673,3639,8,occurs_in_speaker_text
666,3639,2,occurs_in_speaker_text
1051,3639,1,occurs_in_speaker_text
2477,3639,1,occurs_in_speaker_text
933,3639,1,occurs_in_speaker_text
1947,3639,1,occurs_in_speaker_text
2360,3639,1,occurs_in_speaker_text
1250,3639,1,occurs_in_speaker_text
2076,3639,1,occurs_in_speaker_text
1263,3639,1,occurs_in_speaker_text
1034,3640,5,occurs_in_speaker_text
300,3640,1,occurs_in_speaker_text
667,3641,2,occurs_in_speaker_text
222,3641,7,occurs_in_speaker_text
666,3641,4,occurs_in_speaker_text
1732,3641,2,occurs_in_speaker_text
52,3641,1,occurs_in_speaker_text
1250,3641,3,occurs_in_speaker_text
1051,3641,1,occurs_in_speaker_text
778,3641,1,occurs_in_speaker_text
2360,3641,3,occurs_in_speaker_text
752,3641,1,occurs_in_speaker_text
1034,3641,9,occurs_in_speaker_text
2878,3641,1,occurs_in_speaker_text
1362,3641,1,occurs_in_speaker_text
1238,3641,1,occurs_in_speaker_text
1050,3641,1,occurs_in_speaker_text
1823,3641,1,occurs_in_speaker_text
1712,3641,1,occurs_in_speaker_text
3005,3641,1,occurs_in_speaker_text
1263,3641,1,occurs_in_speaker_text
222,3642,18,occurs_in_speaker_text
1034,3642,8,occurs_in_speaker_text
1823,3642,1,occurs_in_speaker_text
1193,3642,2,occurs_in_speaker_text
2360,3642,1,occurs_in_speaker_text
1548,3642,1,occurs_in_speaker_text
1095,3642,1,occurs_in_speaker_text
1909,3642,1,occurs_in_speaker_text
752,3642,3,occurs_in_speaker_text
949,3642,1,occurs_in_speaker_text
1051,3642,1,occurs_in_speaker_text
2177,3642,1,occurs_in_speaker_text
666,3642,2,occurs_in_speaker_text
667,3642,1,occurs_in_speaker_text
265,3642,1,occurs_in_speaker_text
1656,3642,1,occurs_in_speaker_text
1961,3643,2,occurs_in_speaker_text
1034,3643,6,occurs_in_speaker_text
1944,3643,3,occurs_in_speaker_text
840,3643,2,occurs_in_speaker_text
446,3643,1,occurs_in_speaker_text
666,3644,5,occurs_in_speaker_text
1578,3644,1,occurs_in_speaker_text
1611,3644,2,occurs_in_speaker_text
1034,3644,4,occurs_in_speaker_text
666,3645,1,occurs_in_speaker_text
1357,3645,1,occurs_in_speaker_text
1034,3646,11,occurs_in_speaker_text
1988,3646,1,occurs_in_speaker_text
1156,3646,2,occurs_in_speaker_text
2989,3646,1,occurs_in_speaker_text
752,3646,1,occurs_in_speaker_text
1250,3646,2,occurs_in_speaker_text
219,3646,1,occurs_in_speaker_text
1034,3647,7,occurs_in_speaker_text
242,3647,1,occurs_in_speaker_text
616,3647,1,occurs_in_speaker_text
666,3647,1,occurs_in_speaker_text
752,3647,1,occurs_in_speaker_text
1715,3647,1,occurs_in_speaker_text
1034,3648,9,occurs_in_speaker_text
1051,3648,1,occurs_in_speaker_text
2662,3648,1,occurs_in_speaker_text
1193,3648,1,occurs_in_speaker_text
2360,3648,1,occurs_in_speaker_text
222,3648,16,occurs_in_speaker_text
2263,3648,1,occurs_in_speaker_text
1496,3648,1,occurs_in_speaker_text
780,3648,1,occurs_in_speaker_text
2964,3648,1,occurs_in_speaker_text
1194,3648,1,occurs_in_speaker_text
550,3648,1,occurs_in_speaker_text
666,3648,1,occurs_in_speaker_text
887,3648,1,occurs_in_speaker_text
2250,3648,1,occurs_in_speaker_text
2790,3648,1,occurs_in_speaker_text
329,3649,2,occurs_in_speaker_text
1193,3649,10,occurs_in_speaker_text
666,3649,1,occurs_in_speaker_text
1601,3649,2,occurs_in_speaker_text
160,3649,10,occurs_in_speaker_text
831,3649,1,occurs_in_speaker_text
1250,3649,2,occurs_in_speaker_text
1357,3650,2,occurs_in_speaker_text
1051,3650,9,occurs_in_speaker_text
1034,3650,6,occurs_in_speaker_text
2360,3650,6,occurs_in_speaker_text
444,3650,3,occurs_in_speaker_text
2777,3650,1,occurs_in_speaker_text
2477,3650,5,occurs_in_speaker_text
222,3650,3,occurs_in_speaker_text
1000,3650,3,occurs_in_speaker_text
1001,3650,1,occurs_in_speaker_text
1580,3650,1,occurs_in_speaker_text
717,3650,1,occurs_in_speaker_text
891,3650,5,occurs_in_speaker_text
2548,3650,2,occurs_in_speaker_text
2805,3650,1,occurs_in_speaker_text
1194,3650,1,occurs_in_speaker_text
2518,3650,1,occurs_in_speaker_text
666,3650,1,occurs_in_speaker_text
1263,3650,1,occurs_in_speaker_text
1074,3650,1,occurs_in_speaker_text
2525,3650,1,occurs_in_speaker_text
2554,3650,1,occurs_in_speaker_text
1250,3650,2,occurs_in_speaker_text
4,3650,1,occurs_in_speaker_text
2134,3651,1,occurs_in_speaker_text
1337,3651,1,occurs_in_speaker_text
752,3651,1,occurs_in_speaker_text
1034,3651,1,occurs_in_speaker_text
222,3651,4,occurs_in_speaker_text
1159,3652,1,occurs_in_speaker_text
2878,3652,1,occurs_in_speaker_text
856,3652,2,occurs_in_speaker_text
2095,3652,1,occurs_in_speaker_text
1250,3652,2,occurs_in_speaker_text
1420,3652,1,occurs_in_speaker_text
925,3652,1,occurs_in_speaker_text
1357,3652,1,occurs_in_speaker_text
222,3652,1,occurs_in_speaker_text
275,3652,1,occurs_in_speaker_text
1034,3652,1,occurs_in_speaker_text
901,3652,1,occurs_in_speaker_text
2488,3652,1,occurs_in_speaker_text
1051,3652,2,occurs_in_speaker_text
40,3653,1,occurs_in_speaker_text
1034,3653,1,occurs_in_speaker_text
2017,3653,1,occurs_in_speaker_text
2254,3653,1,occurs_in_speaker_text
2495,3653,1,occurs_in_speaker_text
2805,3654,1,occurs_in_speaker_text
2360,3654,2,occurs_in_speaker_text
1051,3654,6,occurs_in_speaker_text
2518,3654,1,occurs_in_speaker_text
2477,3654,3,occurs_in_speaker_text
856,3654,2,occurs_in_speaker_text
222,3654,1,occurs_in_speaker_text
2193,3654,6,occurs_in_speaker_text
1656,3654,5,occurs_in_speaker_text
1034,3654,5,occurs_in_speaker_text
2293,3654,1,occurs_in_speaker_text
891,3654,6,occurs_in_speaker_text
1528,3654,1,occurs_in_speaker_text
1576,3654,1,occurs_in_speaker_text
2328,3654,2,occurs_in_speaker_text
2122,3654,1,occurs_in_speaker_text
1327,3654,1,occurs_in_speaker_text
2633,3654,2,occurs_in_speaker_text
1283,3654,1,occurs_in_speaker_text
102,3654,1,occurs_in_speaker_text
1000,3654,1,occurs_in_speaker_text
52,3654,1,occurs_in_speaker_text
1238,3654,3,occurs_in_speaker_text
1464,3654,1,occurs_in_speaker_text
1732,3654,1,occurs_in_speaker_text
1130,3654,2,occurs_in_speaker_text
1193,3654,2,occurs_in_speaker_text
854,3654,1,occurs_in_speaker_text
1366,3654,1,occurs_in_speaker_text
2095,3654,1,occurs_in_speaker_text
752,3654,2,occurs_in_speaker_text
780,3654,2,occurs_in_speaker_text
2381,3654,1,occurs_in_speaker_text
2477,3655,3,occurs_in_speaker_text
241,3655,2,occurs_in_speaker_text
666,3655,3,occurs_in_speaker_text
82,3655,1,occurs_in_speaker_text
1737,3655,1,occurs_in_speaker_text
1513,3655,1,occurs_in_speaker_text
222,3655,3,occurs_in_speaker_text
752,3655,3,occurs_in_speaker_text
1263,3655,1,occurs_in_speaker_text
1656,3655,1,occurs_in_speaker_text
430,3655,1,occurs_in_speaker_text
1034,3655,2,occurs_in_speaker_text
2644,3655,1,occurs_in_speaker_text
1316,3655,1,occurs_in_speaker_text
856,3655,1,occurs_in_speaker_text
2342,3655,1,occurs_in_speaker_text
1417,3655,1,occurs_in_speaker_text
1464,3655,1,occurs_in_speaker_text
995,3655,1,occurs_in_speaker_text
347,3656,1,occurs_in_speaker_text
2360,3656,7,occurs_in_speaker_text
168,3656,1,occurs_in_speaker_text
2046,3656,1,occurs_in_speaker_text
2169,3656,1,occurs_in_speaker_text
853,3656,1,occurs_in_speaker_text
1766,3656,1,occurs_in_speaker_text
2328,3656,1,occurs_in_speaker_text
1444,3656,3,occurs_in_speaker_text
1316,3656,16,occurs_in_speaker_text
2477,3656,7,occurs_in_speaker_text
430,3656,1,occurs_in_speaker_text
666,3656,3,occurs_in_speaker_text
2462,3656,1,occurs_in_speaker_text
1608,3656,1,occurs_in_speaker_text
2380,3656,1,occurs_in_speaker_text
1034,3656,1,occurs_in_speaker_text
856,3656,4,occurs_in_speaker_text
1480,3656,1,occurs_in_speaker_text
918,3656,1,occurs_in_speaker_text
1659,3657,1,occurs_in_speaker_text
2095,3657,2,occurs_in_speaker_text
666,3657,7,occurs_in_speaker_text
2604,3657,1,occurs_in_speaker_text
752,3657,11,occurs_in_speaker_text
1366,3657,3,occurs_in_speaker_text
2360,3657,10,occurs_in_speaker_text
1193,3657,2,occurs_in_speaker_text
780,3657,7,occurs_in_speaker_text
1801,3657,1,occurs_in_speaker_text
1034,3657,15,occurs_in_speaker_text
3029,3657,1,occurs_in_speaker_text
2570,3657,1,occurs_in_speaker_text
2518,3657,6,occurs_in_speaker_text
616,3657,1,occurs_in_speaker_text
2531,3657,1,occurs_in_speaker_text
1558,3657,1,occurs_in_speaker_text
1104,3657,1,occurs_in_speaker_text
222,3657,5,occurs_in_speaker_text
395,3657,1,occurs_in_speaker_text
3017,3657,1,occurs_in_speaker_text
2477,3657,2,occurs_in_speaker_text
444,3657,1,occurs_in_speaker_text
1632,3657,1,occurs_in_speaker_text
1051,3657,2,occurs_in_speaker_text
1293,3657,1,occurs_in_speaker_text
1823,3657,2,occurs_in_speaker_text
281,3657,1,occurs_in_speaker_text
3096,3657,2,occurs_in_speaker_text
2274,3657,1,occurs_in_speaker_text
258,3657,1,occurs_in_speaker_text
2382,3657,1,occurs_in_speaker_text
1250,3657,1,occurs_in_speaker_text
3042,3657,1,occurs_in_speaker_text
891,3657,2,occurs_in_speaker_text
1516,3657,1,occurs_in_speaker_text
899,3657,2,occurs_in_speaker_text
1364,3657,1,occurs_in_speaker_text
2228,3657,1,occurs_in_speaker_text
856,3657,2,occurs_in_speaker_text
2108,3657,1,occurs_in_speaker_text
1185,3657,1,occurs_in_speaker_text
667,3657,1,occurs_in_speaker_text
1611,3657,1,occurs_in_speaker_text
445,3657,1,occurs_in_speaker_text
1034,3658,5,occurs_in_speaker_text
236,3658,1,occurs_in_speaker_text
1988,3658,1,occurs_in_speaker_text
666,3658,1,occurs_in_speaker_text
1854,3658,1,occurs_in_speaker_text
2360,3658,1,occurs_in_speaker_text
312,3658,1,occurs_in_speaker_text
1051,3659,17,occurs_in_speaker_text
64,3659,3,occurs_in_speaker_text
2477,3659,8,occurs_in_speaker_text
1876,3659,3,occurs_in_speaker_text
1823,3659,1,occurs_in_speaker_text
2747,3659,3,occurs_in_speaker_text
444,3659,5,occurs_in_speaker_text
1611,3659,3,occurs_in_speaker_text
1023,3659,1,occurs_in_speaker_text
144,3659,2,occurs_in_speaker_text
2360,3659,9,occurs_in_speaker_text
2095,3659,3,occurs_in_speaker_text
1238,3659,2,occurs_in_speaker_text
1280,3659,12,occurs_in_speaker_text
2328,3659,1,occurs_in_speaker_text
2805,3659,17,occurs_in_speaker_text
54,3659,2,occurs_in_speaker_text
1801,3659,7,occurs_in_speaker_text
2214,3659,3,occurs_in_speaker_text
891,3659,1,occurs_in_speaker_text
1989,3659,1,occurs_in_speaker_text
2709,3659,1,occurs_in_speaker_text
452,3659,1,occurs_in_speaker_text
2109,3659,1,occurs_in_speaker_text
341,3659,1,occurs_in_speaker_text
2108,3659,1,occurs_in_speaker_text
390,3659,1,occurs_in_speaker_text
1726,3659,1,occurs_in_speaker_text
2820,3659,2,occurs_in_speaker_text
1326,3659,1,occurs_in_speaker_text
455,3659,3,occurs_in_speaker_text
14,3659,3,occurs_in_speaker_text
1030,3659,1,occurs_in_speaker_text
940,3659,1,occurs_in_speaker_text
1036,3659,4,occurs_in_speaker_text
837,3659,1,occurs_in_speaker_text
258,3659,2,occurs_in_speaker_text
752,3659,2,occurs_in_speaker_text
666,3659,3,occurs_in_speaker_text
312,3659,1,occurs_in_speaker_text
1034,3659,3,occurs_in_speaker_text
2187,3659,1,occurs_in_speaker_text
2156,3659,1,occurs_in_speaker_text
856,3659,4,occurs_in_speaker_text
2753,3659,1,occurs_in_speaker_text
1993,3659,1,occurs_in_speaker_text
1193,3659,2,occurs_in_speaker_text
2260,3659,1,occurs_in_speaker_text
366,3659,1,occurs_in_speaker_text
1247,3659,1,occurs_in_speaker_text
3077,3659,1,occurs_in_speaker_text
722,3659,1,occurs_in_speaker_text
1250,3659,2,occurs_in_speaker_text
1528,3659,1,occurs_in_speaker_text
2274,3659,1,occurs_in_speaker_text
2380,3659,1,occurs_in_speaker_text
101,3659,1,occurs_in_speaker_text
3,3659,1,occurs_in_speaker_text
629,3659,1,occurs_in_speaker_text
780,3659,1,occurs_in_speaker_text
136,3659,1,occurs_in_speaker_text
2583,3659,1,occurs_in_speaker_text
2263,3659,1,occurs_in_speaker_text
876,3659,1,occurs_in_speaker_text
222,3660,4,occurs_in_speaker_text
3085,3660,1,occurs_in_speaker_text
274,3660,3,occurs_in_speaker_text
2477,3660,6,occurs_in_speaker_text
1051,3660,4,occurs_in_speaker_text
1034,3660,9,occurs_in_speaker_text
1076,3660,1,occurs_in_speaker_text
666,3660,1,occurs_in_speaker_text
1913,3660,1,occurs_in_speaker_text
1662,3660,1,occurs_in_speaker_text
2360,3660,1,occurs_in_speaker_text
1176,3660,1,occurs_in_speaker_text
2633,3660,9,occurs_in_speaker_text
1823,3660,1,occurs_in_speaker_text
752,3661,18,occurs_in_speaker_text
616,3661,7,occurs_in_speaker_text
710,3661,5,occurs_in_speaker_text
2996,3661,1,occurs_in_speaker_text
1965,3661,6,occurs_in_speaker_text
666,3661,23,occurs_in_speaker_text
2360,3661,5,occurs_in_speaker_text
3096,3661,2,occurs_in_speaker_text
222,3661,10,occurs_in_speaker_text
1034,3661,4,occurs_in_speaker_text
38,3661,1,occurs_in_speaker_text
1151,3661,1,occurs_in_speaker_text
1193,3661,2,occurs_in_speaker_text
2655,3661,1,occurs_in_speaker_text
1156,3661,2,occurs_in_speaker_text
2743,3661,1,occurs_in_speaker_text
468,3661,1,occurs_in_speaker_text
561,3661,1,occurs_in_speaker_text
496,3661,1,occurs_in_speaker_text
2445,3661,2,occurs_in_speaker_text
1263,3661,1,occurs_in_speaker_text
1499,3661,1,occurs_in_speaker_text
45,3661,1,occurs_in_speaker_text
1877,3661,1,occurs_in_speaker_text
666,3662,3,occurs_in_speaker_text
300,3662,1,occurs_in_speaker_text
1034,3662,6,occurs_in_speaker_text
667,3662,1,occurs_in_speaker_text
2602,3662,2,occurs_in_speaker_text
2846,3662,2,occurs_in_speaker_text
299,3662,1,occurs_in_speaker_text
1801,3662,1,occurs_in_speaker_text
1656,3662,1,occurs_in_speaker_text
1711,3662,1,occurs_in_speaker_text
222,3662,2,occurs_in_speaker_text
1263,3662,1,occurs_in_speaker_text
222,3663,2,occurs_in_speaker_text
1034,3663,10,occurs_in_speaker_text
666,3663,2,occurs_in_speaker_text
2123,3663,1,occurs_in_speaker_text
1051,3663,3,occurs_in_speaker_text
1520,3663,1,occurs_in_speaker_text
1739,3663,1,occurs_in_speaker_text
985,3663,2,occurs_in_speaker_text
1823,3663,1,occurs_in_speaker_text
2263,3663,2,occurs_in_speaker_text
2346,3663,3,occurs_in_speaker_text
1139,3663,1,occurs_in_speaker_text
1194,3663,1,occurs_in_speaker_text
2271,3663,2,occurs_in_speaker_text
218,3663,1,occurs_in_speaker_text
73,3663,1,occurs_in_speaker_text
1263,3663,1,occurs_in_speaker_text
2360,3663,1,occurs_in_speaker_text
1316,3663,1,occurs_in_speaker_text
1612,3663,1,occurs_in_speaker_text
2049,3663,1,occurs_in_speaker_text
2250,3663,1,occurs_in_speaker_text
2994,3663,1,occurs_in_speaker_text
667,3663,1,occurs_in_speaker_text
1051,3664,1,occurs_in_speaker_text
528,3664,1,occurs_in_speaker_text
1034,3664,3,occurs_in_speaker_text
445,3664,1,occurs_in_speaker_text
2539,3665,1,occurs_in_speaker_text
1034,3665,5,occurs_in_speaker_text
222,3665,3,occurs_in_speaker_text
1152,3665,1,occurs_in_speaker_text
2791,3665,1,occurs_in_speaker_text
219,3665,1,occurs_in_speaker_text
1642,3666,1,occurs_in_speaker_text
1193,3666,1,occurs_in_speaker_text
1801,3666,1,occurs_in_speaker_text
2360,3666,2,occurs_in_speaker_text
1034,3666,6,occurs_in_speaker_text
1263,3666,1,occurs_in_speaker_text
1051,3666,1,occurs_in_speaker_text
396,3666,2,occurs_in_speaker_text
2530,3666,1,occurs_in_speaker_text
891,3666,1,occurs_in_speaker_text
222,3666,1,occurs_in_speaker_text
666,3666,1,occurs_in_speaker_text
18,3666,1,occurs_in_speaker_text
667,3667,17,occurs_in_speaker_text
1823,3667,2,occurs_in_speaker_text
752,3667,7,occurs_in_speaker_text
1033,3667,3,occurs_in_speaker_text
52,3667,1,occurs_in_speaker_text
1051,3667,1,occurs_in_speaker_text
2254,3667,1,occurs_in_speaker_text
1732,3667,2,occurs_in_speaker_text
1193,3667,6,occurs_in_speaker_text
926,3667,1,occurs_in_speaker_text
2380,3667,2,occurs_in_speaker_text
2140,3667,1,occurs_in_speaker_text
1526,3667,3,occurs_in_speaker_text
50,3667,1,occurs_in_speaker_text
2071,3667,1,occurs_in_speaker_text
666,3667,6,occurs_in_speaker_text
1034,3667,12,occurs_in_speaker_text
2838,3667,1,occurs_in_speaker_text
1285,3667,1,occurs_in_speaker_text
1611,3667,1,occurs_in_speaker_text
1966,3667,3,occurs_in_speaker_text
168,3667,3,occurs_in_speaker_text
2311,3667,1,occurs_in_speaker_text
869,3667,1,occurs_in_speaker_text
2167,3667,1,occurs_in_speaker_text
2524,3667,1,occurs_in_speaker_text
524,3667,1,occurs_in_speaker_text
2360,3667,3,occurs_in_speaker_text
2391,3667,2,occurs_in_speaker_text
1308,3667,1,occurs_in_speaker_text
1059,3667,1,occurs_in_speaker_text
722,3667,2,occurs_in_speaker_text
1316,3667,2,occurs_in_speaker_text
1362,3667,1,occurs_in_speaker_text
2135,3667,5,occurs_in_speaker_text
313,3667,1,occurs_in_speaker_text
1704,3667,1,occurs_in_speaker_text
523,3667,1,occurs_in_speaker_text
2274,3667,1,occurs_in_speaker_text
1528,3667,1,occurs_in_speaker_text
932,3667,2,occurs_in_speaker_text
802,3667,1,occurs_in_speaker_text
222,3667,1,occurs_in_speaker_text
1999,3667,1,occurs_in_speaker_text
120,3667,1,occurs_in_speaker_text
1051,3668,3,occurs_in_speaker_text
1359,3668,1,occurs_in_speaker_text
1034,3668,6,occurs_in_speaker_text
2360,3668,1,occurs_in_speaker_text
1316,3668,1,occurs_in_speaker_text
2477,3669,2,occurs_in_speaker_text
1918,3669,1,occurs_in_speaker_text
2648,3669,1,occurs_in_speaker_text
2360,3669,1,occurs_in_speaker_text
2095,3669,3,occurs_in_speaker_text
1034,3669,2,occurs_in_speaker_text
2518,3669,1,occurs_in_speaker_text
62,3669,1,occurs_in_speaker_text
2328,3669,2,occurs_in_speaker_text
1326,3669,1,occurs_in_speaker_text
666,3669,1,occurs_in_speaker_text
1051,3669,1,occurs_in_speaker_text
3060,3669,1,occurs_in_speaker_text
2013,3669,1,occurs_in_speaker_text
2260,3669,1,occurs_in_speaker_text
1683,3669,1,occurs_in_speaker_text
1823,3669,2,occurs_in_speaker_text
2878,3669,1,occurs_in_speaker_text
2655,3669,1,occurs_in_speaker_text
2955,3669,1,occurs_in_speaker_text
1193,3669,1,occurs_in_speaker_text
666,3670,2,occurs_in_speaker_text
1193,3670,1,occurs_in_speaker_text
1051,3670,1,occurs_in_speaker_text
1771,3670,1,occurs_in_speaker_text
2477,3670,2,occurs_in_speaker_text
1034,3670,2,occurs_in_speaker_text
2602,3671,1,occurs_in_speaker_text
1958,3671,1,occurs_in_speaker_text
1034,3671,9,occurs_in_speaker_text
2878,3671,1,occurs_in_speaker_text
222,3671,3,occurs_in_speaker_text
313,3671,3,occurs_in_speaker_text
232,3671,1,occurs_in_speaker_text
752,3671,2,occurs_in_speaker_text
1193,3671,2,occurs_in_speaker_text
2391,3671,3,occurs_in_speaker_text
2254,3671,1,occurs_in_speaker_text
2022,3671,1,occurs_in_speaker_text
1001,3671,1,occurs_in_speaker_text
667,3671,1,occurs_in_speaker_text
1732,3671,1,occurs_in_speaker_text
1611,3671,2,occurs_in_speaker_text
1526,3671,1,occurs_in_speaker_text
1034,3672,22,occurs_in_speaker_text
222,3672,3,occurs_in_speaker_text
666,3672,10,occurs_in_speaker_text
266,3672,1,occurs_in_speaker_text
444,3672,2,occurs_in_speaker_text
856,3672,1,occurs_in_speaker_text
158,3672,1,occurs_in_speaker_text
2263,3672,7,occurs_in_speaker_text
2548,3672,1,occurs_in_speaker_text
2518,3672,2,occurs_in_speaker_text
1051,3672,2,occurs_in_speaker_text
1194,3672,2,occurs_in_speaker_text
1698,3672,1,occurs_in_speaker_text
1611,3672,3,occurs_in_speaker_text
370,3672,1,occurs_in_speaker_text
1035,3672,1,occurs_in_speaker_text
1263,3672,1,occurs_in_speaker_text
1823,3672,2,occurs_in_speaker_text
677,3672,1,occurs_in_speaker_text
2360,3672,1,occurs_in_speaker_text
891,3672,2,occurs_in_speaker_text
445,3672,1,occurs_in_speaker_text
2805,3672,1,occurs_in_speaker_text
1871,3672,1,occurs_in_speaker_text
1711,3672,1,occurs_in_speaker_text
2820,3672,1,occurs_in_speaker_text
2633,3672,1,occurs_in_speaker_text
316,3672,1,occurs_in_speaker_text
1656,3672,1,occurs_in_speaker_text
331,3672,2,occurs_in_speaker_text
183,3672,1,occurs_in_speaker_text
616,3672,1,occurs_in_speaker_text
2710,3672,1,occurs_in_speaker_text
1096,3672,1,occurs_in_speaker_text
1250,3672,1,occurs_in_speaker_text
1662,3672,1,occurs_in_speaker_text
222,3673,1,occurs_in_speaker_text
1034,3673,2,occurs_in_speaker_text
666,3673,1,occurs_in_speaker_text
222,3674,5,occurs_in_speaker_text
1034,3674,13,occurs_in_speaker_text
666,3674,7,occurs_in_speaker_text
2360,3674,4,occurs_in_speaker_text
1051,3674,1,occurs_in_speaker_text
1026,3674,1,occurs_in_speaker_text
1958,3674,1,occurs_in_speaker_text
1732,3674,1,occurs_in_speaker_text
642,3674,1,occurs_in_speaker_text
3016,3674,1,occurs_in_speaker_text
1685,3674,1,occurs_in_speaker_text
1543,3674,1,occurs_in_speaker_text
445,3674,2,occurs_in_speaker_text
479,3674,1,occurs_in_speaker_text
2360,3675,3,occurs_in_speaker_text
444,3675,4,occurs_in_speaker_text
2805,3675,4,occurs_in_speaker_text
2518,3675,4,occurs_in_speaker_text
856,3675,1,occurs_in_speaker_text
2643,3675,1,occurs_in_speaker_text
1034,3675,18,occurs_in_speaker_text
1509,3675,1,occurs_in_speaker_text
1823,3675,3,occurs_in_speaker_text
891,3675,3,occurs_in_speaker_text
1521,3675,1,occurs_in_speaker_text
808,3675,4,occurs_in_speaker_text
2095,3675,1,occurs_in_speaker_text
1988,3675,3,occurs_in_speaker_text
2391,3675,4,occurs_in_speaker_text
1611,3675,3,occurs_in_speaker_text
999,3675,1,occurs_in_speaker_text
2477,3675,4,occurs_in_speaker_text
666,3675,8,occurs_in_speaker_text
222,3675,2,occurs_in_speaker_text
1051,3675,3,occurs_in_speaker_text
525,3675,1,occurs_in_speaker_text
1194,3675,1,occurs_in_speaker_text
1250,3675,2,occurs_in_speaker_text
616,3675,2,occurs_in_speaker_text
445,3675,1,occurs_in_speaker_text
2837,3675,1,occurs_in_speaker_text
1924,3675,1,occurs_in_speaker_text
752,3675,11,occurs_in_speaker_text
2076,3675,1,occurs_in_speaker_text
1801,3675,2,occurs_in_speaker_text
667,3675,3,occurs_in_speaker_text
2604,3675,1,occurs_in_speaker_text
1829,3675,1,occurs_in_speaker_text
2064,3675,1,occurs_in_speaker_text
869,3675,1,occurs_in_speaker_text
1313,3675,1,occurs_in_speaker_text
1193,3675,3,occurs_in_speaker_text
1926,3675,1,occurs_in_speaker_text
1732,3675,1,occurs_in_speaker_text
961,3675,1,occurs_in_speaker_text
2108,3675,1,occurs_in_speaker_text
2722,3675,1,occurs_in_speaker_text
2297,3675,1,occurs_in_speaker_text
409,3675,2,occurs_in_speaker_text
2554,3675,1,occurs_in_speaker_text
136,3675,1,occurs_in_speaker_text
2034,3675,1,occurs_in_speaker_text
1034,3676,7,occurs_in_speaker_text
93,3676,1,occurs_in_speaker_text
666,3676,1,occurs_in_speaker_text
891,3676,1,occurs_in_speaker_text
1034,3677,4,occurs_in_speaker_text
1554,3677,1,occurs_in_speaker_text
627,3677,1,occurs_in_speaker_text
2477,3677,2,occurs_in_speaker_text
2547,3677,1,occurs_in_speaker_text
1357,3677,1,occurs_in_speaker_text
2177,3677,1,occurs_in_speaker_text
1631,3677,1,occurs_in_speaker_text
1051,3677,1,occurs_in_speaker_text
222,3677,1,occurs_in_speaker_text
1034,3678,3,occurs_in_speaker_text
1640,3678,1,occurs_in_speaker_text
666,3678,1,occurs_in_speaker_text
2466,3678,1,occurs_in_speaker_text
2360,3679,1,occurs_in_speaker_text
1034,3679,13,occurs_in_speaker_text
157,3679,1,occurs_in_speaker_text
2878,3679,1,occurs_in_speaker_text
666,3679,3,occurs_in_speaker_text
856,3679,2,occurs_in_speaker_text
1620,3679,1,occurs_in_speaker_text
1788,3679,1,occurs_in_speaker_text
2889,3679,2,occurs_in_speaker_text
1285,3679,1,occurs_in_speaker_text
1081,3679,1,occurs_in_speaker_text
2391,3679,1,occurs_in_speaker_text
2477,3679,8,occurs_in_speaker_text
2108,3679,1,occurs_in_speaker_text
981,3679,3,occurs_in_speaker_text
2254,3679,1,occurs_in_speaker_text
2518,3679,1,occurs_in_speaker_text
2274,3679,5,occurs_in_speaker_text
472,3679,1,occurs_in_speaker_text
2480,3679,1,occurs_in_speaker_text
14,3679,1,occurs_in_speaker_text
1827,3679,1,occurs_in_speaker_text
1034,3680,6,occurs_in_speaker_text
1051,3680,2,occurs_in_speaker_text
2765,3680,1,occurs_in_speaker_text
666,3680,1,occurs_in_speaker_text
232,3680,1,occurs_in_speaker_text
1235,3680,1,occurs_in_speaker_text
222,3680,5,occurs_in_speaker_text
1357,3681,1,occurs_in_speaker_text
14,3681,2,occurs_in_speaker_text
1641,3681,1,occurs_in_speaker_text
2765,3681,1,occurs_in_speaker_text
666,3681,1,occurs_in_speaker_text
1034,3681,5,occurs_in_speaker_text
1051,3681,1,occurs_in_speaker_text
642,3681,3,occurs_in_speaker_text
677,3681,1,occurs_in_speaker_text
222,3681,1,occurs_in_speaker_text
891,3681,1,occurs_in_speaker_text
1656,3681,1,occurs_in_speaker_text
2644,3682,3,occurs_in_speaker_text
222,3682,4,occurs_in_speaker_text
1034,3682,1,occurs_in_speaker_text
2548,3682,3,occurs_in_speaker_text
2034,3682,1,occurs_in_speaker_text
1801,3682,1,occurs_in_speaker_text
1293,3682,1,occurs_in_speaker_text
2177,3682,1,occurs_in_speaker_text
2477,3683,1,occurs_in_speaker_text
1034,3683,1,occurs_in_speaker_text
2017,3683,1,occurs_in_speaker_text
2050,3683,1,occurs_in_speaker_text
2269,3683,1,occurs_in_speaker_text
222,3683,1,occurs_in_speaker_text
222,3684,2,occurs_in_speaker_text
1034,3684,4,occurs_in_speaker_text
891,3684,1,occurs_in_speaker_text
2076,3684,1,occurs_in_speaker_text
1130,3684,1,occurs_in_speaker_text
1034,3685,19,occurs_in_speaker_text
2477,3685,7,occurs_in_speaker_text
2664,3685,1,occurs_in_speaker_text
2696,3685,2,occurs_in_speaker_text
2805,3685,1,occurs_in_speaker_text
445,3685,1,occurs_in_speaker_text
222,3685,12,occurs_in_speaker_text
1978,3685,1,occurs_in_speaker_text
2254,3685,1,occurs_in_speaker_text
12,3685,1,occurs_in_speaker_text
1656,3685,12,occurs_in_speaker_text
1194,3685,1,occurs_in_speaker_text
1266,3685,1,occurs_in_speaker_text
666,3685,3,occurs_in_speaker_text
2832,3685,1,occurs_in_speaker_text
1193,3685,1,occurs_in_speaker_text
677,3685,1,occurs_in_speaker_text
891,3685,3,occurs_in_speaker_text
1823,3685,2,occurs_in_speaker_text
752,3685,1,occurs_in_speaker_text
3038,3685,1,occurs_in_speaker_text
2307,3685,1,occurs_in_speaker_text
2506,3685,1,occurs_in_speaker_text
2604,3685,1,occurs_in_speaker_text
1913,3685,1,occurs_in_speaker_text
1051,3686,19,occurs_in_speaker_text
666,3686,39,occurs_in_speaker_text
2477,3686,58,occurs_in_speaker_text
722,3686,3,occurs_in_speaker_text
2101,3686,1,occurs_in_speaker_text
1669,3686,2,occurs_in_speaker_text
2095,3686,7,occurs_in_speaker_text
561,3686,1,occurs_in_speaker_text
1656,3686,17,occurs_in_speaker_text
2805,3686,5,occurs_in_speaker_text
1871,3686,2,occurs_in_speaker_text
1238,3686,3,occurs_in_speaker_text
494,3686,1,occurs_in_speaker_text
1480,3686,2,occurs_in_speaker_text
3096,3686,1,occurs_in_speaker_text
1034,3686,18,occurs_in_speaker_text
833,3686,1,occurs_in_speaker_text
2166,3686,1,occurs_in_speaker_text
2360,3686,12,occurs_in_speaker_text
1422,3686,3,occurs_in_speaker_text
2533,3686,1,occurs_in_speaker_text
1676,3686,1,occurs_in_speaker_text
444,3686,7,occurs_in_speaker_text
1193,3686,1,occurs_in_speaker_text
1434,3686,2,occurs_in_speaker_text
3071,3686,1,occurs_in_speaker_text
2878,3686,1,occurs_in_speaker_text
856,3686,1,occurs_in_speaker_text
222,3686,4,occurs_in_speaker_text
1611,3686,2,occurs_in_speaker_text
420,3686,1,occurs_in_speaker_text
1212,3686,1,occurs_in_speaker_text
1364,3686,1,occurs_in_speaker_text
2695,3686,1,occurs_in_speaker_text
1195,3686,12,occurs_in_speaker_text
1876,3686,2,occurs_in_speaker_text
1003,3686,1,occurs_in_speaker_text
795,3686,1,occurs_in_speaker_text
2050,3686,1,occurs_in_speaker_text
752,3686,5,occurs_in_speaker_text
751,3686,1,occurs_in_speaker_text
1250,3686,2,occurs_in_speaker_text
1759,3686,1,occurs_in_speaker_text
2604,3686,1,occurs_in_speaker_text
1276,3686,1,occurs_in_speaker_text
2518,3686,2,occurs_in_speaker_text
891,3686,1,occurs_in_speaker_text
2228,3686,2,occurs_in_speaker_text
2816,3686,1,occurs_in_speaker_text
637,3686,1,occurs_in_speaker_text
42,3686,1,occurs_in_speaker_text
2999,3686,1,occurs_in_speaker_text
79,3686,1,occurs_in_speaker_text
1823,3686,1,occurs_in_speaker_text
1054,3686,1,occurs_in_speaker_text
1477,3686,1,occurs_in_speaker_text
2825,3686,1,occurs_in_speaker_text
1127,3686,1,occurs_in_speaker_text
2209,3686,1,occurs_in_speaker_text
2554,3686,1,occurs_in_speaker_text
2108,3686,2,occurs_in_speaker_text
3012,3686,1,occurs_in_speaker_text
1926,3686,1,occurs_in_speaker_text
2779,3686,1,occurs_in_speaker_text
2790,3686,1,occurs_in_speaker_text
168,3686,1,occurs_in_speaker_text
1989,3686,2,occurs_in_speaker_text
3007,3686,1,occurs_in_speaker_text
932,3686,1,occurs_in_speaker_text
1816,3686,1,occurs_in_speaker_text
2624,3686,1,occurs_in_speaker_text
1801,3686,1,occurs_in_speaker_text
1913,3686,1,occurs_in_speaker_text
222,3687,4,occurs_in_speaker_text
2477,3687,13,occurs_in_speaker_text
2251,3687,15,occurs_in_speaker_text
808,3687,1,occurs_in_speaker_text
2093,3687,3,occurs_in_speaker_text
1034,3687,11,occurs_in_speaker_text
1357,3687,1,occurs_in_speaker_text
443,3687,17,occurs_in_speaker_text
891,3687,1,occurs_in_speaker_text
2499,3687,1,occurs_in_speaker_text
445,3687,1,occurs_in_speaker_text
666,3687,1,occurs_in_speaker_text
1314,3687,3,occurs_in_speaker_text
752,3687,2,occurs_in_speaker_text
667,3687,1,occurs_in_speaker_text
1899,3688,1,occurs_in_speaker_text
1924,3688,1,occurs_in_speaker_text
266,3688,1,occurs_in_speaker_text
1034,3688,11,occurs_in_speaker_text
2249,3688,1,occurs_in_speaker_text
2034,3688,1,occurs_in_speaker_text
2878,3688,1,occurs_in_speaker_text
241,3688,4,occurs_in_speaker_text
2108,3688,1,occurs_in_speaker_text
222,3688,2,occurs_in_speaker_text
891,3688,1,occurs_in_speaker_text
982,3688,1,occurs_in_speaker_text
2186,3688,1,occurs_in_speaker_text
2346,3688,1,occurs_in_speaker_text
666,3688,1,occurs_in_speaker_text
752,3689,2,occurs_in_speaker_text
2145,3689,1,occurs_in_speaker_text
666,3689,1,occurs_in_speaker_text
2477,3689,1,occurs_in_speaker_text
2309,3689,1,occurs_in_speaker_text
1034,3689,1,occurs_in_speaker_text
1823,3690,3,occurs_in_speaker_text
2477,3690,34,occurs_in_speaker_text
2554,3690,2,occurs_in_speaker_text
667,3690,6,occurs_in_speaker_text
1034,3690,31,occurs_in_speaker_text
666,3690,15,occurs_in_speaker_text
476,3690,1,occurs_in_speaker_text
2360,3690,19,occurs_in_speaker_text
981,3690,2,occurs_in_speaker_text
2518,3690,4,occurs_in_speaker_text
1266,3690,9,occurs_in_speaker_text
444,3690,14,occurs_in_speaker_text
2051,3690,1,occurs_in_speaker_text
1074,3690,1,occurs_in_speaker_text
1656,3690,8,occurs_in_speaker_text
2633,3690,3,occurs_in_speaker_text
1051,3690,15,occurs_in_speaker_text
14,3690,2,occurs_in_speaker_text
222,3690,8,occurs_in_speaker_text
891,3690,4,occurs_in_speaker_text
1762,3690,1,occurs_in_speaker_text
2655,3690,3,occurs_in_speaker_text
1611,3690,4,occurs_in_speaker_text
1212,3690,2,occurs_in_speaker_text
1263,3690,1,occurs_in_speaker_text
752,3690,3,occurs_in_speaker_text
2391,3690,2,occurs_in_speaker_text
71,3690,1,occurs_in_speaker_text
2805,3690,3,occurs_in_speaker_text
1801,3690,2,occurs_in_speaker_text
241,3690,1,occurs_in_speaker_text
856,3690,3,occurs_in_speaker_text
1464,3690,1,occurs_in_speaker_text
722,3690,2,occurs_in_speaker_text
2559,3690,1,occurs_in_speaker_text
932,3690,2,occurs_in_speaker_text
1568,3690,1,occurs_in_speaker_text
1130,3690,1,occurs_in_speaker_text
999,3690,1,occurs_in_speaker_text
2095,3690,4,occurs_in_speaker_text
1003,3690,1,occurs_in_speaker_text
1732,3690,10,occurs_in_speaker_text
2790,3690,1,occurs_in_speaker_text
3032,3690,1,occurs_in_speaker_text
2602,3690,1,occurs_in_speaker_text
1194,3690,2,occurs_in_speaker_text
245,3690,1,occurs_in_speaker_text
3096,3690,1,occurs_in_speaker_text
1324,3690,1,occurs_in_speaker_text
2130,3690,1,occurs_in_speaker_text
1193,3690,2,occurs_in_speaker_text
2878,3690,1,occurs_in_speaker_text
1260,3690,1,occurs_in_speaker_text
52,3690,2,occurs_in_speaker_text
1567,3690,1,occurs_in_speaker_text
2050,3690,1,occurs_in_speaker_text
264,3690,1,occurs_in_speaker_text
850,3690,5,occurs_in_speaker_text
780,3690,1,occurs_in_speaker_text
2108,3690,1,occurs_in_speaker_text
3026,3690,1,occurs_in_speaker_text
1023,3690,1,occurs_in_speaker_text
1238,3690,1,occurs_in_speaker_text
2380,3690,1,occurs_in_speaker_text
400,3690,1,occurs_in_speaker_text
2461,3690,2,occurs_in_speaker_text
2955,3690,2,occurs_in_speaker_text
2328,3690,1,occurs_in_speaker_text
1259,3690,1,occurs_in_speaker_text
1876,3690,2,occurs_in_speaker_text
122,3690,1,occurs_in_speaker_text
2186,3690,1,occurs_in_speaker_text
246,3690,1,occurs_in_speaker_text
1034,3691,12,occurs_in_speaker_text
222,3691,6,occurs_in_speaker_text
2548,3691,1,occurs_in_speaker_text
1051,3691,1,occurs_in_speaker_text
666,3691,3,occurs_in_speaker_text
891,3691,1,occurs_in_speaker_text
667,3691,1,occurs_in_speaker_text
1193,3691,2,occurs_in_speaker_text
2604,3691,1,occurs_in_speaker_text
1610,3692,1,occurs_in_speaker_text
1034,3692,12,occurs_in_speaker_text
666,3692,5,occurs_in_speaker_text
1280,3692,1,occurs_in_speaker_text
1641,3692,2,occurs_in_speaker_text
2263,3692,1,occurs_in_speaker_text
2518,3692,2,occurs_in_speaker_text
1589,3692,2,occurs_in_speaker_text
1330,3692,1,occurs_in_speaker_text
3092,3692,1,occurs_in_speaker_text
331,3692,2,occurs_in_speaker_text
220,3692,1,occurs_in_speaker_text
2360,3692,5,occurs_in_speaker_text
222,3692,2,occurs_in_speaker_text
1250,3692,14,occurs_in_speaker_text
1193,3692,1,occurs_in_speaker_text
1464,3692,2,occurs_in_speaker_text
891,3692,1,occurs_in_speaker_text
981,3692,1,occurs_in_speaker_text
445,3692,1,occurs_in_speaker_text
932,3692,2,occurs_in_speaker_text
1194,3692,1,occurs_in_speaker_text
2805,3692,1,occurs_in_speaker_text
2477,3692,1,occurs_in_speaker_text
616,3692,2,occurs_in_speaker_text
444,3692,1,occurs_in_speaker_text
1846,3692,1,occurs_in_speaker_text
2646,3692,1,occurs_in_speaker_text
1732,3692,1,occurs_in_speaker_text
1268,3692,1,occurs_in_speaker_text
1871,3692,1,occurs_in_speaker_text
1034,3693,5,occurs_in_speaker_text
222,3693,3,occurs_in_speaker_text
752,3693,1,occurs_in_speaker_text
666,3693,2,occurs_in_speaker_text
391,3693,1,occurs_in_speaker_text
93,3693,1,occurs_in_speaker_text
1662,3693,1,occurs_in_speaker_text
2034,3694,2,occurs_in_speaker_text
1034,3694,6,occurs_in_speaker_text
666,3694,1,occurs_in_speaker_text
2507,3695,1,occurs_in_speaker_text
222,3695,8,occurs_in_speaker_text
1193,3695,1,occurs_in_speaker_text
2348,3695,1,occurs_in_speaker_text
667,3696,6,occurs_in_speaker_text
2391,3696,8,occurs_in_speaker_text
932,3696,1,occurs_in_speaker_text
3096,3696,1,occurs_in_speaker_text
295,3696,1,occurs_in_speaker_text
1051,3696,1,occurs_in_speaker_text
666,3696,1,occurs_in_speaker_text
52,3696,2,occurs_in_speaker_text
1034,3696,5,occurs_in_speaker_text
241,3696,1,occurs_in_speaker_text
900,3696,1,occurs_in_speaker_text
2254,3696,3,occurs_in_speaker_text
2878,3696,1,occurs_in_speaker_text
1366,3696,1,occurs_in_speaker_text
1194,3696,1,occurs_in_speaker_text
2774,3696,1,occurs_in_speaker_text
222,3696,2,occurs_in_speaker_text
2209,3696,1,occurs_in_speaker_text
1589,3697,1,occurs_in_speaker_text
52,3697,1,occurs_in_speaker_text
2345,3697,1,occurs_in_speaker_text
1034,3697,2,occurs_in_speaker_text
2633,3697,1,occurs_in_speaker_text
2655,3697,1,occurs_in_speaker_text
1947,3697,1,occurs_in_speaker_text
1051,3697,3,occurs_in_speaker_text
2805,3697,5,occurs_in_speaker_text
666,3697,1,occurs_in_speaker_text
1918,3698,5,occurs_in_speaker_text
3006,3698,1,occurs_in_speaker_text
2604,3698,2,occurs_in_speaker_text
2477,3698,2,occurs_in_speaker_text
226,3698,1,occurs_in_speaker_text
1339,3698,1,occurs_in_speaker_text
206,3698,2,occurs_in_speaker_text
2878,3698,2,occurs_in_speaker_text
666,3698,9,occurs_in_speaker_text
1291,3698,1,occurs_in_speaker_text
891,3698,4,occurs_in_speaker_text
752,3698,8,occurs_in_speaker_text
1793,3698,1,occurs_in_speaker_text
1582,3698,1,occurs_in_speaker_text
2435,3698,1,occurs_in_speaker_text
2380,3698,1,occurs_in_speaker_text
1094,3698,1,occurs_in_speaker_text
1656,3698,1,occurs_in_speaker_text
1801,3698,3,occurs_in_speaker_text
2326,3698,1,occurs_in_speaker_text
2710,3698,1,occurs_in_speaker_text
1250,3698,5,occurs_in_speaker_text
2177,3698,2,occurs_in_speaker_text
2360,3698,3,occurs_in_speaker_text
1366,3698,4,occurs_in_speaker_text
1836,3698,1,occurs_in_speaker_text
1221,3698,3,occurs_in_speaker_text
2412,3698,14,occurs_in_speaker_text
1388,3698,1,occurs_in_speaker_text
768,3698,1,occurs_in_speaker_text
880,3698,1,occurs_in_speaker_text
122,3698,1,occurs_in_speaker_text
269,3698,1,occurs_in_speaker_text
1034,3698,5,occurs_in_speaker_text
869,3698,2,occurs_in_speaker_text
2655,3698,2,occurs_in_speaker_text
846,3698,9,occurs_in_speaker_text
258,3698,2,occurs_in_speaker_text
970,3698,1,occurs_in_speaker_text
1731,3698,1,occurs_in_speaker_text
856,3698,3,occurs_in_speaker_text
280,3698,1,occurs_in_speaker_text
1051,3698,3,occurs_in_speaker_text
667,3698,1,occurs_in_speaker_text
722,3698,1,occurs_in_speaker_text
2513,3698,1,occurs_in_speaker_text
409,3698,2,occurs_in_speaker_text
1823,3698,5,occurs_in_speaker_text
962,3698,1,occurs_in_speaker_text
1781,3698,3,occurs_in_speaker_text
1347,3698,1,occurs_in_speaker_text
1501,3698,1,occurs_in_speaker_text
1599,3698,1,occurs_in_speaker_text
1426,3698,1,occurs_in_speaker_text
2518,3698,1,occurs_in_speaker_text
2727,3698,1,occurs_in_speaker_text
150,3698,1,occurs_in_speaker_text
3096,3698,1,occurs_in_speaker_text
1050,3698,1,occurs_in_speaker_text
2519,3698,1,occurs_in_speaker_text
591,3698,1,occurs_in_speaker_text
1631,3698,1,occurs_in_speaker_text
222,3698,1,occurs_in_speaker_text
395,3698,1,occurs_in_speaker_text
3088,3698,1,occurs_in_speaker_text
2051,3698,1,occurs_in_speaker_text
849,3698,1,occurs_in_speaker_text
1924,3698,1,occurs_in_speaker_text
111,3698,2,occurs_in_speaker_text
1008,3698,1,occurs_in_speaker_text
1643,3698,1,occurs_in_speaker_text
1034,3699,11,occurs_in_speaker_text
722,3699,1,occurs_in_speaker_text
3085,3699,2,occurs_in_speaker_text
666,3699,2,occurs_in_speaker_text
234,3700,2,occurs_in_speaker_text
222,3700,7,occurs_in_speaker_text
2548,3700,1,occurs_in_speaker_text
1034,3700,3,occurs_in_speaker_text
2360,3700,4,occurs_in_speaker_text
2410,3700,1,occurs_in_speaker_text
1755,3700,1,occurs_in_speaker_text
2263,3700,1,occurs_in_speaker_text
1051,3700,2,occurs_in_speaker_text
1316,3700,1,occurs_in_speaker_text
1003,3700,1,occurs_in_speaker_text
2105,3700,2,occurs_in_speaker_text
2393,3700,1,occurs_in_speaker_text
1876,3700,1,occurs_in_speaker_text
1610,3700,1,occurs_in_speaker_text
2819,3700,1,occurs_in_speaker_text
1194,3701,5,occurs_in_speaker_text
1051,3701,7,occurs_in_speaker_text
2360,3701,2,occurs_in_speaker_text
382,3701,1,occurs_in_speaker_text
2234,3701,1,occurs_in_speaker_text
1366,3701,1,occurs_in_speaker_text
666,3701,5,occurs_in_speaker_text
2302,3701,1,occurs_in_speaker_text
1034,3701,12,occurs_in_speaker_text
2859,3701,2,occurs_in_speaker_text
2082,3701,1,occurs_in_speaker_text
222,3701,1,occurs_in_speaker_text
1193,3701,1,occurs_in_speaker_text
2391,3701,1,occurs_in_speaker_text
891,3701,1,occurs_in_speaker_text
2477,3701,2,occurs_in_speaker_text
511,3701,1,occurs_in_speaker_text
2878,3701,1,occurs_in_speaker_text
534,3701,1,occurs_in_speaker_text
2518,3701,2,occurs_in_speaker_text
1870,3701,1,occurs_in_speaker_text
2805,3701,2,occurs_in_speaker_text
545,3701,1,occurs_in_speaker_text
3047,3701,1,occurs_in_speaker_text
616,3701,2,occurs_in_speaker_text
1250,3701,1,occurs_in_speaker_text
2604,3701,1,occurs_in_speaker_text
1434,3701,1,occurs_in_speaker_text
1709,3701,1,occurs_in_speaker_text
1034,3702,13,occurs_in_speaker_text
946,3702,6,occurs_in_speaker_text
1051,3702,3,occurs_in_speaker_text
981,3702,1,occurs_in_speaker_text
2274,3702,5,occurs_in_speaker_text
445,3702,1,occurs_in_speaker_text
2629,3702,1,occurs_in_speaker_text
752,3702,5,occurs_in_speaker_text
1357,3702,1,occurs_in_speaker_text
2548,3702,1,occurs_in_speaker_text
2380,3702,1,occurs_in_speaker_text
1876,3702,2,occurs_in_speaker_text
2095,3702,1,occurs_in_speaker_text
314,3702,1,occurs_in_speaker_text
666,3702,1,occurs_in_speaker_text
2135,3702,1,occurs_in_speaker_text
2805,3702,1,occurs_in_speaker_text
627,3702,1,occurs_in_speaker_text
2604,3703,1,occurs_in_speaker_text
1498,3703,2,occurs_in_speaker_text
2477,3703,1,occurs_in_speaker_text
1263,3703,1,occurs_in_speaker_text
1250,3703,1,occurs_in_speaker_text
1034,3703,2,occurs_in_speaker_text
3081,3703,1,occurs_in_speaker_text
1034,3704,2,occurs_in_speaker_text
2050,3704,2,occurs_in_speaker_text
2095,3704,1,occurs_in_speaker_text
2477,3704,2,occurs_in_speaker_text
1316,3704,1,occurs_in_speaker_text
1656,3704,1,occurs_in_speaker_text
1576,3704,1,occurs_in_speaker_text
1209,3704,1,occurs_in_speaker_text
2064,3704,1,occurs_in_speaker_text
2297,3704,1,occurs_in_speaker_text
1918,3704,2,occurs_in_speaker_text
122,3704,1,occurs_in_speaker_text
1359,3704,2,occurs_in_speaker_text
1417,3704,1,occurs_in_speaker_text
1732,3704,1,occurs_in_speaker_text
891,3704,1,occurs_in_speaker_text
1414,3704,1,occurs_in_speaker_text
1293,3704,1,occurs_in_speaker_text
666,3704,1,occurs_in_speaker_text
1522,3704,2,occurs_in_speaker_text
977,3704,1,occurs_in_speaker_text
780,3704,1,occurs_in_speaker_text
666,3705,1,occurs_in_speaker_text
1034,3706,2,occurs_in_speaker_text
616,3706,18,occurs_in_speaker_text
2118,3706,2,occurs_in_speaker_text
222,3706,1,occurs_in_speaker_text
2539,3706,1,occurs_in_speaker_text
981,3706,2,occurs_in_speaker_text
445,3706,1,occurs_in_speaker_text
856,3706,1,occurs_in_speaker_text
666,3706,6,occurs_in_speaker_text
2412,3706,9,occurs_in_speaker_text
2274,3706,1,occurs_in_speaker_text
2805,3706,6,occurs_in_speaker_text
1366,3706,1,occurs_in_speaker_text
258,3706,1,occurs_in_speaker_text
752,3706,10,occurs_in_speaker_text
409,3706,1,occurs_in_speaker_text
1250,3706,1,occurs_in_speaker_text
849,3706,1,occurs_in_speaker_text
2302,3706,1,occurs_in_speaker_text
608,3706,1,occurs_in_speaker_text
2384,3706,1,occurs_in_speaker_text
985,3706,2,occurs_in_speaker_text
1316,3706,2,occurs_in_speaker_text
667,3706,2,occurs_in_speaker_text
2781,3706,2,occurs_in_speaker_text
1501,3706,1,occurs_in_speaker_text
1193,3706,1,occurs_in_speaker_text
1823,3706,2,occurs_in_speaker_text
1548,3706,1,occurs_in_speaker_text
659,3706,1,occurs_in_speaker_text
3092,3706,1,occurs_in_speaker_text
2518,3706,1,occurs_in_speaker_text
222,3707,11,occurs_in_speaker_text
1328,3707,1,occurs_in_speaker_text
1051,3707,2,occurs_in_speaker_text
666,3707,10,occurs_in_speaker_text
891,3707,3,occurs_in_speaker_text
158,3707,1,occurs_in_speaker_text
1677,3707,1,occurs_in_speaker_text
752,3707,1,occurs_in_speaker_text
2430,3707,1,occurs_in_speaker_text
1034,3707,11,occurs_in_speaker_text
2874,3707,1,occurs_in_speaker_text
681,3707,1,occurs_in_speaker_text
1843,3707,1,occurs_in_speaker_text
2477,3707,1,occurs_in_speaker_text
2684,3707,2,occurs_in_speaker_text
2878,3707,1,occurs_in_speaker_text
1553,3707,1,occurs_in_speaker_text
1176,3707,1,occurs_in_speaker_text
2633,3708,4,occurs_in_speaker_text
2366,3708,6,occurs_in_speaker_text
287,3708,1,occurs_in_speaker_text
1034,3708,3,occurs_in_speaker_text
222,3708,1,occurs_in_speaker_text
2993,3708,1,occurs_in_speaker_text
1083,3708,3,occurs_in_speaker_text
2890,3708,1,occurs_in_speaker_text
1030,3708,7,occurs_in_speaker_text
922,3708,1,occurs_in_speaker_text
1903,3708,1,occurs_in_speaker_text
2583,3708,1,occurs_in_speaker_text
856,3708,1,occurs_in_speaker_text
1641,3708,1,occurs_in_speaker_text
2360,3708,1,occurs_in_speaker_text
1034,3709,14,occurs_in_speaker_text
844,3709,4,occurs_in_speaker_text
2095,3709,4,occurs_in_speaker_text
2515,3709,1,occurs_in_speaker_text
1823,3709,2,occurs_in_speaker_text
856,3709,1,occurs_in_speaker_text
722,3709,1,occurs_in_speaker_text
666,3709,5,occurs_in_speaker_text
2157,3709,1,occurs_in_speaker_text
2360,3709,5,occurs_in_speaker_text
2086,3709,1,occurs_in_speaker_text
810,3709,1,occurs_in_speaker_text
1704,3709,1,occurs_in_speaker_text
670,3709,1,occurs_in_speaker_text
1051,3709,2,occurs_in_speaker_text
752,3709,3,occurs_in_speaker_text
1212,3709,2,occurs_in_speaker_text
2919,3709,1,occurs_in_speaker_text
1193,3709,1,occurs_in_speaker_text
1390,3709,1,occurs_in_speaker_text
2139,3709,1,occurs_in_speaker_text
222,3709,1,occurs_in_speaker_text
1316,3709,1,occurs_in_speaker_text
231,3709,1,occurs_in_speaker_text
1250,3709,1,occurs_in_speaker_text
525,3709,1,occurs_in_speaker_text
477,3709,1,occurs_in_speaker_text
945,3709,1,occurs_in_speaker_text
780,3709,1,occurs_in_speaker_text
2708,3710,1,occurs_in_speaker_text
1051,3710,2,occurs_in_speaker_text
251,3710,1,occurs_in_speaker_text
2878,3710,1,occurs_in_speaker_text
1000,3710,1,occurs_in_speaker_text
1205,3710,1,occurs_in_speaker_text
654,3710,1,occurs_in_speaker_text
222,3710,2,occurs_in_speaker_text
722,3711,2,occurs_in_speaker_text
1051,3711,4,occurs_in_speaker_text
1034,3711,17,occurs_in_speaker_text
2999,3711,2,occurs_in_speaker_text
2391,3711,1,occurs_in_speaker_text
2643,3711,1,occurs_in_speaker_text
2076,3711,1,occurs_in_speaker_text
2878,3711,2,occurs_in_speaker_text
334,3711,1,occurs_in_speaker_text
2280,3711,1,occurs_in_speaker_text
2633,3711,2,occurs_in_speaker_text
1611,3711,1,occurs_in_speaker_text
780,3711,1,occurs_in_speaker_text
222,3711,2,occurs_in_speaker_text
856,3711,1,occurs_in_speaker_text
666,3711,4,occurs_in_speaker_text
1359,3711,1,occurs_in_speaker_text
395,3711,1,occurs_in_speaker_text
2412,3711,1,occurs_in_speaker_text
130,3711,1,occurs_in_speaker_text
2477,3711,11,occurs_in_speaker_text
1704,3711,1,occurs_in_speaker_text
1193,3711,1,occurs_in_speaker_text
2518,3711,3,occurs_in_speaker_text
1202,3711,1,occurs_in_speaker_text
1263,3711,1,occurs_in_speaker_text
2328,3711,1,occurs_in_speaker_text
1656,3711,1,occurs_in_speaker_text
1595,3711,1,occurs_in_speaker_text
2554,3711,2,occurs_in_speaker_text
1732,3711,8,occurs_in_speaker_text
1988,3711,1,occurs_in_speaker_text
752,3711,1,occurs_in_speaker_text
1238,3711,1,occurs_in_speaker_text
2360,3711,1,occurs_in_speaker_text
850,3711,1,occurs_in_speaker_text
1569,3712,1,occurs_in_speaker_text
1988,3712,4,occurs_in_speaker_text
1876,3712,4,occurs_in_speaker_text
1212,3712,1,occurs_in_speaker_text
1034,3712,13,occurs_in_speaker_text
241,3712,1,occurs_in_speaker_text
1641,3712,7,occurs_in_speaker_text
1631,3712,1,occurs_in_speaker_text
2265,3712,1,occurs_in_speaker_text
2360,3712,6,occurs_in_speaker_text
2095,3712,1,occurs_in_speaker_text
142,3712,1,occurs_in_speaker_text
666,3712,9,occurs_in_speaker_text
2165,3712,6,occurs_in_speaker_text
2650,3712,2,occurs_in_speaker_text
1193,3712,3,occurs_in_speaker_text
1553,3712,1,occurs_in_speaker_text
667,3712,2,occurs_in_speaker_text
752,3712,9,occurs_in_speaker_text
899,3712,1,occurs_in_speaker_text
279,3712,3,occurs_in_speaker_text
2217,3712,4,occurs_in_speaker_text
1801,3712,2,occurs_in_speaker_text
2468,3712,1,occurs_in_speaker_text
1143,3712,2,occurs_in_speaker_text
609,3712,1,occurs_in_speaker_text
2521,3712,1,occurs_in_speaker_text
1051,3712,4,occurs_in_speaker_text
1615,3712,6,occurs_in_speaker_text
638,3712,1,occurs_in_speaker_text
2999,3712,1,occurs_in_speaker_text
2633,3712,5,occurs_in_speaker_text
1745,3712,1,occurs_in_speaker_text
2380,3712,1,occurs_in_speaker_text
1250,3712,4,occurs_in_speaker_text
225,3712,1,occurs_in_speaker_text
2477,3712,5,occurs_in_speaker_text
1310,3712,1,occurs_in_speaker_text
175,3712,1,occurs_in_speaker_text
213,3712,1,occurs_in_speaker_text
1093,3712,1,occurs_in_speaker_text
2254,3712,1,occurs_in_speaker_text
381,3712,1,occurs_in_speaker_text
1892,3712,1,occurs_in_speaker_text
313,3712,1,occurs_in_speaker_text
3096,3712,2,occurs_in_speaker_text
333,3712,1,occurs_in_speaker_text
552,3712,1,occurs_in_speaker_text
1905,3712,1,occurs_in_speaker_text
2684,3712,1,occurs_in_speaker_text
1451,3712,1,occurs_in_speaker_text
417,3712,1,occurs_in_speaker_text
2518,3712,1,occurs_in_speaker_text
1611,3712,1,occurs_in_speaker_text
2604,3712,1,occurs_in_speaker_text
1783,3712,1,occurs_in_speaker_text
2191,3712,1,occurs_in_speaker_text
221,3712,1,occurs_in_speaker_text
2786,3712,2,occurs_in_speaker_text
722,3712,1,occurs_in_speaker_text
994,3712,1,occurs_in_speaker_text
1263,3712,1,occurs_in_speaker_text
814,3712,1,occurs_in_speaker_text
2108,3712,2,occurs_in_speaker_text
2751,3712,1,occurs_in_speaker_text
1074,3712,1,occurs_in_speaker_text
391,3712,3,occurs_in_speaker_text
74,3712,1,occurs_in_speaker_text
1480,3712,1,occurs_in_speaker_text
2412,3712,1,occurs_in_speaker_text
208,3712,1,occurs_in_speaker_text
2805,3712,1,occurs_in_speaker_text
14,3712,3,occurs_in_speaker_text
52,3712,1,occurs_in_speaker_text
443,3712,1,occurs_in_speaker_text
2050,3712,1,occurs_in_speaker_text
271,3712,4,occurs_in_speaker_text
419,3712,1,occurs_in_speaker_text
1133,3712,2,occurs_in_speaker_text
1851,3712,1,occurs_in_speaker_text
1974,3712,2,occurs_in_speaker_text
2061,3712,1,occurs_in_speaker_text
2681,3712,1,occurs_in_speaker_text
1001,3712,1,occurs_in_speaker_text
1622,3712,1,occurs_in_speaker_text
2495,3712,1,occurs_in_speaker_text
1427,3712,1,occurs_in_speaker_text
1222,3712,1,occurs_in_speaker_text
2328,3712,1,occurs_in_speaker_text
1823,3712,1,occurs_in_speaker_text
2179,3712,1,occurs_in_speaker_text
932,3712,1,occurs_in_speaker_text
1912,3712,1,occurs_in_speaker_text
776,3712,1,occurs_in_speaker_text
1437,3712,1,occurs_in_speaker_text
905,3712,1,occurs_in_speaker_text
2936,3712,1,occurs_in_speaker_text
1366,3712,1,occurs_in_speaker_text
2160,3712,1,occurs_in_speaker_text
1906,3712,1,occurs_in_speaker_text
1051,3713,3,occurs_in_speaker_text
335,3713,1,occurs_in_speaker_text
666,3713,4,occurs_in_speaker_text
1034,3713,2,occurs_in_speaker_text
752,3713,1,occurs_in_speaker_text
258,3713,1,occurs_in_speaker_text
1137,3713,1,occurs_in_speaker_text
2477,3713,1,occurs_in_speaker_text
222,3713,1,occurs_in_speaker_text
1263,3713,1,occurs_in_speaker_text
466,3714,1,occurs_in_speaker_text
666,3714,1,occurs_in_speaker_text
3081,3714,1,occurs_in_speaker_text
1034,3714,10,occurs_in_speaker_text
2477,3714,1,occurs_in_speaker_text
2545,3714,1,occurs_in_speaker_text
2360,3714,1,occurs_in_speaker_text
2254,3714,1,occurs_in_speaker_text
2391,3715,3,occurs_in_speaker_text
2824,3716,2,occurs_in_speaker_text
444,3716,4,occurs_in_speaker_text
2360,3716,8,occurs_in_speaker_text
2955,3716,1,occurs_in_speaker_text
2536,3716,1,occurs_in_speaker_text
2257,3716,1,occurs_in_speaker_text
3096,3716,1,occurs_in_speaker_text
922,3716,1,occurs_in_speaker_text
2108,3716,1,occurs_in_speaker_text
2266,3716,1,occurs_in_speaker_text
891,3716,3,occurs_in_speaker_text
1626,3716,1,occurs_in_speaker_text
1100,3716,1,occurs_in_speaker_text
2805,3716,1,occurs_in_speaker_text
409,3716,1,occurs_in_speaker_text
666,3716,2,occurs_in_speaker_text
1837,3716,1,occurs_in_speaker_text
1775,3716,1,occurs_in_speaker_text
2931,3716,1,occurs_in_speaker_text
856,3716,1,occurs_in_speaker_text
2205,3716,2,occurs_in_speaker_text
1254,3716,2,occurs_in_speaker_text
641,3716,1,occurs_in_speaker_text
1034,3716,14,occurs_in_speaker_text
1003,3716,1,occurs_in_speaker_text
932,3716,1,occurs_in_speaker_text
2477,3716,12,occurs_in_speaker_text
497,3716,1,occurs_in_speaker_text
222,3716,3,occurs_in_speaker_text
1051,3716,1,occurs_in_speaker_text
1566,3716,1,occurs_in_speaker_text
2684,3716,1,occurs_in_speaker_text
1656,3716,2,occurs_in_speaker_text
1238,3716,2,occurs_in_speaker_text
1130,3716,1,occurs_in_speaker_text
198,3716,1,occurs_in_speaker_text
2346,3716,1,occurs_in_speaker_text
403,3716,1,occurs_in_speaker_text
1732,3716,1,occurs_in_speaker_text
2977,3716,1,occurs_in_speaker_text
1263,3716,1,occurs_in_speaker_text
2095,3716,1,occurs_in_speaker_text
222,3717,8,occurs_in_speaker_text
666,3717,11,occurs_in_speaker_text
1194,3717,1,occurs_in_speaker_text
1034,3717,3,occurs_in_speaker_text
62,3717,2,occurs_in_speaker_text
232,3717,1,occurs_in_speaker_text
1823,3717,1,occurs_in_speaker_text
2391,3717,1,occurs_in_speaker_text
1193,3717,2,occurs_in_speaker_text
1720,3717,1,occurs_in_speaker_text
52,3717,1,occurs_in_speaker_text
1458,3717,1,occurs_in_speaker_text
1250,3717,1,occurs_in_speaker_text
932,3717,1,occurs_in_speaker_text
2838,3717,1,occurs_in_speaker_text
1250,3718,3,occurs_in_speaker_text
666,3718,25,occurs_in_speaker_text
2412,3718,3,occurs_in_speaker_text
752,3718,9,occurs_in_speaker_text
856,3718,1,occurs_in_speaker_text
1458,3718,1,occurs_in_speaker_text
1366,3718,1,occurs_in_speaker_text
1051,3718,1,occurs_in_speaker_text
1823,3718,1,occurs_in_speaker_text
2428,3718,1,occurs_in_speaker_text
981,3718,1,occurs_in_speaker_text
773,3718,1,occurs_in_speaker_text
2977,3718,2,occurs_in_speaker_text
362,3718,1,occurs_in_speaker_text
1034,3718,2,occurs_in_speaker_text
2805,3718,1,occurs_in_speaker_text
922,3718,2,occurs_in_speaker_text
2360,3719,14,occurs_in_speaker_text
1034,3719,26,occurs_in_speaker_text
666,3719,6,occurs_in_speaker_text
222,3719,4,occurs_in_speaker_text
1260,3719,1,occurs_in_speaker_text
2477,3719,1,occurs_in_speaker_text
2095,3719,2,occurs_in_speaker_text
534,3719,1,occurs_in_speaker_text
752,3719,1,occurs_in_speaker_text
1051,3719,4,occurs_in_speaker_text
900,3719,1,occurs_in_speaker_text
1277,3719,1,occurs_in_speaker_text
2134,3719,11,occurs_in_speaker_text
1250,3719,1,occurs_in_speaker_text
2346,3719,1,occurs_in_speaker_text
2805,3719,1,occurs_in_speaker_text
2628,3719,1,occurs_in_speaker_text
1732,3720,1,occurs_in_speaker_text
1034,3720,5,occurs_in_speaker_text
2346,3720,1,occurs_in_speaker_text
1263,3720,1,occurs_in_speaker_text
2360,3720,1,occurs_in_speaker_text
2288,3720,1,occurs_in_speaker_text
891,3720,2,occurs_in_speaker_text
916,3720,1,occurs_in_speaker_text
222,3720,1,occurs_in_speaker_text
181,3720,1,occurs_in_speaker_text
2878,3720,1,occurs_in_speaker_text
1327,3720,1,occurs_in_speaker_text
1051,3721,2,occurs_in_speaker_text
116,3721,3,occurs_in_speaker_text
1034,3721,2,occurs_in_speaker_text
666,3721,1,occurs_in_speaker_text
336,3721,1,occurs_in_speaker_text
2059,3721,1,occurs_in_speaker_text
2633,3721,1,occurs_in_speaker_text
2127,3721,1,occurs_in_speaker_text
2223,3721,1,occurs_in_speaker_text
1844,3721,1,occurs_in_speaker_text
1060,3721,1,occurs_in_speaker_text
1662,3721,1,occurs_in_speaker_text
2371,3721,1,occurs_in_speaker_text
1540,3721,1,occurs_in_speaker_text
1994,3721,1,occurs_in_speaker_text
2878,3721,1,occurs_in_speaker_text
1805,3721,1,occurs_in_speaker_text
1801,3722,2,occurs_in_speaker_text
1359,3722,2,occurs_in_speaker_text
2955,3722,1,occurs_in_speaker_text
932,3722,3,occurs_in_speaker_text
1193,3722,1,occurs_in_speaker_text
444,3722,3,occurs_in_speaker_text
1034,3722,4,occurs_in_speaker_text
1820,3722,1,occurs_in_speaker_text
3096,3722,2,occurs_in_speaker_text
2412,3722,1,occurs_in_speaker_text
2254,3722,1,occurs_in_speaker_text
1732,3722,4,occurs_in_speaker_text
136,3722,1,occurs_in_speaker_text
2878,3722,3,occurs_in_speaker_text
666,3722,4,occurs_in_speaker_text
477,3722,1,occurs_in_speaker_text
261,3722,1,occurs_in_speaker_text
2431,3722,1,occurs_in_speaker_text
1238,3722,1,occurs_in_speaker_text
667,3722,1,occurs_in_speaker_text
1242,3722,1,occurs_in_speaker_text
2360,3722,3,occurs_in_speaker_text
1260,3722,1,occurs_in_speaker_text
981,3722,1,occurs_in_speaker_text
1297,3722,1,occurs_in_speaker_text
1704,3722,1,occurs_in_speaker_text
2310,3722,1,occurs_in_speaker_text
2156,3722,1,occurs_in_speaker_text
1250,3722,4,occurs_in_speaker_text
2805,3722,2,occurs_in_speaker_text
2696,3722,3,occurs_in_speaker_text
168,3722,2,occurs_in_speaker_text
869,3722,2,occurs_in_speaker_text
752,3722,2,occurs_in_speaker_text
2228,3722,1,occurs_in_speaker_text
1988,3722,1,occurs_in_speaker_text
584,3722,2,occurs_in_speaker_text
2477,3722,2,occurs_in_speaker_text
2518,3722,1,occurs_in_speaker_text
2930,3722,1,occurs_in_speaker_text
75,3722,1,occurs_in_speaker_text
2769,3722,1,occurs_in_speaker_text
2840,3722,1,occurs_in_speaker_text
891,3722,1,occurs_in_speaker_text
2095,3722,1,occurs_in_speaker_text
1194,3722,1,occurs_in_speaker_text
2380,3722,1,occurs_in_speaker_text
2655,3722,1,occurs_in_speaker_text
1051,3722,4,occurs_in_speaker_text
2232,3722,1,occurs_in_speaker_text
252,3722,1,occurs_in_speaker_text
3054,3722,1,occurs_in_speaker_text
1263,3722,2,occurs_in_speaker_text
881,3722,1,occurs_in_speaker_text
2129,3722,1,occurs_in_speaker_text
354,3722,1,occurs_in_speaker_text
808,3722,2,occurs_in_speaker_text
2108,3722,1,occurs_in_speaker_text
76,3722,1,occurs_in_speaker_text
1910,3722,1,occurs_in_speaker_text
1611,3722,1,occurs_in_speaker_text
2321,3722,1,occurs_in_speaker_text
1573,3722,1,occurs_in_speaker_text
2707,3722,1,occurs_in_speaker_text
2506,3722,1,occurs_in_speaker_text
1176,3722,1,occurs_in_speaker_text
222,3722,1,occurs_in_speaker_text
1034,3723,9,occurs_in_speaker_text
1250,3723,8,occurs_in_speaker_text
2095,3723,4,occurs_in_speaker_text
666,3723,24,occurs_in_speaker_text
2892,3723,1,occurs_in_speaker_text
616,3723,1,occurs_in_speaker_text
505,3723,1,occurs_in_speaker_text
2644,3723,1,occurs_in_speaker_text
1366,3723,4,occurs_in_speaker_text
136,3723,1,occurs_in_speaker_text
1238,3723,3,occurs_in_speaker_text
1363,3723,1,occurs_in_speaker_text
168,3723,2,occurs_in_speaker_text
2129,3723,1,occurs_in_speaker_text
1801,3723,2,occurs_in_speaker_text
2360,3723,8,occurs_in_speaker_text
532,3723,1,occurs_in_speaker_text
1051,3723,3,occurs_in_speaker_text
258,3723,3,occurs_in_speaker_text
409,3723,2,occurs_in_speaker_text
752,3723,15,occurs_in_speaker_text
922,3723,1,occurs_in_speaker_text
2477,3723,5,occurs_in_speaker_text
2412,3723,4,occurs_in_speaker_text
2228,3723,1,occurs_in_speaker_text
644,3723,1,occurs_in_speaker_text
2245,3723,1,occurs_in_speaker_text
417,3723,1,occurs_in_speaker_text
1592,3723,1,occurs_in_speaker_text
1498,3723,1,occurs_in_speaker_text
1222,3723,1,occurs_in_speaker_text
1263,3723,1,occurs_in_speaker_text
639,3723,1,occurs_in_speaker_text
1316,3723,1,occurs_in_speaker_text
2120,3723,1,occurs_in_speaker_text
2177,3723,1,occurs_in_speaker_text
1194,3723,1,occurs_in_speaker_text
2427,3723,1,occurs_in_speaker_text
636,3723,1,occurs_in_speaker_text
2393,3723,1,occurs_in_speaker_text
3096,3723,1,occurs_in_speaker_text
1193,3723,2,occurs_in_speaker_text
1308,3723,2,occurs_in_speaker_text
1823,3723,2,occurs_in_speaker_text
62,3723,4,occurs_in_speaker_text
2805,3723,1,occurs_in_speaker_text
2558,3723,1,occurs_in_speaker_text
2108,3723,2,occurs_in_speaker_text
1968,3723,1,occurs_in_speaker_text
2053,3723,1,occurs_in_speaker_text
2773,3723,1,occurs_in_speaker_text
1612,3723,1,occurs_in_speaker_text
2394,3723,1,occurs_in_speaker_text
723,3723,1,occurs_in_speaker_text
122,3723,1,occurs_in_speaker_text
781,3723,1,occurs_in_speaker_text
1156,3723,1,occurs_in_speaker_text
256,3723,1,occurs_in_speaker_text
2998,3723,1,occurs_in_speaker_text
666,3724,11,occurs_in_speaker_text
52,3724,1,occurs_in_speaker_text
2694,3724,1,occurs_in_speaker_text
2456,3724,1,occurs_in_speaker_text
1034,3724,9,occurs_in_speaker_text
2703,3724,1,occurs_in_speaker_text
444,3724,2,occurs_in_speaker_text
1417,3724,1,occurs_in_speaker_text
667,3724,5,occurs_in_speaker_text
1051,3724,4,occurs_in_speaker_text
2805,3724,2,occurs_in_speaker_text
1829,3724,1,occurs_in_speaker_text
2518,3724,3,occurs_in_speaker_text
752,3724,10,occurs_in_speaker_text
2652,3724,2,occurs_in_speaker_text
2539,3724,1,occurs_in_speaker_text
1732,3724,7,occurs_in_speaker_text
940,3724,1,occurs_in_speaker_text
891,3724,1,occurs_in_speaker_text
575,3724,1,occurs_in_speaker_text
2360,3724,6,occurs_in_speaker_text
971,3724,1,occurs_in_speaker_text
1357,3724,1,occurs_in_speaker_text
2095,3724,3,occurs_in_speaker_text
2043,3724,1,occurs_in_speaker_text
1250,3724,6,occurs_in_speaker_text
1871,3724,2,occurs_in_speaker_text
2361,3724,1,occurs_in_speaker_text
168,3724,2,occurs_in_speaker_text
780,3724,2,occurs_in_speaker_text
2477,3724,5,occurs_in_speaker_text
1611,3724,3,occurs_in_speaker_text
3001,3724,1,occurs_in_speaker_text
2036,3724,1,occurs_in_speaker_text
950,3724,1,occurs_in_speaker_text
536,3724,1,occurs_in_speaker_text
42,3724,1,occurs_in_speaker_text
2254,3724,2,occurs_in_speaker_text
241,3724,1,occurs_in_speaker_text
1656,3724,4,occurs_in_speaker_text
2201,3724,1,occurs_in_speaker_text
1591,3724,1,occurs_in_speaker_text
981,3724,2,occurs_in_speaker_text
112,3724,1,occurs_in_speaker_text
1194,3724,2,occurs_in_speaker_text
1253,3724,1,occurs_in_speaker_text
1508,3724,1,occurs_in_speaker_text
222,3724,2,occurs_in_speaker_text
2085,3724,1,occurs_in_speaker_text
1823,3724,2,occurs_in_speaker_text
445,3724,1,occurs_in_speaker_text
14,3724,1,occurs_in_speaker_text
2072,3724,1,occurs_in_speaker_text
1917,3724,1,occurs_in_speaker_text
2328,3724,2,occurs_in_speaker_text
923,3724,1,occurs_in_speaker_text
1193,3724,1,occurs_in_speaker_text
932,3724,1,occurs_in_speaker_text
1260,3724,2,occurs_in_speaker_text
1988,3724,1,occurs_in_speaker_text
2209,3724,1,occurs_in_speaker_text
1381,3724,1,occurs_in_speaker_text
2193,3724,1,occurs_in_speaker_text
1263,3724,1,occurs_in_speaker_text
1972,3724,1,occurs_in_speaker_text
53,3724,1,occurs_in_speaker_text
2554,3724,1,occurs_in_speaker_text
1238,3724,1,occurs_in_speaker_text
1153,3724,1,occurs_in_speaker_text
2423,3724,1,occurs_in_speaker_text
1364,3724,1,occurs_in_speaker_text
1034,3725,13,occurs_in_speaker_text
2679,3725,1,occurs_in_speaker_text
1156,3725,1,occurs_in_speaker_text
752,3725,7,occurs_in_speaker_text
1611,3725,5,occurs_in_speaker_text
2360,3725,3,occurs_in_speaker_text
1250,3725,1,occurs_in_speaker_text
722,3725,2,occurs_in_speaker_text
2477,3725,2,occurs_in_speaker_text
666,3725,2,occurs_in_speaker_text
444,3725,1,occurs_in_speaker_text
2878,3725,1,occurs_in_speaker_text
667,3725,1,occurs_in_speaker_text
1279,3725,1,occurs_in_speaker_text
2235,3725,1,occurs_in_speaker_text
1704,3725,1,occurs_in_speaker_text
1051,3725,1,occurs_in_speaker_text
331,3725,1,occurs_in_speaker_text
222,3725,1,occurs_in_speaker_text
2602,3725,1,occurs_in_speaker_text
2108,3725,1,occurs_in_speaker_text
2391,3725,1,occurs_in_speaker_text
3096,3725,1,occurs_in_speaker_text
175,3725,1,occurs_in_speaker_text
417,3726,4,occurs_in_speaker_text
2477,3726,1,occurs_in_speaker_text
752,3726,3,occurs_in_speaker_text
2360,3726,1,occurs_in_speaker_text
1260,3726,1,occurs_in_speaker_text
716,3726,2,occurs_in_speaker_text
666,3726,1,occurs_in_speaker_text
1366,3726,1,occurs_in_speaker_text
1823,3726,1,occurs_in_speaker_text
1620,3726,1,occurs_in_speaker_text
2412,3726,2,occurs_in_speaker_text
2643,3726,2,occurs_in_speaker_text
258,3726,1,occurs_in_speaker_text
1072,3726,1,occurs_in_speaker_text
1250,3726,1,occurs_in_speaker_text
2477,3727,9,occurs_in_speaker_text
600,3727,3,occurs_in_speaker_text
1656,3727,3,occurs_in_speaker_text
2360,3727,1,occurs_in_speaker_text
444,3727,1,occurs_in_speaker_text
2878,3727,1,occurs_in_speaker_text
1704,3727,1,occurs_in_speaker_text
856,3727,1,occurs_in_speaker_text
2058,3727,1,occurs_in_speaker_text
1611,3727,1,occurs_in_speaker_text
1034,3728,14,occurs_in_speaker_text
1656,3728,1,occurs_in_speaker_text
666,3728,5,occurs_in_speaker_text
222,3728,3,occurs_in_speaker_text
840,3728,1,occurs_in_speaker_text
1051,3728,1,occurs_in_speaker_text
2477,3728,1,occurs_in_speaker_text
2453,3728,1,occurs_in_speaker_text
642,3728,1,occurs_in_speaker_text
1034,3729,1,occurs_in_speaker_text
1528,3730,1,occurs_in_speaker_text
981,3730,1,occurs_in_speaker_text
2088,3730,1,occurs_in_speaker_text
445,3730,1,occurs_in_speaker_text
1034,3730,3,occurs_in_speaker_text
2836,3731,1,occurs_in_speaker_text
666,3731,6,occurs_in_speaker_text
1051,3731,2,occurs_in_speaker_text
222,3731,7,occurs_in_speaker_text
1034,3731,19,occurs_in_speaker_text
891,3731,1,occurs_in_speaker_text
1250,3731,1,occurs_in_speaker_text
681,3731,1,occurs_in_speaker_text
1263,3732,1,occurs_in_speaker_text
1034,3732,8,occurs_in_speaker_text
222,3732,3,occurs_in_speaker_text
2360,3732,1,occurs_in_speaker_text
2878,3732,1,occurs_in_speaker_text
2518,3732,1,occurs_in_speaker_text
222,3733,7,occurs_in_speaker_text
982,3733,1,occurs_in_speaker_text
856,3733,1,occurs_in_speaker_text
241,3733,1,occurs_in_speaker_text
2477,3733,3,occurs_in_speaker_text
752,3733,1,occurs_in_speaker_text
1051,3733,1,occurs_in_speaker_text
122,3733,1,occurs_in_speaker_text
1800,3733,1,occurs_in_speaker_text
1034,3733,7,occurs_in_speaker_text
1250,3733,2,occurs_in_speaker_text
1715,3733,1,occurs_in_speaker_text
1193,3733,1,occurs_in_speaker_text
2878,3733,1,occurs_in_speaker_text
73,3733,1,occurs_in_speaker_text
445,3733,1,occurs_in_speaker_text
2123,3733,1,occurs_in_speaker_text
774,3733,1,occurs_in_speaker_text
59,3733,1,occurs_in_speaker_text
1133,3734,1,occurs_in_speaker_text
2058,3734,1,occurs_in_speaker_text
666,3734,13,occurs_in_speaker_text
2204,3734,1,occurs_in_speaker_text
2655,3734,1,occurs_in_speaker_text
1051,3734,3,occurs_in_speaker_text
2098,3734,1,occurs_in_speaker_text
487,3734,1,occurs_in_speaker_text
2633,3734,1,occurs_in_speaker_text
1034,3734,5,occurs_in_speaker_text
1913,3734,1,occurs_in_speaker_text
2878,3734,1,occurs_in_speaker_text
2346,3734,1,occurs_in_speaker_text
1714,3734,1,occurs_in_speaker_text
1783,3734,1,occurs_in_speaker_text
52,3734,1,occurs_in_speaker_text
780,3734,2,occurs_in_speaker_text
1589,3734,2,occurs_in_speaker_text
2414,3734,1,occurs_in_speaker_text
266,3734,1,occurs_in_speaker_text
2050,3734,1,occurs_in_speaker_text
1250,3735,4,occurs_in_speaker_text
752,3735,7,occurs_in_speaker_text
666,3735,3,occurs_in_speaker_text
1034,3735,6,occurs_in_speaker_text
2060,3735,1,occurs_in_speaker_text
805,3735,1,occurs_in_speaker_text
1611,3735,1,occurs_in_speaker_text
2527,3735,1,occurs_in_speaker_text
2099,3735,1,occurs_in_speaker_text
667,3735,2,occurs_in_speaker_text
932,3735,1,occurs_in_speaker_text
2670,3735,1,occurs_in_speaker_text
2147,3735,1,occurs_in_speaker_text
1366,3735,1,occurs_in_speaker_text
6,3735,1,occurs_in_speaker_text
1988,3735,1,occurs_in_speaker_text
1513,3735,1,occurs_in_speaker_text
562,3735,2,occurs_in_speaker_text
2477,3735,1,occurs_in_speaker_text
222,3735,1,occurs_in_speaker_text
980,3735,1,occurs_in_speaker_text
1942,3735,1,occurs_in_speaker_text
2095,3735,1,occurs_in_speaker_text
2360,3735,1,occurs_in_speaker_text
1193,3735,1,occurs_in_speaker_text
891,3736,3,occurs_in_speaker_text
2518,3736,1,occurs_in_speaker_text
192,3736,1,occurs_in_speaker_text
2234,3736,2,occurs_in_speaker_text
1611,3736,1,occurs_in_speaker_text
2095,3736,1,occurs_in_speaker_text
1034,3736,7,occurs_in_speaker_text
2477,3736,5,occurs_in_speaker_text
2155,3736,1,occurs_in_speaker_text
2360,3736,2,occurs_in_speaker_text
1316,3736,1,occurs_in_speaker_text
1632,3736,1,occurs_in_speaker_text
2328,3736,6,occurs_in_speaker_text
1656,3736,1,occurs_in_speaker_text
2076,3736,1,occurs_in_speaker_text
1263,3736,1,occurs_in_speaker_text
2346,3736,1,occurs_in_speaker_text
856,3736,1,occurs_in_speaker_text
1051,3736,3,occurs_in_speaker_text
808,3736,1,occurs_in_speaker_text
205,3736,1,occurs_in_speaker_text
1193,3736,2,occurs_in_speaker_text
1250,3736,2,occurs_in_speaker_text
1823,3736,1,occurs_in_speaker_text
752,3736,1,occurs_in_speaker_text
1400,3736,1,occurs_in_speaker_text
1702,3736,1,occurs_in_speaker_text
1383,3736,1,occurs_in_speaker_text
1732,3736,1,occurs_in_speaker_text
666,3738,28,occurs_in_speaker_text
1034,3738,6,occurs_in_speaker_text
1269,3738,1,occurs_in_speaker_text
2944,3738,34,occurs_in_speaker_text
1823,3738,3,occurs_in_speaker_text
741,3738,5,occurs_in_speaker_text
2644,3738,1,occurs_in_speaker_text
560,3738,1,occurs_in_speaker_text
1926,3738,1,occurs_in_speaker_text
1801,3738,1,occurs_in_speaker_text
1193,3738,3,occurs_in_speaker_text
39,3738,1,occurs_in_speaker_text
2360,3738,3,occurs_in_speaker_text
2095,3738,2,occurs_in_speaker_text
1732,3738,1,occurs_in_speaker_text
752,3738,3,occurs_in_speaker_text
2803,3738,1,occurs_in_speaker_text
2177,3738,2,occurs_in_speaker_text
687,3738,1,occurs_in_speaker_text
2805,3738,1,occurs_in_speaker_text
2604,3738,1,occurs_in_speaker_text
616,3738,2,occurs_in_speaker_text
1523,3738,1,occurs_in_speaker_text
1032,3738,1,occurs_in_speaker_text
1260,3738,1,occurs_in_speaker_text
2174,3738,1,occurs_in_speaker_text
2034,3738,1,occurs_in_speaker_text
1250,3738,1,occurs_in_speaker_text
667,3738,1,occurs_in_speaker_text
2228,3738,1,occurs_in_speaker_text
1211,3739,1,occurs_in_speaker_text
2360,3739,4,occurs_in_speaker_text
856,3739,1,occurs_in_speaker_text
789,3739,1,occurs_in_speaker_text
2120,3739,1,occurs_in_speaker_text
2477,3739,5,occurs_in_speaker_text
2050,3739,1,occurs_in_speaker_text
2076,3739,2,occurs_in_speaker_text
831,3739,1,occurs_in_speaker_text
2274,3739,1,occurs_in_speaker_text
2913,3739,5,occurs_in_speaker_text
168,3739,2,occurs_in_speaker_text
234,3739,1,occurs_in_speaker_text
2007,3739,1,occurs_in_speaker_text
981,3739,1,occurs_in_speaker_text
891,3739,2,occurs_in_speaker_text
1074,3739,1,occurs_in_speaker_text
1034,3739,2,occurs_in_speaker_text
1656,3739,2,occurs_in_speaker_text
1003,3739,3,occurs_in_speaker_text
1000,3739,1,occurs_in_speaker_text
1611,3739,1,occurs_in_speaker_text
444,3739,1,occurs_in_speaker_text
1732,3739,1,occurs_in_speaker_text
1704,3739,1,occurs_in_speaker_text
358,3739,1,occurs_in_speaker_text
1250,3739,1,occurs_in_speaker_text
222,3739,1,occurs_in_speaker_text
2790,3739,1,occurs_in_speaker_text
1576,3739,1,occurs_in_speaker_text
2134,3739,1,occurs_in_speaker_text
1401,3739,1,occurs_in_speaker_text
666,3739,1,occurs_in_speaker_text
845,3740,1,occurs_in_speaker_text
752,3740,3,occurs_in_speaker_text
666,3740,15,occurs_in_speaker_text
1732,3740,3,occurs_in_speaker_text
1034,3740,11,occurs_in_speaker_text
2807,3740,1,occurs_in_speaker_text
2034,3740,1,occurs_in_speaker_text
1238,3740,1,occurs_in_speaker_text
7,3740,1,occurs_in_speaker_text
856,3740,1,occurs_in_speaker_text
430,3740,1,occurs_in_speaker_text
1051,3740,1,occurs_in_speaker_text
1876,3740,1,occurs_in_speaker_text
2984,3740,1,occurs_in_speaker_text
477,3740,1,occurs_in_speaker_text
1250,3740,1,occurs_in_speaker_text
2412,3740,2,occurs_in_speaker_text
2260,3740,1,occurs_in_speaker_text
2458,3740,1,occurs_in_speaker_text
1034,3741,4,occurs_in_speaker_text
793,3741,1,occurs_in_speaker_text
222,3741,4,occurs_in_speaker_text
2095,3741,1,occurs_in_speaker_text
722,3742,1,occurs_in_speaker_text
2604,3742,2,occurs_in_speaker_text
932,3742,1,occurs_in_speaker_text
1034,3742,5,occurs_in_speaker_text
1221,3742,1,occurs_in_speaker_text
480,3742,1,occurs_in_speaker_text
1544,3742,1,occurs_in_speaker_text
666,3742,1,occurs_in_speaker_text
222,3742,3,occurs_in_speaker_text
1194,3742,1,occurs_in_speaker_text
2360,3742,1,occurs_in_speaker_text
752,3742,1,occurs_in_speaker_text
2477,3742,1,occurs_in_speaker_text
245,3742,1,occurs_in_speaker_text
1364,3742,1,occurs_in_speaker_text
2391,3742,2,occurs_in_speaker_text
1611,3742,1,occurs_in_speaker_text
2872,3742,1,occurs_in_speaker_text
717,3742,1,occurs_in_speaker_text
2350,3742,1,occurs_in_speaker_text
842,3742,1,occurs_in_speaker_text
2156,3742,1,occurs_in_speaker_text
2637,3742,1,occurs_in_speaker_text
2918,3743,1,occurs_in_speaker_text
1034,3743,1,occurs_in_speaker_text
1035,3743,1,occurs_in_speaker_text
2655,3743,1,occurs_in_speaker_text
300,3743,1,occurs_in_speaker_text
2177,3743,1,occurs_in_speaker_text
2475,3743,2,occurs_in_speaker_text
266,3743,1,occurs_in_speaker_text
883,3743,1,occurs_in_speaker_text
1193,3744,8,occurs_in_speaker_text
667,3744,7,occurs_in_speaker_text
666,3744,6,occurs_in_speaker_text
752,3744,2,occurs_in_speaker_text
745,3744,2,occurs_in_speaker_text
2393,3744,1,occurs_in_speaker_text
1051,3744,3,occurs_in_speaker_text
2805,3744,1,occurs_in_speaker_text
891,3744,1,occurs_in_speaker_text
808,3744,1,occurs_in_speaker_text
395,3744,8,occurs_in_speaker_text
2520,3744,2,occurs_in_speaker_text
1656,3744,4,occurs_in_speaker_text
1611,3744,1,occurs_in_speaker_text
1823,3744,1,occurs_in_speaker_text
2135,3744,1,occurs_in_speaker_text
2723,3744,1,occurs_in_speaker_text
2254,3744,2,occurs_in_speaker_text
444,3744,1,occurs_in_speaker_text
1034,3744,2,occurs_in_speaker_text
2073,3744,1,occurs_in_speaker_text
831,3744,1,occurs_in_speaker_text
2842,3744,1,occurs_in_speaker_text
1876,3744,1,occurs_in_speaker_text
2805,3745,3,occurs_in_speaker_text
2360,3745,13,occurs_in_speaker_text
856,3745,3,occurs_in_speaker_text
981,3745,1,occurs_in_speaker_text
119,3745,1,occurs_in_speaker_text
891,3745,10,occurs_in_speaker_text
3094,3745,1,occurs_in_speaker_text
2477,3745,3,occurs_in_speaker_text
1238,3745,1,occurs_in_speaker_text
1656,3745,4,occurs_in_speaker_text
1034,3745,4,occurs_in_speaker_text
932,3745,7,occurs_in_speaker_text
1051,3745,3,occurs_in_speaker_text
1871,3745,1,occurs_in_speaker_text
2108,3745,1,occurs_in_speaker_text
1801,3745,1,occurs_in_speaker_text
752,3745,1,occurs_in_speaker_text
2050,3745,1,occurs_in_speaker_text
269,3745,1,occurs_in_speaker_text
430,3745,1,occurs_in_speaker_text
1799,3745,1,occurs_in_speaker_text
62,3745,7,occurs_in_speaker_text
666,3745,8,occurs_in_speaker_text
1611,3745,1,occurs_in_speaker_text
2717,3745,2,occurs_in_speaker_text
769,3745,1,occurs_in_speaker_text
417,3745,2,occurs_in_speaker_text
1193,3745,1,occurs_in_speaker_text
2977,3745,1,occurs_in_speaker_text
2643,3745,1,occurs_in_speaker_text
297,3745,2,occurs_in_speaker_text
667,3745,2,occurs_in_speaker_text
2604,3745,1,occurs_in_speaker_text
1822,3745,1,occurs_in_speaker_text
2095,3745,1,occurs_in_speaker_text
1000,3745,1,occurs_in_speaker_text
722,3745,1,occurs_in_speaker_text
3016,3746,1,occurs_in_speaker_text
666,3746,2,occurs_in_speaker_text
3096,3747,1,occurs_in_speaker_text
417,3747,1,occurs_in_speaker_text
577,3747,1,occurs_in_speaker_text
1370,3747,1,occurs_in_speaker_text
2177,3747,2,occurs_in_speaker_text
1034,3747,2,occurs_in_speaker_text
222,3747,1,occurs_in_speaker_text
3083,3747,1,occurs_in_speaker_text
1051,3748,5,occurs_in_speaker_text
1250,3748,14,occurs_in_speaker_text
1611,3748,1,occurs_in_speaker_text
1420,3748,1,occurs_in_speaker_text
2569,3748,2,occurs_in_speaker_text
670,3748,1,occurs_in_speaker_text
2057,3748,1,occurs_in_speaker_text
2878,3748,3,occurs_in_speaker_text
1034,3748,3,occurs_in_speaker_text
2400,3748,1,occurs_in_speaker_text
1263,3748,2,occurs_in_speaker_text
1303,3748,1,occurs_in_speaker_text
2469,3748,1,occurs_in_speaker_text
258,3748,1,occurs_in_speaker_text
2897,3748,2,occurs_in_speaker_text
516,3748,1,occurs_in_speaker_text
229,3748,2,occurs_in_speaker_text
666,3748,5,occurs_in_speaker_text
1366,3748,2,occurs_in_speaker_text
752,3748,1,occurs_in_speaker_text
1172,3748,1,occurs_in_speaker_text
922,3748,2,occurs_in_speaker_text
517,3748,1,occurs_in_speaker_text
2275,3748,1,occurs_in_speaker_text
1089,3748,1,occurs_in_speaker_text
1280,3748,1,occurs_in_speaker_text
722,3748,1,occurs_in_speaker_text
2914,3748,1,occurs_in_speaker_text
3069,3748,1,occurs_in_speaker_text
1631,3748,1,occurs_in_speaker_text
999,3748,1,occurs_in_speaker_text
355,3748,1,occurs_in_speaker_text
666,3749,4,occurs_in_speaker_text
1034,3749,13,occurs_in_speaker_text
1250,3749,2,occurs_in_speaker_text
1611,3749,2,occurs_in_speaker_text
1823,3749,2,occurs_in_speaker_text
2327,3749,1,occurs_in_speaker_text
2360,3749,2,occurs_in_speaker_text
222,3749,3,occurs_in_speaker_text
1662,3749,1,occurs_in_speaker_text
2209,3749,1,occurs_in_speaker_text
752,3749,1,occurs_in_speaker_text
2391,3749,1,occurs_in_speaker_text
722,3749,1,occurs_in_speaker_text
1036,3749,1,occurs_in_speaker_text
2518,3749,2,occurs_in_speaker_text
122,3749,1,occurs_in_speaker_text
667,3749,1,occurs_in_speaker_text
1193,3750,1,occurs_in_speaker_text
2266,3750,1,occurs_in_speaker_text
666,3750,16,occurs_in_speaker_text
2550,3750,1,occurs_in_speaker_text
1051,3750,2,occurs_in_speaker_text
62,3750,8,occurs_in_speaker_text
1799,3750,2,occurs_in_speaker_text
667,3750,1,occurs_in_speaker_text
2108,3750,1,occurs_in_speaker_text
1823,3750,2,occurs_in_speaker_text
1034,3750,1,occurs_in_speaker_text
999,3750,2,occurs_in_speaker_text
1673,3750,1,occurs_in_speaker_text
2477,3750,2,occurs_in_speaker_text
1576,3750,1,occurs_in_speaker_text
1656,3750,1,occurs_in_speaker_text
1046,3750,1,occurs_in_speaker_text
752,3750,1,occurs_in_speaker_text
2805,3750,4,occurs_in_speaker_text
417,3750,1,occurs_in_speaker_text
444,3750,1,occurs_in_speaker_text
222,3750,1,occurs_in_speaker_text
1989,3750,1,occurs_in_speaker_text
1238,3750,1,occurs_in_speaker_text
2346,3751,2,occurs_in_speaker_text
1194,3751,1,occurs_in_speaker_text
1034,3751,2,occurs_in_speaker_text
2518,3751,1,occurs_in_speaker_text
2477,3751,1,occurs_in_speaker_text
445,3751,1,occurs_in_speaker_text
666,3751,1,occurs_in_speaker_text
891,3751,2,occurs_in_speaker_text
2878,3751,1,occurs_in_speaker_text
1284,3751,1,occurs_in_speaker_text
808,3751,1,occurs_in_speaker_text
500,3752,1,occurs_in_speaker_text
1694,3752,1,occurs_in_speaker_text
1564,3752,1,occurs_in_speaker_text
2741,3752,4,occurs_in_speaker_text
1212,3752,3,occurs_in_speaker_text
999,3752,2,occurs_in_speaker_text
1459,3752,1,occurs_in_speaker_text
697,3752,1,occurs_in_speaker_text
1684,3752,1,occurs_in_speaker_text
1051,3752,7,occurs_in_speaker_text
1193,3752,2,occurs_in_speaker_text
780,3752,1,occurs_in_speaker_text
1034,3752,7,occurs_in_speaker_text
634,3752,1,occurs_in_speaker_text
677,3752,2,occurs_in_speaker_text
1263,3752,1,occurs_in_speaker_text
752,3752,2,occurs_in_speaker_text
1194,3752,2,occurs_in_speaker_text
2477,3752,2,occurs_in_speaker_text
2506,3752,2,occurs_in_speaker_text
486,3752,1,occurs_in_speaker_text
666,3752,3,occurs_in_speaker_text
349,3752,3,occurs_in_speaker_text
1671,3752,1,occurs_in_speaker_text
2135,3752,1,occurs_in_speaker_text
523,3752,1,occurs_in_speaker_text
2391,3752,1,occurs_in_speaker_text
1357,3752,1,occurs_in_speaker_text
1193,3753,3,occurs_in_speaker_text
666,3753,3,occurs_in_speaker_text
1294,3753,5,occurs_in_speaker_text
222,3753,3,occurs_in_speaker_text
1034,3753,15,occurs_in_speaker_text
915,3753,1,occurs_in_speaker_text
2360,3753,4,occurs_in_speaker_text
1250,3753,2,occurs_in_speaker_text
2878,3753,1,occurs_in_speaker_text
2420,3753,2,occurs_in_speaker_text
1656,3753,1,occurs_in_speaker_text
1138,3753,1,occurs_in_speaker_text
2097,3753,1,occurs_in_speaker_text
1336,3753,1,occurs_in_speaker_text
512,3753,1,occurs_in_speaker_text
2710,3753,1,occurs_in_speaker_text
1229,3753,1,occurs_in_speaker_text
468,3753,2,occurs_in_speaker_text
2977,3753,1,occurs_in_speaker_text
2599,3753,1,occurs_in_speaker_text
1913,3753,1,occurs_in_speaker_text
3072,3753,1,occurs_in_speaker_text
1773,3753,1,occurs_in_speaker_text
640,3753,1,occurs_in_speaker_text
1193,3754,1,occurs_in_speaker_text
2360,3754,1,occurs_in_speaker_text
752,3754,1,occurs_in_speaker_text
666,3754,3,occurs_in_speaker_text
2518,3754,1,occurs_in_speaker_text
1451,3754,1,occurs_in_speaker_text
1088,3754,1,occurs_in_speaker_text
1034,3754,2,occurs_in_speaker_text
976,3754,1,occurs_in_speaker_text
1034,3755,15,occurs_in_speaker_text
2870,3755,2,occurs_in_speaker_text
2003,3755,1,occurs_in_speaker_text
1034,3756,10,occurs_in_speaker_text
1193,3756,4,occurs_in_speaker_text
1260,3756,1,occurs_in_speaker_text
752,3756,5,occurs_in_speaker_text
481,3756,1,occurs_in_speaker_text
2117,3756,1,occurs_in_speaker_text
312,3756,1,occurs_in_speaker_text
168,3756,9,occurs_in_speaker_text
489,3756,1,occurs_in_speaker_text
2228,3756,2,occurs_in_speaker_text
2530,3756,1,occurs_in_speaker_text
1089,3756,2,occurs_in_speaker_text
955,3756,1,occurs_in_speaker_text
222,3756,2,occurs_in_speaker_text
445,3756,1,occurs_in_speaker_text
565,3756,1,occurs_in_speaker_text
90,3756,1,occurs_in_speaker_text
780,3756,1,occurs_in_speaker_text
2604,3756,1,occurs_in_speaker_text
666,3756,2,occurs_in_speaker_text
1316,3756,4,occurs_in_speaker_text
1611,3756,1,occurs_in_speaker_text
616,3756,1,occurs_in_speaker_text
2477,3756,4,occurs_in_speaker_text
891,3756,1,occurs_in_speaker_text
836,3756,1,occurs_in_speaker_text
1801,3756,1,occurs_in_speaker_text
1945,3756,1,occurs_in_speaker_text
1395,3756,1,occurs_in_speaker_text
1190,3756,1,occurs_in_speaker_text
1362,3756,1,occurs_in_speaker_text
1806,3756,1,occurs_in_speaker_text
2649,3756,1,occurs_in_speaker_text
740,3756,1,occurs_in_speaker_text
1722,3756,1,occurs_in_speaker_text
1538,3757,8,occurs_in_speaker_text
666,3757,54,occurs_in_speaker_text
2360,3757,5,occurs_in_speaker_text
444,3757,1,occurs_in_speaker_text
191,3757,2,occurs_in_speaker_text
946,3757,1,occurs_in_speaker_text
1193,3757,1,occurs_in_speaker_text
771,3757,1,occurs_in_speaker_text
2437,3757,1,occurs_in_speaker_text
912,3757,1,occurs_in_speaker_text
856,3757,2,occurs_in_speaker_text
1051,3757,5,occurs_in_speaker_text
62,3757,13,occurs_in_speaker_text
1585,3757,7,occurs_in_speaker_text
2805,3757,5,occurs_in_speaker_text
891,3757,4,occurs_in_speaker_text
1176,3757,1,occurs_in_speaker_text
2273,3757,1,occurs_in_speaker_text
2540,3757,1,occurs_in_speaker_text
208,3757,1,occurs_in_speaker_text
38,3757,1,occurs_in_speaker_text
799,3757,1,occurs_in_speaker_text
2412,3757,2,occurs_in_speaker_text
2893,3757,1,occurs_in_speaker_text
2878,3757,1,occurs_in_speaker_text
1656,3757,1,occurs_in_speaker_text
2095,3757,1,occurs_in_speaker_text
2120,3757,1,occurs_in_speaker_text
1823,3757,6,occurs_in_speaker_text
752,3757,1,occurs_in_speaker_text
1034,3757,10,occurs_in_speaker_text
2633,3757,5,occurs_in_speaker_text
2477,3757,2,occurs_in_speaker_text
780,3757,1,occurs_in_speaker_text
2050,3757,1,occurs_in_speaker_text
2346,3757,11,occurs_in_speaker_text
1611,3757,1,occurs_in_speaker_text
2826,3757,2,occurs_in_speaker_text
667,3757,1,occurs_in_speaker_text
616,3757,3,occurs_in_speaker_text
2604,3757,2,occurs_in_speaker_text
1737,3757,1,occurs_in_speaker_text
14,3757,1,occurs_in_speaker_text
2530,3757,2,occurs_in_speaker_text
2855,3757,1,occurs_in_speaker_text
222,3757,1,occurs_in_speaker_text
1353,3757,1,occurs_in_speaker_text
1762,3757,1,occurs_in_speaker_text
665,3757,1,occurs_in_speaker_text
459,3757,1,occurs_in_speaker_text
122,3757,1,occurs_in_speaker_text
2423,3757,1,occurs_in_speaker_text
1071,3757,1,occurs_in_speaker_text
174,3757,1,occurs_in_speaker_text
2529,3757,1,occurs_in_speaker_text
2518,3757,1,occurs_in_speaker_text
1792,3757,1,occurs_in_speaker_text
1564,3757,1,occurs_in_speaker_text
1486,3757,1,occurs_in_speaker_text
2655,3757,1,occurs_in_speaker_text
905,3757,1,occurs_in_speaker_text
1799,3757,1,occurs_in_speaker_text
763,3757,1,occurs_in_speaker_text
1065,3758,1,occurs_in_speaker_text
1034,3758,9,occurs_in_speaker_text
642,3758,1,occurs_in_speaker_text
222,3758,2,occurs_in_speaker_text
2325,3758,2,occurs_in_speaker_text
1441,3758,1,occurs_in_speaker_text
2405,3758,1,occurs_in_speaker_text
1936,3758,1,occurs_in_speaker_text
1034,3759,15,occurs_in_speaker_text
2539,3759,1,occurs_in_speaker_text
312,3759,1,occurs_in_speaker_text
2385,3759,1,occurs_in_speaker_text
1732,3759,1,occurs_in_speaker_text
849,3759,1,occurs_in_speaker_text
857,3759,2,occurs_in_speaker_text
255,3759,1,occurs_in_speaker_text
3081,3759,1,occurs_in_speaker_text
2684,3759,1,occurs_in_speaker_text
752,3759,1,occurs_in_speaker_text
2263,3759,1,occurs_in_speaker_text
667,3759,1,occurs_in_speaker_text
2477,3759,1,occurs_in_speaker_text
688,3759,1,occurs_in_speaker_text
1528,3759,1,occurs_in_speaker_text
2878,3759,1,occurs_in_speaker_text
1988,3759,3,occurs_in_speaker_text
183,3759,1,occurs_in_speaker_text
869,3759,2,occurs_in_speaker_text
1051,3759,2,occurs_in_speaker_text
2412,3759,1,occurs_in_speaker_text
616,3759,1,occurs_in_speaker_text
991,3759,1,occurs_in_speaker_text
222,3759,3,occurs_in_speaker_text
2616,3759,3,occurs_in_speaker_text
948,3759,1,occurs_in_speaker_text
1046,3759,1,occurs_in_speaker_text
1452,3759,1,occurs_in_speaker_text
856,3759,1,occurs_in_speaker_text
2518,3759,1,occurs_in_speaker_text
2391,3759,1,occurs_in_speaker_text
666,3759,1,occurs_in_speaker_text
2805,3759,1,occurs_in_speaker_text
1193,3759,1,occurs_in_speaker_text
3094,3759,1,occurs_in_speaker_text
445,3759,1,occurs_in_speaker_text
2977,3759,1,occurs_in_speaker_text
2360,3760,2,occurs_in_speaker_text
444,3760,1,occurs_in_speaker_text
222,3760,1,occurs_in_speaker_text
1034,3760,3,occurs_in_speaker_text
2471,3760,1,occurs_in_speaker_text
2477,3760,6,occurs_in_speaker_text
856,3760,2,occurs_in_speaker_text
1611,3760,1,occurs_in_speaker_text
1193,3760,2,occurs_in_speaker_text
666,3760,2,occurs_in_speaker_text
752,3760,1,occurs_in_speaker_text
1092,3760,1,occurs_in_speaker_text
0,3760,1,occurs_in_speaker_text
445,3761,1,occurs_in_speaker_text
834,3761,1,occurs_in_speaker_text
1034,3761,2,occurs_in_speaker_text
2539,3761,1,occurs_in_speaker_text
2477,3761,1,occurs_in_speaker_text
2263,3761,4,occurs_in_speaker_text
2843,3761,1,occurs_in_speaker_text
1656,3761,1,occurs_in_speaker_text
313,3761,1,occurs_in_speaker_text
2296,3761,1,occurs_in_speaker_text
2530,3761,1,occurs_in_speaker_text
1823,3761,1,occurs_in_speaker_text
2907,3761,1,occurs_in_speaker_text
677,3761,1,occurs_in_speaker_text
2555,3761,1,occurs_in_speaker_text
382,3761,2,occurs_in_speaker_text
2652,3761,1,occurs_in_speaker_text
641,3761,1,occurs_in_speaker_text
1193,3761,1,occurs_in_speaker_text
1721,3762,1,occurs_in_speaker_text
1034,3762,7,occurs_in_speaker_text
2224,3762,1,occurs_in_speaker_text
2582,3762,1,occurs_in_speaker_text
222,3762,1,occurs_in_speaker_text
2477,3763,5,occurs_in_speaker_text
891,3763,5,occurs_in_speaker_text
1745,3763,12,occurs_in_speaker_text
666,3763,4,occurs_in_speaker_text
1034,3763,14,occurs_in_speaker_text
2360,3763,3,occurs_in_speaker_text
936,3763,1,occurs_in_speaker_text
431,3763,2,occurs_in_speaker_text
2380,3763,1,occurs_in_speaker_text
1316,3763,3,occurs_in_speaker_text
674,3763,2,occurs_in_speaker_text
881,3763,2,occurs_in_speaker_text
1477,3763,2,occurs_in_speaker_text
1984,3763,1,occurs_in_speaker_text
1424,3763,1,occurs_in_speaker_text
62,3763,1,occurs_in_speaker_text
2017,3763,1,occurs_in_speaker_text
1051,3763,2,occurs_in_speaker_text
2391,3763,1,occurs_in_speaker_text
2636,3763,1,occurs_in_speaker_text
1095,3763,1,occurs_in_speaker_text
1066,3763,1,occurs_in_speaker_text
2108,3763,1,occurs_in_speaker_text
233,3763,1,occurs_in_speaker_text
222,3763,2,occurs_in_speaker_text
1169,3763,1,occurs_in_speaker_text
2177,3763,1,occurs_in_speaker_text
1435,3763,1,occurs_in_speaker_text
679,3763,1,occurs_in_speaker_text
2506,3763,1,occurs_in_speaker_text
677,3763,1,occurs_in_speaker_text
2195,3763,2,occurs_in_speaker_text
1577,3763,1,occurs_in_speaker_text
168,3763,1,occurs_in_speaker_text
1855,3763,1,occurs_in_speaker_text
1263,3764,2,occurs_in_speaker_text
1034,3764,4,occurs_in_speaker_text
666,3764,5,occurs_in_speaker_text
722,3764,1,occurs_in_speaker_text
1213,3764,1,occurs_in_speaker_text
1417,3764,1,occurs_in_speaker_text
1051,3764,1,occurs_in_speaker_text
1316,3764,1,occurs_in_speaker_text
1114,3764,1,occurs_in_speaker_text
1503,3764,1,occurs_in_speaker_text
2412,3764,1,occurs_in_speaker_text
667,3765,2,occurs_in_speaker_text
2285,3765,1,occurs_in_speaker_text
282,3765,1,occurs_in_speaker_text
2266,3765,1,occurs_in_speaker_text
1316,3765,1,occurs_in_speaker_text
752,3765,1,occurs_in_speaker_text
1034,3765,2,occurs_in_speaker_text
666,3765,1,occurs_in_speaker_text
1003,3765,1,occurs_in_speaker_text
2583,3765,1,occurs_in_speaker_text
1263,3765,1,occurs_in_speaker_text
222,3766,4,occurs_in_speaker_text
666,3766,1,occurs_in_speaker_text
2263,3766,1,occurs_in_speaker_text
1034,3766,3,occurs_in_speaker_text
2177,3766,1,occurs_in_speaker_text
196,3766,1,occurs_in_speaker_text
2134,3766,1,occurs_in_speaker_text
2644,3766,1,occurs_in_speaker_text
2454,3766,1,occurs_in_speaker_text
2928,3766,1,occurs_in_speaker_text
1364,3766,1,occurs_in_speaker_text
1034,3767,31,occurs_in_speaker_text
1793,3767,1,occurs_in_speaker_text
1950,3767,1,occurs_in_speaker_text
2360,3767,4,occurs_in_speaker_text
1250,3767,2,occurs_in_speaker_text
1051,3767,1,occurs_in_speaker_text
2177,3767,5,occurs_in_speaker_text
2435,3767,1,occurs_in_speaker_text
723,3767,1,occurs_in_speaker_text
2477,3767,5,occurs_in_speaker_text
1631,3767,1,occurs_in_speaker_text
1384,3767,1,occurs_in_speaker_text
2412,3767,1,occurs_in_speaker_text
846,3767,3,occurs_in_speaker_text
1522,3767,3,occurs_in_speaker_text
666,3767,10,occurs_in_speaker_text
2805,3767,3,occurs_in_speaker_text
1918,3767,3,occurs_in_speaker_text
1263,3767,2,occurs_in_speaker_text
2076,3767,1,occurs_in_speaker_text
3045,3767,1,occurs_in_speaker_text
1734,3767,1,occurs_in_speaker_text
2289,3767,1,occurs_in_speaker_text
891,3767,1,occurs_in_speaker_text
2518,3767,4,occurs_in_speaker_text
1454,3767,1,occurs_in_speaker_text
1528,3767,1,occurs_in_speaker_text
1911,3767,1,occurs_in_speaker_text
1001,3767,1,occurs_in_speaker_text
1339,3767,1,occurs_in_speaker_text
203,3767,1,occurs_in_speaker_text
1812,3767,1,occurs_in_speaker_text
3096,3767,1,occurs_in_speaker_text
222,3767,1,occurs_in_speaker_text
742,3767,1,occurs_in_speaker_text
2655,3767,4,occurs_in_speaker_text
1904,3767,1,occurs_in_speaker_text
111,3767,3,occurs_in_speaker_text
1340,3767,2,occurs_in_speaker_text
2089,3767,1,occurs_in_speaker_text
1193,3767,1,occurs_in_speaker_text
2280,3767,1,occurs_in_speaker_text
2633,3767,4,occurs_in_speaker_text
1823,3767,3,occurs_in_speaker_text
2936,3767,1,occurs_in_speaker_text
1316,3767,3,occurs_in_speaker_text
2258,3767,1,occurs_in_speaker_text
752,3767,1,occurs_in_speaker_text
2597,3767,1,occurs_in_speaker_text
2644,3767,1,occurs_in_speaker_text
2086,3767,1,occurs_in_speaker_text
1225,3767,1,occurs_in_speaker_text
869,3767,3,occurs_in_speaker_text
241,3767,1,occurs_in_speaker_text
856,3767,1,occurs_in_speaker_text
258,3767,1,occurs_in_speaker_text
1974,3767,1,occurs_in_speaker_text
426,3767,1,occurs_in_speaker_text
1801,3767,1,occurs_in_speaker_text
2161,3767,2,occurs_in_speaker_text
2100,3767,1,occurs_in_speaker_text
1310,3767,1,occurs_in_speaker_text
3061,3767,1,occurs_in_speaker_text
3092,3767,1,occurs_in_speaker_text
2118,3767,1,occurs_in_speaker_text
1173,3767,1,occurs_in_speaker_text
566,3767,1,occurs_in_speaker_text
2393,3767,1,occurs_in_speaker_text
616,3768,11,occurs_in_speaker_text
1034,3768,9,occurs_in_speaker_text
981,3768,2,occurs_in_speaker_text
666,3768,15,occurs_in_speaker_text
2646,3768,2,occurs_in_speaker_text
3096,3768,3,occurs_in_speaker_text
2283,3768,1,occurs_in_speaker_text
2412,3768,2,occurs_in_speaker_text
2360,3768,2,occurs_in_speaker_text
856,3768,6,occurs_in_speaker_text
718,3768,1,occurs_in_speaker_text
222,3768,3,occurs_in_speaker_text
3075,3768,1,occurs_in_speaker_text
2976,3768,1,occurs_in_speaker_text
999,3768,1,occurs_in_speaker_text
850,3768,1,occurs_in_speaker_text
2050,3768,1,occurs_in_speaker_text
703,3768,1,occurs_in_speaker_text
47,3768,1,occurs_in_speaker_text
1704,3768,1,occurs_in_speaker_text
2542,3768,1,occurs_in_speaker_text
444,3768,1,occurs_in_speaker_text
2805,3768,2,occurs_in_speaker_text
533,3768,1,occurs_in_speaker_text
2308,3768,1,occurs_in_speaker_text
2209,3768,1,occurs_in_speaker_text
752,3768,8,occurs_in_speaker_text
2735,3768,1,occurs_in_speaker_text
2228,3768,1,occurs_in_speaker_text
2477,3768,1,occurs_in_speaker_text
652,3768,1,occurs_in_speaker_text
2705,3768,1,occurs_in_speaker_text
780,3768,1,occurs_in_speaker_text
2360,3769,7,occurs_in_speaker_text
1732,3769,1,occurs_in_speaker_text
1034,3769,13,occurs_in_speaker_text
752,3769,5,occurs_in_speaker_text
2095,3769,1,occurs_in_speaker_text
1193,3769,1,occurs_in_speaker_text
1306,3769,1,occurs_in_speaker_text
1591,3769,1,occurs_in_speaker_text
1611,3769,3,occurs_in_speaker_text
1926,3769,1,occurs_in_speaker_text
666,3769,2,occurs_in_speaker_text
2749,3769,1,occurs_in_speaker_text
444,3769,3,occurs_in_speaker_text
2477,3769,24,occurs_in_speaker_text
2977,3769,2,occurs_in_speaker_text
1051,3769,3,occurs_in_speaker_text
1932,3769,1,occurs_in_speaker_text
1194,3769,2,occurs_in_speaker_text
222,3769,1,occurs_in_speaker_text
2084,3769,1,occurs_in_speaker_text
2518,3769,3,occurs_in_speaker_text
2775,3769,1,occurs_in_speaker_text
1661,3769,1,occurs_in_speaker_text
1260,3769,1,occurs_in_speaker_text
1682,3769,1,occurs_in_speaker_text
765,3769,1,occurs_in_speaker_text
1407,3769,1,occurs_in_speaker_text
2228,3769,2,occurs_in_speaker_text
72,3769,1,occurs_in_speaker_text
1422,3769,1,occurs_in_speaker_text
1656,3769,1,occurs_in_speaker_text
2025,3769,1,occurs_in_speaker_text
52,3769,1,occurs_in_speaker_text
2477,3770,46,occurs_in_speaker_text
2360,3770,39,occurs_in_speaker_text
1871,3770,5,occurs_in_speaker_text
1266,3770,8,occurs_in_speaker_text
2042,3770,15,occurs_in_speaker_text
1558,3770,4,occurs_in_speaker_text
780,3770,11,occurs_in_speaker_text
258,3770,3,occurs_in_speaker_text
1611,3770,22,occurs_in_speaker_text
1023,3770,2,occurs_in_speaker_text
1733,3770,3,occurs_in_speaker_text
1250,3770,4,occurs_in_speaker_text
222,3770,11,occurs_in_speaker_text
989,3770,1,occurs_in_speaker_text
981,3770,11,occurs_in_speaker_text
14,3770,4,occurs_in_speaker_text
666,3770,64,occurs_in_speaker_text
1715,3770,1,occurs_in_speaker_text
1575,3770,1,occurs_in_speaker_text
1034,3770,17,occurs_in_speaker_text
612,3770,1,occurs_in_speaker_text
1293,3770,5,occurs_in_speaker_text
2805,3770,12,occurs_in_speaker_text
2274,3770,2,occurs_in_speaker_text
1823,3770,5,occurs_in_speaker_text
1082,3770,2,occurs_in_speaker_text
1051,3770,41,occurs_in_speaker_text
752,3770,10,occurs_in_speaker_text
2053,3770,1,occurs_in_speaker_text
241,3770,5,occurs_in_speaker_text
2103,3770,2,occurs_in_speaker_text
2095,3770,6,occurs_in_speaker_text
444,3770,10,occurs_in_speaker_text
613,3770,1,occurs_in_speaker_text
932,3770,12,occurs_in_speaker_text
2050,3770,4,occurs_in_speaker_text
248,3770,1,occurs_in_speaker_text
2740,3770,1,occurs_in_speaker_text
2554,3770,2,occurs_in_speaker_text
2880,3770,1,occurs_in_speaker_text
1003,3770,1,occurs_in_speaker_text
3092,3770,6,occurs_in_speaker_text
2783,3770,1,occurs_in_speaker_text
73,3770,3,occurs_in_speaker_text
2977,3770,1,occurs_in_speaker_text
2076,3770,3,occurs_in_speaker_text
2254,3770,1,occurs_in_speaker_text
168,3770,4,occurs_in_speaker_text
1194,3770,10,occurs_in_speaker_text
430,3770,1,occurs_in_speaker_text
2878,3770,13,occurs_in_speaker_text
526,3770,1,occurs_in_speaker_text
1357,3770,1,occurs_in_speaker_text
1299,3770,1,occurs_in_speaker_text
1938,3770,1,occurs_in_speaker_text
119,3770,1,occurs_in_speaker_text
789,3770,1,occurs_in_speaker_text
2339,3770,1,occurs_in_speaker_text
2849,3770,1,occurs_in_speaker_text
1876,3770,1,occurs_in_speaker_text
2790,3770,1,occurs_in_speaker_text
1127,3770,1,occurs_in_speaker_text
2611,3770,1,occurs_in_speaker_text
2732,3770,1,occurs_in_speaker_text
1772,3770,1,occurs_in_speaker_text
1656,3770,5,occurs_in_speaker_text
2518,3770,2,occurs_in_speaker_text
1260,3770,7,occurs_in_speaker_text
2999,3770,3,occurs_in_speaker_text
1193,3770,3,occurs_in_speaker_text
2278,3770,1,occurs_in_speaker_text
136,3770,1,occurs_in_speaker_text
1238,3770,2,occurs_in_speaker_text
2328,3770,1,occurs_in_speaker_text
856,3770,10,occurs_in_speaker_text
1958,3770,1,occurs_in_speaker_text
1801,3770,8,occurs_in_speaker_text
982,3770,1,occurs_in_speaker_text
1973,3770,1,occurs_in_speaker_text
2228,3770,3,occurs_in_speaker_text
232,3770,5,occurs_in_speaker_text
1432,3770,1,occurs_in_speaker_text
1385,3770,1,occurs_in_speaker_text
2631,3770,3,occurs_in_speaker_text
3014,3770,1,occurs_in_speaker_text
2919,3770,1,occurs_in_speaker_text
2563,3770,1,occurs_in_speaker_text
1732,3770,11,occurs_in_speaker_text
722,3770,1,occurs_in_speaker_text
122,3770,2,occurs_in_speaker_text
646,3770,1,occurs_in_speaker_text
3034,3770,1,occurs_in_speaker_text
2911,3770,3,occurs_in_speaker_text
1873,3770,1,occurs_in_speaker_text
596,3770,2,occurs_in_speaker_text
352,3770,1,occurs_in_speaker_text
1818,3770,1,occurs_in_speaker_text
1285,3770,1,occurs_in_speaker_text
2134,3770,2,occurs_in_speaker_text
1926,3770,4,occurs_in_speaker_text
2464,3770,1,occurs_in_speaker_text
2937,3770,1,occurs_in_speaker_text
1501,3770,1,occurs_in_speaker_text
2713,3770,1,occurs_in_speaker_text
2615,3770,1,occurs_in_speaker_text
62,3770,1,occurs_in_speaker_text
1263,3770,3,occurs_in_speaker_text
1480,3770,1,occurs_in_speaker_text
1673,3770,1,occurs_in_speaker_text
1870,3770,1,occurs_in_speaker_text
328,3770,2,occurs_in_speaker_text
891,3770,1,occurs_in_speaker_text
1280,3770,2,occurs_in_speaker_text
1155,3770,1,occurs_in_speaker_text
2536,3770,1,occurs_in_speaker_text
1544,3770,2,occurs_in_speaker_text
942,3770,1,occurs_in_speaker_text
2338,3770,1,occurs_in_speaker_text
1581,3770,1,occurs_in_speaker_text
3009,3770,1,occurs_in_speaker_text
2197,3770,1,occurs_in_speaker_text
3094,3770,1,occurs_in_speaker_text
2191,3770,1,occurs_in_speaker_text
2176,3770,1,occurs_in_speaker_text
2218,3770,1,occurs_in_speaker_text
2108,3770,2,occurs_in_speaker_text
1562,3770,1,occurs_in_speaker_text
2035,3770,1,occurs_in_speaker_text
2348,3770,1,occurs_in_speaker_text
667,3770,1,occurs_in_speaker_text
2415,3770,1,occurs_in_speaker_text
1112,3770,1,occurs_in_speaker_text
1034,3771,4,occurs_in_speaker_text
1154,3771,1,occurs_in_speaker_text
752,3771,1,occurs_in_speaker_text
2965,3771,1,occurs_in_speaker_text
666,3771,2,occurs_in_speaker_text
1250,3771,1,occurs_in_speaker_text
2360,3771,3,occurs_in_speaker_text
1316,3771,1,occurs_in_speaker_text
1823,3771,4,occurs_in_speaker_text
2518,3771,5,occurs_in_speaker_text
222,3771,1,occurs_in_speaker_text
856,3771,2,occurs_in_speaker_text
981,3771,1,occurs_in_speaker_text
783,3771,1,occurs_in_speaker_text
19,3771,1,occurs_in_speaker_text
1656,3771,1,occurs_in_speaker_text
722,3771,1,occurs_in_speaker_text
1285,3771,1,occurs_in_speaker_text
445,3771,2,occurs_in_speaker_text
2380,3771,1,occurs_in_speaker_text
2477,3771,1,occurs_in_speaker_text
557,3771,1,occurs_in_speaker_text
241,3771,1,occurs_in_speaker_text
1051,3771,1,occurs_in_speaker_text
1372,3771,1,occurs_in_speaker_text
1941,3771,1,occurs_in_speaker_text
1403,3771,1,occurs_in_speaker_text
2991,3771,1,occurs_in_speaker_text
1194,3771,1,occurs_in_speaker_text
1924,3771,1,occurs_in_speaker_text
2790,3771,1,occurs_in_speaker_text
21,3771,1,occurs_in_speaker_text
1193,3771,1,occurs_in_speaker_text
1034,3772,18,occurs_in_speaker_text
1388,3772,1,occurs_in_speaker_text
666,3772,4,occurs_in_speaker_text
2360,3772,4,occurs_in_speaker_text
1662,3772,1,occurs_in_speaker_text
2393,3772,1,occurs_in_speaker_text
2955,3772,1,occurs_in_speaker_text
1130,3772,4,occurs_in_speaker_text
1316,3772,1,occurs_in_speaker_text
1477,3772,1,occurs_in_speaker_text
891,3772,5,occurs_in_speaker_text
222,3772,5,occurs_in_speaker_text
2878,3772,1,occurs_in_speaker_text
2477,3772,5,occurs_in_speaker_text
1095,3772,2,occurs_in_speaker_text
52,3772,1,occurs_in_speaker_text
1194,3772,1,occurs_in_speaker_text
1656,3772,4,occurs_in_speaker_text
3094,3772,1,occurs_in_speaker_text
752,3772,1,occurs_in_speaker_text
404,3772,1,occurs_in_speaker_text
232,3772,1,occurs_in_speaker_text
2548,3772,1,occurs_in_speaker_text
1528,3772,2,occurs_in_speaker_text
1293,3772,2,occurs_in_speaker_text
2118,3772,2,occurs_in_speaker_text
2805,3772,1,occurs_in_speaker_text
1250,3772,1,occurs_in_speaker_text
1918,3772,1,occurs_in_speaker_text
417,3772,1,occurs_in_speaker_text
2209,3772,1,occurs_in_speaker_text
1435,3772,1,occurs_in_speaker_text
119,3772,1,occurs_in_speaker_text
1051,3773,4,occurs_in_speaker_text
222,3773,3,occurs_in_speaker_text
856,3773,3,occurs_in_speaker_text
1034,3773,9,occurs_in_speaker_text
423,3773,1,occurs_in_speaker_text
2896,3773,1,occurs_in_speaker_text
2202,3773,1,occurs_in_speaker_text
666,3773,1,occurs_in_speaker_text
2647,3773,1,occurs_in_speaker_text
685,3773,1,occurs_in_speaker_text
430,3773,1,occurs_in_speaker_text
1656,3773,1,occurs_in_speaker_text
2476,3773,1,occurs_in_speaker_text
897,3773,1,occurs_in_speaker_text
2594,3774,1,occurs_in_speaker_text
666,3774,1,occurs_in_speaker_text
1034,3774,3,occurs_in_speaker_text
222,3775,7,occurs_in_speaker_text
666,3775,1,occurs_in_speaker_text
1194,3775,1,occurs_in_speaker_text
1034,3775,2,occurs_in_speaker_text
2900,3775,1,occurs_in_speaker_text
881,3776,3,occurs_in_speaker_text
666,3776,22,occurs_in_speaker_text
2141,3776,2,occurs_in_speaker_text
14,3776,2,occurs_in_speaker_text
1156,3776,1,occurs_in_speaker_text
2360,3776,33,occurs_in_speaker_text
38,3776,3,occurs_in_speaker_text
2393,3776,1,occurs_in_speaker_text
638,3776,2,occurs_in_speaker_text
2518,3776,1,occurs_in_speaker_text
2930,3776,3,occurs_in_speaker_text
444,3776,4,occurs_in_speaker_text
3048,3776,1,occurs_in_speaker_text
2095,3776,1,occurs_in_speaker_text
1061,3776,1,occurs_in_speaker_text
176,3776,1,occurs_in_speaker_text
168,3776,2,occurs_in_speaker_text
1507,3776,1,occurs_in_speaker_text
1876,3776,1,occurs_in_speaker_text
1034,3776,7,occurs_in_speaker_text
891,3776,2,occurs_in_speaker_text
2461,3776,1,occurs_in_speaker_text
1611,3776,1,occurs_in_speaker_text
109,3776,1,occurs_in_speaker_text
1005,3776,1,occurs_in_speaker_text
2754,3776,1,occurs_in_speaker_text
319,3776,12,occurs_in_speaker_text
3013,3776,1,occurs_in_speaker_text
1801,3776,1,occurs_in_speaker_text
1641,3776,1,occurs_in_speaker_text
1893,3776,1,occurs_in_speaker_text
1207,3776,1,occurs_in_speaker_text
63,3776,1,occurs_in_speaker_text
2643,3776,1,occurs_in_speaker_text
2805,3776,2,occurs_in_speaker_text
872,3776,1,occurs_in_speaker_text
1704,3776,3,occurs_in_speaker_text
2076,3776,1,occurs_in_speaker_text
1897,3776,1,occurs_in_speaker_text
2543,3776,1,occurs_in_speaker_text
1023,3776,1,occurs_in_speaker_text
1051,3776,2,occurs_in_speaker_text
332,3776,1,occurs_in_speaker_text
400,3776,1,occurs_in_speaker_text
417,3776,2,occurs_in_speaker_text
977,3776,1,occurs_in_speaker_text
1497,3776,1,occurs_in_speaker_text
667,3776,1,occurs_in_speaker_text
800,3776,1,occurs_in_speaker_text
940,3776,1,occurs_in_speaker_text
946,3776,1,occurs_in_speaker_text
1266,3776,2,occurs_in_speaker_text
307,3776,1,occurs_in_speaker_text
2739,3776,1,occurs_in_speaker_text
2348,3776,1,occurs_in_speaker_text
1871,3776,2,occurs_in_speaker_text
577,3776,1,occurs_in_speaker_text
2764,3776,1,occurs_in_speaker_text
1280,3776,1,occurs_in_speaker_text
823,3776,2,occurs_in_speaker_text
2380,3776,1,occurs_in_speaker_text
607,3776,1,occurs_in_speaker_text
353,3776,1,occurs_in_speaker_text
2026,3776,2,occurs_in_speaker_text
1234,3776,1,occurs_in_speaker_text
1193,3776,1,occurs_in_speaker_text
2858,3776,1,occurs_in_speaker_text
1813,3776,1,occurs_in_speaker_text
1156,3777,1,occurs_in_speaker_text
1704,3777,1,occurs_in_speaker_text
2241,3777,1,occurs_in_speaker_text
1034,3777,13,occurs_in_speaker_text
666,3777,4,occurs_in_speaker_text
1967,3777,1,occurs_in_speaker_text
222,3777,3,occurs_in_speaker_text
2108,3777,2,occurs_in_speaker_text
1238,3777,1,occurs_in_speaker_text
1732,3777,1,occurs_in_speaker_text
1158,3777,1,occurs_in_speaker_text
1263,3777,1,occurs_in_speaker_text
2686,3777,2,occurs_in_speaker_text
1193,3777,1,occurs_in_speaker_text
981,3777,1,occurs_in_speaker_text
2878,3777,1,occurs_in_speaker_text
667,3778,1,occurs_in_speaker_text
1238,3778,1,occurs_in_speaker_text
2477,3778,1,occurs_in_speaker_text
427,3778,1,occurs_in_speaker_text
1034,3778,1,occurs_in_speaker_text
2177,3778,1,occurs_in_speaker_text
1250,3778,1,occurs_in_speaker_text
1034,3779,7,occurs_in_speaker_text
1400,3779,1,occurs_in_speaker_text
222,3779,1,occurs_in_speaker_text
891,3779,1,occurs_in_speaker_text
