Source,Target,Weight,Type
2972,5091,1,occurs_in_speaker_text
4622,5091,1,occurs_in_speaker_text
3635,5091,1,occurs_in_speaker_text
2458,5091,2,occurs_in_speaker_text
4988,5091,1,occurs_in_speaker_text
275,5091,1,occurs_in_speaker_text
4923,5092,2,occurs_in_speaker_text
1331,5092,2,occurs_in_speaker_text
4003,5092,8,occurs_in_speaker_text
4119,5092,1,occurs_in_speaker_text
2868,5092,2,occurs_in_speaker_text
1257,5092,1,occurs_in_speaker_text
1859,5092,4,occurs_in_speaker_text
2485,5092,13,occurs_in_speaker_text
1536,5092,1,occurs_in_speaker_text
4006,5092,1,occurs_in_speaker_text
4267,5092,1,occurs_in_speaker_text
3920,5092,1,occurs_in_speaker_text
1196,5092,1,occurs_in_speaker_text
2538,5092,2,occurs_in_speaker_text
549,5092,1,occurs_in_speaker_text
4066,5092,1,occurs_in_speaker_text
1637,5092,2,occurs_in_speaker_text
1999,5092,5,occurs_in_speaker_text
3981,5092,1,occurs_in_speaker_text
2935,5092,1,occurs_in_speaker_text
4724,5092,2,occurs_in_speaker_text
4124,5092,1,occurs_in_speaker_text
3506,5092,1,occurs_in_speaker_text
3274,5092,1,occurs_in_speaker_text
4795,5092,3,occurs_in_speaker_text
3150,5092,1,occurs_in_speaker_text
3773,5092,2,occurs_in_speaker_text
4368,5092,1,occurs_in_speaker_text
80,5092,2,occurs_in_speaker_text
3814,5092,1,occurs_in_speaker_text
4970,5092,1,occurs_in_speaker_text
4286,5092,1,occurs_in_speaker_text
1725,5092,1,occurs_in_speaker_text
2629,5092,1,occurs_in_speaker_text
5077,5092,1,occurs_in_speaker_text
2172,5092,1,occurs_in_speaker_text
234,5092,2,occurs_in_speaker_text
1024,5092,1,occurs_in_speaker_text
2493,5093,4,occurs_in_speaker_text
3354,5093,1,occurs_in_speaker_text
4635,5093,1,occurs_in_speaker_text
3975,5093,1,occurs_in_speaker_text
2240,5093,5,occurs_in_speaker_text
2870,5093,1,occurs_in_speaker_text
55,5093,1,occurs_in_speaker_text
811,5093,2,occurs_in_speaker_text
4576,5093,2,occurs_in_speaker_text
329,5093,1,occurs_in_speaker_text
4018,5093,2,occurs_in_speaker_text
822,5093,1,occurs_in_speaker_text
4655,5093,1,occurs_in_speaker_text
3010,5093,1,occurs_in_speaker_text
1064,5093,1,occurs_in_speaker_text
1666,5093,1,occurs_in_speaker_text
4003,5093,1,occurs_in_speaker_text
4368,5093,1,occurs_in_speaker_text
3912,5093,1,occurs_in_speaker_text
1724,5093,1,occurs_in_speaker_text
1157,5093,1,occurs_in_speaker_text
1768,5093,1,occurs_in_speaker_text
1515,5093,2,occurs_in_speaker_text
1232,5093,2,occurs_in_speaker_text
3034,5093,1,occurs_in_speaker_text
2750,5093,1,occurs_in_speaker_text
4576,5094,3,occurs_in_speaker_text
4945,5094,1,occurs_in_speaker_text
4100,5094,1,occurs_in_speaker_text
1424,5094,1,occurs_in_speaker_text
2515,5094,1,occurs_in_speaker_text
3617,5094,2,occurs_in_speaker_text
3207,5094,1,occurs_in_speaker_text
4176,5094,1,occurs_in_speaker_text
841,5094,1,occurs_in_speaker_text
4030,5094,1,occurs_in_speaker_text
3503,5094,1,occurs_in_speaker_text
2629,5094,1,occurs_in_speaker_text
1331,5094,3,occurs_in_speaker_text
4368,5094,1,occurs_in_speaker_text
4327,5094,1,occurs_in_speaker_text
2834,5094,1,occurs_in_speaker_text
1999,5094,2,occurs_in_speaker_text
2866,5094,1,occurs_in_speaker_text
4491,5094,1,occurs_in_speaker_text
1144,5094,1,occurs_in_speaker_text
4407,5094,1,occurs_in_speaker_text
1759,5095,1,occurs_in_speaker_text
2958,5096,2,occurs_in_speaker_text
4556,5096,1,occurs_in_speaker_text
1515,5096,2,occurs_in_speaker_text
1739,5096,1,occurs_in_speaker_text
4368,5096,2,occurs_in_speaker_text
4018,5096,1,occurs_in_speaker_text
4228,5096,1,occurs_in_speaker_text
4003,5096,1,occurs_in_speaker_text
2082,5096,1,occurs_in_speaker_text
3661,5096,1,occurs_in_speaker_text
1041,5096,1,occurs_in_speaker_text
811,5096,1,occurs_in_speaker_text
57,5096,1,occurs_in_speaker_text
2312,5096,1,occurs_in_speaker_text
1536,5096,1,occurs_in_speaker_text
1459,5096,1,occurs_in_speaker_text
3111,5096,1,occurs_in_speaker_text
1895,5096,1,occurs_in_speaker_text
4,5096,1,occurs_in_speaker_text
4887,5096,2,occurs_in_speaker_text
3012,5096,1,occurs_in_speaker_text
234,5097,2,occurs_in_speaker_text
1431,5097,1,occurs_in_speaker_text
1474,5097,1,occurs_in_speaker_text
863,5097,1,occurs_in_speaker_text
4040,5097,2,occurs_in_speaker_text
1536,5097,2,occurs_in_speaker_text
3964,5097,1,occurs_in_speaker_text
415,5097,1,occurs_in_speaker_text
1310,5097,1,occurs_in_speaker_text
1239,5097,1,occurs_in_speaker_text
3864,5097,1,occurs_in_speaker_text
1999,5097,2,occurs_in_speaker_text
1001,5097,1,occurs_in_speaker_text
2567,5097,1,occurs_in_speaker_text
4709,5097,1,occurs_in_speaker_text
2773,5097,1,occurs_in_speaker_text
1391,5097,1,occurs_in_speaker_text
942,5097,1,occurs_in_speaker_text
3150,5098,1,occurs_in_speaker_text
4003,5098,5,occurs_in_speaker_text
345,5098,2,occurs_in_speaker_text
3712,5098,1,occurs_in_speaker_text
2306,5098,1,occurs_in_speaker_text
3987,5098,4,occurs_in_speaker_text
1275,5098,1,occurs_in_speaker_text
942,5098,7,occurs_in_speaker_text
629,5098,1,occurs_in_speaker_text
811,5098,1,occurs_in_speaker_text
234,5098,1,occurs_in_speaker_text
4103,5098,1,occurs_in_speaker_text
863,5098,1,occurs_in_speaker_text
2809,5098,1,occurs_in_speaker_text
389,5098,1,occurs_in_speaker_text
1637,5098,2,occurs_in_speaker_text
2766,5098,1,occurs_in_speaker_text
3326,5098,1,occurs_in_speaker_text
4576,5098,1,occurs_in_speaker_text
33,5098,1,occurs_in_speaker_text
2398,5098,1,occurs_in_speaker_text
1725,5098,1,occurs_in_speaker_text
4065,5098,1,occurs_in_speaker_text
3967,5098,1,occurs_in_speaker_text
103,5098,2,occurs_in_speaker_text
4752,5098,1,occurs_in_speaker_text
2460,5098,1,occurs_in_speaker_text
2261,5098,1,occurs_in_speaker_text
3904,5098,1,occurs_in_speaker_text
4887,5098,1,occurs_in_speaker_text
407,5098,4,occurs_in_speaker_text
3855,5098,1,occurs_in_speaker_text
1534,5098,2,occurs_in_speaker_text
3079,5098,1,occurs_in_speaker_text
2485,5098,1,occurs_in_speaker_text
1637,5099,2,occurs_in_speaker_text
318,5099,2,occurs_in_speaker_text
3737,5099,6,occurs_in_speaker_text
2659,5099,3,occurs_in_speaker_text
2347,5099,3,occurs_in_speaker_text
3904,5099,1,occurs_in_speaker_text
3959,5099,1,occurs_in_speaker_text
93,5099,1,occurs_in_speaker_text
4003,5099,1,occurs_in_speaker_text
4084,5099,1,occurs_in_speaker_text
3841,5099,1,occurs_in_speaker_text
2213,5099,1,occurs_in_speaker_text
388,5099,1,occurs_in_speaker_text
2756,5099,1,occurs_in_speaker_text
2458,5099,1,occurs_in_speaker_text
795,5100,1,occurs_in_speaker_text
793,5100,1,occurs_in_speaker_text
4989,5100,1,occurs_in_speaker_text
1999,5100,3,occurs_in_speaker_text
1687,5100,4,occurs_in_speaker_text
1509,5100,1,occurs_in_speaker_text
2365,5100,1,occurs_in_speaker_text
2289,5100,1,occurs_in_speaker_text
4974,5100,1,occurs_in_speaker_text
1725,5100,1,occurs_in_speaker_text
1331,5100,6,occurs_in_speaker_text
3099,5100,2,occurs_in_speaker_text
2972,5100,1,occurs_in_speaker_text
4143,5100,3,occurs_in_speaker_text
4724,5100,1,occurs_in_speaker_text
3673,5100,1,occurs_in_speaker_text
4299,5100,2,occurs_in_speaker_text
2910,5100,1,occurs_in_speaker_text
4124,5100,1,occurs_in_speaker_text
2746,5100,1,occurs_in_speaker_text
4040,5100,1,occurs_in_speaker_text
3107,5100,1,occurs_in_speaker_text
4286,5100,1,occurs_in_speaker_text
1431,5100,1,occurs_in_speaker_text
1950,5100,1,occurs_in_speaker_text
2193,5100,1,occurs_in_speaker_text
507,5101,1,occurs_in_speaker_text
897,5101,1,occurs_in_speaker_text
811,5101,1,occurs_in_speaker_text
4003,5102,5,occurs_in_speaker_text
4143,5102,2,occurs_in_speaker_text
1465,5102,1,occurs_in_speaker_text
1414,5102,1,occurs_in_speaker_text
376,5102,1,occurs_in_speaker_text
2365,5102,2,occurs_in_speaker_text
81,5102,2,occurs_in_speaker_text
308,5102,3,occurs_in_speaker_text
4993,5102,1,occurs_in_speaker_text
1331,5102,1,occurs_in_speaker_text
3167,5102,3,occurs_in_speaker_text
3562,5102,1,occurs_in_speaker_text
2047,5102,2,occurs_in_speaker_text
1431,5102,3,occurs_in_speaker_text
4299,5102,1,occurs_in_speaker_text
4163,5102,1,occurs_in_speaker_text
952,5102,1,occurs_in_speaker_text
3526,5102,1,occurs_in_speaker_text
3099,5102,1,occurs_in_speaker_text
920,5103,1,occurs_in_speaker_text
2312,5103,1,occurs_in_speaker_text
4300,5103,1,occurs_in_speaker_text
1637,5103,1,occurs_in_speaker_text
4003,5103,1,occurs_in_speaker_text
2445,5103,2,occurs_in_speaker_text
4576,5103,2,occurs_in_speaker_text
3635,5103,1,occurs_in_speaker_text
4040,5103,1,occurs_in_speaker_text
1285,5103,1,occurs_in_speaker_text
2567,5103,1,occurs_in_speaker_text
3360,5104,1,occurs_in_speaker_text
3899,5104,1,occurs_in_speaker_text
308,5104,1,occurs_in_speaker_text
1637,5104,1,occurs_in_speaker_text
1509,5104,1,occurs_in_speaker_text
2972,5104,1,occurs_in_speaker_text
3028,5105,1,occurs_in_speaker_text
3111,5105,2,occurs_in_speaker_text
39,5105,1,occurs_in_speaker_text
953,5105,1,occurs_in_speaker_text
217,5105,1,occurs_in_speaker_text
5041,5105,1,occurs_in_speaker_text
2331,5105,1,occurs_in_speaker_text
234,5105,1,occurs_in_speaker_text
811,5105,2,occurs_in_speaker_text
3500,5105,2,occurs_in_speaker_text
4387,5105,1,occurs_in_speaker_text
2750,5105,1,occurs_in_speaker_text
1118,5105,1,occurs_in_speaker_text
1116,5105,1,occurs_in_speaker_text
3735,5105,1,occurs_in_speaker_text
685,5105,2,occurs_in_speaker_text
863,5105,1,occurs_in_speaker_text
4143,5105,2,occurs_in_speaker_text
384,5105,1,occurs_in_speaker_text
3470,5105,1,occurs_in_speaker_text
4194,5105,1,occurs_in_speaker_text
1232,5105,4,occurs_in_speaker_text
449,5105,1,occurs_in_speaker_text
1346,5105,1,occurs_in_speaker_text
3856,5105,1,occurs_in_speaker_text
3724,5105,1,occurs_in_speaker_text
3099,5105,1,occurs_in_speaker_text
2289,5105,1,occurs_in_speaker_text
942,5105,3,occurs_in_speaker_text
275,5105,1,occurs_in_speaker_text
3688,5105,1,occurs_in_speaker_text
1999,5105,3,occurs_in_speaker_text
4119,5105,1,occurs_in_speaker_text
4018,5105,4,occurs_in_speaker_text
3635,5105,1,occurs_in_speaker_text
3341,5105,1,occurs_in_speaker_text
3526,5105,1,occurs_in_speaker_text
2485,5105,2,occurs_in_speaker_text
3188,5105,1,occurs_in_speaker_text
2042,5105,1,occurs_in_speaker_text
4368,5105,1,occurs_in_speaker_text
1091,5105,1,occurs_in_speaker_text
742,5105,1,occurs_in_speaker_text
4576,5105,1,occurs_in_speaker_text
3148,5105,3,occurs_in_speaker_text
1561,5105,1,occurs_in_speaker_text
1044,5105,1,occurs_in_speaker_text
3526,5106,3,occurs_in_speaker_text
3500,5106,2,occurs_in_speaker_text
4219,5106,1,occurs_in_speaker_text
275,5106,3,occurs_in_speaker_text
4724,5106,5,occurs_in_speaker_text
981,5106,1,occurs_in_speaker_text
1431,5106,2,occurs_in_speaker_text
4876,5106,3,occurs_in_speaker_text
4282,5106,1,occurs_in_speaker_text
2618,5106,1,occurs_in_speaker_text
4878,5106,3,occurs_in_speaker_text
3562,5106,1,occurs_in_speaker_text
5029,5106,2,occurs_in_speaker_text
3099,5106,3,occurs_in_speaker_text
3096,5106,1,occurs_in_speaker_text
2485,5106,7,occurs_in_speaker_text
162,5106,1,occurs_in_speaker_text
2024,5106,1,occurs_in_speaker_text
4398,5106,2,occurs_in_speaker_text
3904,5106,1,occurs_in_speaker_text
4003,5106,1,occurs_in_speaker_text
4753,5106,1,occurs_in_speaker_text
507,5106,1,occurs_in_speaker_text
942,5106,1,occurs_in_speaker_text
5045,5106,1,occurs_in_speaker_text
2910,5106,2,occurs_in_speaker_text
2972,5106,2,occurs_in_speaker_text
2047,5106,1,occurs_in_speaker_text
105,5106,1,occurs_in_speaker_text
3893,5106,1,occurs_in_speaker_text
3432,5106,1,occurs_in_speaker_text
4143,5106,1,occurs_in_speaker_text
2870,5106,1,occurs_in_speaker_text
2943,5106,1,occurs_in_speaker_text
464,5106,1,occurs_in_speaker_text
829,5106,1,occurs_in_speaker_text
1271,5107,1,occurs_in_speaker_text
4814,5107,1,occurs_in_speaker_text
3526,5107,4,occurs_in_speaker_text
1710,5107,1,occurs_in_speaker_text
4368,5107,1,occurs_in_speaker_text
3635,5107,4,occurs_in_speaker_text
31,5107,1,occurs_in_speaker_text
1739,5107,1,occurs_in_speaker_text
2983,5107,1,occurs_in_speaker_text
4413,5107,1,occurs_in_speaker_text
4622,5107,1,occurs_in_speaker_text
2554,5107,2,occurs_in_speaker_text
2660,5107,1,occurs_in_speaker_text
1573,5107,1,occurs_in_speaker_text
2750,5107,1,occurs_in_speaker_text
1637,5107,1,occurs_in_speaker_text
507,5107,2,occurs_in_speaker_text
942,5107,2,occurs_in_speaker_text
5077,5107,1,occurs_in_speaker_text
1331,5107,1,occurs_in_speaker_text
1570,5107,1,occurs_in_speaker_text
4353,5108,2,occurs_in_speaker_text
1739,5108,1,occurs_in_speaker_text
2125,5108,1,occurs_in_speaker_text
4576,5108,1,occurs_in_speaker_text
308,5108,1,occurs_in_speaker_text
811,5108,2,occurs_in_speaker_text
4286,5109,1,occurs_in_speaker_text
1303,5109,1,occurs_in_speaker_text
1588,5109,1,occurs_in_speaker_text
4639,5109,1,occurs_in_speaker_text
2289,5109,1,occurs_in_speaker_text
4339,5109,1,occurs_in_speaker_text
47,5109,1,occurs_in_speaker_text
1074,5109,1,occurs_in_speaker_text
4403,5109,2,occurs_in_speaker_text
1873,5109,1,occurs_in_speaker_text
604,5109,1,occurs_in_speaker_text
2766,5109,1,occurs_in_speaker_text
3846,5109,3,occurs_in_speaker_text
994,5109,2,occurs_in_speaker_text
862,5109,1,occurs_in_speaker_text
2547,5109,1,occurs_in_speaker_text
1536,5109,1,occurs_in_speaker_text
3526,5109,1,occurs_in_speaker_text
4368,5109,1,occurs_in_speaker_text
863,5109,1,occurs_in_speaker_text
2745,5109,1,occurs_in_speaker_text
1272,5109,7,occurs_in_speaker_text
4641,5109,1,occurs_in_speaker_text
1508,5109,4,occurs_in_speaker_text
2494,5109,1,occurs_in_speaker_text
4003,5109,1,occurs_in_speaker_text
3739,5109,2,occurs_in_speaker_text
3492,5109,1,occurs_in_speaker_text
1331,5109,1,occurs_in_speaker_text
395,5109,1,occurs_in_speaker_text
279,5109,1,occurs_in_speaker_text
1956,5109,1,occurs_in_speaker_text
2317,5109,1,occurs_in_speaker_text
2910,5109,1,occurs_in_speaker_text
2391,5109,1,occurs_in_speaker_text
1580,5109,1,occurs_in_speaker_text
2446,5109,1,occurs_in_speaker_text
1725,5109,4,occurs_in_speaker_text
506,5109,1,occurs_in_speaker_text
2567,5109,1,occurs_in_speaker_text
3099,5109,1,occurs_in_speaker_text
2256,5110,1,occurs_in_speaker_text
275,5110,1,occurs_in_speaker_text
4398,5110,1,occurs_in_speaker_text
2312,5110,2,occurs_in_speaker_text
1551,5110,2,occurs_in_speaker_text
4097,5110,1,occurs_in_speaker_text
942,5110,2,occurs_in_speaker_text
507,5110,1,occurs_in_speaker_text
5077,5111,2,occurs_in_speaker_text
1999,5111,2,occurs_in_speaker_text
2594,5111,1,occurs_in_speaker_text
687,5111,1,occurs_in_speaker_text
811,5111,3,occurs_in_speaker_text
4272,5111,1,occurs_in_speaker_text
3570,5111,1,occurs_in_speaker_text
2885,5111,1,occurs_in_speaker_text
2359,5111,1,occurs_in_speaker_text
1515,5111,1,occurs_in_speaker_text
2673,5111,1,occurs_in_speaker_text
2069,5111,1,occurs_in_speaker_text
2485,5111,1,occurs_in_speaker_text
822,5111,2,occurs_in_speaker_text
2155,5111,1,occurs_in_speaker_text
2982,5111,2,occurs_in_speaker_text
4576,5111,2,occurs_in_speaker_text
1232,5111,1,occurs_in_speaker_text
139,5111,5,occurs_in_speaker_text
4826,5112,1,occurs_in_speaker_text
2751,5112,1,occurs_in_speaker_text
3500,5112,2,occurs_in_speaker_text
33,5112,1,occurs_in_speaker_text
2750,5112,1,occurs_in_speaker_text
1637,5112,1,occurs_in_speaker_text
3120,5112,1,occurs_in_speaker_text
573,5112,1,occurs_in_speaker_text
1687,5112,1,occurs_in_speaker_text
4576,5113,2,occurs_in_speaker_text
2632,5113,1,occurs_in_speaker_text
4870,5113,1,occurs_in_speaker_text
4368,5113,1,occurs_in_speaker_text
2312,5113,1,occurs_in_speaker_text
3707,5113,1,occurs_in_speaker_text
3330,5113,1,occurs_in_speaker_text
3581,5113,1,occurs_in_speaker_text
691,5113,1,occurs_in_speaker_text
4003,5113,1,occurs_in_speaker_text
811,5113,3,occurs_in_speaker_text
1459,5113,1,occurs_in_speaker_text
4815,5113,1,occurs_in_speaker_text
2841,5113,1,occurs_in_speaker_text
1144,5113,7,occurs_in_speaker_text
2987,5113,1,occurs_in_speaker_text
3708,5113,2,occurs_in_speaker_text
3552,5113,1,occurs_in_speaker_text
1686,5113,1,occurs_in_speaker_text
2972,5113,1,occurs_in_speaker_text
4753,5113,1,occurs_in_speaker_text
2750,5113,2,occurs_in_speaker_text
3526,5113,1,occurs_in_speaker_text
608,5113,1,occurs_in_speaker_text
4956,5113,1,occurs_in_speaker_text
3943,5113,1,occurs_in_speaker_text
3724,5113,2,occurs_in_speaker_text
4143,5113,1,occurs_in_speaker_text
4656,5113,1,occurs_in_speaker_text
1584,5113,1,occurs_in_speaker_text
2155,5113,4,occurs_in_speaker_text
2082,5113,1,occurs_in_speaker_text
3099,5113,3,occurs_in_speaker_text
3635,5113,2,occurs_in_speaker_text
2910,5113,1,occurs_in_speaker_text
2256,5113,1,occurs_in_speaker_text
4058,5113,1,occurs_in_speaker_text
2773,5113,1,occurs_in_speaker_text
4731,5113,1,occurs_in_speaker_text
3114,5113,1,occurs_in_speaker_text
3815,5113,1,occurs_in_speaker_text
4304,5113,1,occurs_in_speaker_text
2579,5113,1,occurs_in_speaker_text
239,5113,1,occurs_in_speaker_text
4299,5113,1,occurs_in_speaker_text
1992,5113,1,occurs_in_speaker_text
3735,5113,1,occurs_in_speaker_text
4486,5113,1,occurs_in_speaker_text
1494,5113,1,occurs_in_speaker_text
2485,5113,1,occurs_in_speaker_text
1396,5113,1,occurs_in_speaker_text
4261,5113,1,occurs_in_speaker_text
4124,5113,1,occurs_in_speaker_text
3562,5113,1,occurs_in_speaker_text
1972,5113,2,occurs_in_speaker_text
1954,5113,1,occurs_in_speaker_text
103,5113,1,occurs_in_speaker_text
952,5113,1,occurs_in_speaker_text
139,5113,1,occurs_in_speaker_text
4003,5114,1,occurs_in_speaker_text
234,5114,2,occurs_in_speaker_text
2910,5114,3,occurs_in_speaker_text
3143,5114,1,occurs_in_speaker_text
2477,5114,1,occurs_in_speaker_text
687,5114,1,occurs_in_speaker_text
3868,5114,1,occurs_in_speaker_text
259,5114,1,occurs_in_speaker_text
4856,5114,1,occurs_in_speaker_text
2574,5114,1,occurs_in_speaker_text
5034,5114,1,occurs_in_speaker_text
2188,5114,1,occurs_in_speaker_text
1999,5114,2,occurs_in_speaker_text
2495,5114,1,occurs_in_speaker_text
4942,5114,1,occurs_in_speaker_text
629,5114,1,occurs_in_speaker_text
1616,5114,1,occurs_in_speaker_text
2766,5114,1,occurs_in_speaker_text
162,5114,1,occurs_in_speaker_text
3809,5114,1,occurs_in_speaker_text
4923,5114,1,occurs_in_speaker_text
2538,5114,1,occurs_in_speaker_text
942,5114,1,occurs_in_speaker_text
3625,5114,2,occurs_in_speaker_text
3107,5114,1,occurs_in_speaker_text
1714,5114,1,occurs_in_speaker_text
2189,5114,1,occurs_in_speaker_text
2430,5114,1,occurs_in_speaker_text
2681,5114,1,occurs_in_speaker_text
1068,5114,1,occurs_in_speaker_text
4576,5115,1,occurs_in_speaker_text
629,5115,1,occurs_in_speaker_text
234,5115,1,occurs_in_speaker_text
1697,5115,1,occurs_in_speaker_text
239,5115,4,occurs_in_speaker_text
4658,5115,1,occurs_in_speaker_text
3226,5115,1,occurs_in_speaker_text
4653,5115,1,occurs_in_speaker_text
5055,5115,1,occurs_in_speaker_text
863,5116,1,occurs_in_speaker_text
2445,5116,2,occurs_in_speaker_text
2703,5116,1,occurs_in_speaker_text
4576,5116,1,occurs_in_speaker_text
1431,5116,1,occurs_in_speaker_text
4359,5116,1,occurs_in_speaker_text
1536,5116,1,occurs_in_speaker_text
629,5116,2,occurs_in_speaker_text
1994,5116,1,occurs_in_speaker_text
3635,5116,1,occurs_in_speaker_text
942,5116,1,occurs_in_speaker_text
368,5116,1,occurs_in_speaker_text
811,5116,1,occurs_in_speaker_text
4373,5117,1,occurs_in_speaker_text
3069,5117,1,occurs_in_speaker_text
3724,5117,2,occurs_in_speaker_text
4724,5117,6,occurs_in_speaker_text
5045,5117,3,occurs_in_speaker_text
2289,5117,1,occurs_in_speaker_text
3712,5117,1,occurs_in_speaker_text
729,5117,1,occurs_in_speaker_text
426,5117,1,occurs_in_speaker_text
1637,5117,1,occurs_in_speaker_text
1999,5117,1,occurs_in_speaker_text
2233,5117,1,occurs_in_speaker_text
4681,5117,1,occurs_in_speaker_text
1329,5117,2,occurs_in_speaker_text
2038,5117,8,occurs_in_speaker_text
162,5117,1,occurs_in_speaker_text
1243,5117,1,occurs_in_speaker_text
1584,5117,1,occurs_in_speaker_text
980,5117,1,occurs_in_speaker_text
3099,5117,1,occurs_in_speaker_text
4040,5117,1,occurs_in_speaker_text
1536,5117,2,occurs_in_speaker_text
239,5117,1,occurs_in_speaker_text
4143,5117,2,occurs_in_speaker_text
2910,5117,1,occurs_in_speaker_text
3609,5117,1,occurs_in_speaker_text
3825,5117,1,occurs_in_speaker_text
1677,5117,1,occurs_in_speaker_text
3164,5117,1,occurs_in_speaker_text
533,5117,1,occurs_in_speaker_text
3713,5117,1,occurs_in_speaker_text
1331,5117,1,occurs_in_speaker_text
219,5117,1,occurs_in_speaker_text
1358,5117,1,occurs_in_speaker_text
1687,5117,2,occurs_in_speaker_text
4003,5117,1,occurs_in_speaker_text
3064,5117,1,occurs_in_speaker_text
740,5117,1,occurs_in_speaker_text
1144,5117,1,occurs_in_speaker_text
2629,5117,1,occurs_in_speaker_text
139,5117,1,occurs_in_speaker_text
5029,5117,1,occurs_in_speaker_text
811,5118,1,occurs_in_speaker_text
1637,5118,4,occurs_in_speaker_text
4267,5118,2,occurs_in_speaker_text
33,5118,1,occurs_in_speaker_text
4143,5118,1,occurs_in_speaker_text
3724,5118,1,occurs_in_speaker_text
4311,5118,1,occurs_in_speaker_text
3932,5118,1,occurs_in_speaker_text
1853,5118,1,occurs_in_speaker_text
4003,5118,1,occurs_in_speaker_text
389,5118,1,occurs_in_speaker_text
1431,5118,1,occurs_in_speaker_text
2445,5118,1,occurs_in_speaker_text
942,5118,1,occurs_in_speaker_text
507,5118,1,occurs_in_speaker_text
1999,5118,1,occurs_in_speaker_text
1245,5118,1,occurs_in_speaker_text
1044,5119,1,occurs_in_speaker_text
942,5119,2,occurs_in_speaker_text
2836,5119,1,occurs_in_speaker_text
2680,5119,1,occurs_in_speaker_text
811,5119,12,occurs_in_speaker_text
1333,5119,1,occurs_in_speaker_text
5017,5119,1,occurs_in_speaker_text
2538,5119,1,occurs_in_speaker_text
4322,5119,3,occurs_in_speaker_text
4844,5119,1,occurs_in_speaker_text
3196,5119,2,occurs_in_speaker_text
4431,5119,1,occurs_in_speaker_text
5059,5119,1,occurs_in_speaker_text
3052,5119,1,occurs_in_speaker_text
4374,5119,1,occurs_in_speaker_text
3292,5119,2,occurs_in_speaker_text
2870,5119,1,occurs_in_speaker_text
4187,5119,1,occurs_in_speaker_text
3898,5119,1,occurs_in_speaker_text
4479,5119,2,occurs_in_speaker_text
1400,5119,4,occurs_in_speaker_text
3436,5119,1,occurs_in_speaker_text
4608,5119,1,occurs_in_speaker_text
4472,5119,3,occurs_in_speaker_text
4198,5119,5,occurs_in_speaker_text
2282,5119,1,occurs_in_speaker_text
2553,5119,2,occurs_in_speaker_text
1638,5119,1,occurs_in_speaker_text
4947,5119,1,occurs_in_speaker_text
1739,5119,2,occurs_in_speaker_text
2750,5119,1,occurs_in_speaker_text
517,5119,1,occurs_in_speaker_text
798,5119,1,occurs_in_speaker_text
720,5119,1,occurs_in_speaker_text
2443,5119,1,occurs_in_speaker_text
819,5119,1,occurs_in_speaker_text
3484,5119,1,occurs_in_speaker_text
768,5119,1,occurs_in_speaker_text
4003,5119,4,occurs_in_speaker_text
2246,5119,1,occurs_in_speaker_text
2220,5119,1,occurs_in_speaker_text
3493,5119,1,occurs_in_speaker_text
3434,5119,1,occurs_in_speaker_text
1041,5119,1,occurs_in_speaker_text
4044,5119,1,occurs_in_speaker_text
195,5119,1,occurs_in_speaker_text
4245,5119,1,occurs_in_speaker_text
1104,5119,1,occurs_in_speaker_text
3013,5119,1,occurs_in_speaker_text
1864,5119,1,occurs_in_speaker_text
1754,5119,1,occurs_in_speaker_text
379,5119,1,occurs_in_speaker_text
4698,5119,1,occurs_in_speaker_text
5080,5119,1,occurs_in_speaker_text
1409,5119,1,occurs_in_speaker_text
3883,5119,1,occurs_in_speaker_text
3422,5119,1,occurs_in_speaker_text
920,5119,1,occurs_in_speaker_text
3526,5120,3,occurs_in_speaker_text
4398,5120,4,occurs_in_speaker_text
2320,5120,1,occurs_in_speaker_text
3500,5120,1,occurs_in_speaker_text
2761,5120,1,occurs_in_speaker_text
1079,5120,1,occurs_in_speaker_text
5045,5120,2,occurs_in_speaker_text
2720,5120,1,occurs_in_speaker_text
4282,5120,1,occurs_in_speaker_text
942,5120,1,occurs_in_speaker_text
452,5120,1,occurs_in_speaker_text
696,5120,1,occurs_in_speaker_text
966,5120,1,occurs_in_speaker_text
443,5120,2,occurs_in_speaker_text
4006,5120,1,occurs_in_speaker_text
2795,5120,2,occurs_in_speaker_text
4358,5120,1,occurs_in_speaker_text
870,5120,1,occurs_in_speaker_text
1968,5120,1,occurs_in_speaker_text
222,5120,1,occurs_in_speaker_text
2461,5120,1,occurs_in_speaker_text
1431,5120,3,occurs_in_speaker_text
4724,5120,2,occurs_in_speaker_text
2588,5120,1,occurs_in_speaker_text
3904,5120,2,occurs_in_speaker_text
308,5120,4,occurs_in_speaker_text
4143,5120,5,occurs_in_speaker_text
4974,5120,1,occurs_in_speaker_text
4023,5120,1,occurs_in_speaker_text
3635,5120,1,occurs_in_speaker_text
634,5120,1,occurs_in_speaker_text
3099,5120,1,occurs_in_speaker_text
4286,5120,1,occurs_in_speaker_text
1859,5120,5,occurs_in_speaker_text
1719,5120,1,occurs_in_speaker_text
2854,5120,1,occurs_in_speaker_text
4887,5120,1,occurs_in_speaker_text
2910,5120,1,occurs_in_speaker_text
1639,5120,1,occurs_in_speaker_text
239,5120,1,occurs_in_speaker_text
4531,5120,1,occurs_in_speaker_text
2064,5121,1,occurs_in_speaker_text
2289,5121,1,occurs_in_speaker_text
4003,5121,1,occurs_in_speaker_text
3369,5121,1,occurs_in_speaker_text
2485,5121,1,occurs_in_speaker_text
209,5121,1,occurs_in_speaker_text
4887,5121,1,occurs_in_speaker_text
1999,5123,5,occurs_in_speaker_text
4658,5123,1,occurs_in_speaker_text
4724,5123,2,occurs_in_speaker_text
1637,5123,1,occurs_in_speaker_text
1196,5123,1,occurs_in_speaker_text
1346,5123,1,occurs_in_speaker_text
2485,5123,2,occurs_in_speaker_text
464,5123,1,occurs_in_speaker_text
1433,5123,1,occurs_in_speaker_text
2105,5123,1,occurs_in_speaker_text
4212,5123,1,occurs_in_speaker_text
3021,5123,1,occurs_in_speaker_text
2295,5123,1,occurs_in_speaker_text
4887,5123,1,occurs_in_speaker_text
1232,5123,2,occurs_in_speaker_text
1908,5123,1,occurs_in_speaker_text
389,5123,1,occurs_in_speaker_text
571,5123,5,occurs_in_speaker_text
3150,5123,1,occurs_in_speaker_text
1768,5123,1,occurs_in_speaker_text
4254,5123,1,occurs_in_speaker_text
1515,5123,21,occurs_in_speaker_text
4003,5123,3,occurs_in_speaker_text
3138,5123,1,occurs_in_speaker_text
863,5123,1,occurs_in_speaker_text
4917,5123,1,occurs_in_speaker_text
2705,5123,1,occurs_in_speaker_text
3035,5123,1,occurs_in_speaker_text
2773,5123,1,occurs_in_speaker_text
1436,5123,1,occurs_in_speaker_text
5002,5123,1,occurs_in_speaker_text
415,5123,1,occurs_in_speaker_text
2750,5123,1,occurs_in_speaker_text
3562,5123,1,occurs_in_speaker_text
2972,5124,1,occurs_in_speaker_text
4859,5124,1,occurs_in_speaker_text
3911,5124,1,occurs_in_speaker_text
3562,5124,1,occurs_in_speaker_text
3099,5124,1,occurs_in_speaker_text
3691,5125,1,occurs_in_speaker_text
3724,5125,1,occurs_in_speaker_text
2445,5125,1,occurs_in_speaker_text
4003,5125,1,occurs_in_speaker_text
4143,5125,1,occurs_in_speaker_text
3635,5125,4,occurs_in_speaker_text
308,5125,1,occurs_in_speaker_text
3099,5126,1,occurs_in_speaker_text
1999,5126,1,occurs_in_speaker_text
4060,5126,2,occurs_in_speaker_text
139,5126,1,occurs_in_speaker_text
2750,5126,2,occurs_in_speaker_text
755,5126,1,occurs_in_speaker_text
4653,5126,1,occurs_in_speaker_text
1144,5126,1,occurs_in_speaker_text
1331,5126,1,occurs_in_speaker_text
3562,5126,2,occurs_in_speaker_text
2972,5126,1,occurs_in_speaker_text
2485,5126,1,occurs_in_speaker_text
3041,5127,1,occurs_in_speaker_text
3500,5127,1,occurs_in_speaker_text
3432,5127,1,occurs_in_speaker_text
2485,5127,3,occurs_in_speaker_text
101,5127,6,occurs_in_speaker_text
2809,5127,4,occurs_in_speaker_text
3526,5127,1,occurs_in_speaker_text
4576,5127,1,occurs_in_speaker_text
4003,5127,3,occurs_in_speaker_text
4398,5127,1,occurs_in_speaker_text
3284,5127,1,occurs_in_speaker_text
2660,5127,1,occurs_in_speaker_text
1859,5127,1,occurs_in_speaker_text
3864,5127,2,occurs_in_speaker_text
1639,5127,1,occurs_in_speaker_text
2127,5127,1,occurs_in_speaker_text
4409,5127,1,occurs_in_speaker_text
2079,5127,2,occurs_in_speaker_text
2160,5127,1,occurs_in_speaker_text
156,5127,1,occurs_in_speaker_text
2773,5127,1,occurs_in_speaker_text
1331,5127,1,occurs_in_speaker_text
415,5127,1,occurs_in_speaker_text
3519,5127,2,occurs_in_speaker_text
672,5127,1,occurs_in_speaker_text
3853,5127,1,occurs_in_speaker_text
702,5127,1,occurs_in_speaker_text
14,5127,1,occurs_in_speaker_text
4291,5127,1,occurs_in_speaker_text
2515,5127,3,occurs_in_speaker_text
950,5127,1,occurs_in_speaker_text
855,5127,1,occurs_in_speaker_text
3551,5127,1,occurs_in_speaker_text
2397,5127,2,occurs_in_speaker_text
4371,5127,1,occurs_in_speaker_text
3812,5127,1,occurs_in_speaker_text
3625,5127,1,occurs_in_speaker_text
4966,5127,1,occurs_in_speaker_text
2331,5127,1,occurs_in_speaker_text
234,5127,1,occurs_in_speaker_text
2632,5127,1,occurs_in_speaker_text
2574,5128,2,occurs_in_speaker_text
2485,5128,1,occurs_in_speaker_text
2868,5128,1,occurs_in_speaker_text
1999,5128,6,occurs_in_speaker_text
2445,5128,2,occurs_in_speaker_text
4415,5128,1,occurs_in_speaker_text
687,5128,3,occurs_in_speaker_text
4368,5128,2,occurs_in_speaker_text
809,5128,3,occurs_in_speaker_text
2773,5128,3,occurs_in_speaker_text
3010,5128,1,occurs_in_speaker_text
4003,5128,2,occurs_in_speaker_text
942,5128,2,occurs_in_speaker_text
1331,5128,1,occurs_in_speaker_text
4398,5128,1,occurs_in_speaker_text
1431,5128,4,occurs_in_speaker_text
4576,5128,2,occurs_in_speaker_text
629,5128,1,occurs_in_speaker_text
802,5128,1,occurs_in_speaker_text
234,5128,1,occurs_in_speaker_text
4209,5128,3,occurs_in_speaker_text
2461,5128,2,occurs_in_speaker_text
3635,5128,1,occurs_in_speaker_text
4995,5128,1,occurs_in_speaker_text
2778,5128,1,occurs_in_speaker_text
5072,5128,2,occurs_in_speaker_text
3879,5128,1,occurs_in_speaker_text
1243,5128,1,occurs_in_speaker_text
553,5128,1,occurs_in_speaker_text
2870,5128,1,occurs_in_speaker_text
3505,5128,1,occurs_in_speaker_text
4878,5128,1,occurs_in_speaker_text
3890,5128,2,occurs_in_speaker_text
2289,5128,1,occurs_in_speaker_text
4102,5129,1,occurs_in_speaker_text
2156,5129,1,occurs_in_speaker_text
1283,5129,1,occurs_in_speaker_text
2294,5130,1,occurs_in_speaker_text
235,5130,1,occurs_in_speaker_text
31,5130,1,occurs_in_speaker_text
4419,5130,1,occurs_in_speaker_text
3498,5130,1,occurs_in_speaker_text
2293,5130,1,occurs_in_speaker_text
3722,5130,1,occurs_in_speaker_text
507,5130,3,occurs_in_speaker_text
1431,5130,15,occurs_in_speaker_text
811,5130,6,occurs_in_speaker_text
4119,5130,3,occurs_in_speaker_text
3148,5130,2,occurs_in_speaker_text
4368,5130,3,occurs_in_speaker_text
2673,5130,1,occurs_in_speaker_text
3114,5130,1,occurs_in_speaker_text
3635,5130,3,occurs_in_speaker_text
2367,5130,3,occurs_in_speaker_text
308,5130,6,occurs_in_speaker_text
4442,5130,1,occurs_in_speaker_text
216,5130,1,occurs_in_speaker_text
2538,5130,1,occurs_in_speaker_text
88,5130,1,occurs_in_speaker_text
3682,5130,1,occurs_in_speaker_text
810,5130,2,occurs_in_speaker_text
3824,5130,1,occurs_in_speaker_text
2567,5130,2,occurs_in_speaker_text
2445,5130,4,occurs_in_speaker_text
2694,5130,2,occurs_in_speaker_text
1619,5130,1,occurs_in_speaker_text
3100,5130,1,occurs_in_speaker_text
4576,5130,4,occurs_in_speaker_text
920,5130,1,occurs_in_speaker_text
4003,5130,12,occurs_in_speaker_text
2778,5130,1,occurs_in_speaker_text
275,5130,1,occurs_in_speaker_text
4835,5130,1,occurs_in_speaker_text
537,5130,1,occurs_in_speaker_text
4945,5130,2,occurs_in_speaker_text
1232,5130,2,occurs_in_speaker_text
2972,5130,5,occurs_in_speaker_text
3010,5130,1,occurs_in_speaker_text
2216,5130,1,occurs_in_speaker_text
236,5130,1,occurs_in_speaker_text
1145,5130,1,occurs_in_speaker_text
2545,5130,1,occurs_in_speaker_text
1899,5130,2,occurs_in_speaker_text
2766,5130,2,occurs_in_speaker_text
629,5130,3,occurs_in_speaker_text
3341,5130,1,occurs_in_speaker_text
3360,5130,1,occurs_in_speaker_text
3505,5130,1,occurs_in_speaker_text
4551,5130,1,occurs_in_speaker_text
1348,5130,2,occurs_in_speaker_text
1579,5130,1,occurs_in_speaker_text
1677,5130,1,occurs_in_speaker_text
222,5130,1,occurs_in_speaker_text
1682,5130,1,occurs_in_speaker_text
642,5130,1,occurs_in_speaker_text
234,5130,2,occurs_in_speaker_text
3356,5130,1,occurs_in_speaker_text
4325,5130,1,occurs_in_speaker_text
4789,5130,1,occurs_in_speaker_text
4115,5130,1,occurs_in_speaker_text
4855,5130,1,occurs_in_speaker_text
2161,5130,1,occurs_in_speaker_text
3292,5130,1,occurs_in_speaker_text
3911,5130,1,occurs_in_speaker_text
863,5130,1,occurs_in_speaker_text
669,5130,1,occurs_in_speaker_text
2105,5131,2,occurs_in_speaker_text
3371,5131,1,occurs_in_speaker_text
3341,5131,11,occurs_in_speaker_text
2461,5131,4,occurs_in_speaker_text
2209,5131,2,occurs_in_speaker_text
3217,5131,1,occurs_in_speaker_text
1754,5131,2,occurs_in_speaker_text
234,5131,1,occurs_in_speaker_text
1195,5131,1,occurs_in_speaker_text
162,5131,1,occurs_in_speaker_text
3475,5131,1,occurs_in_speaker_text
1336,5131,1,occurs_in_speaker_text
4961,5131,2,occurs_in_speaker_text
802,5131,4,occurs_in_speaker_text
2045,5131,1,occurs_in_speaker_text
1214,5131,1,occurs_in_speaker_text
1003,5131,1,occurs_in_speaker_text
2215,5131,1,occurs_in_speaker_text
4629,5131,1,occurs_in_speaker_text
722,5131,1,occurs_in_speaker_text
4724,5131,1,occurs_in_speaker_text
4150,5131,2,occurs_in_speaker_text
1041,5131,2,occurs_in_speaker_text
2240,5131,1,occurs_in_speaker_text
1431,5131,3,occurs_in_speaker_text
446,5131,1,occurs_in_speaker_text
4576,5131,1,occurs_in_speaker_text
3402,5131,1,occurs_in_speaker_text
3882,5131,1,occurs_in_speaker_text
500,5131,1,occurs_in_speaker_text
531,5131,1,occurs_in_speaker_text
1032,5131,1,occurs_in_speaker_text
811,5132,2,occurs_in_speaker_text
80,5132,1,occurs_in_speaker_text
4733,5132,2,occurs_in_speaker_text
2300,5132,1,occurs_in_speaker_text
3203,5132,2,occurs_in_speaker_text
4397,5132,1,occurs_in_speaker_text
2004,5132,1,occurs_in_speaker_text
3323,5132,1,occurs_in_speaker_text
2906,5132,1,occurs_in_speaker_text
1041,5132,1,occurs_in_speaker_text
3653,5132,1,occurs_in_speaker_text
3562,5132,3,occurs_in_speaker_text
2950,5132,1,occurs_in_speaker_text
1759,5132,1,occurs_in_speaker_text
2082,5132,1,occurs_in_speaker_text
2312,5132,1,occurs_in_speaker_text
4553,5132,1,occurs_in_speaker_text
471,5132,1,occurs_in_speaker_text
4003,5132,5,occurs_in_speaker_text
3010,5132,2,occurs_in_speaker_text
3338,5132,1,occurs_in_speaker_text
1536,5132,1,occurs_in_speaker_text
1144,5132,1,occurs_in_speaker_text
4774,5132,1,occurs_in_speaker_text
920,5132,1,occurs_in_speaker_text
1566,5132,1,occurs_in_speaker_text
728,5132,1,occurs_in_speaker_text
1999,5132,2,occurs_in_speaker_text
4261,5132,1,occurs_in_speaker_text
1431,5132,1,occurs_in_speaker_text
234,5132,1,occurs_in_speaker_text
1232,5133,1,occurs_in_speaker_text
4158,5133,12,occurs_in_speaker_text
2750,5133,1,occurs_in_speaker_text
234,5133,1,occurs_in_speaker_text
4003,5133,1,occurs_in_speaker_text
994,5135,7,occurs_in_speaker_text
4556,5135,2,occurs_in_speaker_text
4018,5135,4,occurs_in_speaker_text
234,5135,2,occurs_in_speaker_text
124,5135,1,occurs_in_speaker_text
3034,5135,1,occurs_in_speaker_text
687,5135,1,occurs_in_speaker_text
4368,5135,1,occurs_in_speaker_text
1994,5135,1,occurs_in_speaker_text
1105,5135,2,occurs_in_speaker_text
2935,5135,1,occurs_in_speaker_text
4887,5135,1,occurs_in_speaker_text
440,5135,1,occurs_in_speaker_text
1536,5135,1,occurs_in_speaker_text
3526,5135,2,occurs_in_speaker_text
2485,5135,2,occurs_in_speaker_text
470,5135,1,occurs_in_speaker_text
2252,5135,1,occurs_in_speaker_text
456,5135,1,occurs_in_speaker_text
1985,5135,1,occurs_in_speaker_text
2982,5135,1,occurs_in_speaker_text
1999,5135,1,occurs_in_speaker_text
162,5135,2,occurs_in_speaker_text
3773,5135,1,occurs_in_speaker_text
4409,5135,1,occurs_in_speaker_text
4011,5135,1,occurs_in_speaker_text
2312,5135,1,occurs_in_speaker_text
1081,5135,1,occurs_in_speaker_text
4373,5135,1,occurs_in_speaker_text
2397,5135,1,occurs_in_speaker_text
2504,5135,1,occurs_in_speaker_text
2563,5135,1,occurs_in_speaker_text
2470,5135,1,occurs_in_speaker_text
589,5135,1,occurs_in_speaker_text
384,5135,1,occurs_in_speaker_text
2521,5136,1,occurs_in_speaker_text
3724,5136,1,occurs_in_speaker_text
308,5137,3,occurs_in_speaker_text
4724,5137,3,occurs_in_speaker_text
2627,5137,1,occurs_in_speaker_text
182,5137,1,occurs_in_speaker_text
3562,5137,2,occurs_in_speaker_text
389,5138,6,occurs_in_speaker_text
854,5138,1,occurs_in_speaker_text
3255,5138,1,occurs_in_speaker_text
332,5138,2,occurs_in_speaker_text
3635,5138,5,occurs_in_speaker_text
1331,5138,1,occurs_in_speaker_text
308,5138,1,occurs_in_speaker_text
1954,5138,1,occurs_in_speaker_text
5045,5138,1,occurs_in_speaker_text
4325,5138,1,occurs_in_speaker_text
1410,5138,1,occurs_in_speaker_text
3135,5138,1,occurs_in_speaker_text
2371,5138,1,occurs_in_speaker_text
1687,5138,1,occurs_in_speaker_text
3890,5139,1,occurs_in_speaker_text
3767,5139,1,occurs_in_speaker_text
4855,5139,3,occurs_in_speaker_text
629,5139,3,occurs_in_speaker_text
893,5139,2,occurs_in_speaker_text
4077,5139,1,occurs_in_speaker_text
2485,5139,11,occurs_in_speaker_text
4096,5139,1,occurs_in_speaker_text
3518,5139,2,occurs_in_speaker_text
139,5139,1,occurs_in_speaker_text
4576,5139,2,occurs_in_speaker_text
1859,5139,1,occurs_in_speaker_text
1536,5139,1,occurs_in_speaker_text
4003,5139,4,occurs_in_speaker_text
3010,5139,1,occurs_in_speaker_text
2601,5139,1,occurs_in_speaker_text
3653,5139,1,occurs_in_speaker_text
2461,5139,16,occurs_in_speaker_text
1525,5139,1,occurs_in_speaker_text
3341,5139,1,occurs_in_speaker_text
3688,5139,1,occurs_in_speaker_text
3661,5139,1,occurs_in_speaker_text
901,5139,1,occurs_in_speaker_text
1082,5139,1,occurs_in_speaker_text
1818,5139,1,occurs_in_speaker_text
3099,5139,3,occurs_in_speaker_text
2835,5139,1,occurs_in_speaker_text
2800,5139,1,occurs_in_speaker_text
2458,5139,1,occurs_in_speaker_text
3500,5139,3,occurs_in_speaker_text
4008,5139,1,occurs_in_speaker_text
2670,5139,1,occurs_in_speaker_text
4616,5139,1,occurs_in_speaker_text
156,5139,1,occurs_in_speaker_text
1192,5139,1,occurs_in_speaker_text
162,5139,6,occurs_in_speaker_text
1999,5139,3,occurs_in_speaker_text
1759,5139,1,occurs_in_speaker_text
4315,5139,1,occurs_in_speaker_text
4398,5139,1,occurs_in_speaker_text
4213,5139,1,occurs_in_speaker_text
2331,5139,1,occurs_in_speaker_text
3079,5139,1,occurs_in_speaker_text
5073,5139,1,occurs_in_speaker_text
996,5139,1,occurs_in_speaker_text
3708,5139,1,occurs_in_speaker_text
994,5139,1,occurs_in_speaker_text
2681,5139,1,occurs_in_speaker_text
3570,5139,1,occurs_in_speaker_text
4500,5139,1,occurs_in_speaker_text
3903,5139,1,occurs_in_speaker_text
919,5139,1,occurs_in_speaker_text
1370,5139,1,occurs_in_speaker_text
2574,5139,1,occurs_in_speaker_text
2435,5139,2,occurs_in_speaker_text
2971,5139,1,occurs_in_speaker_text
710,5139,1,occurs_in_speaker_text
1232,5139,1,occurs_in_speaker_text
1118,5139,1,occurs_in_speaker_text
1637,5139,1,occurs_in_speaker_text
1725,5139,1,occurs_in_speaker_text
350,5139,1,occurs_in_speaker_text
942,5139,1,occurs_in_speaker_text
2322,5139,1,occurs_in_speaker_text
3911,5139,1,occurs_in_speaker_text
4124,5139,1,occurs_in_speaker_text
863,5139,1,occurs_in_speaker_text
521,5139,1,occurs_in_speaker_text
2160,5139,1,occurs_in_speaker_text
1177,5139,1,occurs_in_speaker_text
5077,5139,1,occurs_in_speaker_text
2396,5139,1,occurs_in_speaker_text
236,5139,1,occurs_in_speaker_text
4291,5139,1,occurs_in_speaker_text
3635,5139,1,occurs_in_speaker_text
1459,5139,1,occurs_in_speaker_text
4520,5139,1,occurs_in_speaker_text
243,5139,1,occurs_in_speaker_text
3577,5139,1,occurs_in_speaker_text
1291,5139,1,occurs_in_speaker_text
1431,5139,1,occurs_in_speaker_text
4211,5139,7,occurs_in_speaker_text
413,5139,1,occurs_in_speaker_text
2367,5140,2,occurs_in_speaker_text
4623,5140,1,occurs_in_speaker_text
4887,5140,4,occurs_in_speaker_text
3324,5140,1,occurs_in_speaker_text
2445,5140,2,occurs_in_speaker_text
2241,5140,5,occurs_in_speaker_text
1232,5140,4,occurs_in_speaker_text
4149,5140,1,occurs_in_speaker_text
3635,5140,1,occurs_in_speaker_text
4576,5140,4,occurs_in_speaker_text
2296,5140,1,occurs_in_speaker_text
1737,5140,1,occurs_in_speaker_text
811,5140,1,occurs_in_speaker_text
4368,5140,1,occurs_in_speaker_text
222,5140,1,occurs_in_speaker_text
4119,5140,2,occurs_in_speaker_text
2772,5140,1,occurs_in_speaker_text
893,5140,1,occurs_in_speaker_text
941,5140,1,occurs_in_speaker_text
1431,5140,3,occurs_in_speaker_text
4855,5140,2,occurs_in_speaker_text
3010,5140,1,occurs_in_speaker_text
1065,5140,1,occurs_in_speaker_text
2574,5140,2,occurs_in_speaker_text
629,5140,1,occurs_in_speaker_text
4003,5140,1,occurs_in_speaker_text
2538,5140,2,occurs_in_speaker_text
2256,5140,1,occurs_in_speaker_text
2987,5140,1,occurs_in_speaker_text
3705,5140,1,occurs_in_speaker_text
1536,5140,1,occurs_in_speaker_text
2521,5140,2,occurs_in_speaker_text
3012,5140,1,occurs_in_speaker_text
4897,5140,1,occurs_in_speaker_text
2485,5140,2,occurs_in_speaker_text
3902,5140,1,occurs_in_speaker_text
5043,5140,1,occurs_in_speaker_text
2312,5140,2,occurs_in_speaker_text
2511,5140,1,occurs_in_speaker_text
4309,5140,1,occurs_in_speaker_text
4050,5140,1,occurs_in_speaker_text
364,5140,1,occurs_in_speaker_text
5045,5140,1,occurs_in_speaker_text
3323,5140,1,occurs_in_speaker_text
4797,5140,1,occurs_in_speaker_text
1556,5140,1,occurs_in_speaker_text
2531,5141,1,occurs_in_speaker_text
2750,5141,1,occurs_in_speaker_text
688,5141,1,occurs_in_speaker_text
811,5141,1,occurs_in_speaker_text
2629,5141,1,occurs_in_speaker_text
4368,5141,1,occurs_in_speaker_text
2441,5141,1,occurs_in_speaker_text
3341,5141,1,occurs_in_speaker_text
55,5141,1,occurs_in_speaker_text
2574,5141,3,occurs_in_speaker_text
234,5141,1,occurs_in_speaker_text
2238,5141,3,occurs_in_speaker_text
3500,5141,1,occurs_in_speaker_text
3034,5141,1,occurs_in_speaker_text
2485,5141,1,occurs_in_speaker_text
4372,5141,2,occurs_in_speaker_text
4576,5142,1,occurs_in_speaker_text
4994,5142,6,occurs_in_speaker_text
2538,5142,2,occurs_in_speaker_text
275,5142,3,occurs_in_speaker_text
1768,5142,1,occurs_in_speaker_text
2381,5142,1,occurs_in_speaker_text
2910,5142,1,occurs_in_speaker_text
4354,5142,1,occurs_in_speaker_text
3933,5142,1,occurs_in_speaker_text
875,5142,1,occurs_in_speaker_text
3482,5142,1,occurs_in_speaker_text
4878,5142,1,occurs_in_speaker_text
2673,5142,2,occurs_in_speaker_text
142,5142,1,occurs_in_speaker_text
3114,5142,3,occurs_in_speaker_text
3213,5142,1,occurs_in_speaker_text
763,5142,1,occurs_in_speaker_text
178,5142,1,occurs_in_speaker_text
4446,5142,1,occurs_in_speaker_text
3854,5142,1,occurs_in_speaker_text
2485,5142,15,occurs_in_speaker_text
4922,5142,1,occurs_in_speaker_text
2583,5142,1,occurs_in_speaker_text
5009,5142,1,occurs_in_speaker_text
632,5142,1,occurs_in_speaker_text
3634,5142,1,occurs_in_speaker_text
822,5142,1,occurs_in_speaker_text
1319,5142,1,occurs_in_speaker_text
345,5142,1,occurs_in_speaker_text
158,5142,1,occurs_in_speaker_text
418,5142,1,occurs_in_speaker_text
920,5142,2,occurs_in_speaker_text
4245,5142,1,occurs_in_speaker_text
4130,5142,1,occurs_in_speaker_text
811,5142,2,occurs_in_speaker_text
2026,5142,3,occurs_in_speaker_text
4521,5142,4,occurs_in_speaker_text
942,5142,1,occurs_in_speaker_text
4815,5142,1,occurs_in_speaker_text
1637,5142,1,occurs_in_speaker_text
1157,5142,1,occurs_in_speaker_text
1747,5142,2,occurs_in_speaker_text
1408,5142,1,occurs_in_speaker_text
1331,5142,1,occurs_in_speaker_text
4124,5142,1,occurs_in_speaker_text
1536,5142,1,occurs_in_speaker_text
1017,5143,1,occurs_in_speaker_text
4777,5143,1,occurs_in_speaker_text
1555,5143,1,occurs_in_speaker_text
2806,5143,1,occurs_in_speaker_text
1878,5143,1,occurs_in_speaker_text
1379,5143,1,occurs_in_speaker_text
4929,5143,1,occurs_in_speaker_text
3667,5143,1,occurs_in_speaker_text
1481,5143,1,occurs_in_speaker_text
3714,5143,1,occurs_in_speaker_text
3608,5143,1,occurs_in_speaker_text
3150,5143,1,occurs_in_speaker_text
863,5143,1,occurs_in_speaker_text
4040,5143,1,occurs_in_speaker_text
1243,5143,1,occurs_in_speaker_text
1486,5143,1,occurs_in_speaker_text
811,5143,1,occurs_in_speaker_text
1459,5143,2,occurs_in_speaker_text
1383,5143,1,occurs_in_speaker_text
920,5143,1,occurs_in_speaker_text
3364,5143,1,occurs_in_speaker_text
3953,5143,1,occurs_in_speaker_text
1056,5143,1,occurs_in_speaker_text
648,5143,1,occurs_in_speaker_text
1536,5143,1,occurs_in_speaker_text
1515,5143,1,occurs_in_speaker_text
1999,5143,4,occurs_in_speaker_text
2761,5143,1,occurs_in_speaker_text
4043,5143,1,occurs_in_speaker_text
299,5143,1,occurs_in_speaker_text
4003,5143,2,occurs_in_speaker_text
275,5143,1,occurs_in_speaker_text
3155,5143,1,occurs_in_speaker_text
243,5143,2,occurs_in_speaker_text
2796,5143,1,occurs_in_speaker_text
2209,5143,1,occurs_in_speaker_text
4815,5143,1,occurs_in_speaker_text
1120,5143,1,occurs_in_speaker_text
2538,5143,1,occurs_in_speaker_text
4368,5143,1,occurs_in_speaker_text
2085,5143,1,occurs_in_speaker_text
365,5143,2,occurs_in_speaker_text
4724,5143,1,occurs_in_speaker_text
1253,5143,1,occurs_in_speaker_text
1326,5143,1,occurs_in_speaker_text
5037,5143,1,occurs_in_speaker_text
4228,5143,1,occurs_in_speaker_text
2124,5143,1,occurs_in_speaker_text
12,5143,1,occurs_in_speaker_text
4817,5143,1,occurs_in_speaker_text
4196,5143,1,occurs_in_speaker_text
933,5143,1,occurs_in_speaker_text
942,5143,1,occurs_in_speaker_text
3512,5143,1,occurs_in_speaker_text
2910,5144,1,occurs_in_speaker_text
811,5144,1,occurs_in_speaker_text
1852,5144,1,occurs_in_speaker_text
2485,5144,3,occurs_in_speaker_text
275,5144,1,occurs_in_speaker_text
2987,5144,1,occurs_in_speaker_text
3864,5144,2,occurs_in_speaker_text
1725,5144,1,occurs_in_speaker_text
1637,5144,2,occurs_in_speaker_text
3444,5144,1,occurs_in_speaker_text
154,5144,1,occurs_in_speaker_text
103,5144,1,occurs_in_speaker_text
2312,5144,1,occurs_in_speaker_text
3911,5144,1,occurs_in_speaker_text
3548,5144,1,occurs_in_speaker_text
1640,5144,2,occurs_in_speaker_text
1331,5144,1,occurs_in_speaker_text
4119,5144,1,occurs_in_speaker_text
2868,5144,1,occurs_in_speaker_text
308,5144,1,occurs_in_speaker_text
1097,5144,1,occurs_in_speaker_text
162,5144,1,occurs_in_speaker_text
2659,5144,1,occurs_in_speaker_text
4576,5144,4,occurs_in_speaker_text
3010,5144,1,occurs_in_speaker_text
4734,5144,1,occurs_in_speaker_text
4398,5145,1,occurs_in_speaker_text
3948,5145,1,occurs_in_speaker_text
4121,5145,1,occurs_in_speaker_text
4271,5145,1,occurs_in_speaker_text
3855,5145,1,occurs_in_speaker_text
507,5145,2,occurs_in_speaker_text
2583,5145,1,occurs_in_speaker_text
308,5145,1,occurs_in_speaker_text
4855,5145,1,occurs_in_speaker_text
1176,5145,1,occurs_in_speaker_text
2114,5145,1,occurs_in_speaker_text
2574,5145,1,occurs_in_speaker_text
1331,5145,1,occurs_in_speaker_text
4040,5145,1,occurs_in_speaker_text
893,5145,1,occurs_in_speaker_text
1536,5145,1,occurs_in_speaker_text
1999,5146,3,occurs_in_speaker_text
4003,5146,3,occurs_in_speaker_text
3500,5146,1,occurs_in_speaker_text
1421,5146,1,occurs_in_speaker_text
2538,5146,1,occurs_in_speaker_text
1331,5146,1,occurs_in_speaker_text
2773,5146,1,occurs_in_speaker_text
2629,5146,2,occurs_in_speaker_text
1725,5146,1,occurs_in_speaker_text
893,5146,1,occurs_in_speaker_text
3911,5146,1,occurs_in_speaker_text
80,5146,1,occurs_in_speaker_text
5045,5146,1,occurs_in_speaker_text
2265,5146,1,occurs_in_speaker_text
3292,5146,1,occurs_in_speaker_text
4621,5146,1,occurs_in_speaker_text
139,5146,1,occurs_in_speaker_text
4082,5146,1,occurs_in_speaker_text
4851,5146,1,occurs_in_speaker_text
1687,5146,1,occurs_in_speaker_text
343,5146,1,occurs_in_speaker_text
1391,5146,1,occurs_in_speaker_text
1431,5146,1,occurs_in_speaker_text
2331,5147,2,occurs_in_speaker_text
1144,5147,1,occurs_in_speaker_text
860,5147,1,occurs_in_speaker_text
3562,5147,1,occurs_in_speaker_text
2673,5147,1,occurs_in_speaker_text
4292,5147,1,occurs_in_speaker_text
2910,5147,1,occurs_in_speaker_text
3330,5147,1,occurs_in_speaker_text
1314,5147,1,occurs_in_speaker_text
2643,5148,1,occurs_in_speaker_text
1637,5148,3,occurs_in_speaker_text
1714,5148,3,occurs_in_speaker_text
1999,5148,1,occurs_in_speaker_text
4056,5148,1,occurs_in_speaker_text
1010,5148,1,occurs_in_speaker_text
3955,5148,1,occurs_in_speaker_text
2659,5148,1,occurs_in_speaker_text
3841,5148,1,occurs_in_speaker_text
1432,5148,1,occurs_in_speaker_text
2554,5148,2,occurs_in_speaker_text
3692,5148,6,occurs_in_speaker_text
3323,5148,4,occurs_in_speaker_text
4127,5148,1,occurs_in_speaker_text
896,5148,1,occurs_in_speaker_text
1038,5148,1,occurs_in_speaker_text
3817,5148,1,occurs_in_speaker_text
2485,5148,1,occurs_in_speaker_text
2443,5148,1,occurs_in_speaker_text
3649,5148,1,occurs_in_speaker_text
1585,5149,1,occurs_in_speaker_text
2015,5149,3,occurs_in_speaker_text
4724,5149,4,occurs_in_speaker_text
1999,5149,7,occurs_in_speaker_text
4876,5149,1,occurs_in_speaker_text
2775,5149,2,occurs_in_speaker_text
4368,5149,2,occurs_in_speaker_text
4096,5149,2,occurs_in_speaker_text
1144,5149,1,occurs_in_speaker_text
4259,5149,1,occurs_in_speaker_text
3720,5149,2,occurs_in_speaker_text
2773,5149,4,occurs_in_speaker_text
1687,5149,1,occurs_in_speaker_text
3107,5149,1,occurs_in_speaker_text
1157,5149,1,occurs_in_speaker_text
2485,5149,13,occurs_in_speaker_text
1859,5149,1,occurs_in_speaker_text
3526,5149,4,occurs_in_speaker_text
3148,5149,1,occurs_in_speaker_text
4006,5149,1,occurs_in_speaker_text
1639,5149,1,occurs_in_speaker_text
3099,5149,2,occurs_in_speaker_text
4261,5149,2,occurs_in_speaker_text
4143,5149,2,occurs_in_speaker_text
1725,5149,3,occurs_in_speaker_text
3914,5149,1,occurs_in_speaker_text
5045,5149,1,occurs_in_speaker_text
2660,5149,1,occurs_in_speaker_text
3735,5149,1,occurs_in_speaker_text
275,5149,2,occurs_in_speaker_text
3562,5149,2,occurs_in_speaker_text
2750,5149,1,occurs_in_speaker_text
3010,5149,1,occurs_in_speaker_text
1356,5149,2,occurs_in_speaker_text
1331,5149,1,occurs_in_speaker_text
4576,5149,4,occurs_in_speaker_text
4003,5149,2,occurs_in_speaker_text
1431,5149,5,occurs_in_speaker_text
3904,5149,1,occurs_in_speaker_text
2946,5149,1,occurs_in_speaker_text
1509,5149,1,occurs_in_speaker_text
1423,5149,1,occurs_in_speaker_text
863,5149,2,occurs_in_speaker_text
2778,5149,1,occurs_in_speaker_text
4430,5149,1,occurs_in_speaker_text
4603,5149,5,occurs_in_speaker_text
1735,5149,1,occurs_in_speaker_text
94,5149,1,occurs_in_speaker_text
80,5149,1,occurs_in_speaker_text
2184,5149,1,occurs_in_speaker_text
942,5149,3,occurs_in_speaker_text
3659,5149,1,occurs_in_speaker_text
4119,5149,1,occurs_in_speaker_text
3500,5149,1,occurs_in_speaker_text
464,5149,1,occurs_in_speaker_text
629,5149,2,occurs_in_speaker_text
5029,5149,1,occurs_in_speaker_text
2699,5149,1,occurs_in_speaker_text
1818,5149,1,occurs_in_speaker_text
846,5149,1,occurs_in_speaker_text
2155,5149,1,occurs_in_speaker_text
3185,5149,1,occurs_in_speaker_text
156,5149,1,occurs_in_speaker_text
2152,5149,1,occurs_in_speaker_text
507,5150,2,occurs_in_speaker_text
942,5150,1,occurs_in_speaker_text
2983,5150,1,occurs_in_speaker_text
2485,5150,1,occurs_in_speaker_text
1536,5150,4,occurs_in_speaker_text
4339,5150,1,occurs_in_speaker_text
1778,5150,1,occurs_in_speaker_text
3207,5150,1,occurs_in_speaker_text
40,5150,1,occurs_in_speaker_text
2574,5150,1,occurs_in_speaker_text
4040,5150,1,occurs_in_speaker_text
2069,5150,1,occurs_in_speaker_text
811,5150,2,occurs_in_speaker_text
275,5150,1,occurs_in_speaker_text
3903,5150,1,occurs_in_speaker_text
3148,5150,1,occurs_in_speaker_text
4373,5150,1,occurs_in_speaker_text
4003,5150,1,occurs_in_speaker_text
30,5150,1,occurs_in_speaker_text
1479,5150,1,occurs_in_speaker_text
573,5150,1,occurs_in_speaker_text
139,5150,1,occurs_in_speaker_text
3922,5150,1,occurs_in_speaker_text
1640,5150,1,occurs_in_speaker_text
143,5150,1,occurs_in_speaker_text
139,5151,4,occurs_in_speaker_text
1999,5151,1,occurs_in_speaker_text
3041,5151,1,occurs_in_speaker_text
4228,5151,1,occurs_in_speaker_text
811,5151,2,occurs_in_speaker_text
3562,5151,2,occurs_in_speaker_text
3148,5151,1,occurs_in_speaker_text
162,5151,2,occurs_in_speaker_text
2574,5151,1,occurs_in_speaker_text
4576,5151,7,occurs_in_speaker_text
4003,5151,1,occurs_in_speaker_text
365,5151,1,occurs_in_speaker_text
2629,5151,1,occurs_in_speaker_text
1536,5151,2,occurs_in_speaker_text
1652,5151,1,occurs_in_speaker_text
4119,5151,2,occurs_in_speaker_text
4309,5151,1,occurs_in_speaker_text
674,5151,1,occurs_in_speaker_text
4040,5151,1,occurs_in_speaker_text
236,5151,1,occurs_in_speaker_text
2315,5151,1,occurs_in_speaker_text
33,5151,1,occurs_in_speaker_text
920,5151,1,occurs_in_speaker_text
4480,5151,1,occurs_in_speaker_text
3698,5151,1,occurs_in_speaker_text
4353,5151,1,occurs_in_speaker_text
812,5151,1,occurs_in_speaker_text
3642,5151,1,occurs_in_speaker_text
1661,5151,2,occurs_in_speaker_text
2485,5151,1,occurs_in_speaker_text
3099,5151,1,occurs_in_speaker_text
3987,5151,1,occurs_in_speaker_text
3483,5151,1,occurs_in_speaker_text
4887,5152,1,occurs_in_speaker_text
2910,5152,1,occurs_in_speaker_text
415,5152,8,occurs_in_speaker_text
4164,5152,1,occurs_in_speaker_text
4542,5152,1,occurs_in_speaker_text
2629,5152,1,occurs_in_speaker_text
2408,5152,1,occurs_in_speaker_text
2461,5152,1,occurs_in_speaker_text
1615,5152,1,occurs_in_speaker_text
1331,5152,3,occurs_in_speaker_text
65,5153,2,occurs_in_speaker_text
2935,5153,1,occurs_in_speaker_text
1947,5153,1,occurs_in_speaker_text
3021,5153,1,occurs_in_speaker_text
3766,5153,1,occurs_in_speaker_text
3863,5153,1,occurs_in_speaker_text
1431,5153,2,occurs_in_speaker_text
2065,5153,1,occurs_in_speaker_text
162,5153,1,occurs_in_speaker_text
2456,5153,1,occurs_in_speaker_text
1126,5153,1,occurs_in_speaker_text
3015,5153,1,occurs_in_speaker_text
629,5153,1,occurs_in_speaker_text
3570,5153,1,occurs_in_speaker_text
2920,5153,1,occurs_in_speaker_text
2773,5153,1,occurs_in_speaker_text
3257,5153,1,occurs_in_speaker_text
811,5153,1,occurs_in_speaker_text
2855,5153,1,occurs_in_speaker_text
5039,5153,1,occurs_in_speaker_text
139,5153,1,occurs_in_speaker_text
507,5153,1,occurs_in_speaker_text
1509,5153,1,occurs_in_speaker_text
586,5153,6,occurs_in_speaker_text
2119,5153,1,occurs_in_speaker_text
2795,5153,1,occurs_in_speaker_text
142,5153,1,occurs_in_speaker_text
5072,5153,1,occurs_in_speaker_text
1408,5153,1,occurs_in_speaker_text
2322,5153,1,occurs_in_speaker_text
3339,5153,1,occurs_in_speaker_text
1637,5153,1,occurs_in_speaker_text
2335,5153,1,occurs_in_speaker_text
1331,5153,2,occurs_in_speaker_text
1115,5153,1,occurs_in_speaker_text
2629,5153,1,occurs_in_speaker_text
2530,5153,1,occurs_in_speaker_text
1859,5153,2,occurs_in_speaker_text
2329,5153,1,occurs_in_speaker_text
4576,5153,1,occurs_in_speaker_text
1177,5153,1,occurs_in_speaker_text
2750,5154,2,occurs_in_speaker_text
1109,5154,2,occurs_in_speaker_text
3635,5154,2,occurs_in_speaker_text
984,5154,1,occurs_in_speaker_text
2148,5154,1,occurs_in_speaker_text
3341,5154,1,occurs_in_speaker_text
4004,5154,2,occurs_in_speaker_text
1999,5154,5,occurs_in_speaker_text
578,5154,1,occurs_in_speaker_text
4440,5154,1,occurs_in_speaker_text
4398,5154,2,occurs_in_speaker_text
1144,5154,1,occurs_in_speaker_text
3661,5154,1,occurs_in_speaker_text
2097,5155,1,occurs_in_speaker_text
2232,5155,1,occurs_in_speaker_text
81,5155,1,occurs_in_speaker_text
3230,5155,1,occurs_in_speaker_text
162,5155,1,occurs_in_speaker_text
3521,5155,1,occurs_in_speaker_text
4978,5155,1,occurs_in_speaker_text
4815,5155,1,occurs_in_speaker_text
4353,5155,1,occurs_in_speaker_text
4724,5155,1,occurs_in_speaker_text
3562,5155,2,occurs_in_speaker_text
5045,5155,1,occurs_in_speaker_text
2226,5155,1,occurs_in_speaker_text
3724,5155,1,occurs_in_speaker_text
968,5155,1,occurs_in_speaker_text
2972,5155,1,occurs_in_speaker_text
2485,5155,7,occurs_in_speaker_text
42,5155,1,occurs_in_speaker_text
1228,5155,1,occurs_in_speaker_text
893,5155,1,occurs_in_speaker_text
1157,5155,1,occurs_in_speaker_text
3677,5155,1,occurs_in_speaker_text
2240,5155,1,occurs_in_speaker_text
308,5155,1,occurs_in_speaker_text
1725,5155,1,occurs_in_speaker_text
4003,5155,1,occurs_in_speaker_text
1331,5155,1,occurs_in_speaker_text
3439,5155,1,occurs_in_speaker_text
1240,5155,1,occurs_in_speaker_text
4023,5155,1,occurs_in_speaker_text
3345,5155,1,occurs_in_speaker_text
942,5155,1,occurs_in_speaker_text
4368,5155,1,occurs_in_speaker_text
2554,5155,6,occurs_in_speaker_text
2312,5155,1,occurs_in_speaker_text
4849,5155,2,occurs_in_speaker_text
4993,5155,2,occurs_in_speaker_text
3292,5155,1,occurs_in_speaker_text
139,5155,1,occurs_in_speaker_text
1431,5155,1,occurs_in_speaker_text
2845,5155,1,occurs_in_speaker_text
277,5155,1,occurs_in_speaker_text
4402,5155,1,occurs_in_speaker_text
636,5155,1,occurs_in_speaker_text
3526,5156,1,occurs_in_speaker_text
1331,5156,2,occurs_in_speaker_text
2910,5156,6,occurs_in_speaker_text
1999,5156,6,occurs_in_speaker_text
1637,5156,1,occurs_in_speaker_text
4855,5156,1,occurs_in_speaker_text
2795,5156,4,occurs_in_speaker_text
5045,5156,2,occurs_in_speaker_text
1639,5156,1,occurs_in_speaker_text
1936,5156,1,occurs_in_speaker_text
3538,5156,1,occurs_in_speaker_text
4119,5156,1,occurs_in_speaker_text
4963,5156,1,occurs_in_speaker_text
2002,5156,1,occurs_in_speaker_text
1820,5157,1,occurs_in_speaker_text
4220,5157,4,occurs_in_speaker_text
2659,5157,1,occurs_in_speaker_text
1726,5157,1,occurs_in_speaker_text
1331,5157,2,occurs_in_speaker_text
1999,5157,2,occurs_in_speaker_text
2567,5157,1,occurs_in_speaker_text
2712,5157,1,occurs_in_speaker_text
770,5157,1,occurs_in_speaker_text
3292,5157,1,occurs_in_speaker_text
629,5157,2,occurs_in_speaker_text
482,5157,1,occurs_in_speaker_text
81,5157,2,occurs_in_speaker_text
942,5157,1,occurs_in_speaker_text
3526,5157,2,occurs_in_speaker_text
1446,5157,1,occurs_in_speaker_text
2888,5157,1,occurs_in_speaker_text
3724,5157,1,occurs_in_speaker_text
234,5157,1,occurs_in_speaker_text
4859,5157,1,occurs_in_speaker_text
3381,5158,1,occurs_in_speaker_text
4134,5158,1,occurs_in_speaker_text
3099,5158,4,occurs_in_speaker_text
1732,5158,1,occurs_in_speaker_text
4119,5158,2,occurs_in_speaker_text
870,5158,1,occurs_in_speaker_text
1144,5158,1,occurs_in_speaker_text
3688,5159,2,occurs_in_speaker_text
275,5159,2,occurs_in_speaker_text
234,5159,1,occurs_in_speaker_text
3296,5159,1,occurs_in_speaker_text
2886,5159,1,occurs_in_speaker_text
1999,5159,3,occurs_in_speaker_text
1144,5159,3,occurs_in_speaker_text
2910,5159,1,occurs_in_speaker_text
4887,5159,1,occurs_in_speaker_text
3687,5159,1,occurs_in_speaker_text
2766,5159,2,occurs_in_speaker_text
365,5159,1,occurs_in_speaker_text
4974,5159,1,occurs_in_speaker_text
3010,5159,1,occurs_in_speaker_text
2478,5159,3,occurs_in_speaker_text
4148,5159,1,occurs_in_speaker_text
4724,5159,3,occurs_in_speaker_text
1431,5159,1,occurs_in_speaker_text
1024,5159,1,occurs_in_speaker_text
5029,5159,1,occurs_in_speaker_text
2485,5159,2,occurs_in_speaker_text
1748,5159,1,occurs_in_speaker_text
1259,5159,1,occurs_in_speaker_text
4003,5159,2,occurs_in_speaker_text
2773,5159,1,occurs_in_speaker_text
3099,5159,1,occurs_in_speaker_text
4580,5159,1,occurs_in_speaker_text
4143,5159,1,occurs_in_speaker_text
4876,5159,1,occurs_in_speaker_text
4124,5159,1,occurs_in_speaker_text
3150,5159,1,occurs_in_speaker_text
4286,5159,1,occurs_in_speaker_text
360,5159,1,occurs_in_speaker_text
3562,5160,2,occurs_in_speaker_text
1423,5160,1,occurs_in_speaker_text
1818,5160,3,occurs_in_speaker_text
1391,5160,1,occurs_in_speaker_text
557,5160,1,occurs_in_speaker_text
1431,5160,1,occurs_in_speaker_text
139,5160,1,occurs_in_speaker_text
2256,5160,1,occurs_in_speaker_text
1628,5160,1,occurs_in_speaker_text
5045,5160,1,occurs_in_speaker_text
2761,5160,1,occurs_in_speaker_text
4455,5160,1,occurs_in_speaker_text
828,5160,1,occurs_in_speaker_text
3020,5160,1,occurs_in_speaker_text
863,5160,1,occurs_in_speaker_text
2365,5160,1,occurs_in_speaker_text
3152,5160,1,occurs_in_speaker_text
2060,5160,1,occurs_in_speaker_text
4286,5160,1,occurs_in_speaker_text
1617,5160,2,occurs_in_speaker_text
2485,5160,2,occurs_in_speaker_text
4398,5160,1,occurs_in_speaker_text
2596,5160,1,occurs_in_speaker_text
3323,5160,1,occurs_in_speaker_text
3099,5160,1,occurs_in_speaker_text
4358,5161,1,occurs_in_speaker_text
2412,5161,1,occurs_in_speaker_text
2972,5161,1,occurs_in_speaker_text
329,5161,1,occurs_in_speaker_text
5043,5162,2,occurs_in_speaker_text
2496,5162,1,occurs_in_speaker_text
1761,5162,1,occurs_in_speaker_text
1041,5162,4,occurs_in_speaker_text
1789,5162,1,occurs_in_speaker_text
2485,5162,7,occurs_in_speaker_text
490,5162,1,occurs_in_speaker_text
308,5162,3,occurs_in_speaker_text
4209,5162,1,occurs_in_speaker_text
1274,5162,3,occurs_in_speaker_text
162,5162,3,occurs_in_speaker_text
4227,5162,1,occurs_in_speaker_text
3150,5162,2,occurs_in_speaker_text
3885,5162,1,occurs_in_speaker_text
4003,5162,3,occurs_in_speaker_text
2445,5162,3,occurs_in_speaker_text
713,5162,1,occurs_in_speaker_text
2718,5162,3,occurs_in_speaker_text
3562,5162,1,occurs_in_speaker_text
627,5162,1,occurs_in_speaker_text
3878,5162,1,occurs_in_speaker_text
4368,5162,1,occurs_in_speaker_text
1894,5162,1,occurs_in_speaker_text
4114,5163,1,occurs_in_speaker_text
3099,5163,1,occurs_in_speaker_text
3635,5163,1,occurs_in_speaker_text
2750,5163,1,occurs_in_speaker_text
2799,5163,1,occurs_in_speaker_text
1824,5163,1,occurs_in_speaker_text
4576,5163,1,occurs_in_speaker_text
4124,5164,1,occurs_in_speaker_text
1677,5164,1,occurs_in_speaker_text
2761,5164,1,occurs_in_speaker_text
2760,5164,1,occurs_in_speaker_text
4015,5164,1,occurs_in_speaker_text
2581,5164,1,occurs_in_speaker_text
325,5164,3,occurs_in_speaker_text
1431,5164,2,occurs_in_speaker_text
1203,5164,2,occurs_in_speaker_text
2372,5164,1,occurs_in_speaker_text
2578,5164,1,occurs_in_speaker_text
3234,5164,1,occurs_in_speaker_text
1459,5164,2,occurs_in_speaker_text
3904,5164,1,occurs_in_speaker_text
4368,5164,1,occurs_in_speaker_text
930,5164,1,occurs_in_speaker_text
3800,5164,1,occurs_in_speaker_text
864,5164,1,occurs_in_speaker_text
1535,5164,1,occurs_in_speaker_text
2773,5164,2,occurs_in_speaker_text
2485,5164,1,occurs_in_speaker_text
3062,5164,1,occurs_in_speaker_text
811,5164,1,occurs_in_speaker_text
3136,5164,1,occurs_in_speaker_text
1687,5164,1,occurs_in_speaker_text
3526,5164,1,occurs_in_speaker_text
3034,5164,1,occurs_in_speaker_text
4792,5164,1,occurs_in_speaker_text
4353,5164,1,occurs_in_speaker_text
3763,5164,1,occurs_in_speaker_text
56,5164,1,occurs_in_speaker_text
3890,5164,1,occurs_in_speaker_text
4037,5164,1,occurs_in_speaker_text
1640,5164,1,occurs_in_speaker_text
4143,5164,1,occurs_in_speaker_text
3473,5164,1,occurs_in_speaker_text
3114,5164,1,occurs_in_speaker_text
3911,5164,3,occurs_in_speaker_text
3289,5164,1,occurs_in_speaker_text
4576,5164,2,occurs_in_speaker_text
1331,5164,2,occurs_in_speaker_text
4003,5164,1,occurs_in_speaker_text
4300,5164,1,occurs_in_speaker_text
1637,5164,1,occurs_in_speaker_text
2596,5165,1,occurs_in_speaker_text
1306,5165,1,occurs_in_speaker_text
4576,5165,1,occurs_in_speaker_text
139,5165,1,occurs_in_speaker_text
1144,5165,1,occurs_in_speaker_text
2935,5165,1,occurs_in_speaker_text
1232,5165,1,occurs_in_speaker_text
3500,5165,1,occurs_in_speaker_text
4815,5165,1,occurs_in_speaker_text
2660,5166,3,occurs_in_speaker_text
4878,5166,5,occurs_in_speaker_text
208,5166,4,occurs_in_speaker_text
4969,5166,5,occurs_in_speaker_text
222,5166,3,occurs_in_speaker_text
1999,5166,6,occurs_in_speaker_text
365,5166,2,occurs_in_speaker_text
1215,5166,1,occurs_in_speaker_text
942,5166,3,occurs_in_speaker_text
2485,5166,9,occurs_in_speaker_text
3526,5166,1,occurs_in_speaker_text
3455,5166,1,occurs_in_speaker_text
5045,5166,5,occurs_in_speaker_text
4124,5166,1,occurs_in_speaker_text
2574,5166,1,occurs_in_speaker_text
4724,5166,4,occurs_in_speaker_text
4067,5166,1,occurs_in_speaker_text
4337,5166,1,occurs_in_speaker_text
219,5166,1,occurs_in_speaker_text
80,5166,1,occurs_in_speaker_text
4286,5166,1,occurs_in_speaker_text
4239,5166,1,occurs_in_speaker_text
111,5166,1,occurs_in_speaker_text
2554,5166,1,occurs_in_speaker_text
3735,5166,1,occurs_in_speaker_text
2972,5166,1,occurs_in_speaker_text
4003,5166,4,occurs_in_speaker_text
3323,5166,4,occurs_in_speaker_text
3943,5166,1,occurs_in_speaker_text
234,5166,1,occurs_in_speaker_text
4856,5166,1,occurs_in_speaker_text
2773,5166,1,occurs_in_speaker_text
3111,5166,1,occurs_in_speaker_text
1644,5166,1,occurs_in_speaker_text
1078,5166,1,occurs_in_speaker_text
4284,5166,1,occurs_in_speaker_text
1144,5166,1,occurs_in_speaker_text
2445,5166,1,occurs_in_speaker_text
3904,5166,3,occurs_in_speaker_text
3635,5166,1,occurs_in_speaker_text
4119,5166,1,occurs_in_speaker_text
162,5166,1,occurs_in_speaker_text
3196,5166,1,occurs_in_speaker_text
3480,5166,1,occurs_in_speaker_text
3814,5166,1,occurs_in_speaker_text
578,5166,1,occurs_in_speaker_text
2365,5166,1,occurs_in_speaker_text
1749,5166,1,occurs_in_speaker_text
4282,5166,1,occurs_in_speaker_text
491,5166,1,occurs_in_speaker_text
2681,5166,1,occurs_in_speaker_text
1677,5166,2,occurs_in_speaker_text
2233,5166,1,occurs_in_speaker_text
3538,5166,1,occurs_in_speaker_text
1856,5166,1,occurs_in_speaker_text
3500,5166,1,occurs_in_speaker_text
1640,5166,1,occurs_in_speaker_text
4261,5166,1,occurs_in_speaker_text
4051,5166,1,occurs_in_speaker_text
1814,5166,1,occurs_in_speaker_text
1232,5166,1,occurs_in_speaker_text
4721,5166,7,occurs_in_speaker_text
861,5166,1,occurs_in_speaker_text
566,5166,1,occurs_in_speaker_text
597,5166,1,occurs_in_speaker_text
1926,5166,2,occurs_in_speaker_text
2795,5167,1,occurs_in_speaker_text
1331,5167,2,occurs_in_speaker_text
3045,5167,1,occurs_in_speaker_text
1748,5167,1,occurs_in_speaker_text
3107,5167,1,occurs_in_speaker_text
4576,5167,1,occurs_in_speaker_text
4491,5167,1,occurs_in_speaker_text
3628,5167,1,occurs_in_speaker_text
31,5167,1,occurs_in_speaker_text
5077,5167,1,occurs_in_speaker_text
500,5167,1,occurs_in_speaker_text
4111,5167,1,occurs_in_speaker_text
2157,5167,1,occurs_in_speaker_text
3655,5167,1,occurs_in_speaker_text
4577,5168,1,occurs_in_speaker_text
1729,5168,1,occurs_in_speaker_text
4629,5168,1,occurs_in_speaker_text
4309,5168,1,occurs_in_speaker_text
3059,5168,2,occurs_in_speaker_text
1818,5168,1,occurs_in_speaker_text
415,5168,1,occurs_in_speaker_text
1767,5168,1,occurs_in_speaker_text
1999,5168,2,occurs_in_speaker_text
4430,5168,2,occurs_in_speaker_text
2554,5168,2,occurs_in_speaker_text
506,5168,1,occurs_in_speaker_text
1628,5168,1,occurs_in_speaker_text
893,5168,2,occurs_in_speaker_text
4209,5168,3,occurs_in_speaker_text
3526,5168,2,occurs_in_speaker_text
1536,5168,1,occurs_in_speaker_text
3111,5168,1,occurs_in_speaker_text
1436,5168,1,occurs_in_speaker_text
4536,5168,1,occurs_in_speaker_text
4040,5168,1,occurs_in_speaker_text
928,5168,1,occurs_in_speaker_text
2773,5168,1,occurs_in_speaker_text
234,5168,1,occurs_in_speaker_text
128,5168,1,occurs_in_speaker_text
4003,5168,1,occurs_in_speaker_text
2910,5168,2,occurs_in_speaker_text
2461,5168,2,occurs_in_speaker_text
4658,5169,1,occurs_in_speaker_text
1859,5169,1,occurs_in_speaker_text
308,5169,1,occurs_in_speaker_text
4889,5169,1,occurs_in_speaker_text
1144,5169,1,occurs_in_speaker_text
1637,5169,1,occurs_in_speaker_text
3538,5170,1,occurs_in_speaker_text
2485,5170,3,occurs_in_speaker_text
5077,5170,1,occurs_in_speaker_text
1765,5170,1,occurs_in_speaker_text
162,5170,1,occurs_in_speaker_text
3562,5170,4,occurs_in_speaker_text
139,5170,3,occurs_in_speaker_text
4124,5170,1,occurs_in_speaker_text
1714,5170,1,occurs_in_speaker_text
4170,5170,1,occurs_in_speaker_text
2870,5170,1,occurs_in_speaker_text
1144,5170,1,occurs_in_speaker_text
4023,5170,1,occurs_in_speaker_text
4033,5170,1,occurs_in_speaker_text
3258,5170,1,occurs_in_speaker_text
952,5170,1,occurs_in_speaker_text
3099,5170,1,occurs_in_speaker_text
3724,5170,1,occurs_in_speaker_text
4143,5170,1,occurs_in_speaker_text
4317,5171,1,occurs_in_speaker_text
2485,5171,2,occurs_in_speaker_text
942,5171,5,occurs_in_speaker_text
2155,5171,1,occurs_in_speaker_text
1232,5171,1,occurs_in_speaker_text
2660,5171,1,occurs_in_speaker_text
1954,5171,3,occurs_in_speaker_text
3298,5171,1,occurs_in_speaker_text
4325,5171,1,occurs_in_speaker_text
2312,5171,1,occurs_in_speaker_text
3865,5171,1,occurs_in_speaker_text
2538,5171,2,occurs_in_speaker_text
397,5171,1,occurs_in_speaker_text
1536,5171,2,occurs_in_speaker_text
1568,5171,1,occurs_in_speaker_text
1196,5171,1,occurs_in_speaker_text
4622,5171,1,occurs_in_speaker_text
2629,5171,3,occurs_in_speaker_text
4003,5171,1,occurs_in_speaker_text
3935,5171,1,occurs_in_speaker_text
2256,5171,1,occurs_in_speaker_text
3292,5171,1,occurs_in_speaker_text
4680,5171,5,occurs_in_speaker_text
1306,5171,2,occurs_in_speaker_text
81,5171,1,occurs_in_speaker_text
2933,5171,1,occurs_in_speaker_text
4261,5171,1,occurs_in_speaker_text
1408,5171,1,occurs_in_speaker_text
118,5171,1,occurs_in_speaker_text
80,5171,1,occurs_in_speaker_text
3107,5171,1,occurs_in_speaker_text
4368,5171,1,occurs_in_speaker_text
4475,5171,1,occurs_in_speaker_text
3060,5171,1,occurs_in_speaker_text
1331,5171,1,occurs_in_speaker_text
4847,5171,1,occurs_in_speaker_text
1275,5171,2,occurs_in_speaker_text
139,5171,1,occurs_in_speaker_text
608,5171,1,occurs_in_speaker_text
629,5171,1,occurs_in_speaker_text
4887,5171,1,occurs_in_speaker_text
2374,5171,1,occurs_in_speaker_text
4003,5172,2,occurs_in_speaker_text
2563,5172,2,occurs_in_speaker_text
3148,5172,2,occurs_in_speaker_text
811,5172,2,occurs_in_speaker_text
2504,5172,1,occurs_in_speaker_text
4805,5172,16,occurs_in_speaker_text
3234,5172,1,occurs_in_speaker_text
899,5172,1,occurs_in_speaker_text
957,5172,1,occurs_in_speaker_text
2485,5172,2,occurs_in_speaker_text
3724,5172,1,occurs_in_speaker_text
4143,5172,1,occurs_in_speaker_text
2910,5172,1,occurs_in_speaker_text
4271,5172,1,occurs_in_speaker_text
1834,5172,1,occurs_in_speaker_text
3562,5172,1,occurs_in_speaker_text
1331,5172,2,occurs_in_speaker_text
3635,5172,1,occurs_in_speaker_text
1898,5172,1,occurs_in_speaker_text
1513,5172,3,occurs_in_speaker_text
3150,5172,1,occurs_in_speaker_text
1677,5172,1,occurs_in_speaker_text
4737,5172,1,occurs_in_speaker_text
234,5172,1,occurs_in_speaker_text
1232,5172,1,occurs_in_speaker_text
4576,5172,1,occurs_in_speaker_text
2468,5172,1,occurs_in_speaker_text
3400,5172,1,occurs_in_speaker_text
2065,5172,1,occurs_in_speaker_text
4058,5172,2,occurs_in_speaker_text
3878,5172,1,occurs_in_speaker_text
1629,5172,1,occurs_in_speaker_text
162,5172,1,occurs_in_speaker_text
4966,5173,1,occurs_in_speaker_text
3526,5173,2,occurs_in_speaker_text
4452,5173,1,occurs_in_speaker_text
3895,5173,1,occurs_in_speaker_text
4018,5173,2,occurs_in_speaker_text
4003,5173,1,occurs_in_speaker_text
2779,5173,7,occurs_in_speaker_text
1119,5173,2,occurs_in_speaker_text
968,5173,1,occurs_in_speaker_text
234,5173,1,occurs_in_speaker_text
4576,5173,3,occurs_in_speaker_text
243,5173,1,occurs_in_speaker_text
2289,5173,1,occurs_in_speaker_text
4525,5173,1,occurs_in_speaker_text
4980,5173,1,occurs_in_speaker_text
4090,5173,1,occurs_in_speaker_text
1859,5173,1,occurs_in_speaker_text
2830,5173,1,occurs_in_speaker_text
4415,5173,1,occurs_in_speaker_text
1232,5173,1,occurs_in_speaker_text
2422,5174,1,occurs_in_speaker_text
3222,5174,2,occurs_in_speaker_text
660,5175,1,occurs_in_speaker_text
1431,5175,2,occurs_in_speaker_text
989,5175,1,occurs_in_speaker_text
1999,5175,5,occurs_in_speaker_text
2631,5175,1,occurs_in_speaker_text
4339,5175,3,occurs_in_speaker_text
3767,5175,1,occurs_in_speaker_text
638,5175,1,occurs_in_speaker_text
806,5175,1,occurs_in_speaker_text
1609,5175,1,occurs_in_speaker_text
2508,5175,1,occurs_in_speaker_text
543,5175,1,occurs_in_speaker_text
2344,5175,1,occurs_in_speaker_text
1302,5175,1,occurs_in_speaker_text
2485,5175,2,occurs_in_speaker_text
3099,5175,1,occurs_in_speaker_text
507,5175,1,occurs_in_speaker_text
4003,5175,3,occurs_in_speaker_text
3010,5175,1,occurs_in_speaker_text
5037,5175,1,occurs_in_speaker_text
1637,5175,1,occurs_in_speaker_text
877,5175,1,occurs_in_speaker_text
1863,5175,1,occurs_in_speaker_text
4855,5175,1,occurs_in_speaker_text
3115,5175,1,occurs_in_speaker_text
811,5175,1,occurs_in_speaker_text
2750,5176,3,occurs_in_speaker_text
758,5176,2,occurs_in_speaker_text
3196,5176,1,occurs_in_speaker_text
4798,5176,1,occurs_in_speaker_text
4003,5177,1,occurs_in_speaker_text
2629,5177,1,occurs_in_speaker_text
3911,5178,2,occurs_in_speaker_text
811,5178,3,occurs_in_speaker_text
3204,5178,1,occurs_in_speaker_text
1725,5178,5,occurs_in_speaker_text
1940,5178,1,occurs_in_speaker_text
2362,5178,1,occurs_in_speaker_text
4576,5178,1,occurs_in_speaker_text
1637,5178,1,occurs_in_speaker_text
4124,5178,1,occurs_in_speaker_text
3625,5178,1,occurs_in_speaker_text
3737,5178,1,occurs_in_speaker_text
3867,5178,1,occurs_in_speaker_text
985,5178,1,occurs_in_speaker_text
1331,5178,1,occurs_in_speaker_text
2365,5178,1,occurs_in_speaker_text
4271,5178,1,occurs_in_speaker_text
3699,5178,1,occurs_in_speaker_text
156,5178,1,occurs_in_speaker_text
139,5178,1,occurs_in_speaker_text
4097,5178,1,occurs_in_speaker_text
1999,5178,1,occurs_in_speaker_text
2910,5178,1,occurs_in_speaker_text
4815,5178,1,occurs_in_speaker_text
1387,5178,1,occurs_in_speaker_text
2766,5178,1,occurs_in_speaker_text
1385,5178,1,occurs_in_speaker_text
1640,5178,1,occurs_in_speaker_text
3289,5178,1,occurs_in_speaker_text
951,5178,1,occurs_in_speaker_text
1243,5178,1,occurs_in_speaker_text
1818,5178,1,occurs_in_speaker_text
1668,5178,1,occurs_in_speaker_text
2312,5178,1,occurs_in_speaker_text
3460,5179,1,occurs_in_speaker_text
893,5179,6,occurs_in_speaker_text
4427,5179,1,occurs_in_speaker_text
1727,5179,1,occurs_in_speaker_text
507,5179,2,occurs_in_speaker_text
4124,5179,1,occurs_in_speaker_text
942,5179,2,occurs_in_speaker_text
4070,5179,1,occurs_in_speaker_text
2492,5179,1,occurs_in_speaker_text
2155,5179,1,occurs_in_speaker_text
4327,5179,3,occurs_in_speaker_text
5045,5179,1,occurs_in_speaker_text
544,5179,1,occurs_in_speaker_text
4040,5179,1,occurs_in_speaker_text
2485,5180,3,occurs_in_speaker_text
4003,5180,1,occurs_in_speaker_text
1999,5180,1,occurs_in_speaker_text
5019,5180,1,occurs_in_speaker_text
942,5180,1,occurs_in_speaker_text
2773,5180,1,occurs_in_speaker_text
139,5180,2,occurs_in_speaker_text
3712,5181,1,occurs_in_speaker_text
744,5181,1,occurs_in_speaker_text
1637,5181,2,occurs_in_speaker_text
369,5181,2,occurs_in_speaker_text
1291,5181,1,occurs_in_speaker_text
1999,5181,1,occurs_in_speaker_text
1112,5181,1,occurs_in_speaker_text
2485,5181,1,occurs_in_speaker_text
2710,5181,1,occurs_in_speaker_text
2240,5181,2,occurs_in_speaker_text
811,5181,1,occurs_in_speaker_text
2720,5181,1,occurs_in_speaker_text
4835,5181,1,occurs_in_speaker_text
209,5181,1,occurs_in_speaker_text
3107,5181,2,occurs_in_speaker_text
3635,5181,2,occurs_in_speaker_text
4611,5181,2,occurs_in_speaker_text
2312,5181,1,occurs_in_speaker_text
4576,5181,1,occurs_in_speaker_text
234,5181,1,occurs_in_speaker_text
4292,5181,1,occurs_in_speaker_text
4368,5181,1,occurs_in_speaker_text
5043,5181,2,occurs_in_speaker_text
4040,5181,1,occurs_in_speaker_text
2394,5182,1,occurs_in_speaker_text
1657,5182,4,occurs_in_speaker_text
968,5182,2,occurs_in_speaker_text
81,5182,1,occurs_in_speaker_text
2942,5182,1,occurs_in_speaker_text
2614,5182,1,occurs_in_speaker_text
1331,5182,1,occurs_in_speaker_text
3149,5182,1,occurs_in_speaker_text
181,5182,1,occurs_in_speaker_text
4704,5182,1,occurs_in_speaker_text
4003,5182,6,occurs_in_speaker_text
1051,5182,1,occurs_in_speaker_text
3712,5182,1,occurs_in_speaker_text
2376,5182,1,occurs_in_speaker_text
903,5182,1,occurs_in_speaker_text
243,5182,1,occurs_in_speaker_text
2810,5182,1,occurs_in_speaker_text
234,5182,2,occurs_in_speaker_text
2445,5182,1,occurs_in_speaker_text
308,5182,1,occurs_in_speaker_text
1894,5182,1,occurs_in_speaker_text
4849,5182,1,occurs_in_speaker_text
1635,5182,1,occurs_in_speaker_text
4309,5182,1,occurs_in_speaker_text
1994,5182,1,occurs_in_speaker_text
1144,5182,1,occurs_in_speaker_text
3322,5182,1,occurs_in_speaker_text
1331,5183,1,occurs_in_speaker_text
1687,5183,1,occurs_in_speaker_text
5077,5183,1,occurs_in_speaker_text
2972,5183,2,occurs_in_speaker_text
415,5183,1,occurs_in_speaker_text
3341,5183,1,occurs_in_speaker_text
4143,5183,1,occurs_in_speaker_text
369,5184,1,occurs_in_speaker_text
2485,5184,10,occurs_in_speaker_text
1999,5184,2,occurs_in_speaker_text
4209,5184,1,occurs_in_speaker_text
146,5184,1,occurs_in_speaker_text
942,5184,5,occurs_in_speaker_text
234,5184,1,occurs_in_speaker_text
2538,5184,1,occurs_in_speaker_text
4300,5184,1,occurs_in_speaker_text
2987,5184,1,occurs_in_speaker_text
3562,5184,2,occurs_in_speaker_text
1536,5184,1,occurs_in_speaker_text
4724,5184,2,occurs_in_speaker_text
4113,5184,3,occurs_in_speaker_text
1177,5184,2,occurs_in_speaker_text
560,5184,1,occurs_in_speaker_text
2463,5184,1,occurs_in_speaker_text
3784,5184,1,occurs_in_speaker_text
2884,5184,1,occurs_in_speaker_text
2935,5184,1,occurs_in_speaker_text
213,5184,1,occurs_in_speaker_text
507,5184,1,occurs_in_speaker_text
3034,5184,1,occurs_in_speaker_text
1714,5184,2,occurs_in_speaker_text
755,5184,2,occurs_in_speaker_text
833,5184,1,occurs_in_speaker_text
893,5184,1,occurs_in_speaker_text
1331,5184,2,occurs_in_speaker_text
3500,5184,1,occurs_in_speaker_text
5043,5184,1,occurs_in_speaker_text
415,5184,1,occurs_in_speaker_text
1990,5184,1,occurs_in_speaker_text
2773,5184,1,occurs_in_speaker_text
4003,5184,3,occurs_in_speaker_text
1084,5184,1,occurs_in_speaker_text
3967,5184,1,occurs_in_speaker_text
4849,5184,1,occurs_in_speaker_text
1296,5184,1,occurs_in_speaker_text
1994,5184,2,occurs_in_speaker_text
2629,5184,1,occurs_in_speaker_text
274,5184,1,occurs_in_speaker_text
1232,5184,3,occurs_in_speaker_text
243,5184,1,occurs_in_speaker_text
2972,5184,1,occurs_in_speaker_text
1954,5184,1,occurs_in_speaker_text
1243,5184,1,occurs_in_speaker_text
1768,5184,1,occurs_in_speaker_text
3289,5184,1,occurs_in_speaker_text
2101,5184,1,occurs_in_speaker_text
3257,5184,1,occurs_in_speaker_text
3299,5184,1,occurs_in_speaker_text
2750,5184,3,occurs_in_speaker_text
975,5184,2,occurs_in_speaker_text
5035,5184,1,occurs_in_speaker_text
2289,5184,1,occurs_in_speaker_text
2256,5184,3,occurs_in_speaker_text
3724,5184,1,occurs_in_speaker_text
2910,5184,1,occurs_in_speaker_text
4317,5184,1,occurs_in_speaker_text
4721,5184,1,occurs_in_speaker_text
2870,5184,1,occurs_in_speaker_text
139,5184,1,occurs_in_speaker_text
1759,5184,1,occurs_in_speaker_text
2983,5184,1,occurs_in_speaker_text
2938,5184,1,occurs_in_speaker_text
3998,5184,1,occurs_in_speaker_text
3099,5184,1,occurs_in_speaker_text
4309,5184,1,occurs_in_speaker_text
542,5184,1,occurs_in_speaker_text
3635,5184,1,occurs_in_speaker_text
811,5185,4,occurs_in_speaker_text
920,5185,1,occurs_in_speaker_text
3542,5185,1,occurs_in_speaker_text
2538,5185,3,occurs_in_speaker_text
4732,5185,5,occurs_in_speaker_text
1637,5185,1,occurs_in_speaker_text
1526,5185,1,occurs_in_speaker_text
3165,5185,1,occurs_in_speaker_text
1193,5185,1,occurs_in_speaker_text
243,5185,1,occurs_in_speaker_text
1144,5185,4,occurs_in_speaker_text
4576,5185,2,occurs_in_speaker_text
4597,5185,1,occurs_in_speaker_text
4003,5185,3,occurs_in_speaker_text
1331,5185,1,occurs_in_speaker_text
1183,5185,1,occurs_in_speaker_text
2983,5185,1,occurs_in_speaker_text
4711,5185,1,occurs_in_speaker_text
2331,5185,1,occurs_in_speaker_text
2809,5185,1,occurs_in_speaker_text
2673,5185,1,occurs_in_speaker_text
1399,5185,1,occurs_in_speaker_text
2209,5185,1,occurs_in_speaker_text
3526,5185,1,occurs_in_speaker_text
2681,5185,1,occurs_in_speaker_text
623,5185,1,occurs_in_speaker_text
142,5185,1,occurs_in_speaker_text
1041,5185,1,occurs_in_speaker_text
2267,5186,1,occurs_in_speaker_text
4299,5186,1,occurs_in_speaker_text
4124,5186,1,occurs_in_speaker_text
3150,5187,1,occurs_in_speaker_text
4124,5187,4,occurs_in_speaker_text
308,5187,1,occurs_in_speaker_text
1714,5187,2,occurs_in_speaker_text
2364,5187,6,occurs_in_speaker_text
1275,5187,1,occurs_in_speaker_text
1115,5187,1,occurs_in_speaker_text
1972,5187,1,occurs_in_speaker_text
627,5187,1,occurs_in_speaker_text
2750,5187,2,occurs_in_speaker_text
2778,5187,2,occurs_in_speaker_text
2773,5187,3,occurs_in_speaker_text
4003,5187,2,occurs_in_speaker_text
931,5187,1,occurs_in_speaker_text
3563,5187,1,occurs_in_speaker_text
4576,5187,1,occurs_in_speaker_text
2485,5188,1,occurs_in_speaker_text
3526,5188,2,occurs_in_speaker_text
4003,5188,3,occurs_in_speaker_text
737,5188,1,occurs_in_speaker_text
2876,5188,1,occurs_in_speaker_text
572,5188,1,occurs_in_speaker_text
2072,5188,11,occurs_in_speaker_text
4576,5188,3,occurs_in_speaker_text
2773,5188,2,occurs_in_speaker_text
1118,5188,1,occurs_in_speaker_text
382,5188,1,occurs_in_speaker_text
2209,5188,1,occurs_in_speaker_text
423,5188,1,occurs_in_speaker_text
3453,5188,1,occurs_in_speaker_text
2983,5188,2,occurs_in_speaker_text
1307,5188,1,occurs_in_speaker_text
3712,5188,5,occurs_in_speaker_text
2720,5188,14,occurs_in_speaker_text
362,5188,1,occurs_in_speaker_text
2972,5188,2,occurs_in_speaker_text
811,5188,2,occurs_in_speaker_text
325,5188,3,occurs_in_speaker_text
4864,5188,1,occurs_in_speaker_text
4341,5188,5,occurs_in_speaker_text
1315,5188,1,occurs_in_speaker_text
3577,5188,1,occurs_in_speaker_text
820,5188,1,occurs_in_speaker_text
1637,5188,1,occurs_in_speaker_text
2504,5188,2,occurs_in_speaker_text
3034,5188,1,occurs_in_speaker_text
2538,5188,1,occurs_in_speaker_text
1346,5188,1,occurs_in_speaker_text
20,5188,1,occurs_in_speaker_text
2436,5188,1,occurs_in_speaker_text
4659,5188,2,occurs_in_speaker_text
4083,5188,1,occurs_in_speaker_text
4368,5188,1,occurs_in_speaker_text
3028,5188,1,occurs_in_speaker_text
151,5188,2,occurs_in_speaker_text
3568,5188,1,occurs_in_speaker_text
822,5188,1,occurs_in_speaker_text
5022,5188,1,occurs_in_speaker_text
3943,5188,1,occurs_in_speaker_text
2981,5189,2,occurs_in_speaker_text
493,5189,1,occurs_in_speaker_text
822,5189,2,occurs_in_speaker_text
1918,5189,1,occurs_in_speaker_text
2773,5189,1,occurs_in_speaker_text
2485,5189,1,occurs_in_speaker_text
1585,5189,1,occurs_in_speaker_text
234,5189,2,occurs_in_speaker_text
1431,5189,1,occurs_in_speaker_text
4129,5189,1,occurs_in_speaker_text
1999,5189,5,occurs_in_speaker_text
2567,5189,1,occurs_in_speaker_text
3635,5189,2,occurs_in_speaker_text
4003,5189,1,occurs_in_speaker_text
2445,5189,1,occurs_in_speaker_text
4815,5189,1,occurs_in_speaker_text
471,5189,1,occurs_in_speaker_text
2976,5189,2,occurs_in_speaker_text
1431,5190,1,occurs_in_speaker_text
4409,5190,1,occurs_in_speaker_text
1637,5190,1,occurs_in_speaker_text
4655,5190,1,occurs_in_speaker_text
1229,5190,1,occurs_in_speaker_text
2913,5190,1,occurs_in_speaker_text
2641,5190,1,occurs_in_speaker_text
1232,5190,1,occurs_in_speaker_text
2240,5190,5,occurs_in_speaker_text
893,5190,1,occurs_in_speaker_text
629,5190,1,occurs_in_speaker_text
1536,5190,3,occurs_in_speaker_text
1999,5190,5,occurs_in_speaker_text
2972,5190,1,occurs_in_speaker_text
3525,5190,1,occurs_in_speaker_text
4974,5190,2,occurs_in_speaker_text
811,5190,1,occurs_in_speaker_text
3975,5190,1,occurs_in_speaker_text
4003,5190,2,occurs_in_speaker_text
3323,5190,1,occurs_in_speaker_text
2445,5190,1,occurs_in_speaker_text
2590,5190,1,occurs_in_speaker_text
2914,5190,1,occurs_in_speaker_text
290,5190,1,occurs_in_speaker_text
4576,5190,1,occurs_in_speaker_text
2485,5190,2,occurs_in_speaker_text
3150,5190,1,occurs_in_speaker_text
3292,5190,2,occurs_in_speaker_text
1129,5190,1,occurs_in_speaker_text
1331,5190,1,occurs_in_speaker_text
2816,5190,1,occurs_in_speaker_text
276,5190,1,occurs_in_speaker_text
3354,5190,1,occurs_in_speaker_text
3724,5190,2,occurs_in_speaker_text
4945,5190,1,occurs_in_speaker_text
4415,5190,1,occurs_in_speaker_text
4003,5191,2,occurs_in_speaker_text
4003,5192,3,occurs_in_speaker_text
2485,5192,4,occurs_in_speaker_text
1232,5192,1,occurs_in_speaker_text
942,5192,2,occurs_in_speaker_text
1999,5192,3,occurs_in_speaker_text
1642,5192,1,occurs_in_speaker_text
415,5192,1,occurs_in_speaker_text
1714,5192,1,occurs_in_speaker_text
3562,5192,1,occurs_in_speaker_text
4610,5192,1,occurs_in_speaker_text
4878,5192,1,occurs_in_speaker_text
3975,5192,1,occurs_in_speaker_text
4795,5192,1,occurs_in_speaker_text
3915,5192,1,occurs_in_speaker_text
285,5192,1,occurs_in_speaker_text
3577,5192,1,occurs_in_speaker_text
811,5192,1,occurs_in_speaker_text
1431,5192,2,occurs_in_speaker_text
2485,5193,3,occurs_in_speaker_text
3526,5193,1,occurs_in_speaker_text
3347,5193,1,occurs_in_speaker_text
1459,5193,1,occurs_in_speaker_text
4855,5193,1,occurs_in_speaker_text
3724,5193,1,occurs_in_speaker_text
415,5193,1,occurs_in_speaker_text
1196,5194,1,occurs_in_speaker_text
2773,5194,1,occurs_in_speaker_text
1999,5194,1,occurs_in_speaker_text
4040,5195,1,occurs_in_speaker_text
2750,5195,1,occurs_in_speaker_text
4003,5195,2,occurs_in_speaker_text
2485,5195,1,occurs_in_speaker_text
3929,5195,1,occurs_in_speaker_text
1714,5195,1,occurs_in_speaker_text
4759,5195,1,occurs_in_speaker_text
4325,5195,1,occurs_in_speaker_text
3075,5195,1,occurs_in_speaker_text
3198,5195,1,occurs_in_speaker_text
3949,5195,1,occurs_in_speaker_text
3442,5195,1,occurs_in_speaker_text
4021,5195,1,occurs_in_speaker_text
3070,5195,1,occurs_in_speaker_text
1431,5195,1,occurs_in_speaker_text
162,5195,1,occurs_in_speaker_text
1408,5195,1,occurs_in_speaker_text
1447,5195,1,occurs_in_speaker_text
1725,5195,1,occurs_in_speaker_text
2445,5196,2,occurs_in_speaker_text
695,5196,1,occurs_in_speaker_text
3733,5196,1,occurs_in_speaker_text
4040,5196,2,occurs_in_speaker_text
893,5196,4,occurs_in_speaker_text
4981,5196,1,occurs_in_speaker_text
2538,5196,1,occurs_in_speaker_text
2562,5196,1,occurs_in_speaker_text
1232,5196,2,occurs_in_speaker_text
2632,5196,1,occurs_in_speaker_text
629,5196,4,occurs_in_speaker_text
3708,5196,2,occurs_in_speaker_text
2485,5196,14,occurs_in_speaker_text
1536,5196,2,occurs_in_speaker_text
3323,5196,2,occurs_in_speaker_text
2629,5196,11,occurs_in_speaker_text
3099,5196,4,occurs_in_speaker_text
3292,5196,1,occurs_in_speaker_text
4003,5196,13,occurs_in_speaker_text
1999,5196,12,occurs_in_speaker_text
162,5196,7,occurs_in_speaker_text
2652,5196,2,occurs_in_speaker_text
662,5196,1,occurs_in_speaker_text
3150,5196,1,occurs_in_speaker_text
949,5196,1,occurs_in_speaker_text
3141,5196,1,occurs_in_speaker_text
3128,5196,1,occurs_in_speaker_text
4407,5196,1,occurs_in_speaker_text
3911,5196,1,occurs_in_speaker_text
1592,5196,1,occurs_in_speaker_text
4817,5196,1,occurs_in_speaker_text
2072,5196,1,occurs_in_speaker_text
80,5196,2,occurs_in_speaker_text
1637,5196,7,occurs_in_speaker_text
1935,5196,1,occurs_in_speaker_text
3724,5196,2,occurs_in_speaker_text
4066,5196,1,occurs_in_speaker_text
1436,5196,1,occurs_in_speaker_text
659,5196,1,occurs_in_speaker_text
369,5196,2,occurs_in_speaker_text
2476,5196,1,occurs_in_speaker_text
1331,5196,4,occurs_in_speaker_text
2660,5196,4,occurs_in_speaker_text
2052,5196,1,occurs_in_speaker_text
1254,5196,1,occurs_in_speaker_text
3607,5196,1,occurs_in_speaker_text
871,5196,1,occurs_in_speaker_text
234,5196,2,occurs_in_speaker_text
2880,5196,1,occurs_in_speaker_text
811,5196,9,occurs_in_speaker_text
1431,5196,3,occurs_in_speaker_text
1640,5196,2,occurs_in_speaker_text
1714,5196,3,occurs_in_speaker_text
1030,5196,1,occurs_in_speaker_text
2776,5196,1,occurs_in_speaker_text
2925,5196,1,occurs_in_speaker_text
3625,5196,2,occurs_in_speaker_text
4368,5196,2,occurs_in_speaker_text
13,5196,1,occurs_in_speaker_text
3039,5196,1,occurs_in_speaker_text
4878,5196,1,occurs_in_speaker_text
2574,5196,3,occurs_in_speaker_text
464,5196,1,occurs_in_speaker_text
3010,5196,3,occurs_in_speaker_text
4780,5196,1,occurs_in_speaker_text
2870,5196,1,occurs_in_speaker_text
4031,5196,1,occurs_in_speaker_text
4703,5196,5,occurs_in_speaker_text
84,5196,1,occurs_in_speaker_text
4433,5196,1,occurs_in_speaker_text
5045,5196,5,occurs_in_speaker_text
4500,5196,2,occurs_in_speaker_text
3543,5196,1,occurs_in_speaker_text
3054,5196,3,occurs_in_speaker_text
2006,5196,1,occurs_in_speaker_text
1408,5196,1,occurs_in_speaker_text
1725,5196,3,occurs_in_speaker_text
2623,5196,1,occurs_in_speaker_text
1384,5196,2,occurs_in_speaker_text
3519,5196,1,occurs_in_speaker_text
4923,5196,1,occurs_in_speaker_text
222,5196,1,occurs_in_speaker_text
2155,5196,1,occurs_in_speaker_text
3111,5196,1,occurs_in_speaker_text
1459,5196,1,occurs_in_speaker_text
1509,5196,1,occurs_in_speaker_text
2766,5196,1,occurs_in_speaker_text
289,5196,1,occurs_in_speaker_text
3661,5196,1,occurs_in_speaker_text
2816,5196,1,occurs_in_speaker_text
2193,5196,1,occurs_in_speaker_text
3056,5196,1,occurs_in_speaker_text
4145,5196,1,occurs_in_speaker_text
942,5196,2,occurs_in_speaker_text
4124,5196,1,occurs_in_speaker_text
423,5196,2,occurs_in_speaker_text
4309,5196,1,occurs_in_speaker_text
902,5196,1,occurs_in_speaker_text
3526,5196,1,occurs_in_speaker_text
2515,5196,1,occurs_in_speaker_text
2336,5196,1,occurs_in_speaker_text
4974,5196,1,occurs_in_speaker_text
143,5196,1,occurs_in_speaker_text
2365,5196,1,occurs_in_speaker_text
1114,5196,1,occurs_in_speaker_text
5029,5196,1,occurs_in_speaker_text
2478,5196,2,occurs_in_speaker_text
389,5196,1,occurs_in_speaker_text
4556,5196,1,occurs_in_speaker_text
3641,5196,1,occurs_in_speaker_text
3577,5196,3,occurs_in_speaker_text
4576,5196,1,occurs_in_speaker_text
3274,5196,1,occurs_in_speaker_text
3855,5196,1,occurs_in_speaker_text
3988,5196,1,occurs_in_speaker_text
4079,5196,1,occurs_in_speaker_text
2878,5196,1,occurs_in_speaker_text
646,5196,1,occurs_in_speaker_text
4353,5196,1,occurs_in_speaker_text
4271,5196,1,occurs_in_speaker_text
2761,5196,2,occurs_in_speaker_text
4887,5196,1,occurs_in_speaker_text
39,5196,1,occurs_in_speaker_text
2258,5196,1,occurs_in_speaker_text
4724,5196,1,occurs_in_speaker_text
233,5196,1,occurs_in_speaker_text
944,5196,1,occurs_in_speaker_text
3464,5196,1,occurs_in_speaker_text
708,5196,1,occurs_in_speaker_text
4855,5196,7,occurs_in_speaker_text
2868,5196,1,occurs_in_speaker_text
4097,5196,1,occurs_in_speaker_text
4105,5196,1,occurs_in_speaker_text
1812,5196,2,occurs_in_speaker_text
3107,5196,1,occurs_in_speaker_text
4158,5197,1,occurs_in_speaker_text
1577,5197,1,occurs_in_speaker_text
2778,5197,2,occurs_in_speaker_text
1858,5197,1,occurs_in_speaker_text
4878,5197,3,occurs_in_speaker_text
1714,5197,1,occurs_in_speaker_text
2799,5197,1,occurs_in_speaker_text
2868,5197,1,occurs_in_speaker_text
2256,5197,2,occurs_in_speaker_text
2750,5197,1,occurs_in_speaker_text
1431,5197,1,occurs_in_speaker_text
1331,5197,14,occurs_in_speaker_text
2485,5197,5,occurs_in_speaker_text
415,5197,1,occurs_in_speaker_text
2289,5197,1,occurs_in_speaker_text
4358,5197,1,occurs_in_speaker_text
1687,5197,3,occurs_in_speaker_text
4622,5197,1,occurs_in_speaker_text
3294,5197,1,occurs_in_speaker_text
1747,5197,1,occurs_in_speaker_text
4724,5197,3,occurs_in_speaker_text
3571,5197,3,occurs_in_speaker_text
1934,5197,1,occurs_in_speaker_text
4106,5197,1,occurs_in_speaker_text
5045,5197,1,occurs_in_speaker_text
219,5197,2,occurs_in_speaker_text
162,5197,1,occurs_in_speaker_text
360,5197,4,occurs_in_speaker_text
3351,5197,1,occurs_in_speaker_text
1408,5197,1,occurs_in_speaker_text
4780,5197,1,occurs_in_speaker_text
3814,5197,1,occurs_in_speaker_text
4628,5197,2,occurs_in_speaker_text
4415,5197,1,occurs_in_speaker_text
2461,5197,1,occurs_in_speaker_text
2773,5197,2,occurs_in_speaker_text
2629,5197,4,occurs_in_speaker_text
3882,5197,1,occurs_in_speaker_text
507,5197,1,occurs_in_speaker_text
5048,5197,1,occurs_in_speaker_text
3943,5197,2,occurs_in_speaker_text
3724,5197,1,occurs_in_speaker_text
275,5197,2,occurs_in_speaker_text
3099,5197,1,occurs_in_speaker_text
1994,5197,2,occurs_in_speaker_text
3226,5197,1,occurs_in_speaker_text
2445,5197,2,occurs_in_speaker_text
3713,5197,1,occurs_in_speaker_text
4040,5197,1,occurs_in_speaker_text
893,5197,1,occurs_in_speaker_text
1951,5197,1,occurs_in_speaker_text
3323,5197,1,occurs_in_speaker_text
3150,5197,1,occurs_in_speaker_text
4751,5197,1,occurs_in_speaker_text
5029,5197,1,occurs_in_speaker_text
1640,5197,2,occurs_in_speaker_text
11,5197,1,occurs_in_speaker_text
4003,5197,1,occurs_in_speaker_text
3761,5197,1,occurs_in_speaker_text
4217,5197,1,occurs_in_speaker_text
1728,5197,1,occurs_in_speaker_text
4576,5197,2,occurs_in_speaker_text
2263,5197,1,occurs_in_speaker_text
4302,5197,1,occurs_in_speaker_text
3073,5197,1,occurs_in_speaker_text
156,5197,1,occurs_in_speaker_text
3010,5197,2,occurs_in_speaker_text
1637,5197,1,occurs_in_speaker_text
506,5197,1,occurs_in_speaker_text
2312,5197,1,occurs_in_speaker_text
863,5197,1,occurs_in_speaker_text
629,5197,1,occurs_in_speaker_text
811,5197,1,occurs_in_speaker_text
1126,5197,1,occurs_in_speaker_text
4143,5197,2,occurs_in_speaker_text
2196,5197,1,occurs_in_speaker_text
4615,5197,1,occurs_in_speaker_text
3530,5197,1,occurs_in_speaker_text
3751,5197,1,occurs_in_speaker_text
4833,5197,1,occurs_in_speaker_text
1232,5197,1,occurs_in_speaker_text
3341,5197,1,occurs_in_speaker_text
3154,5197,1,occurs_in_speaker_text
5086,5197,1,occurs_in_speaker_text
4724,5199,4,occurs_in_speaker_text
3526,5199,5,occurs_in_speaker_text
5077,5199,1,occurs_in_speaker_text
4291,5199,1,occurs_in_speaker_text
4876,5199,2,occurs_in_speaker_text
1331,5199,1,occurs_in_speaker_text
2485,5199,3,occurs_in_speaker_text
4051,5199,1,occurs_in_speaker_text
3099,5199,1,occurs_in_speaker_text
4814,5199,2,occurs_in_speaker_text
2554,5199,2,occurs_in_speaker_text
3635,5199,1,occurs_in_speaker_text
3661,5199,3,occurs_in_speaker_text
3026,5199,1,occurs_in_speaker_text
4006,5199,2,occurs_in_speaker_text
1384,5199,1,occurs_in_speaker_text
3341,5199,1,occurs_in_speaker_text
149,5199,1,occurs_in_speaker_text
1687,5199,1,occurs_in_speaker_text
139,5199,1,occurs_in_speaker_text
1391,5199,1,occurs_in_speaker_text
870,5199,1,occurs_in_speaker_text
257,5199,1,occurs_in_speaker_text
4622,5199,1,occurs_in_speaker_text
1291,5199,1,occurs_in_speaker_text
3911,5200,1,occurs_in_speaker_text
1110,5200,2,occurs_in_speaker_text
308,5200,3,occurs_in_speaker_text
2545,5200,1,occurs_in_speaker_text
752,5200,1,occurs_in_speaker_text
4971,5200,1,occurs_in_speaker_text
5073,5201,1,occurs_in_speaker_text
811,5201,2,occurs_in_speaker_text
234,5201,1,occurs_in_speaker_text
3010,5201,2,occurs_in_speaker_text
4859,5201,11,occurs_in_speaker_text
3234,5201,1,occurs_in_speaker_text
4353,5201,2,occurs_in_speaker_text
1331,5201,1,occurs_in_speaker_text
3500,5201,1,occurs_in_speaker_text
3099,5201,1,occurs_in_speaker_text
1184,5201,1,occurs_in_speaker_text
2574,5201,1,occurs_in_speaker_text
4003,5201,1,occurs_in_speaker_text
4209,5201,1,occurs_in_speaker_text
4576,5201,2,occurs_in_speaker_text
3196,5201,1,occurs_in_speaker_text
4119,5201,1,occurs_in_speaker_text
3621,5201,1,occurs_in_speaker_text
3526,5201,3,occurs_in_speaker_text
1998,5201,1,occurs_in_speaker_text
2963,5201,1,occurs_in_speaker_text
2485,5201,1,occurs_in_speaker_text
308,5201,1,occurs_in_speaker_text
4885,5201,1,occurs_in_speaker_text
134,5201,1,occurs_in_speaker_text
4271,5202,1,occurs_in_speaker_text
234,5202,1,occurs_in_speaker_text
942,5202,2,occurs_in_speaker_text
594,5202,1,occurs_in_speaker_text
4691,5202,1,occurs_in_speaker_text
126,5202,1,occurs_in_speaker_text
152,5202,1,occurs_in_speaker_text
4003,5202,2,occurs_in_speaker_text
1739,5202,3,occurs_in_speaker_text
3148,5202,1,occurs_in_speaker_text
3912,5202,1,occurs_in_speaker_text
530,5203,1,occurs_in_speaker_text
3150,5203,1,occurs_in_speaker_text
4368,5203,1,occurs_in_speaker_text
677,5203,1,occurs_in_speaker_text
3661,5203,1,occurs_in_speaker_text
3769,5204,1,occurs_in_speaker_text
1768,5204,1,occurs_in_speaker_text
1431,5204,1,occurs_in_speaker_text
3661,5204,1,occurs_in_speaker_text
2721,5204,1,occurs_in_speaker_text
4724,5204,1,occurs_in_speaker_text
3911,5204,1,occurs_in_speaker_text
4003,5204,8,occurs_in_speaker_text
3036,5204,4,occurs_in_speaker_text
103,5204,3,occurs_in_speaker_text
3292,5204,4,occurs_in_speaker_text
4576,5204,6,occurs_in_speaker_text
3967,5204,1,occurs_in_speaker_text
2778,5204,1,occurs_in_speaker_text
3724,5204,1,occurs_in_speaker_text
4680,5204,1,occurs_in_speaker_text
5029,5204,2,occurs_in_speaker_text
1725,5204,1,occurs_in_speaker_text
2485,5204,3,occurs_in_speaker_text
1011,5204,1,occurs_in_speaker_text
2629,5204,2,occurs_in_speaker_text
3281,5204,1,occurs_in_speaker_text
389,5204,1,occurs_in_speaker_text
2341,5204,1,occurs_in_speaker_text
629,5204,2,occurs_in_speaker_text
4887,5204,1,occurs_in_speaker_text
791,5204,1,occurs_in_speaker_text
942,5204,1,occurs_in_speaker_text
3010,5204,5,occurs_in_speaker_text
1577,5204,1,occurs_in_speaker_text
1185,5204,1,occurs_in_speaker_text
670,5204,1,occurs_in_speaker_text
3987,5204,1,occurs_in_speaker_text
3927,5204,1,occurs_in_speaker_text
2052,5204,1,occurs_in_speaker_text
526,5204,1,occurs_in_speaker_text
243,5204,1,occurs_in_speaker_text
2910,5204,2,occurs_in_speaker_text
50,5204,1,occurs_in_speaker_text
2155,5204,1,occurs_in_speaker_text
4259,5204,1,occurs_in_speaker_text
275,5204,4,occurs_in_speaker_text
4309,5204,1,occurs_in_speaker_text
3727,5204,1,occurs_in_speaker_text
1954,5204,1,occurs_in_speaker_text
3150,5204,4,occurs_in_speaker_text
2521,5204,1,occurs_in_speaker_text
4261,5204,1,occurs_in_speaker_text
1999,5204,2,occurs_in_speaker_text
1232,5204,1,occurs_in_speaker_text
1637,5204,1,occurs_in_speaker_text
1448,5204,1,occurs_in_speaker_text
4398,5204,1,occurs_in_speaker_text
2289,5204,1,occurs_in_speaker_text
2098,5205,1,occurs_in_speaker_text
2280,5205,1,occurs_in_speaker_text
4876,5205,1,occurs_in_speaker_text
3987,5205,1,occurs_in_speaker_text
2105,5205,1,occurs_in_speaker_text
2110,5205,1,occurs_in_speaker_text
4292,5205,1,occurs_in_speaker_text
162,5205,1,occurs_in_speaker_text
852,5205,1,occurs_in_speaker_text
4018,5205,2,occurs_in_speaker_text
4003,5205,1,occurs_in_speaker_text
2910,5205,2,occurs_in_speaker_text
942,5205,1,occurs_in_speaker_text
4540,5205,1,occurs_in_speaker_text
3573,5205,1,occurs_in_speaker_text
2563,5205,2,occurs_in_speaker_text
1041,5205,2,occurs_in_speaker_text
4576,5205,1,occurs_in_speaker_text
3019,5205,1,occurs_in_speaker_text
3864,5205,1,occurs_in_speaker_text
4184,5205,1,occurs_in_speaker_text
3538,5205,1,occurs_in_speaker_text
3904,5205,1,occurs_in_speaker_text
1123,5205,1,occurs_in_speaker_text
727,5205,1,occurs_in_speaker_text
3010,5205,1,occurs_in_speaker_text
4373,5205,2,occurs_in_speaker_text
2681,5205,1,occurs_in_speaker_text
335,5205,1,occurs_in_speaker_text
3861,5205,1,occurs_in_speaker_text
2773,5205,1,occurs_in_speaker_text
4271,5205,1,occurs_in_speaker_text
3257,5205,1,occurs_in_speaker_text
700,5205,1,occurs_in_speaker_text
1649,5205,1,occurs_in_speaker_text
2203,5205,1,occurs_in_speaker_text
400,5205,1,occurs_in_speaker_text
3099,5206,1,occurs_in_speaker_text
1459,5206,1,occurs_in_speaker_text
239,5206,1,occurs_in_speaker_text
222,5206,1,occurs_in_speaker_text
1614,5206,1,occurs_in_speaker_text
2485,5206,34,occurs_in_speaker_text
1641,5206,1,occurs_in_speaker_text
4003,5206,7,occurs_in_speaker_text
2886,5206,1,occurs_in_speaker_text
2773,5206,1,occurs_in_speaker_text
1243,5206,1,occurs_in_speaker_text
942,5206,2,occurs_in_speaker_text
4209,5206,2,occurs_in_speaker_text
1988,5206,1,occurs_in_speaker_text
4576,5206,2,occurs_in_speaker_text
3526,5206,1,occurs_in_speaker_text
3483,5206,2,occurs_in_speaker_text
3150,5206,1,occurs_in_speaker_text
2478,5206,1,occurs_in_speaker_text
4815,5206,2,occurs_in_speaker_text
234,5206,1,occurs_in_speaker_text
397,5206,1,occurs_in_speaker_text
1037,5206,1,occurs_in_speaker_text
1232,5206,2,occurs_in_speaker_text
4849,5206,1,occurs_in_speaker_text
1999,5206,1,occurs_in_speaker_text
2761,5206,1,occurs_in_speaker_text
3218,5206,1,occurs_in_speaker_text
3708,5206,1,occurs_in_speaker_text
2445,5206,1,occurs_in_speaker_text
4878,5206,1,occurs_in_speaker_text
3635,5206,1,occurs_in_speaker_text
2233,5206,1,occurs_in_speaker_text
977,5206,1,occurs_in_speaker_text
4754,5206,1,occurs_in_speaker_text
491,5206,1,occurs_in_speaker_text
1536,5206,2,occurs_in_speaker_text
3855,5206,1,occurs_in_speaker_text
4124,5206,1,occurs_in_speaker_text
1972,5206,1,occurs_in_speaker_text
1431,5206,2,occurs_in_speaker_text
3904,5206,1,occurs_in_speaker_text
1637,5206,1,occurs_in_speaker_text
1994,5206,1,occurs_in_speaker_text
3243,5206,1,occurs_in_speaker_text
1522,5206,1,occurs_in_speaker_text
4058,5206,1,occurs_in_speaker_text
1177,5206,1,occurs_in_speaker_text
162,5206,1,occurs_in_speaker_text
1041,5206,1,occurs_in_speaker_text
2072,5206,2,occurs_in_speaker_text
2289,5206,1,occurs_in_speaker_text
4877,5206,1,occurs_in_speaker_text
4113,5206,1,occurs_in_speaker_text
566,5206,1,occurs_in_speaker_text
4140,5206,1,occurs_in_speaker_text
2623,5206,1,occurs_in_speaker_text
2660,5206,1,occurs_in_speaker_text
266,5206,1,occurs_in_speaker_text
4119,5206,1,occurs_in_speaker_text
1209,5207,1,occurs_in_speaker_text
1208,5207,1,occurs_in_speaker_text
243,5207,2,occurs_in_speaker_text
4874,5207,1,occurs_in_speaker_text
3717,5207,1,occurs_in_speaker_text
685,5207,1,occurs_in_speaker_text
2773,5207,3,occurs_in_speaker_text
679,5207,1,occurs_in_speaker_text
4642,5207,1,occurs_in_speaker_text
1061,5207,1,occurs_in_speaker_text
3910,5207,1,occurs_in_speaker_text
4058,5207,3,occurs_in_speaker_text
3460,5207,1,occurs_in_speaker_text
2945,5207,2,occurs_in_speaker_text
3421,5207,10,occurs_in_speaker_text
1041,5207,1,occurs_in_speaker_text
4101,5207,1,occurs_in_speaker_text
4724,5207,3,occurs_in_speaker_text
2485,5207,52,occurs_in_speaker_text
4449,5207,2,occurs_in_speaker_text
5045,5207,13,occurs_in_speaker_text
3911,5207,2,occurs_in_speaker_text
2277,5207,1,occurs_in_speaker_text
4353,5207,2,occurs_in_speaker_text
1536,5207,4,occurs_in_speaker_text
1455,5207,7,occurs_in_speaker_text
4003,5207,4,occurs_in_speaker_text
4098,5207,1,occurs_in_speaker_text
290,5207,1,occurs_in_speaker_text
4089,5207,1,occurs_in_speaker_text
3513,5207,1,occurs_in_speaker_text
2554,5207,1,occurs_in_speaker_text
811,5207,3,occurs_in_speaker_text
2712,5207,1,occurs_in_speaker_text
2574,5207,2,occurs_in_speaker_text
1999,5207,3,occurs_in_speaker_text
1331,5207,1,occurs_in_speaker_text
3710,5207,1,occurs_in_speaker_text
1186,5207,1,occurs_in_speaker_text
1799,5207,1,occurs_in_speaker_text
3337,5207,1,occurs_in_speaker_text
1144,5207,2,occurs_in_speaker_text
4668,5207,1,occurs_in_speaker_text
1423,5207,1,occurs_in_speaker_text
939,5207,1,occurs_in_speaker_text
1459,5207,1,occurs_in_speaker_text
3275,5207,1,occurs_in_speaker_text
1714,5207,1,occurs_in_speaker_text
569,5207,1,occurs_in_speaker_text
201,5207,1,occurs_in_speaker_text
3124,5207,1,occurs_in_speaker_text
378,5207,1,occurs_in_speaker_text
5029,5207,1,occurs_in_speaker_text
4141,5207,1,occurs_in_speaker_text
1906,5207,1,occurs_in_speaker_text
3802,5207,1,occurs_in_speaker_text
2870,5207,2,occurs_in_speaker_text
1431,5207,2,occurs_in_speaker_text
4162,5207,2,occurs_in_speaker_text
4398,5207,2,occurs_in_speaker_text
3636,5207,1,occurs_in_speaker_text
3562,5207,1,occurs_in_speaker_text
3323,5207,1,occurs_in_speaker_text
81,5207,1,occurs_in_speaker_text
4576,5207,1,occurs_in_speaker_text
2567,5207,1,occurs_in_speaker_text
4228,5207,1,occurs_in_speaker_text
4096,5207,4,occurs_in_speaker_text
4040,5207,1,occurs_in_speaker_text
1640,5207,1,occurs_in_speaker_text
2312,5207,1,occurs_in_speaker_text
3635,5207,2,occurs_in_speaker_text
3570,5207,1,occurs_in_speaker_text
4997,5207,13,occurs_in_speaker_text
2445,5207,1,occurs_in_speaker_text
3984,5207,1,occurs_in_speaker_text
5077,5207,1,occurs_in_speaker_text
3224,5207,1,occurs_in_speaker_text
2629,5207,1,occurs_in_speaker_text
3553,5207,2,occurs_in_speaker_text
4368,5207,2,occurs_in_speaker_text
3661,5207,1,occurs_in_speaker_text
3940,5207,1,occurs_in_speaker_text
1080,5207,1,occurs_in_speaker_text
4257,5207,2,occurs_in_speaker_text
1783,5207,1,occurs_in_speaker_text
103,5207,3,occurs_in_speaker_text
5065,5207,1,occurs_in_speaker_text
3809,5207,1,occurs_in_speaker_text
4217,5207,3,occurs_in_speaker_text
780,5207,1,occurs_in_speaker_text
3618,5207,1,occurs_in_speaker_text
4066,5207,1,occurs_in_speaker_text
1553,5207,1,occurs_in_speaker_text
1278,5207,6,occurs_in_speaker_text
3500,5207,1,occurs_in_speaker_text
2809,5207,1,occurs_in_speaker_text
3834,5207,2,occurs_in_speaker_text
284,5207,1,occurs_in_speaker_text
219,5207,1,occurs_in_speaker_text
389,5207,1,occurs_in_speaker_text
1993,5207,1,occurs_in_speaker_text
1059,5207,1,occurs_in_speaker_text
2050,5207,1,occurs_in_speaker_text
4119,5207,4,occurs_in_speaker_text
2240,5207,1,occurs_in_speaker_text
2698,5207,1,occurs_in_speaker_text
4309,5207,1,occurs_in_speaker_text
80,5207,1,occurs_in_speaker_text
2183,5207,1,occurs_in_speaker_text
4848,5207,1,occurs_in_speaker_text
2538,5207,2,occurs_in_speaker_text
2939,5207,1,occurs_in_speaker_text
4200,5207,1,occurs_in_speaker_text
461,5207,1,occurs_in_speaker_text
2506,5207,1,occurs_in_speaker_text
2003,5207,1,occurs_in_speaker_text
3043,5207,1,occurs_in_speaker_text
2155,5207,1,occurs_in_speaker_text
1232,5207,1,occurs_in_speaker_text
1824,5207,1,occurs_in_speaker_text
3837,5207,1,occurs_in_speaker_text
1372,5207,1,occurs_in_speaker_text
1944,5207,1,occurs_in_speaker_text
3099,5208,2,occurs_in_speaker_text
3724,5208,1,occurs_in_speaker_text
4097,5208,1,occurs_in_speaker_text
3689,5209,1,occurs_in_speaker_text
4225,5209,1,occurs_in_speaker_text
308,5209,1,occurs_in_speaker_text
4576,5209,1,occurs_in_speaker_text
2629,5209,1,occurs_in_speaker_text
4855,5209,1,occurs_in_speaker_text
1144,5209,3,occurs_in_speaker_text
2954,5209,1,occurs_in_speaker_text
3099,5209,1,occurs_in_speaker_text
1894,5209,1,occurs_in_speaker_text
3829,5209,1,occurs_in_speaker_text
3951,5209,1,occurs_in_speaker_text
4987,5209,1,occurs_in_speaker_text
3680,5209,2,occurs_in_speaker_text
3808,5209,1,occurs_in_speaker_text
2485,5209,1,occurs_in_speaker_text
3846,5209,1,occurs_in_speaker_text
3562,5209,2,occurs_in_speaker_text
2972,5209,2,occurs_in_speaker_text
4124,5209,1,occurs_in_speaker_text
2511,5209,1,occurs_in_speaker_text
4724,5209,3,occurs_in_speaker_text
1331,5209,1,occurs_in_speaker_text
3240,5209,1,occurs_in_speaker_text
2766,5209,1,occurs_in_speaker_text
3850,5209,1,occurs_in_speaker_text
139,5209,1,occurs_in_speaker_text
4486,5209,1,occurs_in_speaker_text
3911,5209,1,occurs_in_speaker_text
1818,5210,1,occurs_in_speaker_text
3538,5210,2,occurs_in_speaker_text
4091,5210,1,occurs_in_speaker_text
16,5210,1,occurs_in_speaker_text
1640,5210,2,occurs_in_speaker_text
5068,5210,1,occurs_in_speaker_text
243,5210,1,occurs_in_speaker_text
2193,5210,1,occurs_in_speaker_text
3635,5210,2,occurs_in_speaker_text
3526,5210,3,occurs_in_speaker_text
162,5210,1,occurs_in_speaker_text
4878,5210,1,occurs_in_speaker_text
5077,5210,1,occurs_in_speaker_text
1437,5210,1,occurs_in_speaker_text
165,5210,1,occurs_in_speaker_text
4415,5210,1,occurs_in_speaker_text
4261,5210,1,occurs_in_speaker_text
4282,5210,1,occurs_in_speaker_text
4027,5210,1,occurs_in_speaker_text
4286,5210,2,occurs_in_speaker_text
1812,5210,1,occurs_in_speaker_text
4876,5210,1,occurs_in_speaker_text
1372,5210,1,occurs_in_speaker_text
863,5210,1,occurs_in_speaker_text
3394,5210,1,occurs_in_speaker_text
4975,5210,1,occurs_in_speaker_text
2485,5210,1,occurs_in_speaker_text
2289,5210,1,occurs_in_speaker_text
4741,5210,1,occurs_in_speaker_text
3500,5210,2,occurs_in_speaker_text
4724,5210,2,occurs_in_speaker_text
4143,5210,3,occurs_in_speaker_text
2574,5210,1,occurs_in_speaker_text
99,5210,1,occurs_in_speaker_text
4398,5210,1,occurs_in_speaker_text
3099,5210,1,occurs_in_speaker_text
1999,5210,1,occurs_in_speaker_text
2570,5210,1,occurs_in_speaker_text
1725,5210,1,occurs_in_speaker_text
3911,5210,1,occurs_in_speaker_text
4309,5211,1,occurs_in_speaker_text
4058,5211,1,occurs_in_speaker_text
3916,5211,1,occurs_in_speaker_text
656,5211,1,occurs_in_speaker_text
2312,5211,1,occurs_in_speaker_text
1515,5211,1,occurs_in_speaker_text
4353,5211,6,occurs_in_speaker_text
1972,5211,1,occurs_in_speaker_text
4410,5211,1,occurs_in_speaker_text
3204,5211,1,occurs_in_speaker_text
2554,5211,1,occurs_in_speaker_text
1331,5211,5,occurs_in_speaker_text
4286,5211,1,occurs_in_speaker_text
1999,5211,8,occurs_in_speaker_text
2597,5211,1,occurs_in_speaker_text
1747,5211,1,occurs_in_speaker_text
531,5211,1,occurs_in_speaker_text
243,5211,1,occurs_in_speaker_text
1494,5211,1,occurs_in_speaker_text
489,5211,1,occurs_in_speaker_text
234,5211,2,occurs_in_speaker_text
1584,5211,1,occurs_in_speaker_text
3951,5211,1,occurs_in_speaker_text
4415,5211,1,occurs_in_speaker_text
3708,5211,1,occurs_in_speaker_text
1459,5211,1,occurs_in_speaker_text
3695,5211,1,occurs_in_speaker_text
3850,5211,1,occurs_in_speaker_text
3107,5211,1,occurs_in_speaker_text
1994,5211,1,occurs_in_speaker_text
2660,5211,1,occurs_in_speaker_text
2525,5211,1,occurs_in_speaker_text
4143,5211,1,occurs_in_speaker_text
4003,5211,3,occurs_in_speaker_text
3770,5211,1,occurs_in_speaker_text
4082,5211,1,occurs_in_speaker_text
275,5211,1,occurs_in_speaker_text
4368,5211,1,occurs_in_speaker_text
4576,5211,1,occurs_in_speaker_text
4354,5211,1,occurs_in_speaker_text
3010,5211,2,occurs_in_speaker_text
1243,5211,1,occurs_in_speaker_text
2043,5211,1,occurs_in_speaker_text
286,5211,1,occurs_in_speaker_text
3635,5211,1,occurs_in_speaker_text
3526,5211,1,occurs_in_speaker_text
944,5211,1,occurs_in_speaker_text
3150,5211,1,occurs_in_speaker_text
1118,5211,1,occurs_in_speaker_text
4680,5211,1,occurs_in_speaker_text
2521,5211,1,occurs_in_speaker_text
4973,5211,1,occurs_in_speaker_text
2529,5211,1,occurs_in_speaker_text
2418,5211,1,occurs_in_speaker_text
2209,5211,1,occurs_in_speaker_text
811,5211,1,occurs_in_speaker_text
203,5211,1,occurs_in_speaker_text
2055,5211,1,occurs_in_speaker_text
2445,5211,3,occurs_in_speaker_text
961,5211,1,occurs_in_speaker_text
1115,5211,1,occurs_in_speaker_text
3928,5211,1,occurs_in_speaker_text
4731,5211,1,occurs_in_speaker_text
755,5211,1,occurs_in_speaker_text
4226,5211,1,occurs_in_speaker_text
2256,5211,2,occurs_in_speaker_text
3562,5211,1,occurs_in_speaker_text
3099,5211,1,occurs_in_speaker_text
1640,5211,1,occurs_in_speaker_text
2536,5211,1,occurs_in_speaker_text
2766,5211,1,occurs_in_speaker_text
1651,5211,1,occurs_in_speaker_text
505,5211,1,occurs_in_speaker_text
3700,5211,1,occurs_in_speaker_text
142,5211,1,occurs_in_speaker_text
540,5211,1,occurs_in_speaker_text
2208,5211,1,occurs_in_speaker_text
4557,5211,1,occurs_in_speaker_text
2534,5211,1,occurs_in_speaker_text
4361,5211,1,occurs_in_speaker_text
173,5211,1,occurs_in_speaker_text
3943,5211,1,occurs_in_speaker_text
4003,5212,2,occurs_in_speaker_text
3324,5212,2,occurs_in_speaker_text
1662,5212,1,occurs_in_speaker_text
1144,5212,3,occurs_in_speaker_text
2259,5212,1,occurs_in_speaker_text
1584,5212,1,occurs_in_speaker_text
2773,5212,1,occurs_in_speaker_text
3724,5212,1,occurs_in_speaker_text
4368,5212,1,occurs_in_speaker_text
4680,5212,1,occurs_in_speaker_text
3708,5212,1,occurs_in_speaker_text
3429,5212,1,occurs_in_speaker_text
4576,5212,2,occurs_in_speaker_text
3099,5212,1,occurs_in_speaker_text
629,5212,2,occurs_in_speaker_text
1687,5212,2,occurs_in_speaker_text
275,5212,1,occurs_in_speaker_text
5007,5212,1,occurs_in_speaker_text
1999,5212,2,occurs_in_speaker_text
893,5212,1,occurs_in_speaker_text
2981,5212,1,occurs_in_speaker_text
2720,5212,1,occurs_in_speaker_text
1754,5212,1,occurs_in_speaker_text
2673,5212,1,occurs_in_speaker_text
2300,5212,1,occurs_in_speaker_text
811,5212,1,occurs_in_speaker_text
4096,5212,1,occurs_in_speaker_text
4353,5212,1,occurs_in_speaker_text
2887,5212,1,occurs_in_speaker_text
2629,5212,1,occurs_in_speaker_text
81,5212,1,occurs_in_speaker_text
2554,5212,1,occurs_in_speaker_text
4094,5212,1,occurs_in_speaker_text
360,5212,1,occurs_in_speaker_text
745,5212,1,occurs_in_speaker_text
2695,5212,1,occurs_in_speaker_text
3212,5212,1,occurs_in_speaker_text
675,5212,1,occurs_in_speaker_text
3628,5212,1,occurs_in_speaker_text
365,5212,1,occurs_in_speaker_text
3010,5212,1,occurs_in_speaker_text
234,5212,1,occurs_in_speaker_text
2485,5212,1,occurs_in_speaker_text
1431,5213,1,occurs_in_speaker_text
2485,5213,2,occurs_in_speaker_text
312,5213,1,occurs_in_speaker_text
3635,5214,2,occurs_in_speaker_text
1754,5215,131,occurs_in_speaker_text
3010,5215,1,occurs_in_speaker_text
2718,5215,1,occurs_in_speaker_text
1792,5215,1,occurs_in_speaker_text
139,5215,1,occurs_in_speaker_text
3562,5216,1,occurs_in_speaker_text
3544,5216,1,occurs_in_speaker_text
3984,5216,1,occurs_in_speaker_text
1232,5216,1,occurs_in_speaker_text
2773,5216,1,occurs_in_speaker_text
629,5216,1,occurs_in_speaker_text
4753,5216,1,occurs_in_speaker_text
1999,5216,1,occurs_in_speaker_text
437,5216,1,occurs_in_speaker_text
4003,5216,1,occurs_in_speaker_text
4040,5216,1,occurs_in_speaker_text
4576,5217,3,occurs_in_speaker_text
3443,5217,8,occurs_in_speaker_text
1331,5217,3,occurs_in_speaker_text
3131,5217,1,occurs_in_speaker_text
961,5217,1,occurs_in_speaker_text
2485,5217,17,occurs_in_speaker_text
1536,5217,2,occurs_in_speaker_text
2753,5217,2,occurs_in_speaker_text
4645,5217,1,occurs_in_speaker_text
3735,5217,1,occurs_in_speaker_text
156,5217,1,occurs_in_speaker_text
2958,5217,1,occurs_in_speaker_text
893,5217,1,occurs_in_speaker_text
3830,5217,3,occurs_in_speaker_text
2240,5217,1,occurs_in_speaker_text
3526,5217,1,occurs_in_speaker_text
4168,5217,1,occurs_in_speaker_text
3243,5217,1,occurs_in_speaker_text
3237,5217,1,occurs_in_speaker_text
1623,5217,1,occurs_in_speaker_text
3473,5217,1,occurs_in_speaker_text
146,5217,1,occurs_in_speaker_text
2155,5217,1,occurs_in_speaker_text
2811,5217,1,occurs_in_speaker_text
4622,5217,2,occurs_in_speaker_text
1159,5217,1,occurs_in_speaker_text
3635,5217,2,occurs_in_speaker_text
4795,5217,1,occurs_in_speaker_text
4393,5217,1,occurs_in_speaker_text
5045,5217,1,occurs_in_speaker_text
3767,5217,1,occurs_in_speaker_text
1768,5217,1,occurs_in_speaker_text
2462,5217,1,occurs_in_speaker_text
4261,5217,1,occurs_in_speaker_text
2601,5217,1,occurs_in_speaker_text
234,5217,1,occurs_in_speaker_text
162,5217,2,occurs_in_speaker_text
1809,5217,1,occurs_in_speaker_text
1459,5217,1,occurs_in_speaker_text
759,5217,1,occurs_in_speaker_text
934,5217,1,occurs_in_speaker_text
3562,5217,2,occurs_in_speaker_text
2809,5217,1,occurs_in_speaker_text
696,5217,1,occurs_in_speaker_text
542,5217,1,occurs_in_speaker_text
2322,5217,2,occurs_in_speaker_text
1859,5217,1,occurs_in_speaker_text
2256,5217,1,occurs_in_speaker_text
4368,5217,2,occurs_in_speaker_text
2935,5217,1,occurs_in_speaker_text
1714,5217,1,occurs_in_speaker_text
3290,5217,1,occurs_in_speaker_text
1232,5217,1,occurs_in_speaker_text
811,5217,1,occurs_in_speaker_text
3172,5217,1,occurs_in_speaker_text
3872,5217,1,occurs_in_speaker_text
4666,5217,1,occurs_in_speaker_text
4780,5217,1,occurs_in_speaker_text
3051,5217,1,occurs_in_speaker_text
4511,5217,1,occurs_in_speaker_text
2586,5217,1,occurs_in_speaker_text
4634,5217,1,occurs_in_speaker_text
3204,5217,1,occurs_in_speaker_text
219,5217,1,occurs_in_speaker_text
2766,5217,1,occurs_in_speaker_text
4301,5217,1,occurs_in_speaker_text
3338,5217,1,occurs_in_speaker_text
3459,5217,1,occurs_in_speaker_text
2990,5217,1,occurs_in_speaker_text
4398,5217,2,occurs_in_speaker_text
2660,5217,1,occurs_in_speaker_text
3561,5217,1,occurs_in_speaker_text
4119,5217,1,occurs_in_speaker_text
4775,5218,1,occurs_in_speaker_text
658,5218,1,occurs_in_speaker_text
811,5218,1,occurs_in_speaker_text
4646,5218,1,occurs_in_speaker_text
2795,5218,1,occurs_in_speaker_text
1157,5218,2,occurs_in_speaker_text
4003,5218,1,occurs_in_speaker_text
1725,5218,1,occurs_in_speaker_text
4855,5218,1,occurs_in_speaker_text
3248,5218,1,occurs_in_speaker_text
3506,5218,1,occurs_in_speaker_text
1196,5218,1,occurs_in_speaker_text
3099,5218,1,occurs_in_speaker_text
346,5218,1,occurs_in_speaker_text
1797,5218,1,occurs_in_speaker_text
1331,5218,2,occurs_in_speaker_text
617,5218,1,occurs_in_speaker_text
2485,5218,2,occurs_in_speaker_text
138,5218,1,occurs_in_speaker_text
4576,5218,2,occurs_in_speaker_text
3403,5218,1,occurs_in_speaker_text
439,5218,3,occurs_in_speaker_text
460,5218,1,occurs_in_speaker_text
103,5218,1,occurs_in_speaker_text
4358,5218,1,occurs_in_speaker_text
571,5218,1,occurs_in_speaker_text
4278,5218,1,occurs_in_speaker_text
2801,5218,1,occurs_in_speaker_text
84,5218,1,occurs_in_speaker_text
2122,5218,1,occurs_in_speaker_text
648,5218,1,occurs_in_speaker_text
2583,5218,1,occurs_in_speaker_text
4009,5218,1,occurs_in_speaker_text
1985,5218,1,occurs_in_speaker_text
4190,5218,1,occurs_in_speaker_text
4912,5218,1,occurs_in_speaker_text
3676,5218,1,occurs_in_speaker_text
3091,5218,1,occurs_in_speaker_text
2910,5218,2,occurs_in_speaker_text
4501,5218,1,occurs_in_speaker_text
71,5218,1,occurs_in_speaker_text
1945,5218,1,occurs_in_speaker_text
2184,5218,1,occurs_in_speaker_text
1126,5218,1,occurs_in_speaker_text
1640,5218,1,occurs_in_speaker_text
697,5218,1,occurs_in_speaker_text
3486,5218,1,occurs_in_speaker_text
5045,5218,1,occurs_in_speaker_text
893,5218,1,occurs_in_speaker_text
3713,5218,1,occurs_in_speaker_text
4868,5218,1,occurs_in_speaker_text
2778,5218,1,occurs_in_speaker_text
1972,5218,6,occurs_in_speaker_text
3765,5218,2,occurs_in_speaker_text
3642,5218,1,occurs_in_speaker_text
1137,5218,1,occurs_in_speaker_text
5045,5219,83,occurs_in_speaker_text
464,5219,2,occurs_in_speaker_text
4876,5219,3,occurs_in_speaker_text
4168,5219,4,occurs_in_speaker_text
2451,5219,1,occurs_in_speaker_text
495,5219,1,occurs_in_speaker_text
2249,5219,1,occurs_in_speaker_text
4119,5219,9,occurs_in_speaker_text
3099,5219,1,occurs_in_speaker_text
308,5219,1,occurs_in_speaker_text
2046,5219,1,occurs_in_speaker_text
1926,5219,5,occurs_in_speaker_text
4398,5219,8,occurs_in_speaker_text
4469,5219,1,occurs_in_speaker_text
4271,5219,2,occurs_in_speaker_text
3526,5219,7,occurs_in_speaker_text
2289,5219,1,occurs_in_speaker_text
4814,5219,1,occurs_in_speaker_text
813,5219,2,occurs_in_speaker_text
607,5219,1,occurs_in_speaker_text
2613,5219,1,occurs_in_speaker_text
1732,5219,2,occurs_in_speaker_text
1246,5219,1,occurs_in_speaker_text
1768,5219,2,occurs_in_speaker_text
1818,5219,1,occurs_in_speaker_text
1130,5219,1,occurs_in_speaker_text
2198,5219,1,occurs_in_speaker_text
789,5219,1,occurs_in_speaker_text
2791,5219,1,occurs_in_speaker_text
4854,5219,1,occurs_in_speaker_text
3911,5220,1,occurs_in_speaker_text
3006,5220,1,occurs_in_speaker_text
3375,5220,1,occurs_in_speaker_text
3329,5220,3,occurs_in_speaker_text
3392,5220,1,occurs_in_speaker_text
4398,5220,1,occurs_in_speaker_text
4878,5220,1,occurs_in_speaker_text
2982,5220,3,occurs_in_speaker_text
3658,5220,1,occurs_in_speaker_text
1041,5220,2,occurs_in_speaker_text
413,5220,1,occurs_in_speaker_text
3526,5220,1,occurs_in_speaker_text
3597,5220,1,occurs_in_speaker_text
234,5220,1,occurs_in_speaker_text
1546,5220,1,occurs_in_speaker_text
1213,5220,1,occurs_in_speaker_text
3967,5220,1,occurs_in_speaker_text
2910,5220,1,occurs_in_speaker_text
942,5220,1,occurs_in_speaker_text
2340,5220,1,occurs_in_speaker_text
1536,5220,2,occurs_in_speaker_text
2250,5220,1,occurs_in_speaker_text
1999,5220,1,occurs_in_speaker_text
5073,5220,1,occurs_in_speaker_text
4823,5220,1,occurs_in_speaker_text
5043,5220,1,occurs_in_speaker_text
2750,5220,3,occurs_in_speaker_text
2098,5220,1,occurs_in_speaker_text
80,5220,1,occurs_in_speaker_text
800,5220,1,occurs_in_speaker_text
2972,5220,1,occurs_in_speaker_text
4378,5220,1,occurs_in_speaker_text
223,5220,1,occurs_in_speaker_text
3617,5220,1,occurs_in_speaker_text
159,5220,1,occurs_in_speaker_text
162,5220,1,occurs_in_speaker_text
3099,5221,1,occurs_in_speaker_text
850,5221,1,occurs_in_speaker_text
4324,5221,1,occurs_in_speaker_text
3631,5221,1,occurs_in_speaker_text
4040,5221,1,occurs_in_speaker_text
942,5221,4,occurs_in_speaker_text
2162,5221,1,occurs_in_speaker_text
4212,5221,1,occurs_in_speaker_text
452,5221,1,occurs_in_speaker_text
4282,5221,3,occurs_in_speaker_text
696,5221,2,occurs_in_speaker_text
4780,5221,1,occurs_in_speaker_text
4398,5221,1,occurs_in_speaker_text
2972,5221,1,occurs_in_speaker_text
3711,5221,1,occurs_in_speaker_text
1331,5221,1,occurs_in_speaker_text
2485,5221,2,occurs_in_speaker_text
4339,5221,4,occurs_in_speaker_text
1687,5221,1,occurs_in_speaker_text
4576,5221,1,occurs_in_speaker_text
4486,5222,2,occurs_in_speaker_text
3562,5222,1,occurs_in_speaker_text
4724,5222,3,occurs_in_speaker_text
2289,5222,1,occurs_in_speaker_text
2060,5222,2,occurs_in_speaker_text
4003,5222,1,occurs_in_speaker_text
2367,5222,1,occurs_in_speaker_text
3724,5222,1,occurs_in_speaker_text
91,5222,1,occurs_in_speaker_text
4524,5222,2,occurs_in_speaker_text
1391,5222,1,occurs_in_speaker_text
350,5222,2,occurs_in_speaker_text
4736,5222,7,occurs_in_speaker_text
550,5222,1,occurs_in_speaker_text
4124,5222,2,occurs_in_speaker_text
1144,5222,1,occurs_in_speaker_text
4339,5222,3,occurs_in_speaker_text
1972,5222,1,occurs_in_speaker_text
513,5222,1,occurs_in_speaker_text
2766,5222,2,occurs_in_speaker_text
3099,5222,3,occurs_in_speaker_text
3617,5222,1,occurs_in_speaker_text
1640,5222,1,occurs_in_speaker_text
4415,5222,2,occurs_in_speaker_text
1290,5222,1,occurs_in_speaker_text
5045,5222,1,occurs_in_speaker_text
4271,5222,1,occurs_in_speaker_text
1384,5222,1,occurs_in_speaker_text
4284,5222,1,occurs_in_speaker_text
1725,5222,2,occurs_in_speaker_text
1516,5222,1,occurs_in_speaker_text
681,5222,1,occurs_in_speaker_text
239,5222,1,occurs_in_speaker_text
365,5222,1,occurs_in_speaker_text
1808,5223,2,occurs_in_speaker_text
402,5223,15,occurs_in_speaker_text
3635,5223,1,occurs_in_speaker_text
521,5223,3,occurs_in_speaker_text
3341,5223,2,occurs_in_speaker_text
3292,5223,1,occurs_in_speaker_text
3150,5224,6,occurs_in_speaker_text
3500,5224,1,occurs_in_speaker_text
4724,5224,3,occurs_in_speaker_text
4628,5224,1,occurs_in_speaker_text
4143,5224,2,occurs_in_speaker_text
1536,5224,2,occurs_in_speaker_text
987,5224,1,occurs_in_speaker_text
103,5224,1,occurs_in_speaker_text
963,5224,2,occurs_in_speaker_text
4576,5224,14,occurs_in_speaker_text
4286,5224,3,occurs_in_speaker_text
3107,5224,1,occurs_in_speaker_text
1687,5224,2,occurs_in_speaker_text
2289,5224,1,occurs_in_speaker_text
2964,5224,1,occurs_in_speaker_text
4252,5224,5,occurs_in_speaker_text
4830,5224,5,occurs_in_speaker_text
2600,5224,1,occurs_in_speaker_text
4878,5224,3,occurs_in_speaker_text
4317,5224,1,occurs_in_speaker_text
1954,5224,1,occurs_in_speaker_text
2761,5224,1,occurs_in_speaker_text
811,5224,5,occurs_in_speaker_text
1999,5224,4,occurs_in_speaker_text
5077,5224,1,occurs_in_speaker_text
3706,5224,1,occurs_in_speaker_text
3551,5224,1,occurs_in_speaker_text
3864,5224,1,occurs_in_speaker_text
4570,5224,1,occurs_in_speaker_text
1747,5224,1,occurs_in_speaker_text
3594,5224,1,occurs_in_speaker_text
2538,5224,1,occurs_in_speaker_text
2521,5224,3,occurs_in_speaker_text
1004,5224,1,occurs_in_speaker_text
4931,5224,1,occurs_in_speaker_text
5045,5224,1,occurs_in_speaker_text
2233,5224,1,occurs_in_speaker_text
1331,5224,1,occurs_in_speaker_text
3562,5224,1,occurs_in_speaker_text
920,5224,1,occurs_in_speaker_text
4003,5224,1,occurs_in_speaker_text
2445,5224,1,occurs_in_speaker_text
1677,5224,1,occurs_in_speaker_text
2485,5224,3,occurs_in_speaker_text
2730,5224,1,occurs_in_speaker_text
3712,5225,1,occurs_in_speaker_text
2209,5225,1,occurs_in_speaker_text
629,5225,1,occurs_in_speaker_text
2538,5225,2,occurs_in_speaker_text
2557,5225,1,occurs_in_speaker_text
4576,5225,1,occurs_in_speaker_text
2485,5225,3,occurs_in_speaker_text
1177,5225,2,occurs_in_speaker_text
2546,5225,1,occurs_in_speaker_text
2205,5225,1,occurs_in_speaker_text
156,5225,1,occurs_in_speaker_text
5045,5225,2,occurs_in_speaker_text
3526,5225,1,occurs_in_speaker_text
1999,5225,1,occurs_in_speaker_text
4849,5225,1,occurs_in_speaker_text
1515,5225,2,occurs_in_speaker_text
4222,5225,1,occurs_in_speaker_text
1196,5225,1,occurs_in_speaker_text
1890,5225,1,occurs_in_speaker_text
2458,5225,1,occurs_in_speaker_text
2790,5225,1,occurs_in_speaker_text
67,5225,1,occurs_in_speaker_text
3635,5225,1,occurs_in_speaker_text
5077,5225,1,occurs_in_speaker_text
586,5226,1,occurs_in_speaker_text
3150,5226,2,occurs_in_speaker_text
1637,5226,1,occurs_in_speaker_text
4221,5226,1,occurs_in_speaker_text
1536,5226,5,occurs_in_speaker_text
2538,5226,1,occurs_in_speaker_text
1999,5226,3,occurs_in_speaker_text
2716,5226,1,occurs_in_speaker_text
4368,5226,1,occurs_in_speaker_text
478,5226,1,occurs_in_speaker_text
3196,5226,1,occurs_in_speaker_text
4286,5226,4,occurs_in_speaker_text
5029,5226,1,occurs_in_speaker_text
2367,5226,2,occurs_in_speaker_text
2485,5226,8,occurs_in_speaker_text
1157,5226,1,occurs_in_speaker_text
3831,5226,1,occurs_in_speaker_text
1232,5226,1,occurs_in_speaker_text
3099,5226,1,occurs_in_speaker_text
3724,5226,2,occurs_in_speaker_text
4887,5226,3,occurs_in_speaker_text
222,5226,1,occurs_in_speaker_text
2660,5226,1,occurs_in_speaker_text
2095,5226,1,occurs_in_speaker_text
5045,5226,1,occurs_in_speaker_text
2939,5226,1,occurs_in_speaker_text
863,5226,2,occurs_in_speaker_text
2554,5226,1,occurs_in_speaker_text
4353,5226,1,occurs_in_speaker_text
3500,5226,2,occurs_in_speaker_text
966,5226,2,occurs_in_speaker_text
1794,5226,1,occurs_in_speaker_text
4119,5226,1,occurs_in_speaker_text
4398,5226,1,occurs_in_speaker_text
4358,5226,1,occurs_in_speaker_text
4091,5226,2,occurs_in_speaker_text
1331,5226,2,occurs_in_speaker_text
4373,5226,1,occurs_in_speaker_text
2761,5226,1,occurs_in_speaker_text
4415,5226,1,occurs_in_speaker_text
3635,5226,1,occurs_in_speaker_text
3526,5226,3,occurs_in_speaker_text
2561,5226,1,occurs_in_speaker_text
1835,5226,1,occurs_in_speaker_text
3850,5226,1,occurs_in_speaker_text
172,5226,1,occurs_in_speaker_text
507,5226,1,occurs_in_speaker_text
2044,5226,1,occurs_in_speaker_text
3243,5226,1,occurs_in_speaker_text
464,5226,1,occurs_in_speaker_text
1640,5226,1,occurs_in_speaker_text
1859,5226,2,occurs_in_speaker_text
4143,5227,1,occurs_in_speaker_text
1999,5227,3,occurs_in_speaker_text
1331,5227,4,occurs_in_speaker_text
3688,5227,1,occurs_in_speaker_text
3150,5227,1,occurs_in_speaker_text
2367,5227,1,occurs_in_speaker_text
4397,5227,2,occurs_in_speaker_text
1013,5227,1,occurs_in_speaker_text
2485,5227,4,occurs_in_speaker_text
162,5227,1,occurs_in_speaker_text
4003,5227,2,occurs_in_speaker_text
507,5227,2,occurs_in_speaker_text
942,5227,2,occurs_in_speaker_text
2289,5227,1,occurs_in_speaker_text
1714,5227,1,occurs_in_speaker_text
156,5227,1,occurs_in_speaker_text
4576,5227,1,occurs_in_speaker_text
1114,5227,1,occurs_in_speaker_text
1431,5227,1,occurs_in_speaker_text
1041,5227,1,occurs_in_speaker_text
2461,5227,3,occurs_in_speaker_text
3635,5227,1,occurs_in_speaker_text
3077,5228,2,occurs_in_speaker_text
3635,5228,1,occurs_in_speaker_text
696,5228,3,occurs_in_speaker_text
1972,5228,1,occurs_in_speaker_text
3099,5228,8,occurs_in_speaker_text
3562,5228,4,occurs_in_speaker_text
1144,5228,2,occurs_in_speaker_text
863,5228,3,occurs_in_speaker_text
308,5228,2,occurs_in_speaker_text
4724,5228,1,occurs_in_speaker_text
4031,5228,1,occurs_in_speaker_text
1714,5229,1,occurs_in_speaker_text
4895,5229,1,occurs_in_speaker_text
3635,5229,2,occurs_in_speaker_text
4091,5229,9,occurs_in_speaker_text
4063,5229,1,occurs_in_speaker_text
1331,5229,2,occurs_in_speaker_text
308,5229,3,occurs_in_speaker_text
4040,5229,1,occurs_in_speaker_text
4003,5229,3,occurs_in_speaker_text
2334,5229,1,occurs_in_speaker_text
3107,5229,1,occurs_in_speaker_text
4192,5229,1,occurs_in_speaker_text
811,5229,1,occurs_in_speaker_text
3802,5229,2,occurs_in_speaker_text
3099,5229,3,occurs_in_speaker_text
2047,5229,1,occurs_in_speaker_text
162,5229,2,occurs_in_speaker_text
1265,5229,1,occurs_in_speaker_text
4398,5229,2,occurs_in_speaker_text
1291,5229,1,occurs_in_speaker_text
2987,5229,1,occurs_in_speaker_text
4815,5229,1,occurs_in_speaker_text
234,5229,1,occurs_in_speaker_text
1985,5229,1,occurs_in_speaker_text
4878,5229,1,occurs_in_speaker_text
1200,5229,1,occurs_in_speaker_text
1576,5230,1,occurs_in_speaker_text
4266,5230,2,occurs_in_speaker_text
3712,5230,1,occurs_in_speaker_text
1517,5230,1,occurs_in_speaker_text
1999,5230,2,occurs_in_speaker_text
926,5230,1,occurs_in_speaker_text
4253,5230,1,occurs_in_speaker_text
1536,5230,6,occurs_in_speaker_text
1006,5230,1,occurs_in_speaker_text
586,5230,1,occurs_in_speaker_text
2601,5230,1,occurs_in_speaker_text
2484,5230,1,occurs_in_speaker_text
3010,5230,1,occurs_in_speaker_text
307,5230,1,occurs_in_speaker_text
103,5230,1,occurs_in_speaker_text
769,5230,10,occurs_in_speaker_text
2224,5230,1,occurs_in_speaker_text
2209,5230,1,occurs_in_speaker_text
1392,5230,1,occurs_in_speaker_text
1714,5230,1,occurs_in_speaker_text
629,5230,1,occurs_in_speaker_text
1559,5230,1,occurs_in_speaker_text
2852,5230,1,occurs_in_speaker_text
337,5230,1,occurs_in_speaker_text
4629,5230,1,occurs_in_speaker_text
574,5230,1,occurs_in_speaker_text
4228,5230,1,occurs_in_speaker_text
4855,5230,1,occurs_in_speaker_text
1859,5230,1,occurs_in_speaker_text
23,5230,1,occurs_in_speaker_text
2308,5230,1,occurs_in_speaker_text
142,5230,1,occurs_in_speaker_text
3005,5230,1,occurs_in_speaker_text
162,5230,4,occurs_in_speaker_text
1640,5230,1,occurs_in_speaker_text
494,5230,1,occurs_in_speaker_text
3596,5230,1,occurs_in_speaker_text
811,5230,2,occurs_in_speaker_text
3150,5230,1,occurs_in_speaker_text
2521,5230,1,occurs_in_speaker_text
4579,5230,1,occurs_in_speaker_text
4016,5230,1,occurs_in_speaker_text
2336,5231,1,occurs_in_speaker_text
1431,5231,2,occurs_in_speaker_text
4003,5231,4,occurs_in_speaker_text
1144,5231,4,occurs_in_speaker_text
4576,5231,4,occurs_in_speaker_text
3888,5231,1,occurs_in_speaker_text
2659,5231,1,occurs_in_speaker_text
893,5231,9,occurs_in_speaker_text
920,5231,2,occurs_in_speaker_text
944,5231,1,occurs_in_speaker_text
4703,5231,1,occurs_in_speaker_text
4040,5231,1,occurs_in_speaker_text
930,5231,1,occurs_in_speaker_text
4398,5231,1,occurs_in_speaker_text
3074,5231,3,occurs_in_speaker_text
1517,5231,2,occurs_in_speaker_text
507,5231,2,occurs_in_speaker_text
4368,5231,1,occurs_in_speaker_text
3349,5231,1,occurs_in_speaker_text
4339,5231,1,occurs_in_speaker_text
3805,5231,1,occurs_in_speaker_text
1002,5231,1,occurs_in_speaker_text
4427,5231,1,occurs_in_speaker_text
9,5231,1,occurs_in_speaker_text
4997,5231,2,occurs_in_speaker_text
2077,5231,1,occurs_in_speaker_text
1999,5231,2,occurs_in_speaker_text
3323,5231,1,occurs_in_speaker_text
81,5231,1,occurs_in_speaker_text
4228,5231,1,occurs_in_speaker_text
3150,5231,1,occurs_in_speaker_text
1079,5231,1,occurs_in_speaker_text
1708,5231,1,occurs_in_speaker_text
2538,5231,1,occurs_in_speaker_text
780,5231,1,occurs_in_speaker_text
1238,5231,1,occurs_in_speaker_text
3796,5231,1,occurs_in_speaker_text
3539,5231,1,occurs_in_speaker_text
1748,5231,1,occurs_in_speaker_text
4325,5231,1,occurs_in_speaker_text
2995,5231,1,occurs_in_speaker_text
4331,5231,1,occurs_in_speaker_text
4843,5232,2,occurs_in_speaker_text
4124,5232,1,occurs_in_speaker_text
3526,5232,19,occurs_in_speaker_text
2465,5232,1,occurs_in_speaker_text
1144,5232,7,occurs_in_speaker_text
4876,5232,1,occurs_in_speaker_text
1640,5232,7,occurs_in_speaker_text
3975,5232,1,occurs_in_speaker_text
870,5232,1,occurs_in_speaker_text
1859,5232,1,occurs_in_speaker_text
3904,5232,3,occurs_in_speaker_text
2155,5232,1,occurs_in_speaker_text
3150,5232,1,occurs_in_speaker_text
1999,5232,2,occurs_in_speaker_text
794,5232,1,occurs_in_speaker_text
1391,5232,1,occurs_in_speaker_text
4398,5232,5,occurs_in_speaker_text
2240,5232,1,occurs_in_speaker_text
2965,5232,1,occurs_in_speaker_text
3500,5232,1,occurs_in_speaker_text
597,5232,1,occurs_in_speaker_text
2226,5232,1,occurs_in_speaker_text
3989,5232,1,occurs_in_speaker_text
1331,5232,2,occurs_in_speaker_text
4798,5232,4,occurs_in_speaker_text
4328,5232,1,occurs_in_speaker_text
1999,5233,4,occurs_in_speaker_text
2502,5233,1,occurs_in_speaker_text
1431,5233,1,occurs_in_speaker_text
942,5233,1,occurs_in_speaker_text
4299,5233,1,occurs_in_speaker_text
1824,5233,1,occurs_in_speaker_text
360,5233,1,occurs_in_speaker_text
1714,5233,1,occurs_in_speaker_text
2629,5233,1,occurs_in_speaker_text
811,5234,3,occurs_in_speaker_text
3918,5234,1,occurs_in_speaker_text
2574,5234,2,occurs_in_speaker_text
2653,5234,1,occurs_in_speaker_text
4003,5234,3,occurs_in_speaker_text
2660,5234,2,occurs_in_speaker_text
3133,5234,1,occurs_in_speaker_text
103,5234,1,occurs_in_speaker_text
942,5234,1,occurs_in_speaker_text
483,5234,1,occurs_in_speaker_text
1999,5234,3,occurs_in_speaker_text
779,5234,1,occurs_in_speaker_text
59,5234,2,occurs_in_speaker_text
3254,5234,1,occurs_in_speaker_text
1713,5234,1,occurs_in_speaker_text
1768,5234,1,occurs_in_speaker_text
5045,5234,1,occurs_in_speaker_text
4217,5234,1,occurs_in_speaker_text
920,5234,1,occurs_in_speaker_text
4798,5234,1,occurs_in_speaker_text
2485,5234,2,occurs_in_speaker_text
4224,5234,1,occurs_in_speaker_text
46,5234,1,occurs_in_speaker_text
2522,5234,1,occurs_in_speaker_text
3398,5234,2,occurs_in_speaker_text
4309,5234,1,occurs_in_speaker_text
678,5234,1,occurs_in_speaker_text
4096,5234,2,occurs_in_speaker_text
1972,5235,1,occurs_in_speaker_text
1545,5235,1,occurs_in_speaker_text
3412,5235,1,occurs_in_speaker_text
3113,5235,1,occurs_in_speaker_text
3684,5235,1,occurs_in_speaker_text
4664,5235,1,occurs_in_speaker_text
3866,5235,1,occurs_in_speaker_text
4951,5235,1,occurs_in_speaker_text
3212,5235,1,occurs_in_speaker_text
675,5235,1,occurs_in_speaker_text
4573,5235,1,occurs_in_speaker_text
2707,5235,1,occurs_in_speaker_text
3365,5235,1,occurs_in_speaker_text
1687,5235,1,occurs_in_speaker_text
1331,5235,1,occurs_in_speaker_text
4398,5235,4,occurs_in_speaker_text
3099,5235,2,occurs_in_speaker_text
4003,5235,3,occurs_in_speaker_text
4876,5235,1,occurs_in_speaker_text
1515,5235,1,occurs_in_speaker_text
308,5235,2,occurs_in_speaker_text
3577,5235,1,occurs_in_speaker_text
4974,5235,1,occurs_in_speaker_text
2153,5235,1,occurs_in_speaker_text
2685,5235,1,occurs_in_speaker_text
2485,5235,1,occurs_in_speaker_text
407,5235,2,occurs_in_speaker_text
2484,5235,1,occurs_in_speaker_text
1923,5235,1,occurs_in_speaker_text
3526,5235,2,occurs_in_speaker_text
3562,5235,2,occurs_in_speaker_text
4622,5235,1,occurs_in_speaker_text
4993,5235,1,occurs_in_speaker_text
4051,5235,1,occurs_in_speaker_text
4119,5235,1,occurs_in_speaker_text
1996,5235,1,occurs_in_speaker_text
1459,5235,1,occurs_in_speaker_text
139,5235,6,occurs_in_speaker_text
189,5236,1,occurs_in_speaker_text
240,5236,6,occurs_in_speaker_text
2538,5236,4,occurs_in_speaker_text
3382,5236,1,occurs_in_speaker_text
4018,5236,1,occurs_in_speaker_text
4888,5236,1,occurs_in_speaker_text
4003,5236,1,occurs_in_speaker_text
1739,5236,1,occurs_in_speaker_text
4587,5236,6,occurs_in_speaker_text
3743,5236,1,occurs_in_speaker_text
4075,5236,2,occurs_in_speaker_text
1536,5236,4,occurs_in_speaker_text
4849,5236,1,occurs_in_speaker_text
2563,5236,2,occurs_in_speaker_text
811,5236,2,occurs_in_speaker_text
3731,5236,1,occurs_in_speaker_text
1868,5236,1,occurs_in_speaker_text
2554,5236,2,occurs_in_speaker_text
2755,5236,1,occurs_in_speaker_text
3526,5236,2,occurs_in_speaker_text
4034,5236,1,occurs_in_speaker_text
2345,5236,1,occurs_in_speaker_text
2304,5236,1,occurs_in_speaker_text
4024,5236,1,occurs_in_speaker_text
3461,5236,1,occurs_in_speaker_text
3982,5236,1,occurs_in_speaker_text
2809,5236,2,occurs_in_speaker_text
2239,5236,1,occurs_in_speaker_text
87,5236,1,occurs_in_speaker_text
2131,5236,1,occurs_in_speaker_text
1791,5236,1,occurs_in_speaker_text
5,5236,1,occurs_in_speaker_text
1480,5236,1,occurs_in_speaker_text
1714,5237,1,occurs_in_speaker_text
4259,5237,1,occurs_in_speaker_text
3107,5237,1,occurs_in_speaker_text
1639,5237,1,occurs_in_speaker_text
3099,5237,1,occurs_in_speaker_text
1687,5237,1,occurs_in_speaker_text
3381,5237,1,occurs_in_speaker_text
863,5237,1,occurs_in_speaker_text
4398,5237,2,occurs_in_speaker_text
4876,5237,3,occurs_in_speaker_text
3526,5237,1,occurs_in_speaker_text
4780,5238,1,occurs_in_speaker_text
4576,5238,2,occurs_in_speaker_text
2072,5238,1,occurs_in_speaker_text
811,5238,2,occurs_in_speaker_text
2485,5238,1,occurs_in_speaker_text
2374,5238,1,occurs_in_speaker_text
3473,5238,1,occurs_in_speaker_text
2445,5238,1,occurs_in_speaker_text
3421,5238,1,occurs_in_speaker_text
2592,5238,1,occurs_in_speaker_text
1999,5238,1,occurs_in_speaker_text
4003,5238,3,occurs_in_speaker_text
3724,5238,1,occurs_in_speaker_text
2289,5238,1,occurs_in_speaker_text
1144,5238,1,occurs_in_speaker_text
4124,5238,1,occurs_in_speaker_text
4398,5238,1,occurs_in_speaker_text
1331,5238,1,occurs_in_speaker_text
2563,5239,6,occurs_in_speaker_text
2668,5239,1,occurs_in_speaker_text
2759,5239,1,occurs_in_speaker_text
4587,5239,1,occurs_in_speaker_text
3715,5239,1,occurs_in_speaker_text
4003,5239,1,occurs_in_speaker_text
2525,5239,1,occurs_in_speaker_text
3912,5239,2,occurs_in_speaker_text
4343,5240,1,occurs_in_speaker_text
234,5240,1,occurs_in_speaker_text
573,5240,1,occurs_in_speaker_text
2485,5240,2,occurs_in_speaker_text
3291,5240,1,occurs_in_speaker_text
358,5240,1,occurs_in_speaker_text
507,5240,4,occurs_in_speaker_text
1536,5240,1,occurs_in_speaker_text
4576,5240,1,occurs_in_speaker_text
811,5240,2,occurs_in_speaker_text
1331,5240,2,occurs_in_speaker_text
4097,5240,1,occurs_in_speaker_text
1939,5240,1,occurs_in_speaker_text
1657,5240,1,occurs_in_speaker_text
3099,5240,1,occurs_in_speaker_text
1331,5241,1,occurs_in_speaker_text
3538,5241,1,occurs_in_speaker_text
4119,5241,2,occurs_in_speaker_text
1851,5241,1,occurs_in_speaker_text
3099,5241,1,occurs_in_speaker_text
4134,5241,1,occurs_in_speaker_text
2284,5243,1,occurs_in_speaker_text
2773,5243,1,occurs_in_speaker_text
2574,5243,1,occurs_in_speaker_text
1640,5243,1,occurs_in_speaker_text
942,5243,1,occurs_in_speaker_text
2240,5243,1,occurs_in_speaker_text
4576,5243,2,occurs_in_speaker_text
413,5243,1,occurs_in_speaker_text
209,5243,1,occurs_in_speaker_text
2750,5243,2,occurs_in_speaker_text
2162,5243,1,occurs_in_speaker_text
1725,5243,1,occurs_in_speaker_text
3207,5243,1,occurs_in_speaker_text
3305,5243,1,occurs_in_speaker_text
2910,5243,1,occurs_in_speaker_text
4368,5243,1,occurs_in_speaker_text
4262,5244,2,occurs_in_speaker_text
2271,5244,9,occurs_in_speaker_text
2972,5244,1,occurs_in_speaker_text
1436,5244,2,occurs_in_speaker_text
1512,5244,1,occurs_in_speaker_text
187,5244,1,occurs_in_speaker_text
3562,5245,1,occurs_in_speaker_text
1999,5246,2,occurs_in_speaker_text
4219,5246,1,occurs_in_speaker_text
4724,5246,1,occurs_in_speaker_text
2574,5246,1,occurs_in_speaker_text
3099,5246,6,occurs_in_speaker_text
3842,5246,1,occurs_in_speaker_text
1459,5246,1,occurs_in_speaker_text
1637,5246,1,occurs_in_speaker_text
942,5246,3,occurs_in_speaker_text
4855,5246,2,occurs_in_speaker_text
4003,5246,5,occurs_in_speaker_text
77,5246,1,occurs_in_speaker_text
2212,5246,1,occurs_in_speaker_text
2485,5246,4,occurs_in_speaker_text
566,5246,1,occurs_in_speaker_text
3526,5246,3,occurs_in_speaker_text
4421,5246,1,occurs_in_speaker_text
2546,5246,1,occurs_in_speaker_text
1818,5246,1,occurs_in_speaker_text
1331,5246,1,occurs_in_speaker_text
3347,5246,1,occurs_in_speaker_text
526,5246,1,occurs_in_speaker_text
2072,5246,1,occurs_in_speaker_text
2538,5246,2,occurs_in_speaker_text
336,5246,1,occurs_in_speaker_text
4876,5246,1,occurs_in_speaker_text
3967,5246,1,occurs_in_speaker_text
4040,5246,1,occurs_in_speaker_text
4077,5246,1,occurs_in_speaker_text
4124,5246,1,occurs_in_speaker_text
4282,5246,1,occurs_in_speaker_text
4878,5246,1,occurs_in_speaker_text
4398,5246,1,occurs_in_speaker_text
4859,5246,1,occurs_in_speaker_text
3635,5246,1,occurs_in_speaker_text
4339,5246,1,occurs_in_speaker_text
1431,5246,1,occurs_in_speaker_text
3708,5246,1,occurs_in_speaker_text
80,5246,2,occurs_in_speaker_text
3184,5246,1,occurs_in_speaker_text
3292,5246,1,occurs_in_speaker_text
1931,5246,1,occurs_in_speaker_text
1144,5246,1,occurs_in_speaker_text
239,5246,2,occurs_in_speaker_text
2799,5246,1,occurs_in_speaker_text
4196,5246,1,occurs_in_speaker_text
4271,5246,1,occurs_in_speaker_text
4003,5247,1,occurs_in_speaker_text
1999,5247,2,occurs_in_speaker_text
863,5247,1,occurs_in_speaker_text
4493,5247,5,occurs_in_speaker_text
2485,5247,9,occurs_in_speaker_text
4150,5247,1,occurs_in_speaker_text
3526,5247,3,occurs_in_speaker_text
4006,5247,2,occurs_in_speaker_text
1024,5247,1,occurs_in_speaker_text
3820,5247,1,occurs_in_speaker_text
4286,5247,1,occurs_in_speaker_text
4297,5247,2,occurs_in_speaker_text
1331,5247,1,occurs_in_speaker_text
1818,5247,1,occurs_in_speaker_text
4997,5247,3,occurs_in_speaker_text
2649,5247,1,occurs_in_speaker_text
4119,5247,2,occurs_in_speaker_text
5045,5247,2,occurs_in_speaker_text
3099,5247,1,occurs_in_speaker_text
4876,5247,2,occurs_in_speaker_text
2636,5247,1,occurs_in_speaker_text
3555,5247,1,occurs_in_speaker_text
4087,5247,1,occurs_in_speaker_text
139,5247,1,occurs_in_speaker_text
91,5247,1,occurs_in_speaker_text
2983,5248,38,occurs_in_speaker_text
3562,5248,1,occurs_in_speaker_text
3259,5248,1,occurs_in_speaker_text
811,5248,1,occurs_in_speaker_text
3217,5248,5,occurs_in_speaker_text
1648,5248,1,occurs_in_speaker_text
2485,5248,10,occurs_in_speaker_text
4887,5248,3,occurs_in_speaker_text
1418,5248,1,occurs_in_speaker_text
3323,5248,1,occurs_in_speaker_text
4610,5248,1,occurs_in_speaker_text
415,5248,1,occurs_in_speaker_text
1664,5248,1,occurs_in_speaker_text
1331,5248,2,occurs_in_speaker_text
942,5248,13,occurs_in_speaker_text
1431,5248,3,occurs_in_speaker_text
507,5248,4,occurs_in_speaker_text
1999,5248,7,occurs_in_speaker_text
4003,5248,1,occurs_in_speaker_text
2972,5248,2,occurs_in_speaker_text
2910,5248,1,occurs_in_speaker_text
4724,5248,3,occurs_in_speaker_text
3724,5248,1,occurs_in_speaker_text
1818,5248,1,occurs_in_speaker_text
3740,5248,1,occurs_in_speaker_text
2461,5248,1,occurs_in_speaker_text
1687,5248,4,occurs_in_speaker_text
4622,5248,2,occurs_in_speaker_text
3107,5248,1,occurs_in_speaker_text
3185,5248,21,occurs_in_speaker_text
1593,5248,1,occurs_in_speaker_text
3460,5248,3,occurs_in_speaker_text
3150,5248,1,occurs_in_speaker_text
2761,5248,1,occurs_in_speaker_text
1144,5248,1,occurs_in_speaker_text
550,5248,1,occurs_in_speaker_text
1714,5248,1,occurs_in_speaker_text
1459,5248,1,occurs_in_speaker_text
234,5248,3,occurs_in_speaker_text
4368,5248,3,occurs_in_speaker_text
2521,5248,1,occurs_in_speaker_text
4576,5248,1,occurs_in_speaker_text
458,5248,1,occurs_in_speaker_text
50,5248,1,occurs_in_speaker_text
2773,5248,1,occurs_in_speaker_text
3500,5248,1,occurs_in_speaker_text
5045,5248,3,occurs_in_speaker_text
3111,5248,2,occurs_in_speaker_text
1437,5248,1,occurs_in_speaker_text
3635,5248,1,occurs_in_speaker_text
1448,5248,4,occurs_in_speaker_text
4143,5248,1,occurs_in_speaker_text
1872,5248,1,occurs_in_speaker_text
4576,5249,1,occurs_in_speaker_text
2629,5250,1,occurs_in_speaker_text
4703,5250,1,occurs_in_speaker_text
1536,5250,2,occurs_in_speaker_text
2485,5250,1,occurs_in_speaker_text
4003,5250,1,occurs_in_speaker_text
162,5250,1,occurs_in_speaker_text
376,5250,1,occurs_in_speaker_text
3207,5250,1,occurs_in_speaker_text
4353,5250,2,occurs_in_speaker_text
3099,5250,1,occurs_in_speaker_text
4144,5250,1,occurs_in_speaker_text
3010,5250,1,occurs_in_speaker_text
2837,5250,1,occurs_in_speaker_text
363,5250,1,occurs_in_speaker_text
4368,5250,1,occurs_in_speaker_text
1999,5250,1,occurs_in_speaker_text
2461,5250,1,occurs_in_speaker_text
1759,5251,1,occurs_in_speaker_text
4781,5251,2,occurs_in_speaker_text
2445,5252,1,occurs_in_speaker_text
2095,5252,1,occurs_in_speaker_text
4353,5252,11,occurs_in_speaker_text
646,5252,1,occurs_in_speaker_text
389,5252,1,occurs_in_speaker_text
811,5252,11,occurs_in_speaker_text
2155,5252,1,occurs_in_speaker_text
744,5252,1,occurs_in_speaker_text
1331,5252,3,occurs_in_speaker_text
1637,5252,6,occurs_in_speaker_text
1913,5252,1,occurs_in_speaker_text
4576,5252,3,occurs_in_speaker_text
3967,5252,1,occurs_in_speaker_text
4096,5252,9,occurs_in_speaker_text
595,5252,1,occurs_in_speaker_text
3526,5252,3,occurs_in_speaker_text
1739,5252,1,occurs_in_speaker_text
162,5252,6,occurs_in_speaker_text
2312,5252,3,occurs_in_speaker_text
1714,5252,1,occurs_in_speaker_text
275,5252,5,occurs_in_speaker_text
2270,5252,1,occurs_in_speaker_text
4878,5252,8,occurs_in_speaker_text
4003,5252,6,occurs_in_speaker_text
4999,5252,1,occurs_in_speaker_text
3635,5252,2,occurs_in_speaker_text
110,5252,1,occurs_in_speaker_text
2629,5252,2,occurs_in_speaker_text
942,5252,3,occurs_in_speaker_text
1431,5252,6,occurs_in_speaker_text
1094,5252,1,occurs_in_speaker_text
1640,5252,3,occurs_in_speaker_text
2910,5252,2,occurs_in_speaker_text
1999,5252,2,occurs_in_speaker_text
4859,5252,1,occurs_in_speaker_text
2454,5252,1,occurs_in_speaker_text
3010,5252,3,occurs_in_speaker_text
629,5252,1,occurs_in_speaker_text
4398,5252,1,occurs_in_speaker_text
3323,5252,4,occurs_in_speaker_text
4368,5252,3,occurs_in_speaker_text
399,5252,1,occurs_in_speaker_text
2002,5252,1,occurs_in_speaker_text
46,5252,1,occurs_in_speaker_text
1408,5252,1,occurs_in_speaker_text
2079,5252,1,occurs_in_speaker_text
3559,5252,1,occurs_in_speaker_text
219,5252,1,occurs_in_speaker_text
5083,5252,1,occurs_in_speaker_text
1150,5252,1,occurs_in_speaker_text
2255,5252,1,occurs_in_speaker_text
201,5252,1,occurs_in_speaker_text
5051,5252,1,occurs_in_speaker_text
3661,5252,1,occurs_in_speaker_text
2078,5252,2,occurs_in_speaker_text
4480,5252,1,occurs_in_speaker_text
4403,5252,2,occurs_in_speaker_text
80,5252,2,occurs_in_speaker_text
1536,5252,1,occurs_in_speaker_text
3855,5252,1,occurs_in_speaker_text
1859,5252,1,occurs_in_speaker_text
2769,5252,1,occurs_in_speaker_text
2162,5252,1,occurs_in_speaker_text
4675,5252,1,occurs_in_speaker_text
3099,5252,1,occurs_in_speaker_text
5081,5252,1,occurs_in_speaker_text
1268,5252,2,occurs_in_speaker_text
2485,5252,7,occurs_in_speaker_text
236,5252,1,occurs_in_speaker_text
3150,5252,1,occurs_in_speaker_text
2761,5252,1,occurs_in_speaker_text
3068,5252,1,occurs_in_speaker_text
5071,5252,1,occurs_in_speaker_text
1352,5252,1,occurs_in_speaker_text
4219,5252,1,occurs_in_speaker_text
4309,5252,1,occurs_in_speaker_text
4225,5252,2,occurs_in_speaker_text
4940,5252,1,occurs_in_speaker_text
4119,5252,1,occurs_in_speaker_text
4812,5252,1,occurs_in_speaker_text
1488,5252,1,occurs_in_speaker_text
2856,5252,1,occurs_in_speaker_text
746,5252,1,occurs_in_speaker_text
329,5252,1,occurs_in_speaker_text
1954,5252,1,occurs_in_speaker_text
2632,5252,1,occurs_in_speaker_text
2750,5252,1,occurs_in_speaker_text
554,5252,1,occurs_in_speaker_text
747,5252,1,occurs_in_speaker_text
4006,5252,1,occurs_in_speaker_text
1783,5252,2,occurs_in_speaker_text
1725,5252,1,occurs_in_speaker_text
3708,5252,1,occurs_in_speaker_text
2471,5252,1,occurs_in_speaker_text
2365,5252,1,occurs_in_speaker_text
4196,5252,1,occurs_in_speaker_text
2870,5252,1,occurs_in_speaker_text
154,5252,1,occurs_in_speaker_text
3185,5252,1,occurs_in_speaker_text
2720,5252,1,occurs_in_speaker_text
1114,5252,1,occurs_in_speaker_text
4300,5252,1,occurs_in_speaker_text
699,5252,1,occurs_in_speaker_text
630,5252,1,occurs_in_speaker_text
4652,5252,1,occurs_in_speaker_text
4132,5252,1,occurs_in_speaker_text
1442,5253,1,occurs_in_speaker_text
4134,5253,1,occurs_in_speaker_text
3099,5253,1,occurs_in_speaker_text
2337,5253,1,occurs_in_speaker_text
3054,5253,1,occurs_in_speaker_text
4087,5253,1,occurs_in_speaker_text
3850,5253,1,occurs_in_speaker_text
2422,5253,1,occurs_in_speaker_text
2804,5253,1,occurs_in_speaker_text
1144,5254,1,occurs_in_speaker_text
3526,5254,17,occurs_in_speaker_text
4398,5254,3,occurs_in_speaker_text
4878,5254,1,occurs_in_speaker_text
3323,5254,1,occurs_in_speaker_text
3798,5254,6,occurs_in_speaker_text
4798,5254,1,occurs_in_speaker_text
2778,5254,1,occurs_in_speaker_text
474,5254,1,occurs_in_speaker_text
1022,5254,1,occurs_in_speaker_text
1999,5254,1,occurs_in_speaker_text
578,5254,1,occurs_in_speaker_text
2972,5254,1,occurs_in_speaker_text
4119,5254,1,occurs_in_speaker_text
1431,5254,2,occurs_in_speaker_text
4974,5254,1,occurs_in_speaker_text
4876,5254,1,occurs_in_speaker_text
3697,5254,2,occurs_in_speaker_text
1291,5254,2,occurs_in_speaker_text
4233,5254,1,occurs_in_speaker_text
1355,5254,1,occurs_in_speaker_text
2886,5254,1,occurs_in_speaker_text
1818,5254,1,occurs_in_speaker_text
2988,5254,1,occurs_in_speaker_text
740,5254,1,occurs_in_speaker_text
5045,5255,1,occurs_in_speaker_text
4960,5255,1,occurs_in_speaker_text
1714,5255,2,occurs_in_speaker_text
4855,5255,1,occurs_in_speaker_text
2337,5255,1,occurs_in_speaker_text
4622,5255,1,occurs_in_speaker_text
1999,5255,7,occurs_in_speaker_text
863,5255,2,occurs_in_speaker_text
1458,5255,1,occurs_in_speaker_text
2966,5255,1,occurs_in_speaker_text
3526,5255,5,occurs_in_speaker_text
1743,5255,1,occurs_in_speaker_text
3904,5255,21,occurs_in_speaker_text
3152,5255,6,occurs_in_speaker_text
4282,5255,1,occurs_in_speaker_text
4143,5255,4,occurs_in_speaker_text
2732,5255,1,occurs_in_speaker_text
4096,5255,1,occurs_in_speaker_text
629,5255,3,occurs_in_speaker_text
1954,5255,1,occurs_in_speaker_text
811,5255,2,occurs_in_speaker_text
3099,5255,3,occurs_in_speaker_text
2773,5255,1,occurs_in_speaker_text
3943,5255,1,occurs_in_speaker_text
692,5255,1,occurs_in_speaker_text
4974,5255,1,occurs_in_speaker_text
3562,5255,1,occurs_in_speaker_text
4100,5255,1,occurs_in_speaker_text
4724,5255,8,occurs_in_speaker_text
1124,5255,1,occurs_in_speaker_text
1671,5255,1,occurs_in_speaker_text
1157,5255,1,occurs_in_speaker_text
234,5255,2,occurs_in_speaker_text
2516,5255,1,occurs_in_speaker_text
1637,5255,2,occurs_in_speaker_text
3735,5255,1,occurs_in_speaker_text
822,5255,1,occurs_in_speaker_text
4503,5255,1,occurs_in_speaker_text
1536,5255,2,occurs_in_speaker_text
2002,5255,2,occurs_in_speaker_text
1232,5255,1,occurs_in_speaker_text
2485,5255,2,occurs_in_speaker_text
1583,5255,1,occurs_in_speaker_text
1041,5255,1,occurs_in_speaker_text
1859,5255,3,occurs_in_speaker_text
2160,5255,1,occurs_in_speaker_text
4284,5255,1,occurs_in_speaker_text
3921,5255,1,occurs_in_speaker_text
2826,5255,1,occurs_in_speaker_text
4228,5255,1,occurs_in_speaker_text
472,5255,1,occurs_in_speaker_text
2532,5255,1,occurs_in_speaker_text
1163,5255,1,occurs_in_speaker_text
3811,5255,1,occurs_in_speaker_text
1192,5255,2,occurs_in_speaker_text
3111,5255,1,occurs_in_speaker_text
3054,5255,1,occurs_in_speaker_text
3446,5255,1,occurs_in_speaker_text
365,5255,1,occurs_in_speaker_text
1024,5255,1,occurs_in_speaker_text
4834,5255,1,occurs_in_speaker_text
1739,5255,1,occurs_in_speaker_text
4886,5255,1,occurs_in_speaker_text
3619,5255,1,occurs_in_speaker_text
1384,5255,1,occurs_in_speaker_text
2485,5256,1,occurs_in_speaker_text
275,5257,1,occurs_in_speaker_text
2673,5257,1,occurs_in_speaker_text
3347,5257,2,occurs_in_speaker_text
1954,5257,1,occurs_in_speaker_text
1841,5258,1,occurs_in_speaker_text
4261,5258,1,occurs_in_speaker_text
4282,5258,4,occurs_in_speaker_text
2724,5258,1,occurs_in_speaker_text
2538,5258,1,occurs_in_speaker_text
3099,5258,1,occurs_in_speaker_text
4494,5258,1,occurs_in_speaker_text
2964,5258,1,occurs_in_speaker_text
143,5258,2,occurs_in_speaker_text
243,5258,1,occurs_in_speaker_text
103,5258,7,occurs_in_speaker_text
4353,5258,2,occurs_in_speaker_text
3194,5258,1,occurs_in_speaker_text
1536,5258,2,occurs_in_speaker_text
4849,5258,1,occurs_in_speaker_text
2289,5258,1,occurs_in_speaker_text
2365,5258,1,occurs_in_speaker_text
4271,5258,1,occurs_in_speaker_text
2079,5258,1,occurs_in_speaker_text
4531,5258,1,occurs_in_speaker_text
3814,5258,2,occurs_in_speaker_text
942,5258,2,occurs_in_speaker_text
3669,5258,1,occurs_in_speaker_text
1232,5258,1,occurs_in_speaker_text
107,5259,1,occurs_in_speaker_text
1536,5259,2,occurs_in_speaker_text
2461,5259,1,occurs_in_speaker_text
672,5259,2,occurs_in_speaker_text
68,5259,3,occurs_in_speaker_text
1985,5259,1,occurs_in_speaker_text
3010,5259,1,occurs_in_speaker_text
2293,5259,2,occurs_in_speaker_text
942,5259,1,occurs_in_speaker_text
507,5259,1,occurs_in_speaker_text
3150,5259,1,occurs_in_speaker_text
2909,5259,1,occurs_in_speaker_text
4852,5259,2,occurs_in_speaker_text
2485,5259,1,occurs_in_speaker_text
4576,5259,13,occurs_in_speaker_text
3460,5259,1,occurs_in_speaker_text
234,5259,3,occurs_in_speaker_text
1999,5259,1,occurs_in_speaker_text
3911,5259,1,occurs_in_speaker_text
1759,5259,1,occurs_in_speaker_text
1536,5260,1,occurs_in_speaker_text
2750,5260,1,occurs_in_speaker_text
1092,5260,1,occurs_in_speaker_text
2485,5260,1,occurs_in_speaker_text
308,5260,3,occurs_in_speaker_text
5043,5260,1,occurs_in_speaker_text
2773,5260,1,occurs_in_speaker_text
4737,5260,1,occurs_in_speaker_text
4467,5260,1,occurs_in_speaker_text
741,5260,2,occurs_in_speaker_text
504,5260,2,occurs_in_speaker_text
3460,5260,1,occurs_in_speaker_text
1725,5260,1,occurs_in_speaker_text
1800,5260,1,occurs_in_speaker_text
2955,5260,1,occurs_in_speaker_text
1232,5260,2,occurs_in_speaker_text
3741,5260,1,occurs_in_speaker_text
1344,5260,1,occurs_in_speaker_text
4363,5260,2,occurs_in_speaker_text
5018,5260,1,occurs_in_speaker_text
811,5260,2,occurs_in_speaker_text
4003,5260,1,occurs_in_speaker_text
1894,5260,1,occurs_in_speaker_text
4866,5260,1,occurs_in_speaker_text
863,5260,2,occurs_in_speaker_text
3120,5260,1,occurs_in_speaker_text
4576,5260,1,occurs_in_speaker_text
507,5261,1,occurs_in_speaker_text
3350,5261,1,occurs_in_speaker_text
1994,5261,1,occurs_in_speaker_text
4398,5261,1,occurs_in_speaker_text
1431,5261,3,occurs_in_speaker_text
1999,5261,1,occurs_in_speaker_text
1331,5261,1,occurs_in_speaker_text
3005,5261,1,occurs_in_speaker_text
4892,5261,1,occurs_in_speaker_text
4756,5261,1,occurs_in_speaker_text
863,5261,2,occurs_in_speaker_text
4143,5261,1,occurs_in_speaker_text
2980,5261,1,occurs_in_speaker_text
1584,5261,1,occurs_in_speaker_text
1677,5261,2,occurs_in_speaker_text
829,5261,1,occurs_in_speaker_text
4003,5261,1,occurs_in_speaker_text
3577,5261,1,occurs_in_speaker_text
4846,5261,1,occurs_in_speaker_text
4878,5261,1,occurs_in_speaker_text
4915,5262,2,occurs_in_speaker_text
4625,5262,1,occurs_in_speaker_text
2017,5262,1,occurs_in_speaker_text
1331,5262,1,occurs_in_speaker_text
3635,5262,1,occurs_in_speaker_text
191,5262,1,occurs_in_speaker_text
2165,5262,2,occurs_in_speaker_text
3562,5262,1,occurs_in_speaker_text
2632,5262,1,occurs_in_speaker_text
1999,5263,1,occurs_in_speaker_text
2750,5263,2,occurs_in_speaker_text
3739,5263,1,occurs_in_speaker_text
1628,5263,2,occurs_in_speaker_text
4855,5263,1,occurs_in_speaker_text
3688,5263,1,occurs_in_speaker_text
92,5263,1,occurs_in_speaker_text
2870,5263,1,occurs_in_speaker_text
3296,5263,1,occurs_in_speaker_text
2574,5263,1,occurs_in_speaker_text
1024,5263,3,occurs_in_speaker_text
2485,5263,4,occurs_in_speaker_text
376,5263,1,occurs_in_speaker_text
2727,5263,1,occurs_in_speaker_text
1431,5263,2,occurs_in_speaker_text
4724,5263,1,occurs_in_speaker_text
3563,5263,1,occurs_in_speaker_text
1084,5263,1,occurs_in_speaker_text
1391,5263,1,occurs_in_speaker_text
1331,5263,1,occurs_in_speaker_text
3789,5263,1,occurs_in_speaker_text
3559,5263,1,occurs_in_speaker_text
4859,5263,1,occurs_in_speaker_text
4878,5263,1,occurs_in_speaker_text
81,5263,1,occurs_in_speaker_text
139,5263,1,occurs_in_speaker_text
4003,5264,2,occurs_in_speaker_text
4398,5264,1,occurs_in_speaker_text
1431,5264,1,occurs_in_speaker_text
5063,5264,1,occurs_in_speaker_text
1999,5264,1,occurs_in_speaker_text
811,5264,1,occurs_in_speaker_text
4353,5264,1,occurs_in_speaker_text
777,5264,1,occurs_in_speaker_text
4201,5264,1,occurs_in_speaker_text
4887,5264,1,occurs_in_speaker_text
2472,5264,1,occurs_in_speaker_text
4096,5264,1,occurs_in_speaker_text
2979,5264,1,occurs_in_speaker_text
1536,5264,1,occurs_in_speaker_text
2485,5265,1,occurs_in_speaker_text
3526,5265,2,occurs_in_speaker_text
3846,5265,1,occurs_in_speaker_text
2240,5265,1,occurs_in_speaker_text
3575,5265,1,occurs_in_speaker_text
1139,5265,1,occurs_in_speaker_text
1566,5265,1,occurs_in_speaker_text
1331,5265,2,occurs_in_speaker_text
2289,5265,1,occurs_in_speaker_text
361,5265,1,occurs_in_speaker_text
3739,5265,3,occurs_in_speaker_text
4368,5265,1,occurs_in_speaker_text
1114,5265,1,occurs_in_speaker_text
2660,5265,1,occurs_in_speaker_text
4003,5265,1,occurs_in_speaker_text
1859,5265,1,occurs_in_speaker_text
1291,5265,1,occurs_in_speaker_text
308,5265,1,occurs_in_speaker_text
3323,5265,1,occurs_in_speaker_text
1640,5265,1,occurs_in_speaker_text
3241,5265,1,occurs_in_speaker_text
4147,5265,1,occurs_in_speaker_text
1536,5265,2,occurs_in_speaker_text
4076,5265,1,occurs_in_speaker_text
4952,5265,1,occurs_in_speaker_text
4339,5265,1,occurs_in_speaker_text
4282,5265,1,occurs_in_speaker_text
4814,5265,2,occurs_in_speaker_text
2658,5265,1,occurs_in_speaker_text
1567,5265,1,occurs_in_speaker_text
89,5265,1,occurs_in_speaker_text
1725,5265,2,occurs_in_speaker_text
4398,5265,1,occurs_in_speaker_text
3099,5265,1,occurs_in_speaker_text
863,5265,1,occurs_in_speaker_text
4724,5265,1,occurs_in_speaker_text
1458,5265,1,occurs_in_speaker_text
668,5265,1,occurs_in_speaker_text
5077,5265,1,occurs_in_speaker_text
1041,5265,1,occurs_in_speaker_text
3383,5265,1,occurs_in_speaker_text
4660,5265,1,occurs_in_speaker_text
4119,5265,1,occurs_in_speaker_text
4397,5266,1,occurs_in_speaker_text
4003,5266,80,occurs_in_speaker_text
1666,5266,2,occurs_in_speaker_text
1819,5266,3,occurs_in_speaker_text
1431,5266,5,occurs_in_speaker_text
2399,5266,1,occurs_in_speaker_text
1095,5266,1,occurs_in_speaker_text
3323,5266,1,occurs_in_speaker_text
5090,5266,1,occurs_in_speaker_text
2167,5266,1,occurs_in_speaker_text
1999,5266,1,occurs_in_speaker_text
2485,5266,4,occurs_in_speaker_text
4923,5266,1,occurs_in_speaker_text
1536,5266,1,occurs_in_speaker_text
809,5266,2,occurs_in_speaker_text
4045,5266,1,occurs_in_speaker_text
3146,5266,1,occurs_in_speaker_text
629,5266,1,occurs_in_speaker_text
2663,5266,1,occurs_in_speaker_text
234,5266,1,occurs_in_speaker_text
4368,5266,1,occurs_in_speaker_text
2460,5266,1,occurs_in_speaker_text
3525,5266,1,occurs_in_speaker_text
3053,5266,1,occurs_in_speaker_text
4309,5266,1,occurs_in_speaker_text
2180,5266,1,occurs_in_speaker_text
4279,5266,1,occurs_in_speaker_text
2868,5266,1,occurs_in_speaker_text
1024,5266,1,occurs_in_speaker_text
4921,5266,1,occurs_in_speaker_text
2918,5266,1,occurs_in_speaker_text
139,5267,1,occurs_in_speaker_text
2445,5267,9,occurs_in_speaker_text
4003,5267,14,occurs_in_speaker_text
1431,5267,7,occurs_in_speaker_text
3850,5267,1,occurs_in_speaker_text
4170,5267,2,occurs_in_speaker_text
308,5267,8,occurs_in_speaker_text
4678,5267,5,occurs_in_speaker_text
3595,5267,1,occurs_in_speaker_text
1429,5267,1,occurs_in_speaker_text
4001,5267,1,occurs_in_speaker_text
4403,5267,4,occurs_in_speaker_text
1331,5267,24,occurs_in_speaker_text
5045,5267,1,occurs_in_speaker_text
2289,5267,3,occurs_in_speaker_text
2172,5267,2,occurs_in_speaker_text
2532,5267,2,occurs_in_speaker_text
1714,5267,2,occurs_in_speaker_text
646,5267,4,occurs_in_speaker_text
3244,5267,1,occurs_in_speaker_text
1232,5267,1,occurs_in_speaker_text
3612,5267,1,occurs_in_speaker_text
3592,5267,1,occurs_in_speaker_text
1690,5267,1,occurs_in_speaker_text
2485,5267,7,occurs_in_speaker_text
3358,5267,1,occurs_in_speaker_text
2297,5267,1,occurs_in_speaker_text
2019,5267,1,occurs_in_speaker_text
1393,5267,1,occurs_in_speaker_text
3901,5267,1,occurs_in_speaker_text
3965,5267,1,occurs_in_speaker_text
1196,5267,1,occurs_in_speaker_text
2475,5267,1,occurs_in_speaker_text
4867,5267,1,occurs_in_speaker_text
4353,5267,2,occurs_in_speaker_text
3,5267,3,occurs_in_speaker_text
2871,5267,1,occurs_in_speaker_text
1134,5267,2,occurs_in_speaker_text
1800,5267,5,occurs_in_speaker_text
3800,5267,1,occurs_in_speaker_text
667,5267,2,occurs_in_speaker_text
4614,5267,1,occurs_in_speaker_text
4066,5267,1,occurs_in_speaker_text
4576,5267,1,occurs_in_speaker_text
1390,5267,1,occurs_in_speaker_text
3150,5267,1,occurs_in_speaker_text
3502,5267,1,occurs_in_speaker_text
4368,5267,1,occurs_in_speaker_text
146,5267,1,occurs_in_speaker_text
2487,5267,1,occurs_in_speaker_text
4325,5267,1,occurs_in_speaker_text
2783,5267,1,occurs_in_speaker_text
4701,5267,1,occurs_in_speaker_text
2936,5267,1,occurs_in_speaker_text
1114,5267,1,occurs_in_speaker_text
4887,5267,1,occurs_in_speaker_text
403,5267,1,occurs_in_speaker_text
275,5267,1,occurs_in_speaker_text
2478,5267,2,occurs_in_speaker_text
4476,5267,1,occurs_in_speaker_text
1637,5267,5,occurs_in_speaker_text
220,5267,1,occurs_in_speaker_text
811,5267,2,occurs_in_speaker_text
2879,5267,1,occurs_in_speaker_text
4605,5267,1,occurs_in_speaker_text
3410,5267,1,occurs_in_speaker_text
3140,5267,2,occurs_in_speaker_text
2940,5267,1,occurs_in_speaker_text
4971,5267,1,occurs_in_speaker_text
3481,5267,1,occurs_in_speaker_text
2242,5267,1,occurs_in_speaker_text
912,5267,1,occurs_in_speaker_text
3114,5267,1,occurs_in_speaker_text
1434,5267,1,occurs_in_speaker_text
5084,5267,1,occurs_in_speaker_text
2567,5267,1,occurs_in_speaker_text
863,5267,1,occurs_in_speaker_text
3125,5267,1,occurs_in_speaker_text
849,5267,1,occurs_in_speaker_text
2854,5267,1,occurs_in_speaker_text
2321,5268,1,occurs_in_speaker_text
3526,5268,1,occurs_in_speaker_text
3096,5268,1,occurs_in_speaker_text
139,5268,3,occurs_in_speaker_text
2629,5268,3,occurs_in_speaker_text
2750,5268,1,occurs_in_speaker_text
4353,5268,1,occurs_in_speaker_text
4171,5268,1,occurs_in_speaker_text
1144,5268,1,occurs_in_speaker_text
4299,5268,1,occurs_in_speaker_text
4486,5268,1,occurs_in_speaker_text
1999,5268,1,occurs_in_speaker_text
493,5269,1,occurs_in_speaker_text
1999,5269,2,occurs_in_speaker_text
4005,5270,1,occurs_in_speaker_text
3855,5270,3,occurs_in_speaker_text
4576,5270,6,occurs_in_speaker_text
4945,5270,14,occurs_in_speaker_text
1177,5270,1,occurs_in_speaker_text
4042,5270,1,occurs_in_speaker_text
1331,5270,3,occurs_in_speaker_text
4566,5270,1,occurs_in_speaker_text
811,5270,4,occurs_in_speaker_text
2563,5270,1,occurs_in_speaker_text
920,5270,1,occurs_in_speaker_text
942,5270,1,occurs_in_speaker_text
2427,5270,1,occurs_in_speaker_text
962,5270,1,occurs_in_speaker_text
3500,5270,1,occurs_in_speaker_text
182,5270,1,occurs_in_speaker_text
4724,5270,1,occurs_in_speaker_text
863,5270,1,occurs_in_speaker_text
5029,5270,1,occurs_in_speaker_text
308,5270,5,occurs_in_speaker_text
1727,5270,1,occurs_in_speaker_text
4852,5270,1,occurs_in_speaker_text
2485,5270,1,occurs_in_speaker_text
4110,5270,4,occurs_in_speaker_text
3394,5270,2,occurs_in_speaker_text
4003,5270,2,occurs_in_speaker_text
4679,5270,1,occurs_in_speaker_text
1962,5270,1,occurs_in_speaker_text
2407,5270,1,occurs_in_speaker_text
2809,5270,1,occurs_in_speaker_text
2209,5270,1,occurs_in_speaker_text
1008,5270,1,occurs_in_speaker_text
2155,5270,1,occurs_in_speaker_text
3550,5270,1,occurs_in_speaker_text
116,5270,1,occurs_in_speaker_text
822,5270,1,occurs_in_speaker_text
3262,5270,2,occurs_in_speaker_text
987,5270,1,occurs_in_speaker_text
2935,5270,1,occurs_in_speaker_text
1542,5270,1,occurs_in_speaker_text
37,5270,1,occurs_in_speaker_text
3021,5271,1,occurs_in_speaker_text
2545,5272,1,occurs_in_speaker_text
1657,5273,1,occurs_in_speaker_text
1533,5273,1,occurs_in_speaker_text
2750,5273,1,occurs_in_speaker_text
4849,5273,1,occurs_in_speaker_text
2565,5274,1,occurs_in_speaker_text
4398,5274,1,occurs_in_speaker_text
3562,5274,1,occurs_in_speaker_text
733,5275,1,occurs_in_speaker_text
4124,5275,3,occurs_in_speaker_text
4398,5275,1,occurs_in_speaker_text
4038,5275,1,occurs_in_speaker_text
63,5275,1,occurs_in_speaker_text
234,5275,1,occurs_in_speaker_text
863,5275,1,occurs_in_speaker_text
3894,5277,1,occurs_in_speaker_text
3378,5277,1,occurs_in_speaker_text
1954,5277,1,occurs_in_speaker_text
2289,5277,1,occurs_in_speaker_text
4731,5277,1,occurs_in_speaker_text
1747,5277,1,occurs_in_speaker_text
234,5277,1,occurs_in_speaker_text
4286,5277,1,occurs_in_speaker_text
1142,5277,1,occurs_in_speaker_text
1509,5277,1,occurs_in_speaker_text
3099,5277,5,occurs_in_speaker_text
1331,5277,1,occurs_in_speaker_text
374,5277,1,occurs_in_speaker_text
1079,5277,1,occurs_in_speaker_text
4724,5277,1,occurs_in_speaker_text
4143,5277,1,occurs_in_speaker_text
2761,5277,1,occurs_in_speaker_text
3196,5277,4,occurs_in_speaker_text
3480,5277,1,occurs_in_speaker_text
139,5277,1,occurs_in_speaker_text
2541,5277,1,occurs_in_speaker_text
4974,5277,1,occurs_in_speaker_text
626,5277,1,occurs_in_speaker_text
1528,5278,1,occurs_in_speaker_text
3930,5278,1,occurs_in_speaker_text
2485,5278,1,occurs_in_speaker_text
234,5278,1,occurs_in_speaker_text
3526,5278,1,occurs_in_speaker_text
1256,5278,1,occurs_in_speaker_text
4724,5278,1,occurs_in_speaker_text
2193,5278,1,occurs_in_speaker_text
1624,5278,1,occurs_in_speaker_text
308,5278,1,occurs_in_speaker_text
3347,5278,1,occurs_in_speaker_text
2237,5278,1,occurs_in_speaker_text
3306,5278,1,occurs_in_speaker_text
2417,5279,1,occurs_in_speaker_text
2348,5279,1,occurs_in_speaker_text
234,5279,2,occurs_in_speaker_text
1126,5279,1,occurs_in_speaker_text
1768,5279,2,occurs_in_speaker_text
275,5279,3,occurs_in_speaker_text
2660,5279,10,occurs_in_speaker_text
2256,5279,1,occurs_in_speaker_text
1536,5279,3,occurs_in_speaker_text
942,5279,1,occurs_in_speaker_text
4003,5279,5,occurs_in_speaker_text
2574,5279,1,occurs_in_speaker_text
4576,5279,1,occurs_in_speaker_text
2712,5279,2,occurs_in_speaker_text
73,5279,1,occurs_in_speaker_text
146,5279,1,occurs_in_speaker_text
2485,5279,2,occurs_in_speaker_text
1459,5279,1,occurs_in_speaker_text
1818,5279,1,occurs_in_speaker_text
1999,5279,2,occurs_in_speaker_text
2461,5279,1,occurs_in_speaker_text
1232,5279,1,occurs_in_speaker_text
5072,5279,1,occurs_in_speaker_text
2365,5279,1,occurs_in_speaker_text
2445,5279,6,occurs_in_speaker_text
2750,5279,2,occurs_in_speaker_text
507,5279,1,occurs_in_speaker_text
2910,5279,1,occurs_in_speaker_text
1331,5279,1,occurs_in_speaker_text
4754,5279,1,occurs_in_speaker_text
461,5279,1,occurs_in_speaker_text
3850,5279,1,occurs_in_speaker_text
4282,5279,2,occurs_in_speaker_text
2629,5279,1,occurs_in_speaker_text
4878,5279,1,occurs_in_speaker_text
4003,5280,3,occurs_in_speaker_text
2485,5280,1,occurs_in_speaker_text
4634,5280,1,occurs_in_speaker_text
3099,5280,1,occurs_in_speaker_text
2870,5280,1,occurs_in_speaker_text
1331,5280,1,occurs_in_speaker_text
2773,5280,1,occurs_in_speaker_text
1331,5281,1,occurs_in_speaker_text
4576,5281,1,occurs_in_speaker_text
1999,5281,6,occurs_in_speaker_text
1475,5281,1,occurs_in_speaker_text
2461,5281,1,occurs_in_speaker_text
3099,5281,4,occurs_in_speaker_text
3299,5281,1,occurs_in_speaker_text
4368,5281,2,occurs_in_speaker_text
423,5281,3,occurs_in_speaker_text
1024,5281,1,occurs_in_speaker_text
2485,5281,1,occurs_in_speaker_text
4310,5281,1,occurs_in_speaker_text
1045,5281,1,occurs_in_speaker_text
3855,5281,1,occurs_in_speaker_text
942,5281,1,occurs_in_speaker_text
2994,5281,1,occurs_in_speaker_text
1536,5281,1,occurs_in_speaker_text
2983,5281,1,occurs_in_speaker_text
2401,5281,1,occurs_in_speaker_text
4572,5281,1,occurs_in_speaker_text
2883,5281,1,occurs_in_speaker_text
1262,5281,1,occurs_in_speaker_text
4517,5281,1,occurs_in_speaker_text
536,5281,2,occurs_in_speaker_text
550,5281,1,occurs_in_speaker_text
3084,5281,1,occurs_in_speaker_text
1754,5281,1,occurs_in_speaker_text
3341,5281,1,occurs_in_speaker_text
563,5281,1,occurs_in_speaker_text
1725,5281,2,occurs_in_speaker_text
5045,5281,1,occurs_in_speaker_text
2682,5281,1,occurs_in_speaker_text
920,5281,1,occurs_in_speaker_text
4855,5281,2,occurs_in_speaker_text
146,5281,1,occurs_in_speaker_text
1859,5281,2,occurs_in_speaker_text
1295,5281,1,occurs_in_speaker_text
222,5281,1,occurs_in_speaker_text
2322,5281,1,occurs_in_speaker_text
4112,5281,1,occurs_in_speaker_text
4144,5281,1,occurs_in_speaker_text
4339,5281,1,occurs_in_speaker_text
811,5281,1,occurs_in_speaker_text
2567,5281,1,occurs_in_speaker_text
3864,5281,1,occurs_in_speaker_text
3035,5281,1,occurs_in_speaker_text
3635,5282,1,occurs_in_speaker_text
4878,5282,10,occurs_in_speaker_text
2091,5282,1,occurs_in_speaker_text
1725,5282,1,occurs_in_speaker_text
332,5282,1,occurs_in_speaker_text
308,5282,2,occurs_in_speaker_text
2160,5282,3,occurs_in_speaker_text
2799,5282,1,occurs_in_speaker_text
4368,5282,1,occurs_in_speaker_text
4234,5282,2,occurs_in_speaker_text
4731,5282,1,occurs_in_speaker_text
740,5282,1,occurs_in_speaker_text
5029,5282,2,occurs_in_speaker_text
1431,5282,2,occurs_in_speaker_text
81,5282,1,occurs_in_speaker_text
2910,5282,1,occurs_in_speaker_text
2485,5282,1,occurs_in_speaker_text
5077,5282,1,occurs_in_speaker_text
33,5283,7,occurs_in_speaker_text
1114,5283,1,occurs_in_speaker_text
4887,5283,9,occurs_in_speaker_text
1536,5283,1,occurs_in_speaker_text
2809,5283,5,occurs_in_speaker_text
2373,5283,1,occurs_in_speaker_text
234,5283,1,occurs_in_speaker_text
3912,5283,4,occurs_in_speaker_text
331,5283,1,occurs_in_speaker_text
4804,5283,1,occurs_in_speaker_text
1859,5283,2,occurs_in_speaker_text
3526,5283,1,occurs_in_speaker_text
2538,5283,3,occurs_in_speaker_text
3316,5283,1,occurs_in_speaker_text
811,5283,1,occurs_in_speaker_text
1047,5283,1,occurs_in_speaker_text
3635,5283,1,occurs_in_speaker_text
552,5283,1,occurs_in_speaker_text
4368,5283,1,occurs_in_speaker_text
1637,5283,1,occurs_in_speaker_text
384,5283,1,occurs_in_speaker_text
269,5283,2,occurs_in_speaker_text
3489,5283,3,occurs_in_speaker_text
3994,5283,2,occurs_in_speaker_text
1999,5283,3,occurs_in_speaker_text
4619,5283,2,occurs_in_speaker_text
420,5283,2,occurs_in_speaker_text
4921,5283,1,occurs_in_speaker_text
1536,5284,1,occurs_in_speaker_text
1738,5284,4,occurs_in_speaker_text
811,5284,2,occurs_in_speaker_text
139,5284,1,occurs_in_speaker_text
3206,5284,1,occurs_in_speaker_text
4046,5284,1,occurs_in_speaker_text
982,5284,1,occurs_in_speaker_text
3010,5284,1,occurs_in_speaker_text
3528,5284,1,occurs_in_speaker_text
243,5284,1,occurs_in_speaker_text
780,5284,2,occurs_in_speaker_text
4535,5284,1,occurs_in_speaker_text
1999,5284,1,occurs_in_speaker_text
736,5284,1,occurs_in_speaker_text
5020,5284,1,occurs_in_speaker_text
1727,5284,1,occurs_in_speaker_text
791,5284,1,occurs_in_speaker_text
3323,5284,1,occurs_in_speaker_text
1506,5284,1,occurs_in_speaker_text
3811,5284,2,occurs_in_speaker_text
2072,5284,1,occurs_in_speaker_text
1144,5284,1,occurs_in_speaker_text
2596,5284,1,occurs_in_speaker_text
4384,5284,1,occurs_in_speaker_text
4144,5284,1,occurs_in_speaker_text
3021,5284,2,occurs_in_speaker_text
2240,5284,1,occurs_in_speaker_text
2804,5284,1,occurs_in_speaker_text
725,5284,1,occurs_in_speaker_text
365,5284,1,occurs_in_speaker_text
863,5284,1,occurs_in_speaker_text
4923,5284,1,occurs_in_speaker_text
2629,5284,1,occurs_in_speaker_text
389,5284,1,occurs_in_speaker_text
3936,5284,1,occurs_in_speaker_text
1714,5284,1,occurs_in_speaker_text
2365,5284,1,occurs_in_speaker_text
2639,5284,1,occurs_in_speaker_text
505,5284,1,occurs_in_speaker_text
1877,5284,1,occurs_in_speaker_text
3114,5284,1,occurs_in_speaker_text
2331,5284,2,occurs_in_speaker_text
3148,5285,1,occurs_in_speaker_text
2096,5285,1,occurs_in_speaker_text
3635,5285,1,occurs_in_speaker_text
1714,5285,1,occurs_in_speaker_text
3150,5285,1,occurs_in_speaker_text
2485,5286,4,occurs_in_speaker_text
3708,5286,1,occurs_in_speaker_text
1000,5286,1,occurs_in_speaker_text
1999,5286,6,occurs_in_speaker_text
3526,5286,4,occurs_in_speaker_text
1673,5286,1,occurs_in_speaker_text
1431,5286,1,occurs_in_speaker_text
3959,5286,1,occurs_in_speaker_text
4339,5286,1,occurs_in_speaker_text
4555,5286,1,occurs_in_speaker_text
866,5286,1,occurs_in_speaker_text
1459,5286,1,occurs_in_speaker_text
4876,5286,1,occurs_in_speaker_text
4724,5286,1,occurs_in_speaker_text
5045,5286,1,occurs_in_speaker_text
811,5287,1,occurs_in_speaker_text
4003,5287,1,occurs_in_speaker_text
308,5287,1,occurs_in_speaker_text
4119,5288,1,occurs_in_speaker_text
4003,5288,4,occurs_in_speaker_text
1431,5288,1,occurs_in_speaker_text
2377,5288,1,occurs_in_speaker_text
4572,5288,2,occurs_in_speaker_text
2895,5288,2,occurs_in_speaker_text
608,5288,6,occurs_in_speaker_text
893,5288,1,occurs_in_speaker_text
4136,5288,2,occurs_in_speaker_text
4351,5288,1,occurs_in_speaker_text
2875,5288,1,occurs_in_speaker_text
3987,5288,1,occurs_in_speaker_text
5050,5288,1,occurs_in_speaker_text
811,5288,2,occurs_in_speaker_text
4325,5288,1,occurs_in_speaker_text
4139,5288,1,occurs_in_speaker_text
527,5288,1,occurs_in_speaker_text
2910,5288,2,occurs_in_speaker_text
1640,5288,1,occurs_in_speaker_text
2485,5288,4,occurs_in_speaker_text
4409,5288,3,occurs_in_speaker_text
1637,5288,4,occurs_in_speaker_text
1114,5288,1,occurs_in_speaker_text
156,5288,1,occurs_in_speaker_text
2543,5288,1,occurs_in_speaker_text
1331,5288,1,occurs_in_speaker_text
46,5288,1,occurs_in_speaker_text
811,5289,1,occurs_in_speaker_text
383,5289,1,occurs_in_speaker_text
2321,5289,1,occurs_in_speaker_text
2485,5289,2,occurs_in_speaker_text
1687,5289,1,occurs_in_speaker_text
308,5290,2,occurs_in_speaker_text
1926,5291,3,occurs_in_speaker_text
4003,5291,2,occurs_in_speaker_text
4239,5291,1,occurs_in_speaker_text
2456,5291,2,occurs_in_speaker_text
942,5291,3,occurs_in_speaker_text
1243,5291,1,occurs_in_speaker_text
2870,5291,1,occurs_in_speaker_text
780,5291,2,occurs_in_speaker_text
1640,5291,3,occurs_in_speaker_text
4282,5291,1,occurs_in_speaker_text
143,5291,1,occurs_in_speaker_text
1431,5291,5,occurs_in_speaker_text
4878,5291,1,occurs_in_speaker_text
1910,5291,1,occurs_in_speaker_text
5044,5291,1,occurs_in_speaker_text
372,5291,1,occurs_in_speaker_text
3904,5291,1,occurs_in_speaker_text
2485,5291,17,occurs_in_speaker_text
1536,5291,4,occurs_in_speaker_text
3568,5291,1,occurs_in_speaker_text
2135,5291,1,occurs_in_speaker_text
2311,5291,1,occurs_in_speaker_text
2983,5291,1,occurs_in_speaker_text
2857,5291,1,occurs_in_speaker_text
4309,5291,1,occurs_in_speaker_text
3450,5291,1,occurs_in_speaker_text
1710,5291,1,occurs_in_speaker_text
811,5291,3,occurs_in_speaker_text
4219,5291,1,occurs_in_speaker_text
4181,5291,1,occurs_in_speaker_text
2538,5291,2,occurs_in_speaker_text
2712,5291,1,occurs_in_speaker_text
222,5291,1,occurs_in_speaker_text
1144,5291,1,occurs_in_speaker_text
1999,5291,3,occurs_in_speaker_text
2701,5291,1,occurs_in_speaker_text
2256,5291,1,occurs_in_speaker_text
86,5291,1,occurs_in_speaker_text
3764,5291,1,occurs_in_speaker_text
2574,5291,3,occurs_in_speaker_text
2686,5291,1,occurs_in_speaker_text
3481,5291,1,occurs_in_speaker_text
1725,5291,1,occurs_in_speaker_text
4855,5291,3,occurs_in_speaker_text
707,5291,1,occurs_in_speaker_text
162,5291,1,occurs_in_speaker_text
2914,5291,1,occurs_in_speaker_text
389,5291,2,occurs_in_speaker_text
3899,5291,1,occurs_in_speaker_text
2926,5291,1,occurs_in_speaker_text
3661,5291,1,occurs_in_speaker_text
893,5291,1,occurs_in_speaker_text
2816,5291,1,occurs_in_speaker_text
2987,5291,1,occurs_in_speaker_text
3966,5291,1,occurs_in_speaker_text
4703,5291,1,occurs_in_speaker_text
4209,5291,1,occurs_in_speaker_text
491,5291,1,occurs_in_speaker_text
166,5291,1,occurs_in_speaker_text
3526,5291,1,occurs_in_speaker_text
5045,5291,8,occurs_in_speaker_text
1509,5291,1,occurs_in_speaker_text
629,5291,1,occurs_in_speaker_text
1818,5291,1,occurs_in_speaker_text
4887,5291,1,occurs_in_speaker_text
2478,5291,1,occurs_in_speaker_text
3150,5291,1,occurs_in_speaker_text
2910,5291,1,occurs_in_speaker_text
423,5291,1,occurs_in_speaker_text
1196,5291,1,occurs_in_speaker_text
4096,5291,1,occurs_in_speaker_text
1996,5291,1,occurs_in_speaker_text
2445,5291,1,occurs_in_speaker_text
1232,5291,1,occurs_in_speaker_text
1860,5291,1,occurs_in_speaker_text
2440,5291,1,occurs_in_speaker_text
1331,5291,1,occurs_in_speaker_text
3114,5291,1,occurs_in_speaker_text
365,5291,1,occurs_in_speaker_text
2275,5291,1,occurs_in_speaker_text
72,5291,1,occurs_in_speaker_text
204,5291,1,occurs_in_speaker_text
4006,5291,1,occurs_in_speaker_text
4271,5291,1,occurs_in_speaker_text
886,5292,1,occurs_in_speaker_text
4122,5292,1,occurs_in_speaker_text
2910,5292,1,occurs_in_speaker_text
271,5292,1,occurs_in_speaker_text
4576,5292,3,occurs_in_speaker_text
3821,5292,1,occurs_in_speaker_text
4788,5292,1,occurs_in_speaker_text
4516,5292,1,occurs_in_speaker_text
2209,5292,2,occurs_in_speaker_text
2048,5292,1,occurs_in_speaker_text
811,5292,1,occurs_in_speaker_text
2105,5292,1,occurs_in_speaker_text
3742,5292,1,occurs_in_speaker_text
194,5292,1,occurs_in_speaker_text
3245,5292,1,occurs_in_speaker_text
2542,5292,1,occurs_in_speaker_text
2344,5292,1,occurs_in_speaker_text
2563,5292,2,occurs_in_speaker_text
3339,5292,1,occurs_in_speaker_text
5036,5292,1,occurs_in_speaker_text
3856,5292,1,occurs_in_speaker_text
3072,5292,1,occurs_in_speaker_text
2461,5292,1,occurs_in_speaker_text
1041,5292,1,occurs_in_speaker_text
1263,5292,1,occurs_in_speaker_text
3148,5292,1,occurs_in_speaker_text
507,5292,1,occurs_in_speaker_text
629,5293,1,occurs_in_speaker_text
1450,5293,1,occurs_in_speaker_text
2567,5293,1,occurs_in_speaker_text
4988,5293,1,occurs_in_speaker_text
4219,5294,1,occurs_in_speaker_text
728,5294,1,occurs_in_speaker_text
1177,5294,1,occurs_in_speaker_text
3728,5294,2,occurs_in_speaker_text
4368,5294,1,occurs_in_speaker_text
4409,5294,1,occurs_in_speaker_text
4823,5294,1,occurs_in_speaker_text
3466,5294,1,occurs_in_speaker_text
4282,5294,1,occurs_in_speaker_text
139,5294,1,occurs_in_speaker_text
2312,5294,2,occurs_in_speaker_text
1714,5294,1,occurs_in_speaker_text
4893,5294,1,occurs_in_speaker_text
2461,5294,2,occurs_in_speaker_text
4003,5294,1,occurs_in_speaker_text
2256,5294,1,occurs_in_speaker_text
1725,5294,1,occurs_in_speaker_text
4989,5295,11,occurs_in_speaker_text
2486,5295,3,occurs_in_speaker_text
814,5295,4,occurs_in_speaker_text
3551,5295,1,occurs_in_speaker_text
48,5295,7,occurs_in_speaker_text
1528,5295,1,occurs_in_speaker_text
1331,5296,7,occurs_in_speaker_text
533,5296,5,occurs_in_speaker_text
4491,5296,4,occurs_in_speaker_text
1431,5296,3,occurs_in_speaker_text
4091,5296,7,occurs_in_speaker_text
3526,5296,1,occurs_in_speaker_text
2868,5296,1,occurs_in_speaker_text
4003,5296,3,occurs_in_speaker_text
4398,5296,2,occurs_in_speaker_text
878,5296,2,occurs_in_speaker_text
2029,5296,1,occurs_in_speaker_text
4124,5296,1,occurs_in_speaker_text
3114,5296,1,occurs_in_speaker_text
4293,5296,1,occurs_in_speaker_text
3452,5296,1,occurs_in_speaker_text
4576,5296,4,occurs_in_speaker_text
811,5296,1,occurs_in_speaker_text
1302,5296,1,occurs_in_speaker_text
3439,5296,3,occurs_in_speaker_text
1637,5296,1,occurs_in_speaker_text
3631,5296,1,occurs_in_speaker_text
1232,5296,1,occurs_in_speaker_text
1999,5296,2,occurs_in_speaker_text
2485,5296,2,occurs_in_speaker_text
3099,5296,2,occurs_in_speaker_text
2910,5296,1,occurs_in_speaker_text
1697,5296,1,occurs_in_speaker_text
1536,5296,1,occurs_in_speaker_text
3196,5296,1,occurs_in_speaker_text
4097,5296,1,occurs_in_speaker_text
4267,5296,1,occurs_in_speaker_text
5045,5296,1,occurs_in_speaker_text
2289,5296,1,occurs_in_speaker_text
1382,5297,1,occurs_in_speaker_text
4993,5297,1,occurs_in_speaker_text
4836,5297,1,occurs_in_speaker_text
1818,5297,1,occurs_in_speaker_text
3625,5297,1,occurs_in_speaker_text
3293,5297,1,occurs_in_speaker_text
1536,5298,1,occurs_in_speaker_text
1999,5298,6,occurs_in_speaker_text
4610,5298,1,occurs_in_speaker_text
4003,5298,2,occurs_in_speaker_text
4738,5298,2,occurs_in_speaker_text
3736,5298,1,occurs_in_speaker_text
2209,5298,1,occurs_in_speaker_text
1637,5298,1,occurs_in_speaker_text
4945,5298,1,occurs_in_speaker_text
2980,5298,1,occurs_in_speaker_text
1584,5298,1,occurs_in_speaker_text
3688,5298,1,occurs_in_speaker_text
1714,5298,1,occurs_in_speaker_text
3266,5298,1,occurs_in_speaker_text
4073,5298,3,occurs_in_speaker_text
2910,5299,3,occurs_in_speaker_text
1411,5299,1,occurs_in_speaker_text
1714,5299,2,occurs_in_speaker_text
1954,5299,1,occurs_in_speaker_text
1757,5299,1,occurs_in_speaker_text
2256,5299,1,occurs_in_speaker_text
3150,5299,1,occurs_in_speaker_text
4143,5299,2,occurs_in_speaker_text
2485,5299,3,occurs_in_speaker_text
2459,5299,1,occurs_in_speaker_text
1391,5299,1,occurs_in_speaker_text
4124,5299,1,occurs_in_speaker_text
2750,5299,3,occurs_in_speaker_text
5045,5299,1,occurs_in_speaker_text
835,5299,1,occurs_in_speaker_text
4003,5299,1,occurs_in_speaker_text
4849,5299,1,occurs_in_speaker_text
139,5299,2,occurs_in_speaker_text
1687,5299,1,occurs_in_speaker_text
1331,5299,1,occurs_in_speaker_text
3562,5299,1,occurs_in_speaker_text
1289,5299,1,occurs_in_speaker_text
2574,5299,1,occurs_in_speaker_text
3170,5299,1,occurs_in_speaker_text
1157,5300,1,occurs_in_speaker_text
1999,5300,1,occurs_in_speaker_text
4003,5300,1,occurs_in_speaker_text
1110,5301,1,occurs_in_speaker_text
3096,5301,1,occurs_in_speaker_text
1640,5302,4,occurs_in_speaker_text
2240,5302,4,occurs_in_speaker_text
234,5302,1,occurs_in_speaker_text
1985,5302,1,occurs_in_speaker_text
2506,5302,1,occurs_in_speaker_text
2289,5302,2,occurs_in_speaker_text
2868,5302,3,occurs_in_speaker_text
4261,5302,9,occurs_in_speaker_text
308,5302,1,occurs_in_speaker_text
2312,5302,1,occurs_in_speaker_text
1331,5302,2,occurs_in_speaker_text
1536,5302,1,occurs_in_speaker_text
1577,5302,1,occurs_in_speaker_text
2766,5302,1,occurs_in_speaker_text
942,5302,2,occurs_in_speaker_text
4815,5302,1,occurs_in_speaker_text
3099,5302,1,occurs_in_speaker_text
4096,5302,1,occurs_in_speaker_text
3708,5302,1,occurs_in_speaker_text
3911,5302,1,occurs_in_speaker_text
3148,5302,1,occurs_in_speaker_text
1837,5302,1,occurs_in_speaker_text
2485,5302,3,occurs_in_speaker_text
1942,5302,1,occurs_in_speaker_text
2319,5302,1,occurs_in_speaker_text
2987,5302,1,occurs_in_speaker_text
3864,5302,1,occurs_in_speaker_text
769,5302,1,occurs_in_speaker_text
4993,5302,4,occurs_in_speaker_text
1151,5302,1,occurs_in_speaker_text
3323,5302,1,occurs_in_speaker_text
4643,5302,1,occurs_in_speaker_text
2155,5303,2,occurs_in_speaker_text
1144,5303,1,occurs_in_speaker_text
234,5303,1,occurs_in_speaker_text
629,5303,2,occurs_in_speaker_text
1714,5303,1,occurs_in_speaker_text
1536,5303,1,occurs_in_speaker_text
2147,5303,1,occurs_in_speaker_text
2972,5303,2,occurs_in_speaker_text
2485,5303,2,occurs_in_speaker_text
811,5303,1,occurs_in_speaker_text
2312,5303,1,occurs_in_speaker_text
3708,5303,1,occurs_in_speaker_text
2629,5303,1,occurs_in_speaker_text
2750,5303,2,occurs_in_speaker_text
4053,5303,5,occurs_in_speaker_text
4283,5303,1,occurs_in_speaker_text
2766,5303,1,occurs_in_speaker_text
2445,5303,1,occurs_in_speaker_text
4855,5303,1,occurs_in_speaker_text
2369,5303,1,occurs_in_speaker_text
3046,5303,1,occurs_in_speaker_text
345,5303,1,occurs_in_speaker_text
3099,5303,2,occurs_in_speaker_text
308,5303,1,occurs_in_speaker_text
81,5303,1,occurs_in_speaker_text
1768,5303,1,occurs_in_speaker_text
4003,5303,1,occurs_in_speaker_text
3001,5304,1,occurs_in_speaker_text
4320,5304,1,occurs_in_speaker_text
3012,5304,1,occurs_in_speaker_text
3570,5304,1,occurs_in_speaker_text
4267,5304,3,occurs_in_speaker_text
1459,5304,1,occurs_in_speaker_text
3323,5304,1,occurs_in_speaker_text
1725,5304,1,occurs_in_speaker_text
1637,5304,2,occurs_in_speaker_text
1196,5304,1,occurs_in_speaker_text
2554,5304,3,occurs_in_speaker_text
1232,5304,4,occurs_in_speaker_text
1331,5304,2,occurs_in_speaker_text
4160,5304,1,occurs_in_speaker_text
243,5304,2,occurs_in_speaker_text
1985,5304,1,occurs_in_speaker_text
1157,5304,1,occurs_in_speaker_text
4368,5304,1,occurs_in_speaker_text
4018,5304,4,occurs_in_speaker_text
4339,5305,1,occurs_in_speaker_text
5089,5305,1,occurs_in_speaker_text
3347,5305,1,occurs_in_speaker_text
1331,5305,1,occurs_in_speaker_text
668,5305,2,occurs_in_speaker_text
811,5305,2,occurs_in_speaker_text
139,5305,2,occurs_in_speaker_text
5045,5305,2,occurs_in_speaker_text
2858,5305,2,occurs_in_speaker_text
2046,5305,1,occurs_in_speaker_text
3877,5305,1,occurs_in_speaker_text
4134,5305,2,occurs_in_speaker_text
3192,5305,1,occurs_in_speaker_text
5032,5306,2,occurs_in_speaker_text
991,5306,1,occurs_in_speaker_text
2750,5306,2,occurs_in_speaker_text
1883,5306,1,occurs_in_speaker_text
627,5306,1,occurs_in_speaker_text
2485,5306,7,occurs_in_speaker_text
3635,5306,1,occurs_in_speaker_text
2600,5306,1,occurs_in_speaker_text
811,5306,1,occurs_in_speaker_text
2057,5307,3,occurs_in_speaker_text
2343,5307,1,occurs_in_speaker_text
811,5307,3,occurs_in_speaker_text
780,5307,1,occurs_in_speaker_text
2773,5307,2,occurs_in_speaker_text
2983,5307,1,occurs_in_speaker_text
1309,5307,1,occurs_in_speaker_text
4974,5307,1,occurs_in_speaker_text
243,5307,1,occurs_in_speaker_text
264,5307,1,occurs_in_speaker_text
3635,5307,1,occurs_in_speaker_text
4576,5307,3,occurs_in_speaker_text
1634,5307,1,occurs_in_speaker_text
4988,5307,1,occurs_in_speaker_text
2485,5307,1,occurs_in_speaker_text
942,5307,2,occurs_in_speaker_text
1917,5307,1,occurs_in_speaker_text
1536,5307,1,occurs_in_speaker_text
3342,5307,1,occurs_in_speaker_text
3724,5307,1,occurs_in_speaker_text
3767,5307,5,occurs_in_speaker_text
4073,5307,2,occurs_in_speaker_text
4309,5307,1,occurs_in_speaker_text
1999,5307,2,occurs_in_speaker_text
2987,5307,1,occurs_in_speaker_text
1760,5307,2,occurs_in_speaker_text
234,5307,1,occurs_in_speaker_text
3526,5307,2,occurs_in_speaker_text
4379,5307,1,occurs_in_speaker_text
2155,5307,1,occurs_in_speaker_text
209,5307,1,occurs_in_speaker_text
2353,5307,1,occurs_in_speaker_text
1994,5307,1,occurs_in_speaker_text
2991,5307,1,occurs_in_speaker_text
1637,5308,2,occurs_in_speaker_text
2362,5308,1,occurs_in_speaker_text
139,5308,6,occurs_in_speaker_text
1954,5308,1,occurs_in_speaker_text
275,5308,6,occurs_in_speaker_text
4209,5308,1,occurs_in_speaker_text
893,5308,2,occurs_in_speaker_text
4729,5308,1,occurs_in_speaker_text
1039,5308,1,occurs_in_speaker_text
2312,5308,1,occurs_in_speaker_text
4003,5308,11,occurs_in_speaker_text
805,5308,1,occurs_in_speaker_text
170,5308,1,occurs_in_speaker_text
4381,5308,1,occurs_in_speaker_text
827,5308,1,occurs_in_speaker_text
1203,5308,1,occurs_in_speaker_text
146,5308,1,occurs_in_speaker_text
1999,5308,6,occurs_in_speaker_text
2445,5308,9,occurs_in_speaker_text
780,5308,1,occurs_in_speaker_text
3276,5308,1,occurs_in_speaker_text
2690,5308,1,occurs_in_speaker_text
4040,5308,1,occurs_in_speaker_text
3252,5308,1,occurs_in_speaker_text
4670,5308,1,occurs_in_speaker_text
4576,5308,4,occurs_in_speaker_text
682,5308,1,occurs_in_speaker_text
1431,5308,3,occurs_in_speaker_text
1944,5308,1,occurs_in_speaker_text
629,5308,2,occurs_in_speaker_text
3159,5308,1,occurs_in_speaker_text
1331,5308,3,occurs_in_speaker_text
3289,5308,1,occurs_in_speaker_text
3911,5308,2,occurs_in_speaker_text
259,5308,1,occurs_in_speaker_text
1232,5308,1,occurs_in_speaker_text
3077,5308,1,occurs_in_speaker_text
234,5308,1,occurs_in_speaker_text
822,5308,1,occurs_in_speaker_text
1930,5308,1,occurs_in_speaker_text
4724,5308,3,occurs_in_speaker_text
3342,5308,1,occurs_in_speaker_text
1640,5308,4,occurs_in_speaker_text
4143,5308,4,occurs_in_speaker_text
3724,5308,2,occurs_in_speaker_text
2574,5308,1,occurs_in_speaker_text
3500,5308,2,occurs_in_speaker_text
1972,5308,1,occurs_in_speaker_text
4878,5308,1,occurs_in_speaker_text
3152,5308,1,occurs_in_speaker_text
3099,5308,5,occurs_in_speaker_text
2762,5308,1,occurs_in_speaker_text
2485,5308,7,occurs_in_speaker_text
811,5308,3,occurs_in_speaker_text
33,5308,1,occurs_in_speaker_text
1495,5308,2,occurs_in_speaker_text
1304,5308,1,occurs_in_speaker_text
1818,5308,1,occurs_in_speaker_text
3962,5308,1,occurs_in_speaker_text
345,5308,1,occurs_in_speaker_text
3661,5308,1,occurs_in_speaker_text
1725,5308,1,occurs_in_speaker_text
3635,5308,1,occurs_in_speaker_text
3460,5308,2,occurs_in_speaker_text
942,5308,2,occurs_in_speaker_text
4124,5308,1,occurs_in_speaker_text
2551,5308,1,occurs_in_speaker_text
1515,5308,1,occurs_in_speaker_text
507,5308,1,occurs_in_speaker_text
1536,5308,1,occurs_in_speaker_text
1859,5308,2,occurs_in_speaker_text
3010,5308,4,occurs_in_speaker_text
2750,5308,3,occurs_in_speaker_text
3904,5308,2,occurs_in_speaker_text
2972,5308,2,occurs_in_speaker_text
1459,5308,1,occurs_in_speaker_text
2611,5308,1,occurs_in_speaker_text
3114,5308,1,occurs_in_speaker_text
2460,5308,1,occurs_in_speaker_text
680,5308,1,occurs_in_speaker_text
3144,5308,1,occurs_in_speaker_text
156,5308,1,occurs_in_speaker_text
3150,5308,1,occurs_in_speaker_text
4119,5308,1,occurs_in_speaker_text
3526,5308,2,occurs_in_speaker_text
2883,5308,1,occurs_in_speaker_text
1824,5308,1,occurs_in_speaker_text
3562,5308,3,occurs_in_speaker_text
4398,5308,1,occurs_in_speaker_text
64,5308,1,occurs_in_speaker_text
1866,5308,1,occurs_in_speaker_text
586,5308,1,occurs_in_speaker_text
1687,5308,1,occurs_in_speaker_text
1714,5308,1,occurs_in_speaker_text
1114,5308,1,occurs_in_speaker_text
4194,5308,1,occurs_in_speaker_text
4480,5308,1,occurs_in_speaker_text
802,5308,3,occurs_in_speaker_text
4533,5308,1,occurs_in_speaker_text
4887,5308,1,occurs_in_speaker_text
50,5308,1,occurs_in_speaker_text
2773,5308,1,occurs_in_speaker_text
3712,5308,1,occurs_in_speaker_text
1677,5308,1,occurs_in_speaker_text
4282,5308,1,occurs_in_speaker_text
2618,5308,1,occurs_in_speaker_text
2567,5308,1,occurs_in_speaker_text
863,5308,1,occurs_in_speaker_text
1155,5308,1,occurs_in_speaker_text
2204,5308,1,occurs_in_speaker_text
4859,5308,1,occurs_in_speaker_text
4353,5308,1,occurs_in_speaker_text
4261,5308,1,occurs_in_speaker_text
4002,5308,1,occurs_in_speaker_text
3454,5309,1,occurs_in_speaker_text
2868,5309,1,occurs_in_speaker_text
1818,5309,1,occurs_in_speaker_text
811,5309,1,occurs_in_speaker_text
1640,5309,3,occurs_in_speaker_text
1725,5309,1,occurs_in_speaker_text
4369,5309,1,occurs_in_speaker_text
275,5309,1,occurs_in_speaker_text
162,5309,2,occurs_in_speaker_text
3737,5309,26,occurs_in_speaker_text
3085,5309,1,occurs_in_speaker_text
2365,5309,1,occurs_in_speaker_text
4724,5309,2,occurs_in_speaker_text
4871,5309,1,occurs_in_speaker_text
4993,5309,3,occurs_in_speaker_text
1035,5309,4,occurs_in_speaker_text
2910,5309,1,occurs_in_speaker_text
4091,5309,1,occurs_in_speaker_text
4143,5309,1,occurs_in_speaker_text
3562,5309,1,occurs_in_speaker_text
1144,5309,1,occurs_in_speaker_text
4196,5309,1,occurs_in_speaker_text
1129,5309,1,occurs_in_speaker_text
3867,5309,5,occurs_in_speaker_text
1956,5309,1,occurs_in_speaker_text
2177,5309,1,occurs_in_speaker_text
3825,5309,1,occurs_in_speaker_text
847,5309,1,occurs_in_speaker_text
1157,5309,1,occurs_in_speaker_text
3635,5309,3,occurs_in_speaker_text
4528,5309,1,occurs_in_speaker_text
507,5309,1,occurs_in_speaker_text
802,5309,1,occurs_in_speaker_text
4855,5309,1,occurs_in_speaker_text
2024,5309,1,occurs_in_speaker_text
3049,5309,1,occurs_in_speaker_text
4601,5309,1,occurs_in_speaker_text
4204,5309,1,occurs_in_speaker_text
3911,5309,2,occurs_in_speaker_text
4368,5309,1,occurs_in_speaker_text
2256,5309,1,occurs_in_speaker_text
1113,5309,1,occurs_in_speaker_text
2289,5309,2,occurs_in_speaker_text
4984,5309,1,occurs_in_speaker_text
1459,5309,1,occurs_in_speaker_text
4124,5309,1,occurs_in_speaker_text
4834,5309,1,occurs_in_speaker_text
1308,5309,1,occurs_in_speaker_text
265,5309,1,occurs_in_speaker_text
3922,5309,1,occurs_in_speaker_text
1331,5309,1,occurs_in_speaker_text
103,5309,1,occurs_in_speaker_text
2312,5309,1,occurs_in_speaker_text
4900,5309,1,occurs_in_speaker_text
1637,5309,1,occurs_in_speaker_text
1386,5309,1,occurs_in_speaker_text
4401,5309,2,occurs_in_speaker_text
4938,5309,1,occurs_in_speaker_text
4780,5309,1,occurs_in_speaker_text
163,5309,1,occurs_in_speaker_text
3638,5309,1,occurs_in_speaker_text
1023,5309,1,occurs_in_speaker_text
423,5309,1,occurs_in_speaker_text
3527,5309,1,occurs_in_speaker_text
1003,5309,1,occurs_in_speaker_text
863,5309,1,occurs_in_speaker_text
4040,5309,1,occurs_in_speaker_text
1224,5309,1,occurs_in_speaker_text
3959,5309,1,occurs_in_speaker_text
1071,5310,2,occurs_in_speaker_text
2268,5310,1,occurs_in_speaker_text
1384,5310,2,occurs_in_speaker_text
1580,5310,1,occurs_in_speaker_text
5045,5310,7,occurs_in_speaker_text
3099,5310,5,occurs_in_speaker_text
1754,5310,1,occurs_in_speaker_text
4368,5310,1,occurs_in_speaker_text
811,5310,1,occurs_in_speaker_text
1954,5310,1,occurs_in_speaker_text
1431,5310,4,occurs_in_speaker_text
3526,5310,4,occurs_in_speaker_text
1456,5310,3,occurs_in_speaker_text
1637,5310,2,occurs_in_speaker_text
4876,5310,4,occurs_in_speaker_text
2972,5310,2,occurs_in_speaker_text
2485,5310,9,occurs_in_speaker_text
1041,5310,1,occurs_in_speaker_text
4724,5310,27,occurs_in_speaker_text
3282,5310,1,occurs_in_speaker_text
3890,5310,1,occurs_in_speaker_text
1331,5310,6,occurs_in_speaker_text
4491,5310,1,occurs_in_speaker_text
3735,5310,1,occurs_in_speaker_text
1725,5310,1,occurs_in_speaker_text
4143,5310,1,occurs_in_speaker_text
734,5310,1,occurs_in_speaker_text
4119,5310,2,occurs_in_speaker_text
497,5310,2,occurs_in_speaker_text
4290,5310,1,occurs_in_speaker_text
4798,5310,1,occurs_in_speaker_text
4003,5310,2,occurs_in_speaker_text
4576,5310,2,occurs_in_speaker_text
1859,5310,2,occurs_in_speaker_text
3323,5310,1,occurs_in_speaker_text
1254,5310,1,occurs_in_speaker_text
1804,5310,1,occurs_in_speaker_text
1536,5310,1,occurs_in_speaker_text
1144,5310,1,occurs_in_speaker_text
1126,5310,1,occurs_in_speaker_text
1543,5310,1,occurs_in_speaker_text
4389,5310,1,occurs_in_speaker_text
3911,5310,1,occurs_in_speaker_text
1948,5310,1,occurs_in_speaker_text
3551,5310,1,occurs_in_speaker_text
2538,5310,1,occurs_in_speaker_text
4331,5310,1,occurs_in_speaker_text
1999,5310,2,occurs_in_speaker_text
2445,5310,1,occurs_in_speaker_text
16,5310,1,occurs_in_speaker_text
1310,5310,1,occurs_in_speaker_text
2002,5310,1,occurs_in_speaker_text
3347,5310,1,occurs_in_speaker_text
3904,5310,1,occurs_in_speaker_text
1785,5310,1,occurs_in_speaker_text
4735,5310,2,occurs_in_speaker_text
4040,5310,1,occurs_in_speaker_text
4878,5310,1,occurs_in_speaker_text
2795,5310,1,occurs_in_speaker_text
1714,5310,3,occurs_in_speaker_text
4286,5310,1,occurs_in_speaker_text
4456,5310,1,occurs_in_speaker_text
1786,5310,1,occurs_in_speaker_text
239,5310,2,occurs_in_speaker_text
4817,5310,1,occurs_in_speaker_text
2567,5310,1,occurs_in_speaker_text
26,5310,1,occurs_in_speaker_text
4006,5310,1,occurs_in_speaker_text
3991,5310,1,occurs_in_speaker_text
4813,5310,1,occurs_in_speaker_text
339,5310,1,occurs_in_speaker_text
954,5310,1,occurs_in_speaker_text
4097,5310,1,occurs_in_speaker_text
2762,5310,1,occurs_in_speaker_text
4124,5310,1,occurs_in_speaker_text
4051,5310,1,occurs_in_speaker_text
2987,5310,1,occurs_in_speaker_text
3939,5310,1,occurs_in_speaker_text
3150,5310,2,occurs_in_speaker_text
2478,5310,1,occurs_in_speaker_text
2072,5310,2,occurs_in_speaker_text
4091,5310,2,occurs_in_speaker_text
1934,5310,1,occurs_in_speaker_text
4441,5310,1,occurs_in_speaker_text
2754,5310,1,occurs_in_speaker_text
2511,5310,1,occurs_in_speaker_text
2657,5310,1,occurs_in_speaker_text
5045,5311,2,occurs_in_speaker_text
99,5311,2,occurs_in_speaker_text
947,5311,3,occurs_in_speaker_text
4598,5311,1,occurs_in_speaker_text
1272,5311,21,occurs_in_speaker_text
1367,5311,1,occurs_in_speaker_text
659,5311,1,occurs_in_speaker_text
4003,5311,11,occurs_in_speaker_text
1232,5311,13,occurs_in_speaker_text
942,5311,1,occurs_in_speaker_text
3433,5311,1,occurs_in_speaker_text
2983,5311,1,occurs_in_speaker_text
5047,5311,1,occurs_in_speaker_text
4884,5311,1,occurs_in_speaker_text
2935,5311,1,occurs_in_speaker_text
3012,5311,2,occurs_in_speaker_text
275,5311,1,occurs_in_speaker_text
4932,5311,1,occurs_in_speaker_text
1431,5311,4,occurs_in_speaker_text
2750,5311,1,occurs_in_speaker_text
3730,5311,1,occurs_in_speaker_text
811,5311,3,occurs_in_speaker_text
4325,5311,1,occurs_in_speaker_text
1331,5311,2,occurs_in_speaker_text
229,5311,1,occurs_in_speaker_text
4401,5311,1,occurs_in_speaker_text
2073,5311,2,occurs_in_speaker_text
279,5311,1,occurs_in_speaker_text
3196,5311,2,occurs_in_speaker_text
3438,5311,7,occurs_in_speaker_text
2896,5311,1,occurs_in_speaker_text
576,5311,2,occurs_in_speaker_text
4368,5311,1,occurs_in_speaker_text
1508,5311,2,occurs_in_speaker_text
604,5311,1,occurs_in_speaker_text
1269,5311,1,occurs_in_speaker_text
1165,5311,1,occurs_in_speaker_text
845,5311,2,occurs_in_speaker_text
2538,5311,13,occurs_in_speaker_text
4564,5311,1,occurs_in_speaker_text
1640,5311,1,occurs_in_speaker_text
1461,5311,3,occurs_in_speaker_text
4188,5311,1,occurs_in_speaker_text
2227,5311,1,occurs_in_speaker_text
1428,5311,1,occurs_in_speaker_text
3708,5311,1,occurs_in_speaker_text
3791,5311,1,occurs_in_speaker_text
2844,5311,1,occurs_in_speaker_text
2993,5311,2,occurs_in_speaker_text
637,5311,1,occurs_in_speaker_text
4199,5311,1,occurs_in_speaker_text
4815,5311,1,occurs_in_speaker_text
994,5311,1,occurs_in_speaker_text
3323,5311,1,occurs_in_speaker_text
4803,5311,1,occurs_in_speaker_text
1871,5311,1,occurs_in_speaker_text
5075,5311,1,occurs_in_speaker_text
1788,5311,1,occurs_in_speaker_text
3458,5311,1,occurs_in_speaker_text
2673,5311,1,occurs_in_speaker_text
156,5311,1,occurs_in_speaker_text
3789,5311,1,occurs_in_speaker_text
2970,5312,1,occurs_in_speaker_text
4003,5312,3,occurs_in_speaker_text
2725,5312,1,occurs_in_speaker_text
3505,5312,1,occurs_in_speaker_text
4058,5312,1,occurs_in_speaker_text
1572,5312,1,occurs_in_speaker_text
3323,5312,1,occurs_in_speaker_text
4368,5312,2,occurs_in_speaker_text
596,5312,1,occurs_in_speaker_text
811,5312,3,occurs_in_speaker_text
893,5312,1,occurs_in_speaker_text
4427,5312,1,occurs_in_speaker_text
4730,5312,1,occurs_in_speaker_text
2750,5312,2,occurs_in_speaker_text
3035,5312,1,occurs_in_speaker_text
2016,5312,1,occurs_in_speaker_text
4179,5312,1,occurs_in_speaker_text
2485,5312,2,occurs_in_speaker_text
3708,5312,2,occurs_in_speaker_text
3562,5312,2,occurs_in_speaker_text
3815,5312,1,occurs_in_speaker_text
608,5312,1,occurs_in_speaker_text
234,5312,1,occurs_in_speaker_text
1243,5312,1,occurs_in_speaker_text
389,5312,1,occurs_in_speaker_text
4576,5312,2,occurs_in_speaker_text
431,5312,1,occurs_in_speaker_text
1586,5312,1,occurs_in_speaker_text
1218,5312,1,occurs_in_speaker_text
1536,5312,1,occurs_in_speaker_text
1999,5312,1,occurs_in_speaker_text
1232,5312,1,occurs_in_speaker_text
1291,5312,1,occurs_in_speaker_text
2809,5312,1,occurs_in_speaker_text
3724,5312,1,occurs_in_speaker_text
4228,5312,1,occurs_in_speaker_text
30,5312,1,occurs_in_speaker_text
2445,5312,3,occurs_in_speaker_text
4760,5312,1,occurs_in_speaker_text
4541,5312,1,occurs_in_speaker_text
1739,5312,1,occurs_in_speaker_text
81,5312,1,occurs_in_speaker_text
4887,5312,1,occurs_in_speaker_text
1715,5312,1,occurs_in_speaker_text
4855,5313,2,occurs_in_speaker_text
4979,5313,1,occurs_in_speaker_text
2795,5313,1,occurs_in_speaker_text
4358,5313,1,occurs_in_speaker_text
1144,5313,1,occurs_in_speaker_text
1640,5313,1,occurs_in_speaker_text
162,5313,1,occurs_in_speaker_text
1331,5313,6,occurs_in_speaker_text
4590,5313,1,occurs_in_speaker_text
1999,5313,6,occurs_in_speaker_text
3767,5313,1,occurs_in_speaker_text
4003,5313,7,occurs_in_speaker_text
3099,5313,3,occurs_in_speaker_text
659,5313,1,occurs_in_speaker_text
3388,5313,1,occurs_in_speaker_text
2485,5313,4,occurs_in_speaker_text
3394,5313,1,occurs_in_speaker_text
4975,5313,1,occurs_in_speaker_text
3811,5313,1,occurs_in_speaker_text
1677,5313,2,occurs_in_speaker_text
2660,5313,1,occurs_in_speaker_text
3562,5313,1,occurs_in_speaker_text
3021,5313,1,occurs_in_speaker_text
2963,5313,1,occurs_in_speaker_text
1637,5313,3,occurs_in_speaker_text
1509,5313,1,occurs_in_speaker_text
4299,5313,1,occurs_in_speaker_text
4040,5313,1,occurs_in_speaker_text
3779,5313,1,occurs_in_speaker_text
4724,5313,2,occurs_in_speaker_text
2574,5313,1,occurs_in_speaker_text
4878,5313,2,occurs_in_speaker_text
5029,5313,2,occurs_in_speaker_text
4271,5313,1,occurs_in_speaker_text
4091,5313,1,occurs_in_speaker_text
3635,5313,2,occurs_in_speaker_text
5045,5313,1,occurs_in_speaker_text
3908,5313,1,occurs_in_speaker_text
942,5313,3,occurs_in_speaker_text
1994,5313,1,occurs_in_speaker_text
2,5313,1,occurs_in_speaker_text
3107,5313,1,occurs_in_speaker_text
4261,5313,1,occurs_in_speaker_text
4780,5313,1,occurs_in_speaker_text
1459,5313,2,occurs_in_speaker_text
1232,5313,1,occurs_in_speaker_text
507,5313,1,occurs_in_speaker_text
893,5313,1,occurs_in_speaker_text
1986,5313,1,occurs_in_speaker_text
4124,5313,1,occurs_in_speaker_text
3010,5313,1,occurs_in_speaker_text
1702,5313,2,occurs_in_speaker_text
740,5313,1,occurs_in_speaker_text
2554,5313,1,occurs_in_speaker_text
2289,5313,1,occurs_in_speaker_text
3526,5313,2,occurs_in_speaker_text
4051,5313,2,occurs_in_speaker_text
4923,5313,1,occurs_in_speaker_text
4006,5313,1,occurs_in_speaker_text
863,5313,4,occurs_in_speaker_text
4887,5313,1,occurs_in_speaker_text
2683,5313,1,occurs_in_speaker_text
234,5313,1,occurs_in_speaker_text
2571,5313,1,occurs_in_speaker_text
4184,5313,1,occurs_in_speaker_text
139,5313,1,occurs_in_speaker_text
2910,5313,1,occurs_in_speaker_text
4582,5314,1,occurs_in_speaker_text
80,5314,1,occurs_in_speaker_text
4003,5314,7,occurs_in_speaker_text
1431,5314,2,occurs_in_speaker_text
4724,5314,1,occurs_in_speaker_text
3457,5314,1,occurs_in_speaker_text
2574,5314,1,occurs_in_speaker_text
5046,5314,1,occurs_in_speaker_text
2605,5314,1,occurs_in_speaker_text
308,5314,2,occurs_in_speaker_text
811,5314,1,occurs_in_speaker_text
1331,5314,2,occurs_in_speaker_text
2161,5314,1,occurs_in_speaker_text
156,5314,1,occurs_in_speaker_text
2368,5314,1,occurs_in_speaker_text
324,5314,1,occurs_in_speaker_text
4744,5314,6,occurs_in_speaker_text
2438,5314,1,occurs_in_speaker_text
3583,5314,7,occurs_in_speaker_text
2090,5314,1,occurs_in_speaker_text
4086,5314,1,occurs_in_speaker_text
3781,5314,1,occurs_in_speaker_text
2882,5314,1,occurs_in_speaker_text
234,5314,2,occurs_in_speaker_text
4353,5314,1,occurs_in_speaker_text
2411,5314,1,occurs_in_speaker_text
4576,5314,2,occurs_in_speaker_text
323,5314,2,occurs_in_speaker_text
1625,5314,1,occurs_in_speaker_text
4560,5315,1,occurs_in_speaker_text
2367,5315,2,occurs_in_speaker_text
2886,5315,1,occurs_in_speaker_text
957,5315,1,occurs_in_speaker_text
1386,5315,1,occurs_in_speaker_text
4092,5315,1,occurs_in_speaker_text
5045,5315,1,occurs_in_speaker_text
2538,5315,1,occurs_in_speaker_text
629,5315,1,occurs_in_speaker_text
234,5315,1,occurs_in_speaker_text
4027,5315,1,occurs_in_speaker_text
4622,5315,1,occurs_in_speaker_text
1536,5315,1,occurs_in_speaker_text
2774,5315,1,occurs_in_speaker_text
969,5315,1,occurs_in_speaker_text
2462,5315,1,occurs_in_speaker_text
792,5315,1,occurs_in_speaker_text
345,5315,1,occurs_in_speaker_text
811,5315,2,occurs_in_speaker_text
4631,5315,1,occurs_in_speaker_text
2332,5315,1,occurs_in_speaker_text
2510,5315,1,occurs_in_speaker_text
1687,5315,1,occurs_in_speaker_text
3066,5315,1,occurs_in_speaker_text
376,5315,1,occurs_in_speaker_text
1331,5315,1,occurs_in_speaker_text
139,5315,7,occurs_in_speaker_text
3572,5315,1,occurs_in_speaker_text
4590,5315,1,occurs_in_speaker_text
4949,5315,1,occurs_in_speaker_text
4798,5315,1,occurs_in_speaker_text
2461,5315,2,occurs_in_speaker_text
3089,5315,1,occurs_in_speaker_text
3500,5316,1,occurs_in_speaker_text
234,5316,2,occurs_in_speaker_text
3099,5316,1,occurs_in_speaker_text
2868,5316,1,occurs_in_speaker_text
4040,5316,1,occurs_in_speaker_text
2417,5316,1,occurs_in_speaker_text
3562,5316,1,occurs_in_speaker_text
1331,5316,1,occurs_in_speaker_text
863,5316,1,occurs_in_speaker_text
1768,5316,2,occurs_in_speaker_text
3724,5316,2,occurs_in_speaker_text
375,5316,1,occurs_in_speaker_text
3809,5316,1,occurs_in_speaker_text
3104,5316,1,occurs_in_speaker_text
3284,5316,1,occurs_in_speaker_text
3508,5316,1,occurs_in_speaker_text
1241,5316,1,occurs_in_speaker_text
3782,5316,1,occurs_in_speaker_text
2982,5316,1,occurs_in_speaker_text
209,5316,1,occurs_in_speaker_text
2532,5316,1,occurs_in_speaker_text
2023,5316,1,occurs_in_speaker_text
1346,5316,1,occurs_in_speaker_text
782,5316,1,occurs_in_speaker_text
4267,5316,1,occurs_in_speaker_text
3255,5316,1,occurs_in_speaker_text
3185,5316,1,occurs_in_speaker_text
2462,5316,2,occurs_in_speaker_text
1431,5316,1,occurs_in_speaker_text
469,5316,2,occurs_in_speaker_text
2517,5316,1,occurs_in_speaker_text
4119,5316,1,occurs_in_speaker_text
4398,5316,1,occurs_in_speaker_text
4143,5316,3,occurs_in_speaker_text
908,5316,1,occurs_in_speaker_text
3967,5316,8,occurs_in_speaker_text
3890,5316,1,occurs_in_speaker_text
4368,5316,1,occurs_in_speaker_text
3526,5316,1,occurs_in_speaker_text
4003,5316,1,occurs_in_speaker_text
1776,5316,2,occurs_in_speaker_text
3292,5316,1,occurs_in_speaker_text
139,5316,1,occurs_in_speaker_text
4087,5316,1,occurs_in_speaker_text
2160,5316,1,occurs_in_speaker_text
4299,5316,1,occurs_in_speaker_text
4134,5316,1,occurs_in_speaker_text
1144,5316,1,occurs_in_speaker_text
1725,5316,3,occurs_in_speaker_text
4855,5316,1,occurs_in_speaker_text
1859,5316,1,occurs_in_speaker_text
222,5316,1,occurs_in_speaker_text
5045,5316,2,occurs_in_speaker_text
968,5316,1,occurs_in_speaker_text
1640,5316,1,occurs_in_speaker_text
4878,5316,3,occurs_in_speaker_text
3943,5316,1,occurs_in_speaker_text
239,5316,1,occurs_in_speaker_text
1999,5316,2,occurs_in_speaker_text
3246,5316,1,occurs_in_speaker_text
183,5316,1,occurs_in_speaker_text
4878,5317,4,occurs_in_speaker_text
3967,5317,2,occurs_in_speaker_text
5043,5317,1,occurs_in_speaker_text
3771,5317,1,occurs_in_speaker_text
2002,5317,1,occurs_in_speaker_text
4003,5317,3,occurs_in_speaker_text
3500,5317,3,occurs_in_speaker_text
2952,5317,5,occurs_in_speaker_text
1331,5317,3,occurs_in_speaker_text
1999,5317,3,occurs_in_speaker_text
2485,5317,3,occurs_in_speaker_text
4119,5317,1,occurs_in_speaker_text
2445,5317,3,occurs_in_speaker_text
3111,5317,3,occurs_in_speaker_text
3911,5317,1,occurs_in_speaker_text
2024,5317,1,occurs_in_speaker_text
3418,5317,1,occurs_in_speaker_text
162,5317,4,occurs_in_speaker_text
3099,5317,3,occurs_in_speaker_text
3724,5317,5,occurs_in_speaker_text
4040,5317,1,occurs_in_speaker_text
1396,5317,2,occurs_in_speaker_text
3460,5317,1,occurs_in_speaker_text
81,5317,1,occurs_in_speaker_text
893,5317,1,occurs_in_speaker_text
2983,5317,2,occurs_in_speaker_text
507,5317,2,occurs_in_speaker_text
1824,5317,1,occurs_in_speaker_text
2910,5317,3,occurs_in_speaker_text
4271,5317,1,occurs_in_speaker_text
3904,5317,1,occurs_in_speaker_text
1969,5317,1,occurs_in_speaker_text
2766,5317,2,occurs_in_speaker_text
4368,5317,1,occurs_in_speaker_text
1291,5317,1,occurs_in_speaker_text
1918,5317,1,occurs_in_speaker_text
4855,5317,1,occurs_in_speaker_text
3526,5317,3,occurs_in_speaker_text
4724,5317,6,occurs_in_speaker_text
4143,5317,4,occurs_in_speaker_text
2574,5317,2,occurs_in_speaker_text
2349,5317,1,occurs_in_speaker_text
275,5317,2,occurs_in_speaker_text
2660,5317,1,occurs_in_speaker_text
4576,5317,4,occurs_in_speaker_text
4299,5317,1,occurs_in_speaker_text
1637,5317,1,occurs_in_speaker_text
2761,5317,1,occurs_in_speaker_text
2778,5317,1,occurs_in_speaker_text
1008,5317,1,occurs_in_speaker_text
1994,5317,2,occurs_in_speaker_text
2588,5317,1,occurs_in_speaker_text
464,5317,1,occurs_in_speaker_text
1748,5317,1,occurs_in_speaker_text
4286,5317,1,occurs_in_speaker_text
185,5317,1,occurs_in_speaker_text
4653,5317,1,occurs_in_speaker_text
239,5317,1,occurs_in_speaker_text
3317,5317,1,occurs_in_speaker_text
1954,5317,1,occurs_in_speaker_text
139,5317,1,occurs_in_speaker_text
753,5317,1,occurs_in_speaker_text
2972,5317,3,occurs_in_speaker_text
1580,5317,1,occurs_in_speaker_text
5070,5317,1,occurs_in_speaker_text
50,5317,1,occurs_in_speaker_text
4203,5317,1,occurs_in_speaker_text
5053,5317,1,occurs_in_speaker_text
1872,5317,1,occurs_in_speaker_text
3157,5317,1,occurs_in_speaker_text
329,5317,1,occurs_in_speaker_text
103,5317,1,occurs_in_speaker_text
4459,5317,1,occurs_in_speaker_text
1431,5317,1,occurs_in_speaker_text
1297,5317,1,occurs_in_speaker_text
1834,5317,1,occurs_in_speaker_text
811,5317,2,occurs_in_speaker_text
4775,5317,1,occurs_in_speaker_text
2799,5317,1,occurs_in_speaker_text
2773,5317,2,occurs_in_speaker_text
3477,5317,1,occurs_in_speaker_text
4398,5317,2,occurs_in_speaker_text
4887,5317,1,occurs_in_speaker_text
3635,5317,1,occurs_in_speaker_text
4006,5317,1,occurs_in_speaker_text
1417,5317,1,occurs_in_speaker_text
2132,5317,1,occurs_in_speaker_text
3803,5317,2,occurs_in_speaker_text
365,5317,1,occurs_in_speaker_text
4277,5317,2,occurs_in_speaker_text
2750,5317,1,occurs_in_speaker_text
4283,5317,1,occurs_in_speaker_text
246,5317,1,occurs_in_speaker_text
2105,5317,1,occurs_in_speaker_text
4753,5317,1,occurs_in_speaker_text
4514,5318,1,occurs_in_speaker_text
811,5318,6,occurs_in_speaker_text
4576,5318,2,occurs_in_speaker_text
2312,5318,1,occurs_in_speaker_text
586,5318,1,occurs_in_speaker_text
335,5318,1,occurs_in_speaker_text
4003,5318,4,occurs_in_speaker_text
87,5318,1,occurs_in_speaker_text
234,5318,2,occurs_in_speaker_text
4508,5318,1,occurs_in_speaker_text
2563,5318,1,occurs_in_speaker_text
296,5318,1,occurs_in_speaker_text
243,5318,2,occurs_in_speaker_text
2079,5318,1,occurs_in_speaker_text
2910,5318,1,occurs_in_speaker_text
3376,5318,1,occurs_in_speaker_text
142,5318,1,occurs_in_speaker_text
3695,5318,1,occurs_in_speaker_text
1020,5318,2,occurs_in_speaker_text
1144,5318,1,occurs_in_speaker_text
2538,5318,1,occurs_in_speaker_text
3012,5318,1,occurs_in_speaker_text
1176,5318,1,occurs_in_speaker_text
4003,5319,11,occurs_in_speaker_text
2870,5319,1,occurs_in_speaker_text
1431,5319,1,occurs_in_speaker_text
4398,5319,1,occurs_in_speaker_text
3736,5320,1,occurs_in_speaker_text
312,5320,1,occurs_in_speaker_text
1436,5320,1,occurs_in_speaker_text
3408,5320,1,occurs_in_speaker_text
4051,5320,1,occurs_in_speaker_text
3114,5320,1,occurs_in_speaker_text
3255,5320,1,occurs_in_speaker_text
4576,5320,1,occurs_in_speaker_text
4036,5320,1,occurs_in_speaker_text
3661,5321,1,occurs_in_speaker_text
2461,5321,2,occurs_in_speaker_text
4914,5321,1,occurs_in_speaker_text
1758,5321,48,occurs_in_speaker_text
2574,5321,1,occurs_in_speaker_text
3035,5321,2,occurs_in_speaker_text
328,5321,4,occurs_in_speaker_text
797,5321,1,occurs_in_speaker_text
4368,5321,3,occurs_in_speaker_text
1985,5321,1,occurs_in_speaker_text
4855,5321,1,occurs_in_speaker_text
234,5321,1,occurs_in_speaker_text
4815,5321,2,occurs_in_speaker_text
4217,5321,2,occurs_in_speaker_text
4955,5321,2,occurs_in_speaker_text
1994,5321,2,occurs_in_speaker_text
3079,5321,1,occurs_in_speaker_text
4317,5321,1,occurs_in_speaker_text
1331,5321,2,occurs_in_speaker_text
3635,5321,2,occurs_in_speaker_text
1254,5321,1,occurs_in_speaker_text
2458,5321,1,occurs_in_speaker_text
1157,5321,1,occurs_in_speaker_text
4159,5321,1,occurs_in_speaker_text
3150,5321,1,occurs_in_speaker_text
3352,5321,1,occurs_in_speaker_text
2972,5321,1,occurs_in_speaker_text
415,5321,3,occurs_in_speaker_text
3386,5321,1,occurs_in_speaker_text
1291,5321,1,occurs_in_speaker_text
3724,5321,2,occurs_in_speaker_text
376,5321,1,occurs_in_speaker_text
887,5321,1,occurs_in_speaker_text
3712,5321,1,occurs_in_speaker_text
1331,5323,1,occurs_in_speaker_text
586,5323,1,occurs_in_speaker_text
4798,5323,3,occurs_in_speaker_text
2289,5323,1,occurs_in_speaker_text
1747,5323,1,occurs_in_speaker_text
5077,5323,1,occurs_in_speaker_text
1687,5323,1,occurs_in_speaker_text
4528,5323,1,occurs_in_speaker_text
3099,5323,1,occurs_in_speaker_text
2554,5324,2,occurs_in_speaker_text
308,5324,1,occurs_in_speaker_text
809,5324,1,occurs_in_speaker_text
1915,5325,1,occurs_in_speaker_text
2485,5325,3,occurs_in_speaker_text
4003,5325,5,occurs_in_speaker_text
942,5325,2,occurs_in_speaker_text
3150,5325,1,occurs_in_speaker_text
4724,5325,4,occurs_in_speaker_text
3107,5325,1,occurs_in_speaker_text
1431,5325,5,occurs_in_speaker_text
3713,5325,1,occurs_in_speaker_text
1536,5325,2,occurs_in_speaker_text
4576,5325,1,occurs_in_speaker_text
4196,5325,1,occurs_in_speaker_text
4261,5325,1,occurs_in_speaker_text
443,5325,2,occurs_in_speaker_text
4859,5325,2,occurs_in_speaker_text
2445,5325,1,occurs_in_speaker_text
4353,5325,1,occurs_in_speaker_text
2072,5325,1,occurs_in_speaker_text
387,5325,1,occurs_in_speaker_text
3911,5325,1,occurs_in_speaker_text
629,5325,2,occurs_in_speaker_text
811,5325,1,occurs_in_speaker_text
4228,5325,1,occurs_in_speaker_text
2574,5325,1,occurs_in_speaker_text
4990,5325,1,occurs_in_speaker_text
2773,5325,1,occurs_in_speaker_text
2105,5325,1,occurs_in_speaker_text
3904,5325,1,occurs_in_speaker_text
2854,5325,1,occurs_in_speaker_text
3099,5325,3,occurs_in_speaker_text
234,5325,2,occurs_in_speaker_text
2155,5325,1,occurs_in_speaker_text
1058,5325,1,occurs_in_speaker_text
5072,5325,1,occurs_in_speaker_text
4143,5325,2,occurs_in_speaker_text
2910,5325,1,occurs_in_speaker_text
1687,5325,1,occurs_in_speaker_text
3526,5325,2,occurs_in_speaker_text
2247,5325,1,occurs_in_speaker_text
495,5325,1,occurs_in_speaker_text
4091,5325,1,occurs_in_speaker_text
1859,5325,1,occurs_in_speaker_text
2538,5325,1,occurs_in_speaker_text
2312,5325,1,occurs_in_speaker_text
4282,5325,2,occurs_in_speaker_text
3767,5325,1,occurs_in_speaker_text
298,5325,1,occurs_in_speaker_text
2870,5325,1,occurs_in_speaker_text
5045,5325,1,occurs_in_speaker_text
3635,5325,1,occurs_in_speaker_text
1879,5325,1,occurs_in_speaker_text
5029,5325,1,occurs_in_speaker_text
844,5325,1,occurs_in_speaker_text
2630,5325,1,occurs_in_speaker_text
2776,5325,1,occurs_in_speaker_text
1768,5326,1,occurs_in_speaker_text
1859,5326,1,occurs_in_speaker_text
4143,5326,1,occurs_in_speaker_text
1144,5326,1,occurs_in_speaker_text
1384,5326,2,occurs_in_speaker_text
5064,5326,1,occurs_in_speaker_text
3099,5327,5,occurs_in_speaker_text
1331,5327,12,occurs_in_speaker_text
1509,5327,2,occurs_in_speaker_text
605,5327,6,occurs_in_speaker_text
3635,5327,2,occurs_in_speaker_text
3562,5327,1,occurs_in_speaker_text
4003,5327,1,occurs_in_speaker_text
1415,5327,1,occurs_in_speaker_text
4910,5327,1,occurs_in_speaker_text
3740,5327,1,occurs_in_speaker_text
1768,5327,1,occurs_in_speaker_text
808,5327,4,occurs_in_speaker_text
2629,5327,1,occurs_in_speaker_text
308,5327,2,occurs_in_speaker_text
1157,5327,1,occurs_in_speaker_text
4119,5327,1,occurs_in_speaker_text
222,5327,1,occurs_in_speaker_text
4724,5327,4,occurs_in_speaker_text
3505,5327,1,occurs_in_speaker_text
2001,5327,1,occurs_in_speaker_text
944,5328,2,occurs_in_speaker_text
4887,5328,2,occurs_in_speaker_text
1114,5328,1,occurs_in_speaker_text
4058,5328,1,occurs_in_speaker_text
1759,5328,2,occurs_in_speaker_text
4083,5328,5,occurs_in_speaker_text
2082,5328,1,occurs_in_speaker_text
629,5328,1,occurs_in_speaker_text
3012,5328,1,occurs_in_speaker_text
1536,5328,2,occurs_in_speaker_text
3755,5328,1,occurs_in_speaker_text
2902,5328,1,occurs_in_speaker_text
234,5328,1,occurs_in_speaker_text
560,5328,1,occurs_in_speaker_text
822,5328,1,occurs_in_speaker_text
920,5328,3,occurs_in_speaker_text
811,5328,2,occurs_in_speaker_text
1882,5328,1,occurs_in_speaker_text
3347,5329,1,occurs_in_speaker_text
2485,5329,2,occurs_in_speaker_text
740,5329,1,occurs_in_speaker_text
3286,5329,9,occurs_in_speaker_text
4263,5329,1,occurs_in_speaker_text
308,5329,1,occurs_in_speaker_text
4729,5329,2,occurs_in_speaker_text
4143,5329,1,occurs_in_speaker_text
1956,5329,1,occurs_in_speaker_text
464,5329,1,occurs_in_speaker_text
4724,5329,1,occurs_in_speaker_text
4398,5329,1,occurs_in_speaker_text
1509,5329,1,occurs_in_speaker_text
4286,5330,1,occurs_in_speaker_text
1360,5330,1,occurs_in_speaker_text
4415,5330,1,occurs_in_speaker_text
3150,5330,1,occurs_in_speaker_text
2485,5330,6,occurs_in_speaker_text
4493,5330,8,occurs_in_speaker_text
4724,5330,1,occurs_in_speaker_text
4297,5330,1,occurs_in_speaker_text
162,5330,1,occurs_in_speaker_text
3823,5330,1,occurs_in_speaker_text
2276,5330,1,occurs_in_speaker_text
3635,5330,1,occurs_in_speaker_text
4224,5330,1,occurs_in_speaker_text
3526,5330,2,occurs_in_speaker_text
204,5330,1,occurs_in_speaker_text
942,5330,1,occurs_in_speaker_text
811,5331,3,occurs_in_speaker_text
2160,5331,1,occurs_in_speaker_text
1714,5331,1,occurs_in_speaker_text
3226,5331,1,occurs_in_speaker_text
2240,5331,1,occurs_in_speaker_text
4576,5331,4,occurs_in_speaker_text
942,5331,6,occurs_in_speaker_text
3574,5331,1,occurs_in_speaker_text
4152,5331,1,occurs_in_speaker_text
33,5331,1,occurs_in_speaker_text
4887,5331,3,occurs_in_speaker_text
332,5331,1,occurs_in_speaker_text
4855,5331,1,occurs_in_speaker_text
4470,5331,2,occurs_in_speaker_text
3010,5331,2,occurs_in_speaker_text
3420,5331,1,occurs_in_speaker_text
2983,5331,1,occurs_in_speaker_text
308,5331,1,occurs_in_speaker_text
1659,5331,1,occurs_in_speaker_text
822,5331,1,occurs_in_speaker_text
4246,5331,1,occurs_in_speaker_text
3044,5332,1,occurs_in_speaker_text
311,5332,1,occurs_in_speaker_text
1680,5332,1,occurs_in_speaker_text
2209,5332,3,occurs_in_speaker_text
811,5332,6,occurs_in_speaker_text
1739,5332,2,occurs_in_speaker_text
3526,5332,3,occurs_in_speaker_text
507,5332,1,occurs_in_speaker_text
1601,5332,1,occurs_in_speaker_text
243,5332,2,occurs_in_speaker_text
3012,5332,2,occurs_in_speaker_text
863,5332,1,occurs_in_speaker_text
3702,5332,1,occurs_in_speaker_text
3967,5332,1,occurs_in_speaker_text
2910,5332,1,occurs_in_speaker_text
4576,5332,2,occurs_in_speaker_text
2538,5332,2,occurs_in_speaker_text
3010,5332,1,occurs_in_speaker_text
4887,5332,1,occurs_in_speaker_text
3357,5332,1,occurs_in_speaker_text
1331,5332,3,occurs_in_speaker_text
1536,5332,1,occurs_in_speaker_text
4003,5332,3,occurs_in_speaker_text
1605,5332,1,occurs_in_speaker_text
2072,5332,1,occurs_in_speaker_text
4336,5332,1,occurs_in_speaker_text
4884,5332,1,occurs_in_speaker_text
4893,5332,1,occurs_in_speaker_text
586,5332,1,occurs_in_speaker_text
666,5332,1,occurs_in_speaker_text
1177,5332,1,occurs_in_speaker_text
2155,5332,1,occurs_in_speaker_text
4300,5333,1,occurs_in_speaker_text
2778,5333,1,occurs_in_speaker_text
1305,5333,1,occurs_in_speaker_text
4482,5333,1,occurs_in_speaker_text
4353,5333,1,occurs_in_speaker_text
1799,5333,1,occurs_in_speaker_text
4378,5333,2,occurs_in_speaker_text
994,5333,2,occurs_in_speaker_text
3150,5333,1,occurs_in_speaker_text
4124,5333,1,occurs_in_speaker_text
308,5333,2,occurs_in_speaker_text
3865,5333,1,occurs_in_speaker_text
2935,5333,1,occurs_in_speaker_text
3380,5333,12,occurs_in_speaker_text
3287,5333,4,occurs_in_speaker_text
4409,5333,1,occurs_in_speaker_text
46,5333,1,occurs_in_speaker_text
2521,5333,5,occurs_in_speaker_text
4082,5333,1,occurs_in_speaker_text
3010,5333,2,occurs_in_speaker_text
1431,5333,1,occurs_in_speaker_text
1859,5333,1,occurs_in_speaker_text
222,5333,1,occurs_in_speaker_text
2365,5333,1,occurs_in_speaker_text
2670,5333,1,occurs_in_speaker_text
4292,5333,1,occurs_in_speaker_text
2289,5333,2,occurs_in_speaker_text
4724,5333,1,occurs_in_speaker_text
2983,5333,3,occurs_in_speaker_text
415,5333,1,occurs_in_speaker_text
2982,5333,1,occurs_in_speaker_text
3341,5333,1,occurs_in_speaker_text
2795,5333,1,occurs_in_speaker_text
906,5333,1,occurs_in_speaker_text
1714,5333,1,occurs_in_speaker_text
3415,5333,1,occurs_in_speaker_text
2592,5333,1,occurs_in_speaker_text
3656,5333,1,occurs_in_speaker_text
3678,5333,1,occurs_in_speaker_text
2054,5333,1,occurs_in_speaker_text
3894,5333,1,occurs_in_speaker_text
3345,5333,1,occurs_in_speaker_text
4925,5333,1,occurs_in_speaker_text
2809,5333,1,occurs_in_speaker_text
4887,5333,1,occurs_in_speaker_text
1331,5333,4,occurs_in_speaker_text
1536,5333,1,occurs_in_speaker_text
4003,5333,2,occurs_in_speaker_text
664,5333,1,occurs_in_speaker_text
629,5333,2,occurs_in_speaker_text
696,5333,1,occurs_in_speaker_text
2497,5333,1,occurs_in_speaker_text
1687,5333,1,occurs_in_speaker_text
2773,5333,2,occurs_in_speaker_text
3097,5333,1,occurs_in_speaker_text
4780,5333,1,occurs_in_speaker_text
1322,5333,1,occurs_in_speaker_text
4214,5333,1,occurs_in_speaker_text
1901,5333,1,occurs_in_speaker_text
4339,5333,1,occurs_in_speaker_text
2766,5333,1,occurs_in_speaker_text
2233,5333,1,occurs_in_speaker_text
2691,5334,1,occurs_in_speaker_text
4688,5334,1,occurs_in_speaker_text
2749,5334,1,occurs_in_speaker_text
4633,5334,1,occurs_in_speaker_text
239,5334,1,occurs_in_speaker_text
1161,5334,1,occurs_in_speaker_text
2676,5334,1,occurs_in_speaker_text
2972,5334,1,occurs_in_speaker_text
811,5334,5,occurs_in_speaker_text
4576,5334,3,occurs_in_speaker_text
2750,5334,1,occurs_in_speaker_text
1331,5334,2,occurs_in_speaker_text
2423,5334,1,occurs_in_speaker_text
937,5334,1,occurs_in_speaker_text
2910,5334,8,occurs_in_speaker_text
4025,5334,2,occurs_in_speaker_text
2445,5334,4,occurs_in_speaker_text
3148,5334,1,occurs_in_speaker_text
3460,5334,1,occurs_in_speaker_text
3114,5334,1,occurs_in_speaker_text
1954,5334,4,occurs_in_speaker_text
4728,5334,1,occurs_in_speaker_text
1999,5334,3,occurs_in_speaker_text
4936,5334,1,occurs_in_speaker_text
3158,5334,1,occurs_in_speaker_text
1042,5334,1,occurs_in_speaker_text
2629,5334,2,occurs_in_speaker_text
2567,5334,1,occurs_in_speaker_text
2338,5334,1,occurs_in_speaker_text
3099,5334,2,occurs_in_speaker_text
3842,5334,1,occurs_in_speaker_text
3292,5334,1,occurs_in_speaker_text
4849,5334,2,occurs_in_speaker_text
822,5334,1,occurs_in_speaker_text
1637,5334,1,occurs_in_speaker_text
3177,5334,1,occurs_in_speaker_text
4440,5334,1,occurs_in_speaker_text
2773,5334,1,occurs_in_speaker_text
715,5334,1,occurs_in_speaker_text
2162,5334,1,occurs_in_speaker_text
143,5334,1,occurs_in_speaker_text
2095,5334,1,occurs_in_speaker_text
4325,5334,1,occurs_in_speaker_text
3831,5335,1,occurs_in_speaker_text
942,5335,1,occurs_in_speaker_text
568,5335,5,occurs_in_speaker_text
811,5335,2,occurs_in_speaker_text
507,5335,1,occurs_in_speaker_text
1455,5335,1,occurs_in_speaker_text
3674,5335,1,occurs_in_speaker_text
4878,5336,7,occurs_in_speaker_text
2485,5336,2,occurs_in_speaker_text
1177,5336,2,occurs_in_speaker_text
614,5336,1,occurs_in_speaker_text
4003,5336,4,occurs_in_speaker_text
966,5336,1,occurs_in_speaker_text
3855,5336,1,occurs_in_speaker_text
376,5336,1,occurs_in_speaker_text
2660,5336,1,occurs_in_speaker_text
3904,5336,1,occurs_in_speaker_text
1232,5336,1,occurs_in_speaker_text
1536,5336,1,occurs_in_speaker_text
2632,5336,1,occurs_in_speaker_text
629,5336,1,occurs_in_speaker_text
3500,5336,2,occurs_in_speaker_text
4143,5336,1,occurs_in_speaker_text
1551,5336,1,occurs_in_speaker_text
3693,5336,1,occurs_in_speaker_text
5045,5336,1,occurs_in_speaker_text
870,5336,1,occurs_in_speaker_text
566,5336,1,occurs_in_speaker_text
1331,5336,1,occurs_in_speaker_text
1459,5336,1,occurs_in_speaker_text
822,5336,1,occurs_in_speaker_text
1687,5336,1,occurs_in_speaker_text
4887,5336,2,occurs_in_speaker_text
2795,5336,1,occurs_in_speaker_text
2750,5336,1,occurs_in_speaker_text
1153,5336,1,occurs_in_speaker_text
55,5336,1,occurs_in_speaker_text
3034,5336,1,occurs_in_speaker_text
2910,5336,1,occurs_in_speaker_text
2773,5336,1,occurs_in_speaker_text
811,5336,2,occurs_in_speaker_text
4948,5336,1,occurs_in_speaker_text
2312,5336,2,occurs_in_speaker_text
1725,5336,1,occurs_in_speaker_text
46,5336,1,occurs_in_speaker_text
2538,5336,4,occurs_in_speaker_text
3012,5336,2,occurs_in_speaker_text
1244,5336,1,occurs_in_speaker_text
5029,5337,1,occurs_in_speaker_text
4286,5337,6,occurs_in_speaker_text
4124,5337,1,occurs_in_speaker_text
1149,5337,1,occurs_in_speaker_text
3724,5337,8,occurs_in_speaker_text
1999,5337,8,occurs_in_speaker_text
1157,5337,1,occurs_in_speaker_text
1536,5337,9,occurs_in_speaker_text
2750,5337,1,occurs_in_speaker_text
942,5337,1,occurs_in_speaker_text
4003,5337,3,occurs_in_speaker_text
3865,5337,5,occurs_in_speaker_text
2773,5337,1,occurs_in_speaker_text
822,5337,1,occurs_in_speaker_text
1584,5337,1,occurs_in_speaker_text
275,5337,2,occurs_in_speaker_text
3150,5337,2,occurs_in_speaker_text
811,5337,6,occurs_in_speaker_text
2766,5337,1,occurs_in_speaker_text
4878,5337,1,occurs_in_speaker_text
3855,5337,1,occurs_in_speaker_text
4849,5337,1,occurs_in_speaker_text
3911,5337,1,occurs_in_speaker_text
863,5337,1,occurs_in_speaker_text
2521,5337,1,occurs_in_speaker_text
1687,5337,2,occurs_in_speaker_text
2554,5337,2,occurs_in_speaker_text
2485,5337,1,occurs_in_speaker_text
1026,5337,1,occurs_in_speaker_text
1144,5337,1,occurs_in_speaker_text
2629,5337,1,occurs_in_speaker_text
4283,5337,1,occurs_in_speaker_text
3099,5337,1,occurs_in_speaker_text
3562,5337,1,occurs_in_speaker_text
3483,5337,1,occurs_in_speaker_text
1768,5337,1,occurs_in_speaker_text
2944,5337,1,occurs_in_speaker_text
3983,5337,1,occurs_in_speaker_text
2162,5337,1,occurs_in_speaker_text
2910,5337,2,occurs_in_speaker_text
2261,5337,1,occurs_in_speaker_text
3255,5337,1,occurs_in_speaker_text
2209,5337,1,occurs_in_speaker_text
1331,5337,1,occurs_in_speaker_text
4300,5337,2,occurs_in_speaker_text
800,5337,1,occurs_in_speaker_text
5077,5337,1,occurs_in_speaker_text
4294,5337,1,occurs_in_speaker_text
3150,5338,1,occurs_in_speaker_text
3724,5338,1,occurs_in_speaker_text
4878,5338,1,occurs_in_speaker_text
1620,5338,1,occurs_in_speaker_text
2485,5338,1,occurs_in_speaker_text
1144,5338,1,occurs_in_speaker_text
3562,5338,1,occurs_in_speaker_text
2773,5338,1,occurs_in_speaker_text
1115,5339,1,occurs_in_speaker_text
954,5339,1,occurs_in_speaker_text
2573,5339,1,occurs_in_speaker_text
549,5339,1,occurs_in_speaker_text
3526,5340,1,occurs_in_speaker_text
1431,5341,6,occurs_in_speaker_text
3816,5341,6,occurs_in_speaker_text
4003,5341,9,occurs_in_speaker_text
2445,5341,3,occurs_in_speaker_text
1693,5341,1,occurs_in_speaker_text
3584,5341,1,occurs_in_speaker_text
4051,5341,2,occurs_in_speaker_text
2972,5341,1,occurs_in_speaker_text
4891,5341,1,occurs_in_speaker_text
2554,5341,7,occurs_in_speaker_text
1934,5341,2,occurs_in_speaker_text
1236,5341,2,occurs_in_speaker_text
3034,5341,1,occurs_in_speaker_text
146,5341,1,occurs_in_speaker_text
1394,5341,1,occurs_in_speaker_text
1927,5341,1,occurs_in_speaker_text
96,5341,1,occurs_in_speaker_text
1331,5341,1,occurs_in_speaker_text
3767,5341,1,occurs_in_speaker_text
308,5341,1,occurs_in_speaker_text
942,5341,6,occurs_in_speaker_text
3323,5341,2,occurs_in_speaker_text
4576,5341,1,occurs_in_speaker_text
291,5341,1,occurs_in_speaker_text
2097,5341,1,occurs_in_speaker_text
1967,5341,1,occurs_in_speaker_text
2485,5341,6,occurs_in_speaker_text
3864,5341,2,occurs_in_speaker_text
2773,5341,1,occurs_in_speaker_text
2983,5341,1,occurs_in_speaker_text
4887,5342,2,occurs_in_speaker_text
4724,5342,2,occurs_in_speaker_text
3099,5342,1,occurs_in_speaker_text
5045,5342,1,occurs_in_speaker_text
319,5342,1,occurs_in_speaker_text
1494,5342,1,occurs_in_speaker_text
4194,5342,1,occurs_in_speaker_text
3333,5342,1,occurs_in_speaker_text
676,5342,1,occurs_in_speaker_text
499,5342,1,occurs_in_speaker_text
4354,5343,1,occurs_in_speaker_text
162,5343,1,occurs_in_speaker_text
4705,5343,1,occurs_in_speaker_text
1985,5343,1,occurs_in_speaker_text
4471,5343,8,occurs_in_speaker_text
1789,5343,1,occurs_in_speaker_text
3825,5343,1,occurs_in_speaker_text
685,5343,1,occurs_in_speaker_text
2160,5343,1,occurs_in_speaker_text
3148,5343,1,occurs_in_speaker_text
1677,5343,1,occurs_in_speaker_text
2574,5343,1,occurs_in_speaker_text
3500,5343,1,occurs_in_speaker_text
2461,5343,1,occurs_in_speaker_text
3179,5343,1,occurs_in_speaker_text
2629,5343,1,occurs_in_speaker_text
4724,5343,2,occurs_in_speaker_text
1266,5343,2,occurs_in_speaker_text
4003,5343,1,occurs_in_speaker_text
1536,5343,1,occurs_in_speaker_text
3003,5344,1,occurs_in_speaker_text
4780,5344,1,occurs_in_speaker_text
3526,5344,5,occurs_in_speaker_text
4993,5344,1,occurs_in_speaker_text
4091,5344,5,occurs_in_speaker_text
4119,5344,1,occurs_in_speaker_text
308,5344,1,occurs_in_speaker_text
3099,5344,7,occurs_in_speaker_text
4491,5344,1,occurs_in_speaker_text
1221,5344,1,occurs_in_speaker_text
1528,5344,1,occurs_in_speaker_text
3724,5344,1,occurs_in_speaker_text
2485,5344,1,occurs_in_speaker_text
4878,5344,3,occurs_in_speaker_text
4196,5344,3,occurs_in_speaker_text
234,5344,2,occurs_in_speaker_text
5061,5344,1,occurs_in_speaker_text
1637,5344,2,occurs_in_speaker_text
1101,5344,1,occurs_in_speaker_text
833,5344,1,occurs_in_speaker_text
2870,5344,1,occurs_in_speaker_text
2574,5344,1,occurs_in_speaker_text
597,5344,1,occurs_in_speaker_text
5045,5344,2,occurs_in_speaker_text
1859,5344,2,occurs_in_speaker_text
2761,5344,1,occurs_in_speaker_text
1640,5344,1,occurs_in_speaker_text
1751,5344,1,occurs_in_speaker_text
1331,5344,2,occurs_in_speaker_text
3208,5344,1,occurs_in_speaker_text
5069,5344,1,occurs_in_speaker_text
4373,5344,1,occurs_in_speaker_text
4094,5344,1,occurs_in_speaker_text
750,5344,1,occurs_in_speaker_text
4526,5344,1,occurs_in_speaker_text
2660,5344,1,occurs_in_speaker_text
4114,5344,2,occurs_in_speaker_text
4051,5344,1,occurs_in_speaker_text
3562,5344,1,occurs_in_speaker_text
139,5344,1,occurs_in_speaker_text
863,5344,2,occurs_in_speaker_text
956,5344,1,occurs_in_speaker_text
2012,5344,1,occurs_in_speaker_text
4117,5344,1,occurs_in_speaker_text
2864,5344,1,occurs_in_speaker_text
4398,5344,3,occurs_in_speaker_text
1768,5344,2,occurs_in_speaker_text
3635,5344,1,occurs_in_speaker_text
2462,5344,1,occurs_in_speaker_text
2858,5344,2,occurs_in_speaker_text
4935,5344,1,occurs_in_speaker_text
3414,5344,1,occurs_in_speaker_text
4261,5344,2,occurs_in_speaker_text
3500,5344,1,occurs_in_speaker_text
2766,5344,1,occurs_in_speaker_text
4006,5345,1,occurs_in_speaker_text
1754,5345,1,occurs_in_speaker_text
2910,5345,1,occurs_in_speaker_text
2461,5345,1,occurs_in_speaker_text
2365,5345,1,occurs_in_speaker_text
3005,5345,1,occurs_in_speaker_text
3131,5345,1,occurs_in_speaker_text
2634,5345,1,occurs_in_speaker_text
1515,5345,1,occurs_in_speaker_text
1637,5345,1,occurs_in_speaker_text
3397,5346,1,occurs_in_speaker_text
4124,5346,1,occurs_in_speaker_text
4299,5346,1,occurs_in_speaker_text
4686,5347,1,occurs_in_speaker_text
4622,5347,2,occurs_in_speaker_text
4398,5347,1,occurs_in_speaker_text
2485,5347,2,occurs_in_speaker_text
1331,5347,4,occurs_in_speaker_text
1459,5347,2,occurs_in_speaker_text
1824,5347,1,occurs_in_speaker_text
4124,5347,2,occurs_in_speaker_text
2972,5347,1,occurs_in_speaker_text
3662,5347,1,occurs_in_speaker_text
4876,5347,1,occurs_in_speaker_text
863,5347,1,occurs_in_speaker_text
1617,5347,1,occurs_in_speaker_text
3207,5347,1,occurs_in_speaker_text
3437,5347,1,occurs_in_speaker_text
4339,5347,1,occurs_in_speaker_text
811,5347,1,occurs_in_speaker_text
4576,5347,1,occurs_in_speaker_text
2972,5348,1,occurs_in_speaker_text
4134,5348,1,occurs_in_speaker_text
4724,5348,5,occurs_in_speaker_text
4143,5348,1,occurs_in_speaker_text
2910,5348,4,occurs_in_speaker_text
1999,5348,2,occurs_in_speaker_text
3208,5348,1,occurs_in_speaker_text
1637,5348,1,occurs_in_speaker_text
3735,5348,1,occurs_in_speaker_text
4427,5348,1,occurs_in_speaker_text
2778,5348,1,occurs_in_speaker_text
4219,5348,1,occurs_in_speaker_text
179,5348,2,occurs_in_speaker_text
2485,5348,1,occurs_in_speaker_text
1173,5348,4,occurs_in_speaker_text
1003,5348,1,occurs_in_speaker_text
2072,5348,1,occurs_in_speaker_text
1824,5349,1,occurs_in_speaker_text
129,5349,1,occurs_in_speaker_text
2567,5349,1,occurs_in_speaker_text
1999,5349,3,occurs_in_speaker_text
3010,5349,1,occurs_in_speaker_text
4286,5349,1,occurs_in_speaker_text
3150,5349,1,occurs_in_speaker_text
1455,5349,1,occurs_in_speaker_text
3186,5349,1,occurs_in_speaker_text
289,5349,1,occurs_in_speaker_text
4855,5349,1,occurs_in_speaker_text
4003,5349,1,occurs_in_speaker_text
2430,5349,1,occurs_in_speaker_text
234,5349,1,occurs_in_speaker_text
3708,5350,1,occurs_in_speaker_text
4282,5350,1,occurs_in_speaker_text
1144,5350,1,occurs_in_speaker_text
4003,5350,10,occurs_in_speaker_text
4398,5350,1,occurs_in_speaker_text
1375,5350,1,occurs_in_speaker_text
234,5350,2,occurs_in_speaker_text
1999,5350,4,occurs_in_speaker_text
1431,5350,1,occurs_in_speaker_text
1912,5350,1,occurs_in_speaker_text
3911,5350,1,occurs_in_speaker_text
241,5350,1,occurs_in_speaker_text
1232,5350,1,occurs_in_speaker_text
1994,5350,1,occurs_in_speaker_text
4624,5350,2,occurs_in_speaker_text
3779,5350,1,occurs_in_speaker_text
2352,5350,1,occurs_in_speaker_text
2485,5350,2,occurs_in_speaker_text
2727,5350,1,occurs_in_speaker_text
1739,5350,1,occurs_in_speaker_text
4855,5350,1,occurs_in_speaker_text
893,5350,1,occurs_in_speaker_text
586,5350,3,occurs_in_speaker_text
1509,5350,1,occurs_in_speaker_text
5029,5350,1,occurs_in_speaker_text
4144,5350,2,occurs_in_speaker_text
1291,5350,1,occurs_in_speaker_text
4368,5350,1,occurs_in_speaker_text
2145,5350,1,occurs_in_speaker_text
1693,5350,1,occurs_in_speaker_text
3767,5350,1,occurs_in_speaker_text
942,5350,1,occurs_in_speaker_text
4027,5350,1,occurs_in_speaker_text
4878,5351,1,occurs_in_speaker_text
905,5351,1,occurs_in_speaker_text
1273,5351,1,occurs_in_speaker_text
219,5351,1,occurs_in_speaker_text
5045,5351,4,occurs_in_speaker_text
3500,5351,2,occurs_in_speaker_text
3079,5351,1,occurs_in_speaker_text
4368,5351,1,occurs_in_speaker_text
2072,5351,1,occurs_in_speaker_text
1714,5351,3,occurs_in_speaker_text
913,5351,2,occurs_in_speaker_text
4085,5351,1,occurs_in_speaker_text
770,5351,1,occurs_in_speaker_text
893,5351,1,occurs_in_speaker_text
81,5351,1,occurs_in_speaker_text
1114,5351,1,occurs_in_speaker_text
3150,5351,1,occurs_in_speaker_text
4415,5351,1,occurs_in_speaker_text
1358,5351,1,occurs_in_speaker_text
165,5351,1,occurs_in_speaker_text
1384,5351,1,occurs_in_speaker_text
4143,5351,3,occurs_in_speaker_text
2251,5351,1,occurs_in_speaker_text
2105,5351,1,occurs_in_speaker_text
3099,5351,1,occurs_in_speaker_text
2868,5351,1,occurs_in_speaker_text
4051,5351,1,occurs_in_speaker_text
4003,5351,4,occurs_in_speaker_text
1836,5351,1,occurs_in_speaker_text
3635,5351,1,occurs_in_speaker_text
1144,5351,1,occurs_in_speaker_text
942,5351,2,occurs_in_speaker_text
1243,5351,1,occurs_in_speaker_text
1331,5351,1,occurs_in_speaker_text
2485,5351,3,occurs_in_speaker_text
54,5351,1,occurs_in_speaker_text
3111,5351,1,occurs_in_speaker_text
3123,5351,1,occurs_in_speaker_text
4217,5351,1,occurs_in_speaker_text
167,5351,1,occurs_in_speaker_text
4353,5351,1,occurs_in_speaker_text
4859,5351,1,occurs_in_speaker_text
4622,5351,1,occurs_in_speaker_text
5026,5351,1,occurs_in_speaker_text
4040,5351,1,occurs_in_speaker_text
275,5351,2,occurs_in_speaker_text
4724,5351,2,occurs_in_speaker_text
3717,5351,1,occurs_in_speaker_text
1754,5351,1,occurs_in_speaker_text
1118,5351,1,occurs_in_speaker_text
1980,5351,1,occurs_in_speaker_text
3911,5351,1,occurs_in_speaker_text
33,5351,1,occurs_in_speaker_text
1859,5351,1,occurs_in_speaker_text
3460,5351,1,occurs_in_speaker_text
4120,5351,1,occurs_in_speaker_text
3526,5351,2,occurs_in_speaker_text
1972,5351,1,occurs_in_speaker_text
1431,5351,2,occurs_in_speaker_text
5089,5351,1,occurs_in_speaker_text
4329,5351,1,occurs_in_speaker_text
365,5351,1,occurs_in_speaker_text
2982,5351,1,occurs_in_speaker_text
1525,5351,1,occurs_in_speaker_text
1232,5351,1,occurs_in_speaker_text
2967,5351,1,occurs_in_speaker_text
1431,5352,1,occurs_in_speaker_text
1536,5352,1,occurs_in_speaker_text
687,5352,1,occurs_in_speaker_text
629,5352,2,occurs_in_speaker_text
1582,5352,3,occurs_in_speaker_text
3635,5352,1,occurs_in_speaker_text
2773,5352,1,occurs_in_speaker_text
507,5352,1,occurs_in_speaker_text
4003,5352,1,occurs_in_speaker_text
1999,5352,1,occurs_in_speaker_text
2972,5353,3,occurs_in_speaker_text
942,5353,41,occurs_in_speaker_text
308,5353,19,occurs_in_speaker_text
2983,5353,2,occurs_in_speaker_text
81,5353,1,occurs_in_speaker_text
1714,5353,1,occurs_in_speaker_text
1459,5353,2,occurs_in_speaker_text
4299,5353,1,occurs_in_speaker_text
3625,5353,1,occurs_in_speaker_text
139,5353,1,occurs_in_speaker_text
1515,5353,47,occurs_in_speaker_text
1994,5353,1,occurs_in_speaker_text
509,5353,1,occurs_in_speaker_text
4217,5353,1,occurs_in_speaker_text
3903,5353,1,occurs_in_speaker_text
3079,5353,1,occurs_in_speaker_text
306,5353,1,occurs_in_speaker_text
2024,5353,1,occurs_in_speaker_text
444,5353,1,occurs_in_speaker_text
502,5353,1,occurs_in_speaker_text
3151,5353,1,occurs_in_speaker_text
3937,5353,1,occurs_in_speaker_text
164,5353,1,occurs_in_speaker_text
3991,5353,1,occurs_in_speaker_text
4388,5353,1,occurs_in_speaker_text
3990,5353,1,occurs_in_speaker_text
1431,5353,6,occurs_in_speaker_text
4003,5353,11,occurs_in_speaker_text
3309,5353,1,occurs_in_speaker_text
4737,5353,2,occurs_in_speaker_text
685,5353,3,occurs_in_speaker_text
4632,5353,1,occurs_in_speaker_text
4990,5353,1,occurs_in_speaker_text
1177,5353,1,occurs_in_speaker_text
4663,5353,1,occurs_in_speaker_text
5010,5353,1,occurs_in_speaker_text
2410,5353,1,occurs_in_speaker_text
1426,5353,1,occurs_in_speaker_text
1331,5353,1,occurs_in_speaker_text
1959,5353,1,occurs_in_speaker_text
4724,5353,1,occurs_in_speaker_text
496,5353,1,occurs_in_speaker_text
4991,5353,2,occurs_in_speaker_text
2185,5353,1,occurs_in_speaker_text
4116,5353,2,occurs_in_speaker_text
3331,5353,1,occurs_in_speaker_text
2604,5353,1,occurs_in_speaker_text
4458,5353,1,occurs_in_speaker_text
4745,5353,1,occurs_in_speaker_text
325,5353,2,occurs_in_speaker_text
4576,5353,1,occurs_in_speaker_text
1192,5353,2,occurs_in_speaker_text
629,5353,9,occurs_in_speaker_text
4523,5353,1,occurs_in_speaker_text
146,5353,1,occurs_in_speaker_text
507,5353,1,occurs_in_speaker_text
2279,5353,1,occurs_in_speaker_text
4368,5353,2,occurs_in_speaker_text
4174,5353,1,occurs_in_speaker_text
102,5353,5,occurs_in_speaker_text
82,5353,1,occurs_in_speaker_text
2478,5353,5,occurs_in_speaker_text
4271,5353,1,occurs_in_speaker_text
1016,5353,2,occurs_in_speaker_text
881,5353,1,occurs_in_speaker_text
321,5353,1,occurs_in_speaker_text
2518,5353,1,occurs_in_speaker_text
965,5353,1,occurs_in_speaker_text
1538,5354,1,occurs_in_speaker_text
5013,5354,1,occurs_in_speaker_text
5045,5354,5,occurs_in_speaker_text
2485,5354,17,occurs_in_speaker_text
1331,5354,13,occurs_in_speaker_text
2608,5354,1,occurs_in_speaker_text
4426,5354,1,occurs_in_speaker_text
889,5354,1,occurs_in_speaker_text
409,5354,1,occurs_in_speaker_text
724,5354,1,occurs_in_speaker_text
3010,5354,2,occurs_in_speaker_text
4855,5354,2,occurs_in_speaker_text
3887,5354,1,occurs_in_speaker_text
308,5354,12,occurs_in_speaker_text
541,5354,1,occurs_in_speaker_text
3462,5354,1,occurs_in_speaker_text
1830,5354,1,occurs_in_speaker_text
5089,5354,1,occurs_in_speaker_text
686,5354,1,occurs_in_speaker_text
646,5354,1,occurs_in_speaker_text
4325,5354,1,occurs_in_speaker_text
4144,5354,1,occurs_in_speaker_text
1459,5354,1,occurs_in_speaker_text
979,5354,1,occurs_in_speaker_text
4209,5354,3,occurs_in_speaker_text
1536,5354,2,occurs_in_speaker_text
811,5354,5,occurs_in_speaker_text
5073,5354,1,occurs_in_speaker_text
1157,5354,1,occurs_in_speaker_text
4003,5354,12,occurs_in_speaker_text
3560,5354,1,occurs_in_speaker_text
3635,5354,2,occurs_in_speaker_text
3999,5354,1,occurs_in_speaker_text
4694,5354,1,occurs_in_speaker_text
243,5354,1,occurs_in_speaker_text
500,5354,2,occurs_in_speaker_text
3214,5354,1,occurs_in_speaker_text
1440,5354,1,occurs_in_speaker_text
2445,5354,4,occurs_in_speaker_text
2660,5354,3,occurs_in_speaker_text
72,5354,1,occurs_in_speaker_text
2256,5354,2,occurs_in_speaker_text
3167,5354,1,occurs_in_speaker_text
1041,5354,1,occurs_in_speaker_text
4527,5354,1,occurs_in_speaker_text
4993,5354,1,occurs_in_speaker_text
2750,5354,2,occurs_in_speaker_text
4576,5354,4,occurs_in_speaker_text
4398,5354,1,occurs_in_speaker_text
219,5354,1,occurs_in_speaker_text
491,5354,1,occurs_in_speaker_text
3099,5354,8,occurs_in_speaker_text
4887,5354,1,occurs_in_speaker_text
2337,5354,1,occurs_in_speaker_text
863,5354,1,occurs_in_speaker_text
4817,5354,1,occurs_in_speaker_text
4622,5354,1,occurs_in_speaker_text
1687,5354,1,occurs_in_speaker_text
3204,5354,1,occurs_in_speaker_text
2289,5354,3,occurs_in_speaker_text
722,5354,1,occurs_in_speaker_text
3724,5354,4,occurs_in_speaker_text
3474,5354,1,occurs_in_speaker_text
156,5354,1,occurs_in_speaker_text
671,5354,1,occurs_in_speaker_text
1891,5354,1,occurs_in_speaker_text
507,5354,2,occurs_in_speaker_text
1739,5354,1,occurs_in_speaker_text
1431,5354,5,occurs_in_speaker_text
4134,5354,1,occurs_in_speaker_text
4368,5354,2,occurs_in_speaker_text
1768,5354,3,occurs_in_speaker_text
4724,5354,2,occurs_in_speaker_text
287,5354,1,occurs_in_speaker_text
4878,5354,4,occurs_in_speaker_text
4381,5354,1,occurs_in_speaker_text
4387,5354,1,occurs_in_speaker_text
193,5354,1,occurs_in_speaker_text
3148,5354,1,occurs_in_speaker_text
1640,5354,3,occurs_in_speaker_text
942,5354,1,occurs_in_speaker_text
81,5354,1,occurs_in_speaker_text
239,5354,1,occurs_in_speaker_text
4421,5354,1,occurs_in_speaker_text
103,5354,1,occurs_in_speaker_text
2254,5354,1,occurs_in_speaker_text
2449,5354,1,occurs_in_speaker_text
2720,5354,1,occurs_in_speaker_text
1098,5354,1,occurs_in_speaker_text
555,5354,1,occurs_in_speaker_text
1828,5354,1,occurs_in_speaker_text
2574,5354,2,occurs_in_speaker_text
1748,5354,1,occurs_in_speaker_text
1154,5354,1,occurs_in_speaker_text
1144,5354,1,occurs_in_speaker_text
630,5354,1,occurs_in_speaker_text
2155,5354,1,occurs_in_speaker_text
3577,5354,1,occurs_in_speaker_text
1291,5354,1,occurs_in_speaker_text
3500,5354,1,occurs_in_speaker_text
1824,5354,2,occurs_in_speaker_text
3423,5354,1,occurs_in_speaker_text
2910,5354,1,occurs_in_speaker_text
2930,5354,2,occurs_in_speaker_text
2554,5354,2,occurs_in_speaker_text
1232,5354,1,occurs_in_speaker_text
2461,5354,1,occurs_in_speaker_text
1188,5354,1,occurs_in_speaker_text
2160,5354,1,occurs_in_speaker_text
82,5354,1,occurs_in_speaker_text
3562,5354,1,occurs_in_speaker_text
1422,5354,1,occurs_in_speaker_text
3150,5354,1,occurs_in_speaker_text
162,5354,1,occurs_in_speaker_text
4483,5354,1,occurs_in_speaker_text
4676,5354,1,occurs_in_speaker_text
1395,5354,1,occurs_in_speaker_text
104,5354,1,occurs_in_speaker_text
4119,5354,1,occurs_in_speaker_text
4911,5354,1,occurs_in_speaker_text
696,5354,1,occurs_in_speaker_text
4092,5355,1,occurs_in_speaker_text
438,5355,2,occurs_in_speaker_text
2461,5355,1,occurs_in_speaker_text
1759,5355,1,occurs_in_speaker_text
1687,5356,1,occurs_in_speaker_text
3850,5356,1,occurs_in_speaker_text
2932,5356,1,occurs_in_speaker_text
3809,5356,2,occurs_in_speaker_text
4286,5356,1,occurs_in_speaker_text
2485,5356,1,occurs_in_speaker_text
3099,5356,2,occurs_in_speaker_text
1778,5356,1,occurs_in_speaker_text
1331,5356,1,occurs_in_speaker_text
1999,5356,2,occurs_in_speaker_text
2548,5356,1,occurs_in_speaker_text
1198,5356,1,occurs_in_speaker_text
4124,5356,1,occurs_in_speaker_text
2750,5356,1,occurs_in_speaker_text
566,5356,1,occurs_in_speaker_text
3577,5356,1,occurs_in_speaker_text
1420,5356,1,occurs_in_speaker_text
1396,5356,1,occurs_in_speaker_text
1391,5356,1,occurs_in_speaker_text
2870,5357,2,occurs_in_speaker_text
2910,5357,2,occurs_in_speaker_text
374,5357,1,occurs_in_speaker_text
4358,5357,1,occurs_in_speaker_text
3843,5357,1,occurs_in_speaker_text
4282,5357,1,occurs_in_speaker_text
3625,5357,1,occurs_in_speaker_text
4993,5357,2,occurs_in_speaker_text
4373,5357,1,occurs_in_speaker_text
308,5357,2,occurs_in_speaker_text
566,5357,1,occurs_in_speaker_text
4979,5357,1,occurs_in_speaker_text
4124,5357,1,occurs_in_speaker_text
3021,5357,1,occurs_in_speaker_text
2289,5357,1,occurs_in_speaker_text
3526,5357,4,occurs_in_speaker_text
1232,5357,1,occurs_in_speaker_text
1637,5357,6,occurs_in_speaker_text
758,5357,2,occurs_in_speaker_text
1459,5357,3,occurs_in_speaker_text
2024,5357,1,occurs_in_speaker_text
157,5357,1,occurs_in_speaker_text
4859,5357,1,occurs_in_speaker_text
4798,5357,1,occurs_in_speaker_text
5045,5357,1,occurs_in_speaker_text
2750,5357,1,occurs_in_speaker_text
3114,5357,1,occurs_in_speaker_text
1384,5357,2,occurs_in_speaker_text
4731,5357,1,occurs_in_speaker_text
1488,5357,1,occurs_in_speaker_text
893,5357,1,occurs_in_speaker_text
1536,5357,1,occurs_in_speaker_text
4096,5357,1,occurs_in_speaker_text
4724,5357,1,occurs_in_speaker_text
4003,5357,1,occurs_in_speaker_text
1714,5357,1,occurs_in_speaker_text
3099,5357,1,occurs_in_speaker_text
4143,5357,1,occurs_in_speaker_text
2485,5357,1,occurs_in_speaker_text
4887,5357,1,occurs_in_speaker_text
4319,5357,1,occurs_in_speaker_text
4715,5357,1,occurs_in_speaker_text
2072,5357,1,occurs_in_speaker_text
143,5357,1,occurs_in_speaker_text
1443,5357,1,occurs_in_speaker_text
2161,5357,1,occurs_in_speaker_text
3273,5358,1,occurs_in_speaker_text
2632,5358,1,occurs_in_speaker_text
2138,5358,1,occurs_in_speaker_text
2322,5358,1,occurs_in_speaker_text
2160,5358,1,occurs_in_speaker_text
275,5358,2,occurs_in_speaker_text
1677,5358,1,occurs_in_speaker_text
4003,5358,1,occurs_in_speaker_text
1985,5358,1,occurs_in_speaker_text
3446,5358,1,occurs_in_speaker_text
2178,5359,2,occurs_in_speaker_text
4887,5359,1,occurs_in_speaker_text
3171,5359,1,occurs_in_speaker_text
556,5359,2,occurs_in_speaker_text
4878,5359,1,occurs_in_speaker_text
1733,5359,1,occurs_in_speaker_text
156,5359,1,occurs_in_speaker_text
3635,5359,1,occurs_in_speaker_text
1431,5359,2,occurs_in_speaker_text
4003,5359,1,occurs_in_speaker_text
4040,5359,1,occurs_in_speaker_text
5072,5359,5,occurs_in_speaker_text
4576,5359,1,occurs_in_speaker_text
1536,5359,1,occurs_in_speaker_text
3911,5359,1,occurs_in_speaker_text
2007,5359,2,occurs_in_speaker_text
3732,5359,1,occurs_in_speaker_text
600,5359,4,occurs_in_speaker_text
3668,5359,1,occurs_in_speaker_text
4859,5359,1,occurs_in_speaker_text
4017,5359,1,occurs_in_speaker_text
2603,5359,1,occurs_in_speaker_text
4398,5359,1,occurs_in_speaker_text
234,5359,1,occurs_in_speaker_text
320,5359,1,occurs_in_speaker_text
2722,5360,1,occurs_in_speaker_text
3301,5360,13,occurs_in_speaker_text
4724,5360,15,occurs_in_speaker_text
3215,5360,2,occurs_in_speaker_text
942,5360,3,occurs_in_speaker_text
3835,5360,1,occurs_in_speaker_text
2809,5360,1,occurs_in_speaker_text
4860,5360,1,occurs_in_speaker_text
4003,5360,2,occurs_in_speaker_text
3355,5360,1,occurs_in_speaker_text
1637,5360,1,occurs_in_speaker_text
2638,5360,1,occurs_in_speaker_text
2301,5360,1,occurs_in_speaker_text
2188,5360,1,occurs_in_speaker_text
2315,5360,1,occurs_in_speaker_text
1782,5360,1,occurs_in_speaker_text
1133,5360,1,occurs_in_speaker_text
1730,5360,1,occurs_in_speaker_text
332,5360,1,occurs_in_speaker_text
4428,5360,1,occurs_in_speaker_text
308,5360,4,occurs_in_speaker_text
1832,5360,1,occurs_in_speaker_text
2983,5360,1,occurs_in_speaker_text
2141,5360,1,occurs_in_speaker_text
1531,5360,1,occurs_in_speaker_text
755,5362,126,occurs_in_speaker_text
2750,5362,9,occurs_in_speaker_text
4068,5362,1,occurs_in_speaker_text
1892,5362,1,occurs_in_speaker_text
3323,5362,1,occurs_in_speaker_text
2619,5362,8,occurs_in_speaker_text
2799,5362,2,occurs_in_speaker_text
4357,5362,1,occurs_in_speaker_text
2773,5363,1,occurs_in_speaker_text
3526,5363,6,occurs_in_speaker_text
1232,5363,2,occurs_in_speaker_text
4096,5363,1,occurs_in_speaker_text
4353,5363,8,occurs_in_speaker_text
1300,5363,1,occurs_in_speaker_text
2546,5363,1,occurs_in_speaker_text
1687,5363,1,occurs_in_speaker_text
4702,5363,1,occurs_in_speaker_text
2272,5363,1,occurs_in_speaker_text
1859,5363,1,occurs_in_speaker_text
3099,5363,4,occurs_in_speaker_text
4398,5363,2,occurs_in_speaker_text
3635,5363,2,occurs_in_speaker_text
4051,5363,2,occurs_in_speaker_text
2554,5363,1,occurs_in_speaker_text
4358,5363,2,occurs_in_speaker_text
4097,5363,1,occurs_in_speaker_text
4878,5363,1,occurs_in_speaker_text
3724,5363,1,occurs_in_speaker_text
2766,5363,1,occurs_in_speaker_text
2870,5363,1,occurs_in_speaker_text
3625,5363,1,occurs_in_speaker_text
1435,5363,1,occurs_in_speaker_text
1459,5363,1,occurs_in_speaker_text
2629,5363,1,occurs_in_speaker_text
80,5363,1,occurs_in_speaker_text
2485,5363,9,occurs_in_speaker_text
4460,5363,1,occurs_in_speaker_text
3412,5363,1,occurs_in_speaker_text
4859,5363,3,occurs_in_speaker_text
4119,5363,2,occurs_in_speaker_text
4003,5363,1,occurs_in_speaker_text
1170,5363,1,occurs_in_speaker_text
4793,5363,1,occurs_in_speaker_text
961,5363,1,occurs_in_speaker_text
4040,5363,1,occurs_in_speaker_text
4421,5363,2,occurs_in_speaker_text
4724,5363,2,occurs_in_speaker_text
1999,5363,1,occurs_in_speaker_text
1331,5363,1,occurs_in_speaker_text
3512,5363,1,occurs_in_speaker_text
3688,5363,1,occurs_in_speaker_text
3538,5363,2,occurs_in_speaker_text
1637,5363,1,occurs_in_speaker_text
3114,5364,1,occurs_in_speaker_text
1714,5364,1,occurs_in_speaker_text
722,5364,1,occurs_in_speaker_text
1637,5364,2,occurs_in_speaker_text
1405,5364,3,occurs_in_speaker_text
2972,5364,1,occurs_in_speaker_text
3323,5364,2,occurs_in_speaker_text
3688,5364,2,occurs_in_speaker_text
2485,5364,9,occurs_in_speaker_text
2554,5364,1,occurs_in_speaker_text
3111,5364,3,occurs_in_speaker_text
4046,5364,1,occurs_in_speaker_text
4724,5364,2,occurs_in_speaker_text
4628,5364,1,occurs_in_speaker_text
3537,5364,1,occurs_in_speaker_text
4815,5364,2,occurs_in_speaker_text
1999,5364,3,occurs_in_speaker_text
3099,5364,3,occurs_in_speaker_text
4837,5364,1,occurs_in_speaker_text
3643,5364,1,occurs_in_speaker_text
4754,5364,1,occurs_in_speaker_text
1431,5364,1,occurs_in_speaker_text
3911,5364,1,occurs_in_speaker_text
2033,5364,1,occurs_in_speaker_text
4134,5364,1,occurs_in_speaker_text
146,5364,1,occurs_in_speaker_text
3635,5364,1,occurs_in_speaker_text
234,5364,1,occurs_in_speaker_text
46,5364,2,occurs_in_speaker_text
3123,5364,1,occurs_in_speaker_text
2804,5364,1,occurs_in_speaker_text
850,5364,1,occurs_in_speaker_text
4823,5364,1,occurs_in_speaker_text
5045,5364,2,occurs_in_speaker_text
1157,5364,2,occurs_in_speaker_text
942,5364,1,occurs_in_speaker_text
164,5364,1,occurs_in_speaker_text
4119,5364,2,occurs_in_speaker_text
3590,5364,1,occurs_in_speaker_text
1024,5364,1,occurs_in_speaker_text
4271,5364,1,occurs_in_speaker_text
4887,5364,5,occurs_in_speaker_text
1536,5364,3,occurs_in_speaker_text
759,5364,1,occurs_in_speaker_text
546,5364,2,occurs_in_speaker_text
2809,5364,1,occurs_in_speaker_text
222,5364,1,occurs_in_speaker_text
3150,5364,3,occurs_in_speaker_text
920,5364,1,occurs_in_speaker_text
1778,5364,3,occurs_in_speaker_text
3207,5364,2,occurs_in_speaker_text
1922,5364,1,occurs_in_speaker_text
1734,5364,1,occurs_in_speaker_text
3796,5364,2,occurs_in_speaker_text
3603,5364,2,occurs_in_speaker_text
507,5364,2,occurs_in_speaker_text
2592,5364,1,occurs_in_speaker_text
4040,5364,1,occurs_in_speaker_text
2572,5364,1,occurs_in_speaker_text
1911,5364,1,occurs_in_speaker_text
3987,5364,1,occurs_in_speaker_text
514,5364,1,occurs_in_speaker_text
3704,5364,1,occurs_in_speaker_text
2778,5364,1,occurs_in_speaker_text
893,5364,1,occurs_in_speaker_text
476,5364,1,occurs_in_speaker_text
3855,5364,1,occurs_in_speaker_text
3979,5364,1,occurs_in_speaker_text
258,5364,1,occurs_in_speaker_text
1232,5364,1,occurs_in_speaker_text
4168,5364,1,occurs_in_speaker_text
1769,5364,1,occurs_in_speaker_text
1079,5364,1,occurs_in_speaker_text
3460,5364,1,occurs_in_speaker_text
408,5364,1,occurs_in_speaker_text
1709,5364,1,occurs_in_speaker_text
4939,5364,1,occurs_in_speaker_text
1554,5364,1,occurs_in_speaker_text
3632,5364,1,occurs_in_speaker_text
1144,5365,23,occurs_in_speaker_text
3500,5365,4,occurs_in_speaker_text
1999,5365,5,occurs_in_speaker_text
2574,5365,4,occurs_in_speaker_text
4398,5365,1,occurs_in_speaker_text
156,5365,1,occurs_in_speaker_text
1331,5365,9,occurs_in_speaker_text
1637,5365,4,occurs_in_speaker_text
4798,5365,15,occurs_in_speaker_text
4528,5365,2,occurs_in_speaker_text
3505,5365,1,occurs_in_speaker_text
3809,5365,1,occurs_in_speaker_text
2365,5365,1,occurs_in_speaker_text
2462,5365,1,occurs_in_speaker_text
2778,5365,1,occurs_in_speaker_text
2761,5365,1,occurs_in_speaker_text
1746,5365,1,occurs_in_speaker_text
162,5365,1,occurs_in_speaker_text
4040,5365,2,occurs_in_speaker_text
800,5365,1,occurs_in_speaker_text
2428,5365,1,occurs_in_speaker_text
3538,5365,1,occurs_in_speaker_text
3654,5365,1,occurs_in_speaker_text
2622,5365,1,occurs_in_speaker_text
4843,5365,1,occurs_in_speaker_text
4397,5365,1,occurs_in_speaker_text
3526,5365,4,occurs_in_speaker_text
1818,5365,1,occurs_in_speaker_text
2766,5365,1,occurs_in_speaker_text
3258,5365,2,occurs_in_speaker_text
2925,5365,1,occurs_in_speaker_text
4368,5365,1,occurs_in_speaker_text
1505,5365,1,occurs_in_speaker_text
1052,5365,2,occurs_in_speaker_text
2937,5365,2,occurs_in_speaker_text
2240,5365,1,occurs_in_speaker_text
4878,5365,1,occurs_in_speaker_text
214,5365,1,occurs_in_speaker_text
1282,5365,1,occurs_in_speaker_text
2568,5365,1,occurs_in_speaker_text
4823,5365,2,occurs_in_speaker_text
4051,5365,1,occurs_in_speaker_text
4647,5365,1,occurs_in_speaker_text
4003,5365,1,occurs_in_speaker_text
234,5365,1,occurs_in_speaker_text
4035,5365,1,occurs_in_speaker_text
4979,5365,1,occurs_in_speaker_text
4373,5365,1,occurs_in_speaker_text
3264,5365,1,occurs_in_speaker_text
3572,5365,1,occurs_in_speaker_text
1396,5365,1,occurs_in_speaker_text
1640,5365,1,occurs_in_speaker_text
5072,5365,1,occurs_in_speaker_text
3724,5366,1,occurs_in_speaker_text
2478,5366,3,occurs_in_speaker_text
3483,5366,1,occurs_in_speaker_text
2184,5366,1,occurs_in_speaker_text
5077,5366,2,occurs_in_speaker_text
2538,5366,1,occurs_in_speaker_text
4993,5366,1,occurs_in_speaker_text
2511,5366,3,occurs_in_speaker_text
4286,5366,7,occurs_in_speaker_text
3734,5366,1,occurs_in_speaker_text
1331,5366,2,occurs_in_speaker_text
2256,5366,1,occurs_in_speaker_text
2485,5366,1,occurs_in_speaker_text
308,5366,2,occurs_in_speaker_text
4878,5366,1,occurs_in_speaker_text
4003,5366,1,occurs_in_speaker_text
1687,5366,1,occurs_in_speaker_text
2804,5366,2,occurs_in_speaker_text
5015,5366,1,occurs_in_speaker_text
1578,5366,1,occurs_in_speaker_text
3323,5366,1,occurs_in_speaker_text
1288,5366,1,occurs_in_speaker_text
3114,5366,1,occurs_in_speaker_text
1144,5367,4,occurs_in_speaker_text
4292,5367,1,occurs_in_speaker_text
2554,5367,1,occurs_in_speaker_text
4471,5367,1,occurs_in_speaker_text
3117,5367,1,occurs_in_speaker_text
3185,5367,1,occurs_in_speaker_text
3099,5367,5,occurs_in_speaker_text
2910,5367,1,occurs_in_speaker_text
3911,5367,1,occurs_in_speaker_text
2331,5367,1,occurs_in_speaker_text
2209,5367,1,occurs_in_speaker_text
3021,5367,1,occurs_in_speaker_text
578,5367,1,occurs_in_speaker_text
3150,5367,1,occurs_in_speaker_text
4795,5367,1,occurs_in_speaker_text
4124,5367,1,occurs_in_speaker_text
2316,5367,1,occurs_in_speaker_text
4368,5367,1,occurs_in_speaker_text
234,5367,1,occurs_in_speaker_text
4213,5367,1,occurs_in_speaker_text
2673,5367,1,occurs_in_speaker_text
811,5367,1,occurs_in_speaker_text
2485,5367,1,occurs_in_speaker_text
942,5367,2,occurs_in_speaker_text
507,5367,1,occurs_in_speaker_text
146,5367,1,occurs_in_speaker_text
1331,5367,3,occurs_in_speaker_text
1714,5367,2,occurs_in_speaker_text
1232,5367,1,occurs_in_speaker_text
3292,5367,1,occurs_in_speaker_text
4282,5367,1,occurs_in_speaker_text
2322,5367,1,occurs_in_speaker_text
1994,5367,1,occurs_in_speaker_text
4339,5367,1,occurs_in_speaker_text
4003,5367,4,occurs_in_speaker_text
893,5367,1,occurs_in_speaker_text
4309,5367,1,occurs_in_speaker_text
1637,5367,2,occurs_in_speaker_text
3655,5367,1,occurs_in_speaker_text
3577,5367,1,occurs_in_speaker_text
4209,5368,1,occurs_in_speaker_text
4576,5368,2,occurs_in_speaker_text
2972,5368,1,occurs_in_speaker_text
2155,5368,3,occurs_in_speaker_text
1331,5369,1,occurs_in_speaker_text
3199,5369,4,occurs_in_speaker_text
98,5369,1,occurs_in_speaker_text
1423,5369,1,occurs_in_speaker_text
1999,5369,4,occurs_in_speaker_text
3354,5369,1,occurs_in_speaker_text
2,5369,1,occurs_in_speaker_text
3292,5369,1,occurs_in_speaker_text
2642,5369,1,occurs_in_speaker_text
4478,5369,1,occurs_in_speaker_text
1431,5369,1,occurs_in_speaker_text
4003,5369,1,occurs_in_speaker_text
2065,5369,2,occurs_in_speaker_text
2523,5369,1,occurs_in_speaker_text
2485,5369,1,occurs_in_speaker_text
1637,5369,2,occurs_in_speaker_text
689,5369,1,occurs_in_speaker_text
1733,5369,1,occurs_in_speaker_text
4799,5369,1,occurs_in_speaker_text
1456,5369,1,occurs_in_speaker_text
3674,5369,1,occurs_in_speaker_text
4423,5369,1,occurs_in_speaker_text
2795,5369,1,occurs_in_speaker_text
1402,5369,1,occurs_in_speaker_text
1509,5369,1,occurs_in_speaker_text
1768,5369,1,occurs_in_speaker_text
3047,5369,1,occurs_in_speaker_text
4115,5369,1,occurs_in_speaker_text
2105,5369,1,occurs_in_speaker_text
3724,5370,1,occurs_in_speaker_text
2143,5370,1,occurs_in_speaker_text
2256,5370,1,occurs_in_speaker_text
942,5370,2,occurs_in_speaker_text
3114,5370,1,occurs_in_speaker_text
2119,5370,1,occurs_in_speaker_text
2773,5370,2,occurs_in_speaker_text
3021,5370,1,occurs_in_speaker_text
2485,5370,4,occurs_in_speaker_text
2538,5370,1,occurs_in_speaker_text
1452,5370,1,occurs_in_speaker_text
4779,5370,1,occurs_in_speaker_text
423,5370,1,occurs_in_speaker_text
1725,5370,2,occurs_in_speaker_text
1637,5370,2,occurs_in_speaker_text
2445,5370,1,occurs_in_speaker_text
4194,5370,1,occurs_in_speaker_text
507,5370,1,occurs_in_speaker_text
629,5370,1,occurs_in_speaker_text
3911,5370,3,occurs_in_speaker_text
2072,5370,2,occurs_in_speaker_text
1431,5370,1,occurs_in_speaker_text
1999,5370,4,occurs_in_speaker_text
2519,5370,1,occurs_in_speaker_text
1976,5370,1,occurs_in_speaker_text
1759,5370,1,occurs_in_speaker_text
1532,5370,1,occurs_in_speaker_text
4003,5370,3,occurs_in_speaker_text
2972,5370,1,occurs_in_speaker_text
4409,5370,1,occurs_in_speaker_text
3010,5370,1,occurs_in_speaker_text
1331,5370,1,occurs_in_speaker_text
1692,5370,1,occurs_in_speaker_text
2211,5370,1,occurs_in_speaker_text
3625,5370,1,occurs_in_speaker_text
3323,5370,1,occurs_in_speaker_text
809,5370,1,occurs_in_speaker_text
3505,5370,1,occurs_in_speaker_text
226,5370,1,occurs_in_speaker_text
2144,5370,1,occurs_in_speaker_text
3910,5370,1,occurs_in_speaker_text
4853,5370,1,occurs_in_speaker_text
162,5371,2,occurs_in_speaker_text
2761,5371,2,occurs_in_speaker_text
4364,5371,1,occurs_in_speaker_text
1431,5371,1,occurs_in_speaker_text
139,5371,1,occurs_in_speaker_text
3150,5371,1,occurs_in_speaker_text
1489,5371,1,occurs_in_speaker_text
1960,5371,1,occurs_in_speaker_text
2697,5371,1,occurs_in_speaker_text
2582,5371,3,occurs_in_speaker_text
1714,5371,1,occurs_in_speaker_text
3432,5371,1,occurs_in_speaker_text
3099,5371,1,occurs_in_speaker_text
942,5371,1,occurs_in_speaker_text
2312,5371,1,occurs_in_speaker_text
493,5371,1,occurs_in_speaker_text
3635,5371,1,occurs_in_speaker_text
987,5371,2,occurs_in_speaker_text
4637,5371,2,occurs_in_speaker_text
2689,5371,1,occurs_in_speaker_text
2923,5371,1,occurs_in_speaker_text
2490,5371,1,occurs_in_speaker_text
4878,5371,1,occurs_in_speaker_text
2778,5371,1,occurs_in_speaker_text
457,5372,1,occurs_in_speaker_text
507,5372,1,occurs_in_speaker_text
661,5372,1,occurs_in_speaker_text
4680,5372,1,occurs_in_speaker_text
4724,5372,8,occurs_in_speaker_text
4500,5372,1,occurs_in_speaker_text
1351,5372,1,occurs_in_speaker_text
3635,5372,1,occurs_in_speaker_text
4801,5372,1,occurs_in_speaker_text
2574,5372,5,occurs_in_speaker_text
2445,5372,1,occurs_in_speaker_text
3627,5372,1,occurs_in_speaker_text
33,5373,1,occurs_in_speaker_text
4576,5373,1,occurs_in_speaker_text
3117,5373,1,occurs_in_speaker_text
1536,5373,2,occurs_in_speaker_text
2240,5373,1,occurs_in_speaker_text
4339,5373,2,occurs_in_speaker_text
2799,5373,1,occurs_in_speaker_text
3267,5373,1,occurs_in_speaker_text
3644,5373,1,occurs_in_speaker_text
3099,5373,1,occurs_in_speaker_text
4906,5373,1,occurs_in_speaker_text
2750,5373,1,occurs_in_speaker_text
2554,5374,1,occurs_in_speaker_text
3526,5374,3,occurs_in_speaker_text
2149,5374,1,occurs_in_speaker_text
4798,5374,1,occurs_in_speaker_text
3353,5374,1,occurs_in_speaker_text
2761,5374,1,occurs_in_speaker_text
4876,5374,1,occurs_in_speaker_text
1384,5374,1,occurs_in_speaker_text
3320,5374,1,occurs_in_speaker_text
2511,5374,1,occurs_in_speaker_text
3099,5374,1,occurs_in_speaker_text
4091,5374,1,occurs_in_speaker_text
563,5375,2,occurs_in_speaker_text
3245,5375,96,occurs_in_speaker_text
4923,5375,1,occurs_in_speaker_text
1484,5375,1,occurs_in_speaker_text
3578,5375,1,occurs_in_speaker_text
1536,5375,1,occurs_in_speaker_text
1593,5375,1,occurs_in_speaker_text
1331,5375,2,occurs_in_speaker_text
4977,5375,3,occurs_in_speaker_text
2485,5375,1,occurs_in_speaker_text
1759,5375,2,occurs_in_speaker_text
234,5375,2,occurs_in_speaker_text
1637,5375,1,occurs_in_speaker_text
2067,5375,1,occurs_in_speaker_text
2504,5375,1,occurs_in_speaker_text
2805,5375,1,occurs_in_speaker_text
2750,5376,2,occurs_in_speaker_text
5087,5376,1,occurs_in_speaker_text
1536,5376,1,occurs_in_speaker_text
4724,5376,1,occurs_in_speaker_text
1999,5377,3,occurs_in_speaker_text
3342,5377,3,occurs_in_speaker_text
150,5377,4,occurs_in_speaker_text
3844,5377,1,occurs_in_speaker_text
3058,5377,1,occurs_in_speaker_text
2520,5377,1,occurs_in_speaker_text
2072,5377,1,occurs_in_speaker_text
4835,5377,1,occurs_in_speaker_text
1258,5377,4,occurs_in_speaker_text
4003,5377,1,occurs_in_speaker_text
3708,5377,1,occurs_in_speaker_text
4576,5377,6,occurs_in_speaker_text
1331,5377,2,occurs_in_speaker_text
3079,5377,2,occurs_in_speaker_text
1637,5377,2,occurs_in_speaker_text
4119,5377,1,occurs_in_speaker_text
4988,5377,1,occurs_in_speaker_text
1436,5377,2,occurs_in_speaker_text
3150,5377,1,occurs_in_speaker_text
1431,5377,2,occurs_in_speaker_text
2312,5377,1,occurs_in_speaker_text
4194,5377,2,occurs_in_speaker_text
4622,5377,1,occurs_in_speaker_text
3767,5377,1,occurs_in_speaker_text
234,5377,1,occurs_in_speaker_text
4051,5377,1,occurs_in_speaker_text
597,5377,1,occurs_in_speaker_text
4665,5377,1,occurs_in_speaker_text
4398,5377,1,occurs_in_speaker_text
4680,5378,1,occurs_in_speaker_text
4878,5378,1,occurs_in_speaker_text
4434,5378,2,occurs_in_speaker_text
4003,5378,1,occurs_in_speaker_text
863,5378,1,occurs_in_speaker_text
4904,5378,1,occurs_in_speaker_text
4835,5378,1,occurs_in_speaker_text
2485,5378,1,occurs_in_speaker_text
5073,5378,1,occurs_in_speaker_text
4096,5378,1,occurs_in_speaker_text
4576,5378,6,occurs_in_speaker_text
3368,5379,1,occurs_in_speaker_text
1695,5379,1,occurs_in_speaker_text
500,5379,2,occurs_in_speaker_text
3505,5379,1,occurs_in_speaker_text
3910,5379,1,occurs_in_speaker_text
1563,5379,1,occurs_in_speaker_text
1994,5379,1,occurs_in_speaker_text
1536,5379,6,occurs_in_speaker_text
2106,5379,1,occurs_in_speaker_text
4003,5379,15,occurs_in_speaker_text
603,5379,1,occurs_in_speaker_text
2574,5379,1,occurs_in_speaker_text
2306,5379,1,occurs_in_speaker_text
118,5379,1,occurs_in_speaker_text
4539,5379,1,occurs_in_speaker_text
2890,5379,1,occurs_in_speaker_text
4629,5379,1,occurs_in_speaker_text
4855,5379,1,occurs_in_speaker_text
4477,5379,1,occurs_in_speaker_text
103,5379,1,occurs_in_speaker_text
3800,5379,1,occurs_in_speaker_text
4152,5379,1,occurs_in_speaker_text
3473,5379,1,occurs_in_speaker_text
703,5379,1,occurs_in_speaker_text
629,5379,1,occurs_in_speaker_text
2474,5379,1,occurs_in_speaker_text
1637,5379,1,occurs_in_speaker_text
4403,5379,1,occurs_in_speaker_text
3635,5379,1,occurs_in_speaker_text
3021,5379,1,occurs_in_speaker_text
1524,5379,1,occurs_in_speaker_text
3201,5379,1,occurs_in_speaker_text
1413,5379,1,occurs_in_speaker_text
811,5379,2,occurs_in_speaker_text
4271,5379,1,occurs_in_speaker_text
831,5379,1,occurs_in_speaker_text
2659,5379,1,occurs_in_speaker_text
3120,5379,1,occurs_in_speaker_text
1291,5379,1,occurs_in_speaker_text
4398,5379,1,occurs_in_speaker_text
2485,5380,1,occurs_in_speaker_text
4876,5380,1,occurs_in_speaker_text
863,5380,1,occurs_in_speaker_text
2868,5380,1,occurs_in_speaker_text
2554,5381,8,occurs_in_speaker_text
1331,5381,4,occurs_in_speaker_text
572,5381,1,occurs_in_speaker_text
4368,5381,1,occurs_in_speaker_text
5077,5381,1,occurs_in_speaker_text
1232,5381,1,occurs_in_speaker_text
2240,5381,1,occurs_in_speaker_text
2616,5381,1,occurs_in_speaker_text
4097,5381,1,occurs_in_speaker_text
1721,5381,1,occurs_in_speaker_text
2485,5381,12,occurs_in_speaker_text
4051,5381,1,occurs_in_speaker_text
4576,5381,1,occurs_in_speaker_text
992,5381,1,occurs_in_speaker_text
3035,5381,1,occurs_in_speaker_text
893,5381,1,occurs_in_speaker_text
3114,5381,1,occurs_in_speaker_text
3500,5381,1,occurs_in_speaker_text
5045,5381,3,occurs_in_speaker_text
2226,5381,1,occurs_in_speaker_text
2766,5381,1,occurs_in_speaker_text
507,5381,1,occurs_in_speaker_text
4724,5381,2,occurs_in_speaker_text
1994,5381,1,occurs_in_speaker_text
3107,5381,1,occurs_in_speaker_text
2209,5381,1,occurs_in_speaker_text
1687,5381,1,occurs_in_speaker_text
1431,5381,1,occurs_in_speaker_text
3381,5381,1,occurs_in_speaker_text
2072,5381,1,occurs_in_speaker_text
1725,5381,1,occurs_in_speaker_text
3538,5381,1,occurs_in_speaker_text
3635,5381,2,occurs_in_speaker_text
2870,5381,1,occurs_in_speaker_text
2824,5381,1,occurs_in_speaker_text
1999,5381,1,occurs_in_speaker_text
1509,5381,1,occurs_in_speaker_text
1637,5381,1,occurs_in_speaker_text
2574,5381,1,occurs_in_speaker_text
4878,5381,1,occurs_in_speaker_text
4271,5381,1,occurs_in_speaker_text
1857,5382,3,occurs_in_speaker_text
811,5382,4,occurs_in_speaker_text
1725,5382,1,occurs_in_speaker_text
4576,5382,2,occurs_in_speaker_text
234,5382,1,occurs_in_speaker_text
3234,5382,1,occurs_in_speaker_text
1754,5382,1,occurs_in_speaker_text
4921,5382,2,occurs_in_speaker_text
1380,5382,1,occurs_in_speaker_text
2554,5383,2,occurs_in_speaker_text
3110,5383,1,occurs_in_speaker_text
3986,5383,1,occurs_in_speaker_text
1973,5383,1,occurs_in_speaker_text
2860,5383,1,occurs_in_speaker_text
275,5383,1,occurs_in_speaker_text
2462,5383,2,occurs_in_speaker_text
1054,5383,1,occurs_in_speaker_text
389,5383,1,occurs_in_speaker_text
4556,5383,1,occurs_in_speaker_text
46,5383,1,occurs_in_speaker_text
4748,5383,1,occurs_in_speaker_text
629,5383,1,occurs_in_speaker_text
4003,5383,2,occurs_in_speaker_text
961,5383,1,occurs_in_speaker_text
2538,5383,1,occurs_in_speaker_text
942,5383,2,occurs_in_speaker_text
4286,5383,3,occurs_in_speaker_text
1114,5383,1,occurs_in_speaker_text
4368,5383,2,occurs_in_speaker_text
1637,5383,7,occurs_in_speaker_text
2910,5383,4,occurs_in_speaker_text
3129,5383,1,occurs_in_speaker_text
2750,5383,2,occurs_in_speaker_text
4782,5383,1,occurs_in_speaker_text
777,5383,1,occurs_in_speaker_text
4366,5383,1,occurs_in_speaker_text
870,5383,1,occurs_in_speaker_text
4228,5383,1,occurs_in_speaker_text
4196,5383,1,occurs_in_speaker_text
4780,5383,1,occurs_in_speaker_text
2567,5383,1,occurs_in_speaker_text
3135,5383,2,occurs_in_speaker_text
2072,5383,2,occurs_in_speaker_text
234,5383,3,occurs_in_speaker_text
1747,5383,1,occurs_in_speaker_text
863,5383,6,occurs_in_speaker_text
2808,5383,1,occurs_in_speaker_text
2766,5383,3,occurs_in_speaker_text
2327,5383,1,occurs_in_speaker_text
146,5383,1,occurs_in_speaker_text
4232,5383,1,occurs_in_speaker_text
3207,5383,1,occurs_in_speaker_text
4301,5383,1,occurs_in_speaker_text
367,5383,1,occurs_in_speaker_text
4498,5383,1,occurs_in_speaker_text
1639,5383,1,occurs_in_speaker_text
1255,5383,1,occurs_in_speaker_text
1536,5383,1,occurs_in_speaker_text
4934,5383,1,occurs_in_speaker_text
2629,5383,1,occurs_in_speaker_text
785,5383,1,occurs_in_speaker_text
2893,5383,1,occurs_in_speaker_text
422,5383,1,occurs_in_speaker_text
904,5383,1,occurs_in_speaker_text
3071,5383,1,occurs_in_speaker_text
2461,5383,5,occurs_in_speaker_text
4430,5383,1,occurs_in_speaker_text
447,5383,1,occurs_in_speaker_text
5074,5383,1,occurs_in_speaker_text
197,5383,1,occurs_in_speaker_text
3962,5383,1,occurs_in_speaker_text
2259,5383,1,occurs_in_speaker_text
3951,5383,2,occurs_in_speaker_text
162,5383,1,occurs_in_speaker_text
4731,5383,1,occurs_in_speaker_text
2256,5383,2,occurs_in_speaker_text
104,5383,2,occurs_in_speaker_text
4893,5383,2,occurs_in_speaker_text
1999,5383,3,occurs_in_speaker_text
2795,5383,6,occurs_in_speaker_text
549,5383,1,occurs_in_speaker_text
4634,5383,1,occurs_in_speaker_text
3192,5383,1,occurs_in_speaker_text
4175,5383,3,occurs_in_speaker_text
2263,5383,1,occurs_in_speaker_text
2445,5383,1,occurs_in_speaker_text
1331,5383,5,occurs_in_speaker_text
3209,5383,1,occurs_in_speaker_text
3562,5383,1,occurs_in_speaker_text
4346,5383,1,occurs_in_speaker_text
3132,5383,1,occurs_in_speaker_text
610,5383,1,occurs_in_speaker_text
5011,5383,1,occurs_in_speaker_text
3099,5383,1,occurs_in_speaker_text
1763,5383,1,occurs_in_speaker_text
1652,5383,1,occurs_in_speaker_text
566,5383,1,occurs_in_speaker_text
243,5383,2,occurs_in_speaker_text
4358,5383,2,occurs_in_speaker_text
2485,5383,7,occurs_in_speaker_text
4006,5383,2,occurs_in_speaker_text
123,5383,1,occurs_in_speaker_text
4353,5383,2,occurs_in_speaker_text
1456,5383,1,occurs_in_speaker_text
4113,5383,1,occurs_in_speaker_text
4158,5383,3,occurs_in_speaker_text
3905,5383,1,occurs_in_speaker_text
780,5383,1,occurs_in_speaker_text
4570,5383,1,occurs_in_speaker_text
2233,5383,1,occurs_in_speaker_text
2322,5383,1,occurs_in_speaker_text
3360,5383,2,occurs_in_speaker_text
3739,5383,1,occurs_in_speaker_text
1232,5383,1,occurs_in_speaker_text
624,5383,1,occurs_in_speaker_text
4258,5383,1,occurs_in_speaker_text
4974,5383,3,occurs_in_speaker_text
1815,5383,1,occurs_in_speaker_text
3875,5383,1,occurs_in_speaker_text
5045,5383,5,occurs_in_speaker_text
1117,5383,1,occurs_in_speaker_text
2867,5383,2,occurs_in_speaker_text
4578,5383,1,occurs_in_speaker_text
2977,5383,1,occurs_in_speaker_text
314,5383,1,occurs_in_speaker_text
1752,5383,1,occurs_in_speaker_text
1628,5383,1,occurs_in_speaker_text
1703,5383,1,occurs_in_speaker_text
4453,5383,1,occurs_in_speaker_text
2172,5383,1,occurs_in_speaker_text
3109,5383,1,occurs_in_speaker_text
156,5383,1,occurs_in_speaker_text
4876,5383,1,occurs_in_speaker_text
1024,5383,1,occurs_in_speaker_text
3446,5383,2,occurs_in_speaker_text
3796,5383,1,occurs_in_speaker_text
1431,5383,1,occurs_in_speaker_text
2935,5383,1,occurs_in_speaker_text
811,5383,2,occurs_in_speaker_text
1768,5383,2,occurs_in_speaker_text
3256,5383,1,occurs_in_speaker_text
2962,5383,1,occurs_in_speaker_text
3585,5383,1,occurs_in_speaker_text
4724,5383,2,occurs_in_speaker_text
3037,5383,1,occurs_in_speaker_text
550,5383,1,occurs_in_speaker_text
4762,5383,1,occurs_in_speaker_text
2289,5383,3,occurs_in_speaker_text
3373,5383,1,occurs_in_speaker_text
2202,5383,1,occurs_in_speaker_text
1372,5383,1,occurs_in_speaker_text
4119,5383,1,occurs_in_speaker_text
515,5383,1,occurs_in_speaker_text
2160,5383,1,occurs_in_speaker_text
1656,5383,1,occurs_in_speaker_text
1859,5383,1,occurs_in_speaker_text
2478,5383,1,occurs_in_speaker_text
2367,5383,1,occurs_in_speaker_text
3724,5383,1,occurs_in_speaker_text
3515,5383,1,occurs_in_speaker_text
4398,5383,2,occurs_in_speaker_text
2189,5383,1,occurs_in_speaker_text
4828,5383,1,occurs_in_speaker_text
925,5383,1,occurs_in_speaker_text
5070,5383,1,occurs_in_speaker_text
1778,5383,1,occurs_in_speaker_text
3852,5383,1,occurs_in_speaker_text
421,5383,1,occurs_in_speaker_text
837,5383,1,occurs_in_speaker_text
3010,5383,1,occurs_in_speaker_text
740,5383,1,occurs_in_speaker_text
4975,5383,2,occurs_in_speaker_text
834,5383,1,occurs_in_speaker_text
1640,5383,5,occurs_in_speaker_text
1983,5383,1,occurs_in_speaker_text
1677,5383,1,occurs_in_speaker_text
50,5383,1,occurs_in_speaker_text
2240,5383,1,occurs_in_speaker_text
2378,5383,2,occurs_in_speaker_text
2864,5383,1,occurs_in_speaker_text
3943,5383,1,occurs_in_speaker_text
4401,5383,1,occurs_in_speaker_text
2086,5383,1,occurs_in_speaker_text
1144,5383,1,occurs_in_speaker_text
3148,5383,1,occurs_in_speaker_text
3077,5383,1,occurs_in_speaker_text
1284,5383,1,occurs_in_speaker_text
1212,5383,1,occurs_in_speaker_text
4003,5384,4,occurs_in_speaker_text
2485,5384,4,occurs_in_speaker_text
4814,5384,1,occurs_in_speaker_text
3526,5384,1,occurs_in_speaker_text
2773,5384,5,occurs_in_speaker_text
4876,5384,1,occurs_in_speaker_text
2289,5384,1,occurs_in_speaker_text
4707,5384,1,occurs_in_speaker_text
3784,5384,1,occurs_in_speaker_text
230,5384,1,occurs_in_speaker_text
1640,5384,4,occurs_in_speaker_text
4360,5384,1,occurs_in_speaker_text
4918,5384,1,occurs_in_speaker_text
2766,5384,1,occurs_in_speaker_text
4051,5384,1,occurs_in_speaker_text
811,5384,4,occurs_in_speaker_text
1114,5384,1,occurs_in_speaker_text
4311,5384,1,occurs_in_speaker_text
627,5384,1,occurs_in_speaker_text
1952,5384,2,occurs_in_speaker_text
1331,5384,2,occurs_in_speaker_text
3010,5384,3,occurs_in_speaker_text
243,5384,2,occurs_in_speaker_text
4033,5384,1,occurs_in_speaker_text
2209,5384,1,occurs_in_speaker_text
942,5384,3,occurs_in_speaker_text
1157,5384,2,occurs_in_speaker_text
2574,5384,2,occurs_in_speaker_text
863,5384,2,occurs_in_speaker_text
3635,5384,2,occurs_in_speaker_text
2809,5384,2,occurs_in_speaker_text
1118,5384,1,occurs_in_speaker_text
2989,5384,1,occurs_in_speaker_text
2868,5384,1,occurs_in_speaker_text
1916,5384,1,occurs_in_speaker_text
1021,5384,1,occurs_in_speaker_text
4795,5384,1,occurs_in_speaker_text
3821,5384,1,occurs_in_speaker_text
4576,5384,4,occurs_in_speaker_text
2285,5384,1,occurs_in_speaker_text
2851,5384,1,occurs_in_speaker_text
3617,5384,1,occurs_in_speaker_text
822,5384,2,occurs_in_speaker_text
4119,5384,1,occurs_in_speaker_text
2706,5384,1,occurs_in_speaker_text
2312,5384,1,occurs_in_speaker_text
2057,5384,1,occurs_in_speaker_text
2871,5384,1,occurs_in_speaker_text
4693,5384,1,occurs_in_speaker_text
3973,5384,1,occurs_in_speaker_text
1515,5384,1,occurs_in_speaker_text
525,5384,1,occurs_in_speaker_text
1909,5384,1,occurs_in_speaker_text
3625,5384,1,occurs_in_speaker_text
2155,5384,1,occurs_in_speaker_text
3740,5384,1,occurs_in_speaker_text
961,5384,1,occurs_in_speaker_text
2583,5384,1,occurs_in_speaker_text
1391,5385,1,occurs_in_speaker_text
4003,5385,1,occurs_in_speaker_text
3688,5385,2,occurs_in_speaker_text
2823,5385,1,occurs_in_speaker_text
2910,5385,1,occurs_in_speaker_text
1232,5385,5,occurs_in_speaker_text
2312,5385,1,occurs_in_speaker_text
3735,5385,2,occurs_in_speaker_text
3912,5385,1,occurs_in_speaker_text
103,5385,1,occurs_in_speaker_text
4788,5385,1,occurs_in_speaker_text
2773,5385,1,occurs_in_speaker_text
1331,5385,1,occurs_in_speaker_text
1331,5386,2,occurs_in_speaker_text
308,5386,1,occurs_in_speaker_text
4299,5386,1,occurs_in_speaker_text
3341,5386,1,occurs_in_speaker_text
4358,5386,1,occurs_in_speaker_text
4607,5386,1,occurs_in_speaker_text
4993,5386,1,occurs_in_speaker_text
2799,5387,1,occurs_in_speaker_text
2773,5387,2,occurs_in_speaker_text
1637,5387,1,occurs_in_speaker_text
3175,5387,2,occurs_in_speaker_text
2538,5387,3,occurs_in_speaker_text
4576,5387,2,occurs_in_speaker_text
4887,5387,1,occurs_in_speaker_text
3028,5387,2,occurs_in_speaker_text
2577,5387,2,occurs_in_speaker_text
942,5387,6,occurs_in_speaker_text
4244,5387,2,occurs_in_speaker_text
1331,5387,4,occurs_in_speaker_text
863,5387,1,occurs_in_speaker_text
2485,5387,1,occurs_in_speaker_text
2256,5387,1,occurs_in_speaker_text
275,5387,1,occurs_in_speaker_text
415,5387,4,occurs_in_speaker_text
3099,5387,2,occurs_in_speaker_text
234,5387,3,occurs_in_speaker_text
811,5387,1,occurs_in_speaker_text
3035,5387,1,occurs_in_speaker_text
33,5387,1,occurs_in_speaker_text
164,5387,1,occurs_in_speaker_text
2300,5387,1,occurs_in_speaker_text
1501,5387,1,occurs_in_speaker_text
2484,5387,1,occurs_in_speaker_text
3635,5387,3,occurs_in_speaker_text
2589,5387,1,occurs_in_speaker_text
3767,5387,1,occurs_in_speaker_text
4739,5387,1,occurs_in_speaker_text
611,5387,1,occurs_in_speaker_text
4119,5387,1,occurs_in_speaker_text
3860,5387,1,occurs_in_speaker_text
2515,5388,1,occurs_in_speaker_text
3867,5388,1,occurs_in_speaker_text
4724,5388,2,occurs_in_speaker_text
4879,5388,1,occurs_in_speaker_text
2910,5388,2,occurs_in_speaker_text
1768,5388,1,occurs_in_speaker_text
19,5388,1,occurs_in_speaker_text
995,5388,1,occurs_in_speaker_text
1365,5388,1,occurs_in_speaker_text
1999,5388,2,occurs_in_speaker_text
4003,5388,3,occurs_in_speaker_text
3737,5388,1,occurs_in_speaker_text
1100,5388,1,occurs_in_speaker_text
4934,5388,1,occurs_in_speaker_text
1637,5388,1,occurs_in_speaker_text
3354,5388,1,occurs_in_speaker_text
1859,5388,2,occurs_in_speaker_text
2485,5388,2,occurs_in_speaker_text
4923,5388,1,occurs_in_speaker_text
4795,5388,1,occurs_in_speaker_text
3625,5388,1,occurs_in_speaker_text
1778,5388,1,occurs_in_speaker_text
3207,5388,2,occurs_in_speaker_text
822,5388,1,occurs_in_speaker_text
942,5388,1,occurs_in_speaker_text
4051,5388,1,occurs_in_speaker_text
1144,5388,1,occurs_in_speaker_text
1725,5388,1,occurs_in_speaker_text
2353,5388,1,occurs_in_speaker_text
3562,5388,1,occurs_in_speaker_text
4318,5388,1,occurs_in_speaker_text
3655,5388,1,occurs_in_speaker_text
139,5388,3,occurs_in_speaker_text
1640,5388,1,occurs_in_speaker_text
3818,5388,1,occurs_in_speaker_text
3172,5388,1,occurs_in_speaker_text
1331,5388,4,occurs_in_speaker_text
2256,5388,1,occurs_in_speaker_text
2193,5388,1,occurs_in_speaker_text
5045,5388,1,occurs_in_speaker_text
4622,5388,1,occurs_in_speaker_text
2619,5388,1,occurs_in_speaker_text
507,5388,2,occurs_in_speaker_text
99,5388,1,occurs_in_speaker_text
4040,5388,1,occurs_in_speaker_text
3617,5388,1,occurs_in_speaker_text
2541,5388,1,occurs_in_speaker_text
1235,5388,1,occurs_in_speaker_text
1900,5388,2,occurs_in_speaker_text
3107,5388,1,occurs_in_speaker_text
2972,5388,1,occurs_in_speaker_text
1459,5388,1,occurs_in_speaker_text
4780,5388,1,occurs_in_speaker_text
4150,5388,1,occurs_in_speaker_text
4775,5388,1,occurs_in_speaker_text
2337,5388,1,occurs_in_speaker_text
2773,5388,1,occurs_in_speaker_text
2172,5388,1,occurs_in_speaker_text
1156,5388,1,occurs_in_speaker_text
3562,5389,1,occurs_in_speaker_text
2365,5389,1,occurs_in_speaker_text
1818,5389,2,occurs_in_speaker_text
863,5389,2,occurs_in_speaker_text
3099,5389,2,occurs_in_speaker_text
2910,5389,1,occurs_in_speaker_text
2485,5389,1,occurs_in_speaker_text
3526,5389,1,occurs_in_speaker_text
1144,5389,1,occurs_in_speaker_text
234,5389,1,occurs_in_speaker_text
1999,5389,2,occurs_in_speaker_text
4398,5389,1,occurs_in_speaker_text
1714,5390,3,occurs_in_speaker_text
2629,5390,1,occurs_in_speaker_text
1431,5390,3,occurs_in_speaker_text
4855,5390,3,occurs_in_speaker_text
811,5390,1,occurs_in_speaker_text
2927,5390,1,occurs_in_speaker_text
1725,5390,1,occurs_in_speaker_text
1144,5390,1,occurs_in_speaker_text
1157,5390,1,occurs_in_speaker_text
5070,5390,1,occurs_in_speaker_text
4724,5390,1,occurs_in_speaker_text
4572,5390,1,occurs_in_speaker_text
1999,5390,5,occurs_in_speaker_text
840,5390,1,occurs_in_speaker_text
4983,5390,1,occurs_in_speaker_text
4003,5390,2,occurs_in_speaker_text
2322,5390,1,occurs_in_speaker_text
2054,5390,1,occurs_in_speaker_text
1114,5390,1,occurs_in_speaker_text
722,5390,1,occurs_in_speaker_text
4775,5391,1,occurs_in_speaker_text
2273,5391,7,occurs_in_speaker_text
3724,5391,1,occurs_in_speaker_text
2150,5391,17,occurs_in_speaker_text
4119,5391,1,occurs_in_speaker_text
4680,5391,1,occurs_in_speaker_text
4368,5391,1,occurs_in_speaker_text
1115,5391,1,occurs_in_speaker_text
3229,5391,1,occurs_in_speaker_text
2367,5391,3,occurs_in_speaker_text
4003,5391,3,occurs_in_speaker_text
1431,5391,1,occurs_in_speaker_text
4124,5391,1,occurs_in_speaker_text
2602,5391,2,occurs_in_speaker_text
1323,5391,4,occurs_in_speaker_text
2708,5391,2,occurs_in_speaker_text
4286,5391,3,occurs_in_speaker_text
2865,5391,1,occurs_in_speaker_text
3526,5391,2,occurs_in_speaker_text
4398,5391,3,occurs_in_speaker_text
1768,5391,2,occurs_in_speaker_text
815,5391,1,occurs_in_speaker_text
3323,5391,2,occurs_in_speaker_text
1999,5391,2,occurs_in_speaker_text
3890,5391,1,occurs_in_speaker_text
1174,5391,1,occurs_in_speaker_text
566,5391,1,occurs_in_speaker_text
4954,5391,2,occurs_in_speaker_text
2934,5391,1,occurs_in_speaker_text
2521,5391,1,occurs_in_speaker_text
4878,5391,6,occurs_in_speaker_text
2574,5391,2,occurs_in_speaker_text
1442,5391,1,occurs_in_speaker_text
3254,5391,1,occurs_in_speaker_text
4114,5391,1,occurs_in_speaker_text
3099,5391,1,occurs_in_speaker_text
1818,5391,3,occurs_in_speaker_text
4271,5391,1,occurs_in_speaker_text
2910,5391,1,occurs_in_speaker_text
2660,5391,1,occurs_in_speaker_text
3813,5391,1,occurs_in_speaker_text
2738,5391,4,occurs_in_speaker_text
3079,5391,1,occurs_in_speaker_text
1994,5391,1,occurs_in_speaker_text
3500,5391,1,occurs_in_speaker_text
4461,5391,1,occurs_in_speaker_text
1232,5392,1,occurs_in_speaker_text
648,5392,1,occurs_in_speaker_text
429,5392,1,occurs_in_speaker_text
4417,5392,1,occurs_in_speaker_text
1725,5392,3,occurs_in_speaker_text
4339,5392,1,occurs_in_speaker_text
5045,5392,2,occurs_in_speaker_text
2870,5392,1,occurs_in_speaker_text
236,5392,1,occurs_in_speaker_text
4040,5392,1,occurs_in_speaker_text
33,5392,1,occurs_in_speaker_text
4398,5392,1,occurs_in_speaker_text
4124,5392,1,occurs_in_speaker_text
4046,5392,1,occurs_in_speaker_text
4653,5392,1,occurs_in_speaker_text
3633,5392,1,occurs_in_speaker_text
2072,5392,1,occurs_in_speaker_text
2910,5392,1,occurs_in_speaker_text
234,5392,1,occurs_in_speaker_text
1331,5392,6,occurs_in_speaker_text
2801,5392,1,occurs_in_speaker_text
1999,5392,2,occurs_in_speaker_text
3204,5392,2,occurs_in_speaker_text
3460,5392,1,occurs_in_speaker_text
4437,5392,1,occurs_in_speaker_text
2554,5392,1,occurs_in_speaker_text
2485,5392,1,occurs_in_speaker_text
3635,5392,1,occurs_in_speaker_text
555,5392,1,occurs_in_speaker_text
4292,5393,1,occurs_in_speaker_text
755,5393,1,occurs_in_speaker_text
4003,5393,1,occurs_in_speaker_text
531,5393,4,occurs_in_speaker_text
1536,5393,1,occurs_in_speaker_text
2646,5393,1,occurs_in_speaker_text
2329,5393,6,occurs_in_speaker_text
3724,5393,1,occurs_in_speaker_text
2766,5393,1,occurs_in_speaker_text
4878,5393,1,occurs_in_speaker_text
3767,5393,1,occurs_in_speaker_text
4356,5393,1,occurs_in_speaker_text
2414,5393,1,occurs_in_speaker_text
1985,5393,1,occurs_in_speaker_text
2750,5394,1,occurs_in_speaker_text
2485,5395,4,occurs_in_speaker_text
3661,5395,1,occurs_in_speaker_text
3635,5395,2,occurs_in_speaker_text
3473,5395,1,occurs_in_speaker_text
3688,5395,1,occurs_in_speaker_text
4292,5395,1,occurs_in_speaker_text
2461,5395,1,occurs_in_speaker_text
275,5395,1,occurs_in_speaker_text
3394,5395,2,occurs_in_speaker_text
5045,5395,2,occurs_in_speaker_text
3342,5395,1,occurs_in_speaker_text
507,5395,1,occurs_in_speaker_text
4398,5395,1,occurs_in_speaker_text
3944,5395,1,occurs_in_speaker_text
2390,5395,1,occurs_in_speaker_text
162,5395,2,occurs_in_speaker_text
2766,5395,1,occurs_in_speaker_text
4724,5395,1,occurs_in_speaker_text
4143,5395,1,occurs_in_speaker_text
101,5395,1,occurs_in_speaker_text
2629,5395,1,occurs_in_speaker_text
3635,5396,1,occurs_in_speaker_text
1232,5396,1,occurs_in_speaker_text
3724,5396,1,occurs_in_speaker_text
3099,5396,1,occurs_in_speaker_text
1725,5396,1,occurs_in_speaker_text
4855,5396,1,occurs_in_speaker_text
942,5396,1,occurs_in_speaker_text
376,5396,1,occurs_in_speaker_text
4353,5396,1,occurs_in_speaker_text
1442,5396,1,occurs_in_speaker_text
811,5396,1,occurs_in_speaker_text
2910,5396,1,occurs_in_speaker_text
3838,5396,1,occurs_in_speaker_text
952,5397,1,occurs_in_speaker_text
2047,5397,2,occurs_in_speaker_text
4398,5397,1,occurs_in_speaker_text
2746,5397,1,occurs_in_speaker_text
2485,5398,8,occurs_in_speaker_text
966,5398,2,occurs_in_speaker_text
4091,5398,2,occurs_in_speaker_text
2972,5398,1,occurs_in_speaker_text
3526,5398,3,occurs_in_speaker_text
762,5398,1,occurs_in_speaker_text
1723,5398,1,occurs_in_speaker_text
3524,5398,1,occurs_in_speaker_text
1999,5398,1,occurs_in_speaker_text
3099,5398,1,occurs_in_speaker_text
139,5398,2,occurs_in_speaker_text
593,5398,1,occurs_in_speaker_text
4398,5398,1,occurs_in_speaker_text
4103,5399,1,occurs_in_speaker_text
3562,5399,1,occurs_in_speaker_text
2448,5399,1,occurs_in_speaker_text
442,5399,1,occurs_in_speaker_text
2289,5399,1,occurs_in_speaker_text
5089,5399,1,occurs_in_speaker_text
4852,5399,1,occurs_in_speaker_text
4537,5399,1,occurs_in_speaker_text
1539,5399,1,occurs_in_speaker_text
1999,5399,4,occurs_in_speaker_text
3724,5400,1,occurs_in_speaker_text
4368,5400,1,occurs_in_speaker_text
4576,5400,1,occurs_in_speaker_text
275,5400,2,occurs_in_speaker_text
2024,5400,1,occurs_in_speaker_text
4307,5400,1,occurs_in_speaker_text
1484,5400,1,occurs_in_speaker_text
3010,5400,1,occurs_in_speaker_text
4634,5400,2,occurs_in_speaker_text
2750,5400,2,occurs_in_speaker_text
1459,5400,1,occurs_in_speaker_text
3802,5400,1,occurs_in_speaker_text
863,5400,1,occurs_in_speaker_text
4189,5400,1,occurs_in_speaker_text
811,5400,1,occurs_in_speaker_text
2972,5401,1,occurs_in_speaker_text
1954,5401,1,occurs_in_speaker_text
2445,5401,1,occurs_in_speaker_text
2417,5401,1,occurs_in_speaker_text
1894,5401,1,occurs_in_speaker_text
3562,5401,2,occurs_in_speaker_text
2485,5401,3,occurs_in_speaker_text
4624,5401,1,occurs_in_speaker_text
103,5402,1,occurs_in_speaker_text
4993,5402,1,occurs_in_speaker_text
1549,5402,2,occurs_in_speaker_text
647,5402,1,occurs_in_speaker_text
4731,5402,1,occurs_in_speaker_text
2575,5402,1,occurs_in_speaker_text
3150,5402,2,occurs_in_speaker_text
2461,5402,1,occurs_in_speaker_text
2027,5402,1,occurs_in_speaker_text
839,5402,1,occurs_in_speaker_text
1714,5402,1,occurs_in_speaker_text
50,5402,1,occurs_in_speaker_text
4003,5402,4,occurs_in_speaker_text
4576,5402,2,occurs_in_speaker_text
3977,5402,1,occurs_in_speaker_text
3277,5402,1,occurs_in_speaker_text
3847,5402,1,occurs_in_speaker_text
3010,5402,2,occurs_in_speaker_text
1144,5402,1,occurs_in_speaker_text
1536,5402,1,occurs_in_speaker_text
2747,5402,1,occurs_in_speaker_text
2160,5402,1,occurs_in_speaker_text
4108,5402,1,occurs_in_speaker_text
4121,5402,1,occurs_in_speaker_text
3653,5402,1,occurs_in_speaker_text
811,5402,4,occurs_in_speaker_text
1174,5402,2,occurs_in_speaker_text
234,5402,3,occurs_in_speaker_text
70,5402,1,occurs_in_speaker_text
2673,5402,2,occurs_in_speaker_text
4395,5402,1,occurs_in_speaker_text
2809,5402,2,occurs_in_speaker_text
2485,5402,3,occurs_in_speaker_text
3404,5402,1,occurs_in_speaker_text
2209,5402,1,occurs_in_speaker_text
5054,5402,1,occurs_in_speaker_text
327,5402,1,occurs_in_speaker_text
1687,5402,1,occurs_in_speaker_text
2365,5402,1,occurs_in_speaker_text
2240,5402,1,occurs_in_speaker_text
4754,5402,1,occurs_in_speaker_text
3635,5402,1,occurs_in_speaker_text
3107,5402,1,occurs_in_speaker_text
1654,5402,1,occurs_in_speaker_text
878,5402,1,occurs_in_speaker_text
3292,5402,1,occurs_in_speaker_text
4114,5402,1,occurs_in_speaker_text
4873,5402,1,occurs_in_speaker_text
1431,5402,1,occurs_in_speaker_text
3911,5402,1,occurs_in_speaker_text
3713,5402,1,occurs_in_speaker_text
1637,5402,1,occurs_in_speaker_text
748,5402,1,occurs_in_speaker_text
4724,5402,1,occurs_in_speaker_text
3328,5402,1,occurs_in_speaker_text
2574,5402,1,occurs_in_speaker_text
1164,5402,1,occurs_in_speaker_text
602,5402,1,occurs_in_speaker_text
3591,5402,1,occurs_in_speaker_text
898,5402,1,occurs_in_speaker_text
4353,5402,1,occurs_in_speaker_text
2983,5402,1,occurs_in_speaker_text
863,5402,1,occurs_in_speaker_text
3323,5402,1,occurs_in_speaker_text
711,5402,1,occurs_in_speaker_text
1515,5402,2,occurs_in_speaker_text
4031,5402,1,occurs_in_speaker_text
4913,5402,1,occurs_in_speaker_text
4327,5402,1,occurs_in_speaker_text
441,5402,1,occurs_in_speaker_text
2935,5402,1,occurs_in_speaker_text
4818,5402,1,occurs_in_speaker_text
3034,5403,1,occurs_in_speaker_text
2563,5403,3,occurs_in_speaker_text
308,5403,1,occurs_in_speaker_text
234,5403,1,occurs_in_speaker_text
272,5403,1,occurs_in_speaker_text
842,5403,1,occurs_in_speaker_text
1536,5403,1,occurs_in_speaker_text
4018,5403,2,occurs_in_speaker_text
1704,5403,1,occurs_in_speaker_text
1144,5403,1,occurs_in_speaker_text
2972,5403,2,occurs_in_speaker_text
2422,5403,2,occurs_in_speaker_text
2538,5403,1,occurs_in_speaker_text
4993,5403,1,occurs_in_speaker_text
3562,5403,1,occurs_in_speaker_text
4849,5403,1,occurs_in_speaker_text
4003,5403,1,occurs_in_speaker_text
1436,5403,1,occurs_in_speaker_text
308,5404,1,occurs_in_speaker_text
338,5404,1,occurs_in_speaker_text
1768,5404,1,occurs_in_speaker_text
4724,5404,1,occurs_in_speaker_text
3562,5404,2,occurs_in_speaker_text
4808,5405,1,occurs_in_speaker_text
629,5405,1,occurs_in_speaker_text
59,5405,1,occurs_in_speaker_text
484,5405,2,occurs_in_speaker_text
3169,5405,1,occurs_in_speaker_text
478,5405,1,occurs_in_speaker_text
3405,5405,2,occurs_in_speaker_text
2256,5405,1,occurs_in_speaker_text
3010,5405,1,occurs_in_speaker_text
156,5405,1,occurs_in_speaker_text
4080,5405,1,occurs_in_speaker_text
2773,5405,1,occurs_in_speaker_text
2629,5405,1,occurs_in_speaker_text
2538,5405,1,occurs_in_speaker_text
1941,5405,1,occurs_in_speaker_text
3040,5405,1,occurs_in_speaker_text
1361,5405,1,occurs_in_speaker_text
3099,5405,1,occurs_in_speaker_text
3724,5405,1,occurs_in_speaker_text
3943,5405,1,occurs_in_speaker_text
4878,5405,1,occurs_in_speaker_text
2552,5406,1,occurs_in_speaker_text
811,5406,1,occurs_in_speaker_text
1001,5406,1,occurs_in_speaker_text
4292,5406,1,occurs_in_speaker_text
3500,5406,1,occurs_in_speaker_text
778,5406,1,occurs_in_speaker_text
2251,5406,1,occurs_in_speaker_text
1331,5406,1,occurs_in_speaker_text
3342,5406,5,occurs_in_speaker_text
5082,5406,1,occurs_in_speaker_text
3688,5406,1,occurs_in_speaker_text
2726,5406,1,occurs_in_speaker_text
2688,5406,1,occurs_in_speaker_text
4334,5406,1,occurs_in_speaker_text
2485,5406,1,occurs_in_speaker_text
3238,5406,1,occurs_in_speaker_text
2256,5407,1,occurs_in_speaker_text
3708,5407,2,occurs_in_speaker_text
2580,5407,2,occurs_in_speaker_text
2538,5407,9,occurs_in_speaker_text
567,5407,1,occurs_in_speaker_text
1687,5407,3,occurs_in_speaker_text
942,5407,2,occurs_in_speaker_text
3079,5407,1,occurs_in_speaker_text
389,5407,9,occurs_in_speaker_text
3864,5407,2,occurs_in_speaker_text
1697,5407,1,occurs_in_speaker_text
4596,5407,1,occurs_in_speaker_text
1232,5407,3,occurs_in_speaker_text
146,5407,1,occurs_in_speaker_text
3148,5407,1,occurs_in_speaker_text
2445,5407,1,occurs_in_speaker_text
3967,5407,1,occurs_in_speaker_text
219,5407,1,occurs_in_speaker_text
4182,5407,1,occurs_in_speaker_text
1044,5407,1,occurs_in_speaker_text
659,5407,1,occurs_in_speaker_text
3028,5407,1,occurs_in_speaker_text
3865,5407,2,occurs_in_speaker_text
308,5407,3,occurs_in_speaker_text
1754,5407,2,occurs_in_speaker_text
800,5407,1,occurs_in_speaker_text
1859,5407,1,occurs_in_speaker_text
3500,5407,1,occurs_in_speaker_text
4685,5407,1,occurs_in_speaker_text
1985,5407,1,occurs_in_speaker_text
2400,5407,2,occurs_in_speaker_text
685,5407,5,occurs_in_speaker_text
2574,5407,1,occurs_in_speaker_text
4576,5407,2,occurs_in_speaker_text
275,5407,1,occurs_in_speaker_text
4124,5407,1,occurs_in_speaker_text
2371,5407,1,occurs_in_speaker_text
3120,5407,1,occurs_in_speaker_text
2419,5407,1,occurs_in_speaker_text
392,5407,1,occurs_in_speaker_text
159,5407,1,occurs_in_speaker_text
2485,5407,3,occurs_in_speaker_text
261,5407,1,occurs_in_speaker_text
4724,5407,1,occurs_in_speaker_text
2629,5407,1,occurs_in_speaker_text
2713,5407,1,occurs_in_speaker_text
3716,5407,1,occurs_in_speaker_text
4119,5407,1,occurs_in_speaker_text
4241,5407,1,occurs_in_speaker_text
4528,5408,1,occurs_in_speaker_text
3010,5408,1,occurs_in_speaker_text
4003,5408,5,occurs_in_speaker_text
412,5408,1,occurs_in_speaker_text
946,5408,1,occurs_in_speaker_text
4169,5408,1,occurs_in_speaker_text
4708,5408,1,occurs_in_speaker_text
2868,5408,1,occurs_in_speaker_text
4974,5408,1,occurs_in_speaker_text
154,5408,1,occurs_in_speaker_text
507,5408,1,occurs_in_speaker_text
4228,5408,1,occurs_in_speaker_text
4849,5408,1,occurs_in_speaker_text
1232,5408,1,occurs_in_speaker_text
236,5408,1,occurs_in_speaker_text
1331,5408,1,occurs_in_speaker_text
4845,5408,1,occurs_in_speaker_text
942,5408,1,occurs_in_speaker_text
3065,5408,1,occurs_in_speaker_text
3148,5408,1,occurs_in_speaker_text
811,5408,1,occurs_in_speaker_text
219,5409,1,occurs_in_speaker_text
4824,5410,2,occurs_in_speaker_text
4193,5410,2,occurs_in_speaker_text
4286,5410,1,occurs_in_speaker_text
3432,5410,1,occurs_in_speaker_text
4724,5410,2,occurs_in_speaker_text
3104,5410,1,occurs_in_speaker_text
3758,5410,1,occurs_in_speaker_text
1768,5410,1,occurs_in_speaker_text
4003,5410,3,occurs_in_speaker_text
1386,5410,1,occurs_in_speaker_text
1902,5410,1,occurs_in_speaker_text
3323,5410,1,occurs_in_speaker_text
2673,5410,1,occurs_in_speaker_text
2461,5410,1,occurs_in_speaker_text
4876,5410,3,occurs_in_speaker_text
4923,5410,1,occurs_in_speaker_text
4394,5410,1,occurs_in_speaker_text
62,5410,1,occurs_in_speaker_text
5029,5410,1,occurs_in_speaker_text
4815,5410,1,occurs_in_speaker_text
5045,5410,2,occurs_in_speaker_text
1488,5410,1,occurs_in_speaker_text
2886,5410,1,occurs_in_speaker_text
1687,5411,1,occurs_in_speaker_text
893,5411,1,occurs_in_speaker_text
811,5411,1,occurs_in_speaker_text
234,5411,1,occurs_in_speaker_text
1431,5411,1,occurs_in_speaker_text
2773,5411,1,occurs_in_speaker_text
4787,5411,1,occurs_in_speaker_text
4576,5411,2,occurs_in_speaker_text
2485,5411,2,occurs_in_speaker_text
942,5411,1,occurs_in_speaker_text
4003,5411,1,occurs_in_speaker_text
1157,5411,1,occurs_in_speaker_text
222,5411,1,occurs_in_speaker_text
4993,5412,1,occurs_in_speaker_text
3943,5412,1,occurs_in_speaker_text
4612,5412,1,occurs_in_speaker_text
4143,5412,2,occurs_in_speaker_text
1855,5412,1,occurs_in_speaker_text
2861,5412,2,occurs_in_speaker_text
4003,5412,1,occurs_in_speaker_text
4876,5412,1,occurs_in_speaker_text
4843,5412,1,occurs_in_speaker_text
2854,5412,1,occurs_in_speaker_text
3099,5412,1,occurs_in_speaker_text
3724,5412,1,occurs_in_speaker_text
4373,5412,1,occurs_in_speaker_text
2289,5412,1,occurs_in_speaker_text
1431,5413,9,occurs_in_speaker_text
4003,5413,30,occurs_in_speaker_text
1157,5413,1,occurs_in_speaker_text
529,5413,1,occurs_in_speaker_text
3323,5413,1,occurs_in_speaker_text
1562,5413,1,occurs_in_speaker_text
1807,5413,1,occurs_in_speaker_text
1536,5413,2,occurs_in_speaker_text
4040,5413,1,occurs_in_speaker_text
308,5413,4,occurs_in_speaker_text
4576,5413,1,occurs_in_speaker_text
811,5413,2,occurs_in_speaker_text
4195,5413,3,occurs_in_speaker_text
2302,5413,1,occurs_in_speaker_text
3627,5413,3,occurs_in_speaker_text
2206,5413,1,occurs_in_speaker_text
4368,5413,1,occurs_in_speaker_text
234,5413,1,occurs_in_speaker_text
4855,5413,1,occurs_in_speaker_text
1536,5414,2,occurs_in_speaker_text
2521,5414,2,occurs_in_speaker_text
2478,5414,2,occurs_in_speaker_text
4398,5414,3,occurs_in_speaker_text
942,5414,1,occurs_in_speaker_text
1331,5414,1,occurs_in_speaker_text
4003,5414,4,occurs_in_speaker_text
2574,5414,1,occurs_in_speaker_text
4878,5414,1,occurs_in_speaker_text
629,5414,1,occurs_in_speaker_text
308,5414,5,occurs_in_speaker_text
2660,5414,1,occurs_in_speaker_text
2750,5414,1,occurs_in_speaker_text
811,5414,2,occurs_in_speaker_text
1232,5414,1,occurs_in_speaker_text
162,5414,2,occurs_in_speaker_text
2600,5414,1,occurs_in_speaker_text
4753,5414,1,occurs_in_speaker_text
3724,5414,1,occurs_in_speaker_text
2567,5414,1,occurs_in_speaker_text
275,5414,1,occurs_in_speaker_text
1431,5414,5,occurs_in_speaker_text
1768,5414,1,occurs_in_speaker_text
2302,5414,1,occurs_in_speaker_text
3859,5414,1,occurs_in_speaker_text
1122,5414,1,occurs_in_speaker_text
2554,5414,2,occurs_in_speaker_text
958,5414,1,occurs_in_speaker_text
1700,5414,1,occurs_in_speaker_text
909,5414,1,occurs_in_speaker_text
4143,5415,1,occurs_in_speaker_text
4309,5415,1,occurs_in_speaker_text
1924,5415,1,occurs_in_speaker_text
841,5415,1,occurs_in_speaker_text
843,5415,1,occurs_in_speaker_text
3850,5415,1,occurs_in_speaker_text
1372,5415,1,occurs_in_speaker_text
2766,5415,2,occurs_in_speaker_text
3724,5415,1,occurs_in_speaker_text
3526,5415,1,occurs_in_speaker_text
4687,5415,1,occurs_in_speaker_text
308,5415,1,occurs_in_speaker_text
1515,5415,2,occurs_in_speaker_text
4003,5415,1,occurs_in_speaker_text
2485,5415,2,occurs_in_speaker_text
4876,5415,1,occurs_in_speaker_text
3323,5415,2,occurs_in_speaker_text
3804,5415,1,occurs_in_speaker_text
942,5415,1,occurs_in_speaker_text
1739,5415,1,occurs_in_speaker_text
2910,5415,1,occurs_in_speaker_text
4993,5415,1,occurs_in_speaker_text
1254,5415,1,occurs_in_speaker_text
3476,5415,1,occurs_in_speaker_text
2365,5415,1,occurs_in_speaker_text
2598,5415,1,occurs_in_speaker_text
3152,5415,2,occurs_in_speaker_text
2870,5415,1,occurs_in_speaker_text
811,5416,3,occurs_in_speaker_text
2256,5416,4,occurs_in_speaker_text
4755,5416,1,occurs_in_speaker_text
1232,5416,96,occurs_in_speaker_text
103,5416,1,occurs_in_speaker_text
1364,5416,1,occurs_in_speaker_text
629,5416,1,occurs_in_speaker_text
3255,5416,1,occurs_in_speaker_text
4312,5416,3,occurs_in_speaker_text
2554,5416,5,occurs_in_speaker_text
1493,5416,1,occurs_in_speaker_text
4672,5416,1,occurs_in_speaker_text
1566,5416,1,occurs_in_speaker_text
784,5416,1,occurs_in_speaker_text
1874,5416,1,occurs_in_speaker_text
275,5416,1,occurs_in_speaker_text
1999,5416,1,occurs_in_speaker_text
4887,5416,1,occurs_in_speaker_text
4157,5416,3,occurs_in_speaker_text
3871,5416,1,occurs_in_speaker_text
2312,5416,1,occurs_in_speaker_text
3579,5416,2,occurs_in_speaker_text
486,5416,1,occurs_in_speaker_text
4835,5416,1,occurs_in_speaker_text
176,5416,1,occurs_in_speaker_text
1318,5416,2,occurs_in_speaker_text
3910,5416,1,occurs_in_speaker_text
4295,5416,1,occurs_in_speaker_text
3010,5416,3,occurs_in_speaker_text
33,5416,1,occurs_in_speaker_text
2673,5416,1,occurs_in_speaker_text
1825,5416,1,occurs_in_speaker_text
1292,5416,1,occurs_in_speaker_text
1907,5416,1,occurs_in_speaker_text
936,5416,1,occurs_in_speaker_text
2773,5416,1,occurs_in_speaker_text
3011,5416,1,occurs_in_speaker_text
3903,5416,1,occurs_in_speaker_text
894,5416,1,occurs_in_speaker_text
4894,5416,1,occurs_in_speaker_text
2924,5416,1,occurs_in_speaker_text
1376,5416,1,occurs_in_speaker_text
4338,5416,1,occurs_in_speaker_text
1331,5416,1,occurs_in_speaker_text
4114,5416,1,occurs_in_speaker_text
2935,5417,1,occurs_in_speaker_text
2629,5417,1,occurs_in_speaker_text
1770,5417,1,occurs_in_speaker_text
3912,5417,2,occurs_in_speaker_text
4921,5417,6,occurs_in_speaker_text
1999,5417,1,occurs_in_speaker_text
103,5417,2,occurs_in_speaker_text
2312,5417,4,occurs_in_speaker_text
1291,5417,1,occurs_in_speaker_text
1331,5417,1,occurs_in_speaker_text
243,5417,1,occurs_in_speaker_text
234,5417,1,occurs_in_speaker_text
4003,5417,1,occurs_in_speaker_text
3323,5417,1,occurs_in_speaker_text
1716,5417,3,occurs_in_speaker_text
2673,5417,2,occurs_in_speaker_text
3635,5417,1,occurs_in_speaker_text
2485,5419,1,occurs_in_speaker_text
4815,5419,1,occurs_in_speaker_text
660,5419,1,occurs_in_speaker_text
3150,5419,1,occurs_in_speaker_text
4003,5419,2,occurs_in_speaker_text
2874,5420,2,occurs_in_speaker_text
3010,5420,1,occurs_in_speaker_text
3645,5420,1,occurs_in_speaker_text
275,5420,1,occurs_in_speaker_text
1739,5420,1,occurs_in_speaker_text
1536,5420,1,occurs_in_speaker_text
2538,5420,2,occurs_in_speaker_text
417,5420,1,occurs_in_speaker_text
1920,5420,1,occurs_in_speaker_text
391,5420,1,occurs_in_speaker_text
4108,5420,1,occurs_in_speaker_text
4003,5420,1,occurs_in_speaker_text
1658,5420,1,occurs_in_speaker_text
848,5420,1,occurs_in_speaker_text
162,5421,2,occurs_in_speaker_text
3034,5421,1,occurs_in_speaker_text
2983,5421,2,occurs_in_speaker_text
325,5421,2,occurs_in_speaker_text
586,5421,1,occurs_in_speaker_text
1459,5421,1,occurs_in_speaker_text
3111,5421,1,occurs_in_speaker_text
358,5421,1,occurs_in_speaker_text
3635,5421,1,occurs_in_speaker_text
99,5421,3,occurs_in_speaker_text
4271,5421,3,occurs_in_speaker_text
4576,5421,15,occurs_in_speaker_text
1431,5421,2,occurs_in_speaker_text
631,5422,11,occurs_in_speaker_text
2485,5422,2,occurs_in_speaker_text
1346,5422,1,occurs_in_speaker_text
1759,5422,1,occurs_in_speaker_text
4058,5422,1,occurs_in_speaker_text
2910,5422,2,occurs_in_speaker_text
234,5422,1,occurs_in_speaker_text
1536,5422,1,occurs_in_speaker_text
3012,5422,3,occurs_in_speaker_text
3150,5422,2,occurs_in_speaker_text
3471,5422,1,occurs_in_speaker_text
811,5422,3,occurs_in_speaker_text
4576,5422,2,occurs_in_speaker_text
5029,5422,1,occurs_in_speaker_text
608,5422,1,occurs_in_speaker_text
4447,5422,1,occurs_in_speaker_text
2740,5422,4,occurs_in_speaker_text
710,5422,1,occurs_in_speaker_text
2563,5422,1,occurs_in_speaker_text
4003,5422,1,occurs_in_speaker_text
1637,5422,1,occurs_in_speaker_text
1867,5422,1,occurs_in_speaker_text
3846,5422,1,occurs_in_speaker_text
2506,5422,1,occurs_in_speaker_text
480,5422,1,occurs_in_speaker_text
1557,5422,1,occurs_in_speaker_text
3321,5422,1,occurs_in_speaker_text
2768,5422,1,occurs_in_speaker_text
3009,5423,1,occurs_in_speaker_text
3292,5423,1,occurs_in_speaker_text
4576,5423,2,occurs_in_speaker_text
2773,5423,1,occurs_in_speaker_text
2040,5423,1,occurs_in_speaker_text
1694,5423,1,occurs_in_speaker_text
4724,5423,3,occurs_in_speaker_text
4040,5423,1,occurs_in_speaker_text
3750,5423,1,occurs_in_speaker_text
129,5423,1,occurs_in_speaker_text
3099,5423,1,occurs_in_speaker_text
3042,5423,1,occurs_in_speaker_text
3010,5423,1,occurs_in_speaker_text
4143,5423,1,occurs_in_speaker_text
2567,5423,1,occurs_in_speaker_text
1677,5423,1,occurs_in_speaker_text
3518,5423,1,occurs_in_speaker_text
4859,5423,1,occurs_in_speaker_text
1464,5423,1,occurs_in_speaker_text
1158,5423,1,occurs_in_speaker_text
3574,5423,1,occurs_in_speaker_text
4974,5423,1,occurs_in_speaker_text
3454,5423,1,occurs_in_speaker_text
2870,5423,1,occurs_in_speaker_text
1754,5423,1,occurs_in_speaker_text
3911,5423,1,occurs_in_speaker_text
5045,5423,3,occurs_in_speaker_text
3635,5423,1,occurs_in_speaker_text
4680,5423,1,occurs_in_speaker_text
4113,5423,1,occurs_in_speaker_text
955,5423,1,occurs_in_speaker_text
4565,5423,1,occurs_in_speaker_text
4454,5423,1,occurs_in_speaker_text
4403,5423,1,occurs_in_speaker_text
629,5423,1,occurs_in_speaker_text
1157,5423,1,occurs_in_speaker_text
2485,5423,3,occurs_in_speaker_text
3421,5423,9,occurs_in_speaker_text
3921,5423,1,occurs_in_speaker_text
1640,5423,1,occurs_in_speaker_text
22,5423,1,occurs_in_speaker_text
3033,5423,1,occurs_in_speaker_text
2478,5423,1,occurs_in_speaker_text
1232,5423,1,occurs_in_speaker_text
3967,5423,1,occurs_in_speaker_text
2271,5424,1,occurs_in_speaker_text
4003,5424,1,occurs_in_speaker_text
1954,5424,1,occurs_in_speaker_text
234,5424,2,occurs_in_speaker_text
4878,5424,1,occurs_in_speaker_text
1431,5424,1,occurs_in_speaker_text
4286,5424,1,occurs_in_speaker_text
2764,5424,1,occurs_in_speaker_text
4309,5424,1,occurs_in_speaker_text
4576,5424,1,occurs_in_speaker_text
4262,5424,1,occurs_in_speaker_text
629,5424,2,occurs_in_speaker_text
1536,5424,1,occurs_in_speaker_text
3150,5424,1,occurs_in_speaker_text
2367,5424,1,occurs_in_speaker_text
2485,5424,1,occurs_in_speaker_text
389,5424,1,occurs_in_speaker_text
2910,5424,1,occurs_in_speaker_text
4887,5424,1,occurs_in_speaker_text
1637,5424,4,occurs_in_speaker_text
942,5424,2,occurs_in_speaker_text
162,5424,1,occurs_in_speaker_text
4000,5424,1,occurs_in_speaker_text
2115,5424,1,occurs_in_speaker_text
4636,5424,1,occurs_in_speaker_text
1937,5424,1,occurs_in_speaker_text
2155,5424,1,occurs_in_speaker_text
1677,5424,2,occurs_in_speaker_text
1639,5425,1,occurs_in_speaker_text
4158,5425,1,occurs_in_speaker_text
2681,5425,1,occurs_in_speaker_text
4662,5425,1,occurs_in_speaker_text
2870,5425,1,occurs_in_speaker_text
3688,5425,1,occurs_in_speaker_text
2256,5426,1,occurs_in_speaker_text
1528,5426,1,occurs_in_speaker_text
243,5426,1,occurs_in_speaker_text
50,5426,1,occurs_in_speaker_text
1331,5426,1,occurs_in_speaker_text
2750,5426,1,occurs_in_speaker_text
1939,5426,1,occurs_in_speaker_text
2155,5426,1,occurs_in_speaker_text
3263,5426,1,occurs_in_speaker_text
3323,5426,1,occurs_in_speaker_text
3034,5426,1,occurs_in_speaker_text
2832,5426,1,occurs_in_speaker_text
4134,5426,1,occurs_in_speaker_text
308,5426,1,occurs_in_speaker_text
1431,5426,1,occurs_in_speaker_text
3099,5427,1,occurs_in_speaker_text
1331,5427,1,occurs_in_speaker_text
415,5427,1,occurs_in_speaker_text
2129,5428,1,occurs_in_speaker_text
822,5428,1,occurs_in_speaker_text
3663,5428,1,occurs_in_speaker_text
1232,5428,1,occurs_in_speaker_text
1932,5428,1,occurs_in_speaker_text
4576,5428,3,occurs_in_speaker_text
893,5428,7,occurs_in_speaker_text
1756,5428,3,occurs_in_speaker_text
4780,5428,15,occurs_in_speaker_text
3580,5428,1,occurs_in_speaker_text
3767,5428,1,occurs_in_speaker_text
942,5428,2,occurs_in_speaker_text
3460,5428,1,occurs_in_speaker_text
401,5428,1,occurs_in_speaker_text
888,5428,1,occurs_in_speaker_text
4046,5428,1,occurs_in_speaker_text
4724,5428,1,occurs_in_speaker_text
4112,5428,5,occurs_in_speaker_text
3562,5428,1,occurs_in_speaker_text
1192,5428,1,occurs_in_speaker_text
1331,5428,2,occurs_in_speaker_text
572,5428,1,occurs_in_speaker_text
3844,5428,1,occurs_in_speaker_text
3505,5428,1,occurs_in_speaker_text
494,5428,1,occurs_in_speaker_text
558,5428,1,occurs_in_speaker_text
2506,5428,1,occurs_in_speaker_text
4091,5428,1,occurs_in_speaker_text
3323,5428,1,occurs_in_speaker_text
2870,5428,1,occurs_in_speaker_text
2289,5428,1,occurs_in_speaker_text
243,5428,1,occurs_in_speaker_text
2322,5428,1,occurs_in_speaker_text
104,5428,1,occurs_in_speaker_text
2712,5428,1,occurs_in_speaker_text
4058,5428,1,occurs_in_speaker_text
1754,5428,6,occurs_in_speaker_text
2168,5428,1,occurs_in_speaker_text
2209,5428,1,occurs_in_speaker_text
2461,5429,3,occurs_in_speaker_text
4974,5429,1,occurs_in_speaker_text
1431,5429,3,occurs_in_speaker_text
2526,5429,1,occurs_in_speaker_text
3625,5429,2,occurs_in_speaker_text
308,5429,2,occurs_in_speaker_text
4916,5429,1,occurs_in_speaker_text
1750,5429,1,occurs_in_speaker_text
718,5429,1,occurs_in_speaker_text
162,5429,5,occurs_in_speaker_text
938,5429,1,occurs_in_speaker_text
3185,5429,2,occurs_in_speaker_text
156,5429,1,occurs_in_speaker_text
2485,5429,1,occurs_in_speaker_text
4003,5429,5,occurs_in_speaker_text
1637,5429,3,occurs_in_speaker_text
1178,5429,1,occurs_in_speaker_text
499,5429,1,occurs_in_speaker_text
1640,5429,1,occurs_in_speaker_text
1331,5429,2,occurs_in_speaker_text
275,5429,1,occurs_in_speaker_text
3308,5429,1,occurs_in_speaker_text
3292,5429,1,occurs_in_speaker_text
1824,5429,1,occurs_in_speaker_text
4885,5429,1,occurs_in_speaker_text
561,5429,1,occurs_in_speaker_text
1384,5429,1,occurs_in_speaker_text
1144,5429,1,occurs_in_speaker_text
1157,5429,1,occurs_in_speaker_text
4144,5429,1,occurs_in_speaker_text
2256,5429,1,occurs_in_speaker_text
1436,5429,1,occurs_in_speaker_text
2460,5429,1,occurs_in_speaker_text
342,5429,1,occurs_in_speaker_text
3137,5429,1,occurs_in_speaker_text
550,5429,1,occurs_in_speaker_text
249,5429,1,occurs_in_speaker_text
3635,5429,1,occurs_in_speaker_text
942,5429,3,occurs_in_speaker_text
2072,5429,1,occurs_in_speaker_text
1536,5429,1,occurs_in_speaker_text
1866,5429,1,occurs_in_speaker_text
4993,5429,1,occurs_in_speaker_text
1177,5429,1,occurs_in_speaker_text
4798,5429,1,occurs_in_speaker_text
491,5429,1,occurs_in_speaker_text
5077,5429,1,occurs_in_speaker_text
2894,5429,1,occurs_in_speaker_text
4753,5429,1,occurs_in_speaker_text
1459,5429,1,occurs_in_speaker_text
4368,5429,2,occurs_in_speaker_text
139,5429,3,occurs_in_speaker_text
3099,5429,1,occurs_in_speaker_text
863,5429,1,occurs_in_speaker_text
4124,5429,1,occurs_in_speaker_text
507,5429,1,occurs_in_speaker_text
2761,5429,1,occurs_in_speaker_text
4724,5429,1,occurs_in_speaker_text
2567,5430,1,occurs_in_speaker_text
2629,5430,3,occurs_in_speaker_text
531,5430,1,occurs_in_speaker_text
4724,5430,1,occurs_in_speaker_text
1431,5430,2,occurs_in_speaker_text
921,5430,1,occurs_in_speaker_text
1985,5430,1,occurs_in_speaker_text
2209,5430,1,occurs_in_speaker_text
3439,5430,1,occurs_in_speaker_text
4798,5430,1,occurs_in_speaker_text
2256,5430,2,occurs_in_speaker_text
2910,5430,28,occurs_in_speaker_text
1739,5430,1,occurs_in_speaker_text
4780,5430,1,occurs_in_speaker_text
3943,5430,1,occurs_in_speaker_text
1823,5430,1,occurs_in_speaker_text
4003,5430,1,occurs_in_speaker_text
275,5430,3,occurs_in_speaker_text
2312,5430,1,occurs_in_speaker_text
1232,5430,1,occurs_in_speaker_text
1999,5430,1,occurs_in_speaker_text
629,5430,1,occurs_in_speaker_text
1566,5430,1,occurs_in_speaker_text
2123,5430,1,occurs_in_speaker_text
4398,5430,1,occurs_in_speaker_text
2497,5430,1,occurs_in_speaker_text
3317,5430,1,occurs_in_speaker_text
4839,5430,1,occurs_in_speaker_text
3911,5430,1,occurs_in_speaker_text
3975,5430,1,occurs_in_speaker_text
1753,5430,1,occurs_in_speaker_text
1373,5430,1,occurs_in_speaker_text
5045,5430,1,occurs_in_speaker_text
2233,5430,1,occurs_in_speaker_text
943,5431,6,occurs_in_speaker_text
3604,5431,1,occurs_in_speaker_text
1305,5431,1,occurs_in_speaker_text
802,5432,2,occurs_in_speaker_text
1818,5432,2,occurs_in_speaker_text
5045,5432,3,occurs_in_speaker_text
1144,5432,2,occurs_in_speaker_text
1768,5432,3,occurs_in_speaker_text
4724,5432,2,occurs_in_speaker_text
615,5432,4,occurs_in_speaker_text
139,5432,2,occurs_in_speaker_text
4003,5432,3,occurs_in_speaker_text
1041,5432,3,occurs_in_speaker_text
2485,5432,16,occurs_in_speaker_text
1456,5432,2,occurs_in_speaker_text
4576,5432,1,occurs_in_speaker_text
4143,5432,1,occurs_in_speaker_text
1725,5432,1,occurs_in_speaker_text
1291,5432,1,occurs_in_speaker_text
2987,5432,1,occurs_in_speaker_text
3944,5432,1,occurs_in_speaker_text
1637,5432,3,occurs_in_speaker_text
1331,5432,1,occurs_in_speaker_text
1999,5432,2,occurs_in_speaker_text
2195,5432,1,occurs_in_speaker_text
5029,5432,1,occurs_in_speaker_text
952,5432,1,occurs_in_speaker_text
3204,5432,1,occurs_in_speaker_text
4168,5432,1,occurs_in_speaker_text
134,5432,1,occurs_in_speaker_text
4026,5432,1,occurs_in_speaker_text
3099,5432,1,occurs_in_speaker_text
234,5432,1,occurs_in_speaker_text
2795,5432,1,occurs_in_speaker_text
1923,5433,1,occurs_in_speaker_text
4706,5433,1,occurs_in_speaker_text
4003,5433,9,occurs_in_speaker_text
3526,5433,2,occurs_in_speaker_text
1536,5433,2,occurs_in_speaker_text
2209,5433,2,occurs_in_speaker_text
3967,5433,2,occurs_in_speaker_text
103,5433,2,occurs_in_speaker_text
3500,5433,2,occurs_in_speaker_text
3292,5433,1,occurs_in_speaker_text
942,5433,1,occurs_in_speaker_text
316,5433,1,occurs_in_speaker_text
4091,5433,1,occurs_in_speaker_text
2256,5433,1,occurs_in_speaker_text
1034,5433,1,occurs_in_speaker_text
1331,5433,2,occurs_in_speaker_text
3099,5433,5,occurs_in_speaker_text
629,5433,1,occurs_in_speaker_text
4370,5433,1,occurs_in_speaker_text
2910,5433,1,occurs_in_speaker_text
5045,5433,2,occurs_in_speaker_text
2485,5433,1,occurs_in_speaker_text
1431,5433,1,occurs_in_speaker_text
1714,5433,2,occurs_in_speaker_text
1637,5433,1,occurs_in_speaker_text
4835,5433,1,occurs_in_speaker_text
4409,5433,1,occurs_in_speaker_text
275,5433,2,occurs_in_speaker_text
1571,5433,1,occurs_in_speaker_text
1999,5433,1,occurs_in_speaker_text
2574,5433,2,occurs_in_speaker_text
1812,5433,1,occurs_in_speaker_text
1660,5433,1,occurs_in_speaker_text
464,5433,1,occurs_in_speaker_text
2963,5433,1,occurs_in_speaker_text
3021,5433,1,occurs_in_speaker_text
4855,5433,1,occurs_in_speaker_text
765,5433,1,occurs_in_speaker_text
2809,5433,1,occurs_in_speaker_text
759,5433,1,occurs_in_speaker_text
2538,5433,1,occurs_in_speaker_text
4309,5433,2,occurs_in_speaker_text
154,5433,1,occurs_in_speaker_text
3538,5433,1,occurs_in_speaker_text
4124,5433,1,occurs_in_speaker_text
850,5433,1,occurs_in_speaker_text
856,5433,1,occurs_in_speaker_text
4305,5433,1,occurs_in_speaker_text
566,5433,1,occurs_in_speaker_text
5033,5433,1,occurs_in_speaker_text
2870,5433,1,occurs_in_speaker_text
3323,5433,1,occurs_in_speaker_text
3635,5433,3,occurs_in_speaker_text
2951,5433,1,occurs_in_speaker_text
3735,5433,1,occurs_in_speaker_text
4184,5433,1,occurs_in_speaker_text
415,5433,1,occurs_in_speaker_text
218,5433,1,occurs_in_speaker_text
2911,5433,1,occurs_in_speaker_text
893,5433,1,occurs_in_speaker_text
4427,5433,1,occurs_in_speaker_text
4398,5433,1,occurs_in_speaker_text
4040,5433,1,occurs_in_speaker_text
2833,5433,1,occurs_in_speaker_text
1714,5434,6,occurs_in_speaker_text
481,5434,1,occurs_in_speaker_text
1046,5434,1,occurs_in_speaker_text
3844,5434,1,occurs_in_speaker_text
3010,5434,2,occurs_in_speaker_text
1637,5434,28,occurs_in_speaker_text
803,5434,2,occurs_in_speaker_text
2860,5434,1,occurs_in_speaker_text
4697,5434,2,occurs_in_speaker_text
5089,5434,2,occurs_in_speaker_text
4003,5434,2,occurs_in_speaker_text
4855,5434,4,occurs_in_speaker_text
2188,5434,1,occurs_in_speaker_text
3323,5434,5,occurs_in_speaker_text
3855,5434,2,occurs_in_speaker_text
267,5434,1,occurs_in_speaker_text
629,5434,1,occurs_in_speaker_text
4309,5434,1,occurs_in_speaker_text
1875,5434,1,occurs_in_speaker_text
2870,5434,1,occurs_in_speaker_text
3086,5434,1,occurs_in_speaker_text
3302,5434,1,occurs_in_speaker_text
3911,5434,1,occurs_in_speaker_text
1431,5434,1,occurs_in_speaker_text
893,5434,1,occurs_in_speaker_text
2355,5434,2,occurs_in_speaker_text
4725,5434,2,occurs_in_speaker_text
4143,5435,2,occurs_in_speaker_text
4724,5435,1,occurs_in_speaker_text
3562,5435,1,occurs_in_speaker_text
3099,5435,3,occurs_in_speaker_text
1999,5435,1,occurs_in_speaker_text
4003,5435,9,occurs_in_speaker_text
5014,5435,2,occurs_in_speaker_text
4486,5435,1,occurs_in_speaker_text
186,5435,1,occurs_in_speaker_text
1811,5435,1,occurs_in_speaker_text
175,5435,2,occurs_in_speaker_text
4229,5435,1,occurs_in_speaker_text
2180,5435,1,occurs_in_speaker_text
2331,5435,1,occurs_in_speaker_text
2538,5435,1,occurs_in_speaker_text
4368,5435,1,occurs_in_speaker_text
2105,5435,1,occurs_in_speaker_text
2,5435,1,occurs_in_speaker_text
4091,5435,1,occurs_in_speaker_text
2910,5435,1,occurs_in_speaker_text
1079,5435,1,occurs_in_speaker_text
4878,5435,1,occurs_in_speaker_text
3724,5435,2,occurs_in_speaker_text
255,5435,1,occurs_in_speaker_text
1088,5435,1,occurs_in_speaker_text
3205,5435,1,occurs_in_speaker_text
4124,5435,1,occurs_in_speaker_text
858,5435,1,occurs_in_speaker_text
353,5435,1,occurs_in_speaker_text
3111,5435,1,occurs_in_speaker_text
4050,5435,1,occurs_in_speaker_text
863,5435,1,occurs_in_speaker_text
80,5435,1,occurs_in_speaker_text
1177,5435,1,occurs_in_speaker_text
1739,5435,1,occurs_in_speaker_text
2240,5435,1,occurs_in_speaker_text
1640,5435,1,occurs_in_speaker_text
804,5435,3,occurs_in_speaker_text
2485,5435,1,occurs_in_speaker_text
3341,5435,1,occurs_in_speaker_text
3635,5435,1,occurs_in_speaker_text
1384,5435,1,occurs_in_speaker_text
302,5436,1,occurs_in_speaker_text
2485,5436,1,occurs_in_speaker_text
3688,5436,1,occurs_in_speaker_text
4143,5436,1,occurs_in_speaker_text
2766,5436,1,occurs_in_speaker_text
4415,5437,1,occurs_in_speaker_text
4143,5437,1,occurs_in_speaker_text
1331,5437,1,occurs_in_speaker_text
4115,5437,10,occurs_in_speaker_text
4878,5437,1,occurs_in_speaker_text
809,5437,1,occurs_in_speaker_text
1859,5437,1,occurs_in_speaker_text
3363,5437,1,occurs_in_speaker_text
1637,5437,1,occurs_in_speaker_text
1144,5438,1,occurs_in_speaker_text
1745,5438,1,occurs_in_speaker_text
3526,5438,1,occurs_in_speaker_text
4003,5438,1,occurs_in_speaker_text
4368,5438,1,occurs_in_speaker_text
1725,5438,1,occurs_in_speaker_text
3108,5438,1,occurs_in_speaker_text
308,5438,11,occurs_in_speaker_text
863,5438,1,occurs_in_speaker_text
1331,5438,1,occurs_in_speaker_text
4887,5438,1,occurs_in_speaker_text
2773,5438,1,occurs_in_speaker_text
2105,5438,1,occurs_in_speaker_text
81,5438,1,occurs_in_speaker_text
156,5438,1,occurs_in_speaker_text
2226,5438,1,occurs_in_speaker_text
3010,5438,1,occurs_in_speaker_text
3292,5438,1,occurs_in_speaker_text
423,5438,1,occurs_in_speaker_text
4393,5438,1,occurs_in_speaker_text
3561,5438,1,occurs_in_speaker_text
1338,5438,1,occurs_in_speaker_text
3962,5438,1,occurs_in_speaker_text
1637,5439,1,occurs_in_speaker_text
1331,5439,5,occurs_in_speaker_text
4029,5439,1,occurs_in_speaker_text
3614,5439,1,occurs_in_speaker_text
2,5439,1,occurs_in_speaker_text
3735,5439,1,occurs_in_speaker_text
2961,5439,1,occurs_in_speaker_text
347,5439,1,occurs_in_speaker_text
863,5439,3,occurs_in_speaker_text
2485,5439,1,occurs_in_speaker_text
3500,5439,2,occurs_in_speaker_text
4091,5439,2,occurs_in_speaker_text
5045,5439,2,occurs_in_speaker_text
2574,5439,1,occurs_in_speaker_text
143,5439,3,occurs_in_speaker_text
2322,5439,1,occurs_in_speaker_text
586,5439,1,occurs_in_speaker_text
4072,5439,1,occurs_in_speaker_text
4119,5439,1,occurs_in_speaker_text
3904,5439,1,occurs_in_speaker_text
1144,5439,2,occurs_in_speaker_text
1999,5439,2,occurs_in_speaker_text
1725,5439,1,occurs_in_speaker_text
4855,5439,1,occurs_in_speaker_text
1408,5439,1,occurs_in_speaker_text
4282,5439,1,occurs_in_speaker_text
4261,5439,2,occurs_in_speaker_text
2793,5440,1,occurs_in_speaker_text
5045,5440,26,occurs_in_speaker_text
2655,5440,1,occurs_in_speaker_text
2784,5440,3,occurs_in_speaker_text
234,5440,1,occurs_in_speaker_text
2312,5440,2,occurs_in_speaker_text
2661,5440,1,occurs_in_speaker_text
4829,5440,1,occurs_in_speaker_text
3164,5440,3,occurs_in_speaker_text
1331,5440,2,occurs_in_speaker_text
1162,5440,2,occurs_in_speaker_text
2109,5440,1,occurs_in_speaker_text
4862,5440,2,occurs_in_speaker_text
3747,5440,1,occurs_in_speaker_text
4003,5440,1,occurs_in_speaker_text
2554,5440,1,occurs_in_speaker_text
811,5440,1,occurs_in_speaker_text
2485,5440,1,occurs_in_speaker_text
4353,5440,1,occurs_in_speaker_text
2365,5440,1,occurs_in_speaker_text
3912,5440,1,occurs_in_speaker_text
1168,5441,1,occurs_in_speaker_text
139,5441,2,occurs_in_speaker_text
1683,5441,1,occurs_in_speaker_text
4003,5441,1,occurs_in_speaker_text
4134,5441,1,occurs_in_speaker_text
942,5441,1,occurs_in_speaker_text
2773,5441,1,occurs_in_speaker_text
3320,5441,1,occurs_in_speaker_text
1331,5442,2,occurs_in_speaker_text
2554,5442,1,occurs_in_speaker_text
2600,5442,1,occurs_in_speaker_text
1491,5442,1,occurs_in_speaker_text
3460,5442,1,occurs_in_speaker_text
434,5443,3,occurs_in_speaker_text
2539,5443,84,occurs_in_speaker_text
863,5443,2,occurs_in_speaker_text
2750,5443,92,occurs_in_speaker_text
2162,5443,2,occurs_in_speaker_text
2629,5443,2,occurs_in_speaker_text
4807,5443,1,occurs_in_speaker_text
4326,5443,7,occurs_in_speaker_text
3890,5443,3,occurs_in_speaker_text
103,5443,12,occurs_in_speaker_text
1999,5443,3,occurs_in_speaker_text
234,5443,2,occurs_in_speaker_text
2846,5443,4,occurs_in_speaker_text
4849,5443,1,occurs_in_speaker_text
1431,5443,1,occurs_in_speaker_text
389,5443,1,occurs_in_speaker_text
4754,5443,1,occurs_in_speaker_text
4118,5443,1,occurs_in_speaker_text
1536,5443,3,occurs_in_speaker_text
244,5443,1,occurs_in_speaker_text
1859,5443,3,occurs_in_speaker_text
4368,5443,1,occurs_in_speaker_text
1114,5443,1,occurs_in_speaker_text
4398,5443,1,occurs_in_speaker_text
1637,5443,1,occurs_in_speaker_text
2075,5443,1,occurs_in_speaker_text
3724,5443,2,occurs_in_speaker_text
2907,5443,1,occurs_in_speaker_text
507,5443,1,occurs_in_speaker_text
4040,5443,4,occurs_in_speaker_text
1459,5443,2,occurs_in_speaker_text
3035,5443,1,occurs_in_speaker_text
1985,5443,2,occurs_in_speaker_text
3635,5443,1,occurs_in_speaker_text
1827,5443,1,occurs_in_speaker_text
2870,5443,1,occurs_in_speaker_text
2365,5443,1,occurs_in_speaker_text
3251,5443,2,occurs_in_speaker_text
1144,5443,1,occurs_in_speaker_text
1233,5443,1,occurs_in_speaker_text
2485,5443,1,occurs_in_speaker_text
2506,5443,1,occurs_in_speaker_text
2554,5443,2,occurs_in_speaker_text
3339,5443,1,occurs_in_speaker_text
1157,5443,1,occurs_in_speaker_text
448,5443,2,occurs_in_speaker_text
2367,5443,1,occurs_in_speaker_text
811,5443,1,occurs_in_speaker_text
2712,5443,2,occurs_in_speaker_text
2179,5443,1,occurs_in_speaker_text
221,5443,1,occurs_in_speaker_text
202,5443,1,occurs_in_speaker_text
3846,5443,1,occurs_in_speaker_text
3688,5443,1,occurs_in_speaker_text
3708,5443,1,occurs_in_speaker_text
967,5443,1,occurs_in_speaker_text
1739,5444,2,occurs_in_speaker_text
2356,5444,2,occurs_in_speaker_text
942,5444,30,occurs_in_speaker_text
4325,5444,1,occurs_in_speaker_text
2485,5444,2,occurs_in_speaker_text
5072,5444,8,occurs_in_speaker_text
1232,5444,3,occurs_in_speaker_text
2116,5444,2,occurs_in_speaker_text
4747,5444,3,occurs_in_speaker_text
1999,5444,5,occurs_in_speaker_text
739,5444,1,occurs_in_speaker_text
2461,5444,2,occurs_in_speaker_text
4286,5444,1,occurs_in_speaker_text
2155,5444,1,occurs_in_speaker_text
5023,5444,1,occurs_in_speaker_text
1194,5444,1,occurs_in_speaker_text
4274,5444,1,occurs_in_speaker_text
1086,5444,1,occurs_in_speaker_text
4194,5444,1,occurs_in_speaker_text
4003,5444,1,occurs_in_speaker_text
1431,5444,1,occurs_in_speaker_text
2983,5444,1,occurs_in_speaker_text
234,5444,1,occurs_in_speaker_text
3547,5444,7,occurs_in_speaker_text
2773,5444,1,occurs_in_speaker_text
4610,5444,1,occurs_in_speaker_text
853,5444,1,occurs_in_speaker_text
1536,5444,1,occurs_in_speaker_text
4716,5444,1,occurs_in_speaker_text
1226,5444,1,occurs_in_speaker_text
2240,5444,1,occurs_in_speaker_text
1509,5444,1,occurs_in_speaker_text
4398,5444,2,occurs_in_speaker_text
1196,5444,1,occurs_in_speaker_text
3800,5444,1,occurs_in_speaker_text
4267,5444,1,occurs_in_speaker_text
4056,5444,1,occurs_in_speaker_text
275,5444,6,occurs_in_speaker_text
119,5444,1,occurs_in_speaker_text
2312,5444,1,occurs_in_speaker_text
780,5444,1,occurs_in_speaker_text
3010,5444,1,occurs_in_speaker_text
587,5444,1,occurs_in_speaker_text
4368,5444,1,occurs_in_speaker_text
1331,5445,1,occurs_in_speaker_text
4398,5445,4,occurs_in_speaker_text
4003,5445,3,occurs_in_speaker_text
811,5445,6,occurs_in_speaker_text
1589,5445,1,occurs_in_speaker_text
2538,5445,2,occurs_in_speaker_text
2084,5445,1,occurs_in_speaker_text
2485,5445,10,occurs_in_speaker_text
2554,5445,3,occurs_in_speaker_text
2629,5445,1,occurs_in_speaker_text
4119,5445,1,occurs_in_speaker_text
629,5445,2,occurs_in_speaker_text
3526,5445,1,occurs_in_speaker_text
1431,5445,3,occurs_in_speaker_text
308,5445,2,occurs_in_speaker_text
2660,5445,1,occurs_in_speaker_text
2773,5445,1,occurs_in_speaker_text
920,5445,1,occurs_in_speaker_text
3987,5445,1,occurs_in_speaker_text
209,5445,1,occurs_in_speaker_text
2256,5445,3,occurs_in_speaker_text
4292,5445,1,occurs_in_speaker_text
579,5445,1,occurs_in_speaker_text
3724,5445,1,occurs_in_speaker_text
118,5445,1,occurs_in_speaker_text
1768,5445,3,occurs_in_speaker_text
2910,5445,1,occurs_in_speaker_text
1702,5445,1,occurs_in_speaker_text
581,5445,1,occurs_in_speaker_text
2462,5445,1,occurs_in_speaker_text
1144,5445,1,occurs_in_speaker_text
863,5445,1,occurs_in_speaker_text
942,5445,1,occurs_in_speaker_text
2761,5445,1,occurs_in_speaker_text
1637,5445,1,occurs_in_speaker_text
5077,5445,1,occurs_in_speaker_text
243,5445,1,occurs_in_speaker_text
373,5445,1,occurs_in_speaker_text
2612,5445,1,occurs_in_speaker_text
3483,5445,1,occurs_in_speaker_text
1818,5445,1,occurs_in_speaker_text
356,5445,1,occurs_in_speaker_text
4134,5445,1,occurs_in_speaker_text
1853,5446,1,occurs_in_speaker_text
2764,5446,1,occurs_in_speaker_text
243,5447,1,occurs_in_speaker_text
2807,5447,1,occurs_in_speaker_text
1895,5447,1,occurs_in_speaker_text
5043,5447,2,occurs_in_speaker_text
3150,5447,1,occurs_in_speaker_text
4018,5447,6,occurs_in_speaker_text
4724,5447,1,occurs_in_speaker_text
1041,5447,1,occurs_in_speaker_text
3012,5447,1,occurs_in_speaker_text
4576,5447,3,occurs_in_speaker_text
312,5447,1,occurs_in_speaker_text
2750,5447,1,occurs_in_speaker_text
1331,5447,1,occurs_in_speaker_text
404,5447,1,occurs_in_speaker_text
4992,5447,1,occurs_in_speaker_text
2485,5447,2,occurs_in_speaker_text
3341,5447,1,occurs_in_speaker_text
4408,5447,1,occurs_in_speaker_text
4119,5447,1,occurs_in_speaker_text
3635,5447,4,occurs_in_speaker_text
1069,5447,2,occurs_in_speaker_text
3910,5447,1,occurs_in_speaker_text
773,5447,1,occurs_in_speaker_text
139,5447,2,occurs_in_speaker_text
3919,5447,1,occurs_in_speaker_text
2289,5447,1,occurs_in_speaker_text
493,5447,3,occurs_in_speaker_text
1754,5447,1,occurs_in_speaker_text
811,5447,1,occurs_in_speaker_text
2069,5447,1,occurs_in_speaker_text
4003,5447,4,occurs_in_speaker_text
706,5447,1,occurs_in_speaker_text
459,5447,1,occurs_in_speaker_text
652,5447,1,occurs_in_speaker_text
2629,5447,1,occurs_in_speaker_text
4360,5447,1,occurs_in_speaker_text
3526,5447,1,occurs_in_speaker_text
1313,5447,1,occurs_in_speaker_text
1714,5447,1,occurs_in_speaker_text
760,5448,1,occurs_in_speaker_text
415,5448,1,occurs_in_speaker_text
2910,5448,1,occurs_in_speaker_text
3099,5448,1,occurs_in_speaker_text
4119,5448,3,occurs_in_speaker_text
4398,5448,3,occurs_in_speaker_text
275,5448,1,occurs_in_speaker_text
961,5448,1,occurs_in_speaker_text
2331,5448,1,occurs_in_speaker_text
3617,5448,2,occurs_in_speaker_text
3010,5448,1,occurs_in_speaker_text
1677,5448,1,occurs_in_speaker_text
2871,5448,1,occurs_in_speaker_text
2500,5448,1,occurs_in_speaker_text
4576,5448,2,occurs_in_speaker_text
3505,5448,5,occurs_in_speaker_text
3562,5448,1,occurs_in_speaker_text
3735,5448,1,occurs_in_speaker_text
3107,5448,2,occurs_in_speaker_text
3339,5448,1,occurs_in_speaker_text
2750,5448,1,occurs_in_speaker_text
608,5448,1,occurs_in_speaker_text
863,5448,1,occurs_in_speaker_text
2660,5448,2,occurs_in_speaker_text
266,5448,1,occurs_in_speaker_text
2424,5448,1,occurs_in_speaker_text
4624,5448,1,occurs_in_speaker_text
1859,5448,1,occurs_in_speaker_text
2057,5448,1,occurs_in_speaker_text
4622,5448,1,occurs_in_speaker_text
3660,5448,1,occurs_in_speaker_text
1459,5448,2,occurs_in_speaker_text
2799,5448,1,occurs_in_speaker_text
2964,5448,1,occurs_in_speaker_text
769,5448,2,occurs_in_speaker_text
4150,5448,2,occurs_in_speaker_text
1401,5448,1,occurs_in_speaker_text
3718,5449,1,occurs_in_speaker_text
4780,5449,1,occurs_in_speaker_text
4333,5449,1,occurs_in_speaker_text
1053,5449,1,occurs_in_speaker_text
4003,5449,1,occurs_in_speaker_text
2478,5449,1,occurs_in_speaker_text
2518,5449,1,occurs_in_speaker_text
4855,5449,1,occurs_in_speaker_text
4107,5449,1,occurs_in_speaker_text
3647,5449,1,occurs_in_speaker_text
629,5449,1,occurs_in_speaker_text
1799,5449,1,occurs_in_speaker_text
3554,5449,1,occurs_in_speaker_text
1646,5449,1,occurs_in_speaker_text
2629,5449,3,occurs_in_speaker_text
3525,5449,1,occurs_in_speaker_text
1337,5449,1,occurs_in_speaker_text
1511,5449,1,occurs_in_speaker_text
1357,5449,1,occurs_in_speaker_text
1637,5449,1,occurs_in_speaker_text
3292,5449,1,occurs_in_speaker_text
811,5449,1,occurs_in_speaker_text
3280,5449,1,occurs_in_speaker_text
2445,5449,1,occurs_in_speaker_text
219,5449,1,occurs_in_speaker_text
162,5449,1,occurs_in_speaker_text
507,5449,1,occurs_in_speaker_text
1584,5449,1,occurs_in_speaker_text
1778,5449,1,occurs_in_speaker_text
3593,5449,1,occurs_in_speaker_text
2256,5449,1,occurs_in_speaker_text
1918,5449,1,occurs_in_speaker_text
1818,5449,1,occurs_in_speaker_text
1714,5449,1,occurs_in_speaker_text
3625,5450,1,occurs_in_speaker_text
4003,5450,2,occurs_in_speaker_text
4339,5450,1,occurs_in_speaker_text
308,5450,3,occurs_in_speaker_text
4724,5450,1,occurs_in_speaker_text
4143,5450,1,occurs_in_speaker_text
2226,5450,1,occurs_in_speaker_text
4878,5450,1,occurs_in_speaker_text
3561,5450,1,occurs_in_speaker_text
3943,5450,1,occurs_in_speaker_text
1431,5450,1,occurs_in_speaker_text
4724,5451,1,occurs_in_speaker_text
2718,5451,3,occurs_in_speaker_text
997,5452,1,occurs_in_speaker_text
2567,5452,1,occurs_in_speaker_text
2485,5452,2,occurs_in_speaker_text
3794,5452,1,occurs_in_speaker_text
2521,5452,1,occurs_in_speaker_text
1754,5452,1,occurs_in_speaker_text
2176,5452,1,occurs_in_speaker_text
1232,5452,1,occurs_in_speaker_text
4113,5452,5,occurs_in_speaker_text
4327,5452,1,occurs_in_speaker_text
308,5452,9,occurs_in_speaker_text
4780,5452,7,occurs_in_speaker_text
4301,5452,1,occurs_in_speaker_text
4097,5452,1,occurs_in_speaker_text
3150,5452,2,occurs_in_speaker_text
4622,5452,1,occurs_in_speaker_text
4003,5452,1,occurs_in_speaker_text
1459,5452,1,occurs_in_speaker_text
80,5452,1,occurs_in_speaker_text
1478,5452,1,occurs_in_speaker_text
1289,5452,1,occurs_in_speaker_text
1778,5452,1,occurs_in_speaker_text
3207,5452,1,occurs_in_speaker_text
3971,5452,1,occurs_in_speaker_text
2235,5452,2,occurs_in_speaker_text
3454,5452,1,occurs_in_speaker_text
5068,5452,1,occurs_in_speaker_text
4724,5452,2,occurs_in_speaker_text
1813,5452,1,occurs_in_speaker_text
850,5452,1,occurs_in_speaker_text
2478,5452,2,occurs_in_speaker_text
2864,5452,1,occurs_in_speaker_text
2315,5452,1,occurs_in_speaker_text
3223,5452,1,occurs_in_speaker_text
239,5452,1,occurs_in_speaker_text
2750,5452,1,occurs_in_speaker_text
2560,5452,1,occurs_in_speaker_text
2289,5452,1,occurs_in_speaker_text
3696,5452,1,occurs_in_speaker_text
5072,5452,1,occurs_in_speaker_text
3126,5452,1,occurs_in_speaker_text
800,5452,1,occurs_in_speaker_text
1687,5452,1,occurs_in_speaker_text
251,5452,1,occurs_in_speaker_text
4849,5452,1,occurs_in_speaker_text
3292,5452,1,occurs_in_speaker_text
2538,5452,1,occurs_in_speaker_text
4729,5452,1,occurs_in_speaker_text
3921,5452,1,occurs_in_speaker_text
873,5452,2,occurs_in_speaker_text
2209,5452,1,occurs_in_speaker_text
942,5452,1,occurs_in_speaker_text
1677,5452,1,occurs_in_speaker_text
4423,5452,1,occurs_in_speaker_text
4096,5452,1,occurs_in_speaker_text
1181,5452,1,occurs_in_speaker_text
2312,5452,1,occurs_in_speaker_text
3469,5452,1,occurs_in_speaker_text
1145,5452,1,occurs_in_speaker_text
3749,5452,1,occurs_in_speaker_text
3822,5452,1,occurs_in_speaker_text
3269,5452,1,occurs_in_speaker_text
1714,5452,1,occurs_in_speaker_text
2626,5452,1,occurs_in_speaker_text
863,5452,1,occurs_in_speaker_text
4205,5452,1,occurs_in_speaker_text
3289,5452,1,occurs_in_speaker_text
2039,5452,1,occurs_in_speaker_text
3891,5452,1,occurs_in_speaker_text
2449,5452,1,occurs_in_speaker_text
1331,5452,2,occurs_in_speaker_text
3500,5452,1,occurs_in_speaker_text
586,5452,1,occurs_in_speaker_text
3931,5452,2,occurs_in_speaker_text
987,5452,1,occurs_in_speaker_text
2773,5452,1,occurs_in_speaker_text
1697,5452,1,occurs_in_speaker_text
4742,5453,3,occurs_in_speaker_text
90,5453,1,occurs_in_speaker_text
162,5453,2,occurs_in_speaker_text
3526,5453,1,occurs_in_speaker_text
3895,5453,1,occurs_in_speaker_text
4249,5453,1,occurs_in_speaker_text
4484,5453,1,occurs_in_speaker_text
590,5453,1,occurs_in_speaker_text
2720,5453,1,occurs_in_speaker_text
2660,5453,2,occurs_in_speaker_text
2357,5453,1,occurs_in_speaker_text
522,5453,1,occurs_in_speaker_text
4650,5453,1,occurs_in_speaker_text
3313,5453,1,occurs_in_speaker_text
4584,5453,1,occurs_in_speaker_text
4003,5453,4,occurs_in_speaker_text
1331,5453,2,occurs_in_speaker_text
4158,5453,6,occurs_in_speaker_text
3010,5453,1,occurs_in_speaker_text
2735,5453,1,occurs_in_speaker_text
46,5453,1,occurs_in_speaker_text
1999,5453,1,occurs_in_speaker_text
468,5453,1,occurs_in_speaker_text
10,5453,2,occurs_in_speaker_text
4003,5454,1,occurs_in_speaker_text
1739,5454,1,occurs_in_speaker_text
4040,5454,1,occurs_in_speaker_text
1459,5454,1,occurs_in_speaker_text
2538,5455,1,occurs_in_speaker_text
3591,5455,1,occurs_in_speaker_text
3500,5455,1,occurs_in_speaker_text
1459,5455,1,occurs_in_speaker_text
892,5455,1,occurs_in_speaker_text
1677,5456,1,occurs_in_speaker_text
4023,5456,2,occurs_in_speaker_text
2047,5456,1,occurs_in_speaker_text
4993,5456,2,occurs_in_speaker_text
3099,5456,2,occurs_in_speaker_text
2415,5456,1,occurs_in_speaker_text
2313,5456,1,occurs_in_speaker_text
1473,5456,1,occurs_in_speaker_text
1331,5456,1,occurs_in_speaker_text
4113,5456,1,occurs_in_speaker_text
4398,5456,1,occurs_in_speaker_text
1111,5456,1,occurs_in_speaker_text
4396,5456,1,occurs_in_speaker_text
3562,5456,1,occurs_in_speaker_text
2538,5457,2,occurs_in_speaker_text
3339,5457,1,occurs_in_speaker_text
2289,5457,1,occurs_in_speaker_text
1331,5458,7,occurs_in_speaker_text
4746,5458,1,occurs_in_speaker_text
310,5458,1,occurs_in_speaker_text
4572,5458,1,occurs_in_speaker_text
3788,5458,2,occurs_in_speaker_text
4136,5458,1,occurs_in_speaker_text
608,5458,7,occurs_in_speaker_text
4003,5458,4,occurs_in_speaker_text
3197,5458,1,occurs_in_speaker_text
1431,5458,4,occurs_in_speaker_text
4734,5458,2,occurs_in_speaker_text
2177,5458,1,occurs_in_speaker_text
2485,5458,1,occurs_in_speaker_text
1915,5458,1,occurs_in_speaker_text
811,5458,3,occurs_in_speaker_text
3168,5458,1,occurs_in_speaker_text
3645,5458,1,occurs_in_speaker_text
2750,5458,1,occurs_in_speaker_text
3629,5458,1,occurs_in_speaker_text
1584,5459,1,occurs_in_speaker_text
5045,5459,1,occurs_in_speaker_text
3292,5459,1,occurs_in_speaker_text
2289,5459,1,occurs_in_speaker_text
3635,5459,1,occurs_in_speaker_text
277,5459,1,occurs_in_speaker_text
4993,5459,1,occurs_in_speaker_text
4798,5459,1,occurs_in_speaker_text
533,5459,1,occurs_in_speaker_text
2485,5459,3,occurs_in_speaker_text
3537,5459,1,occurs_in_speaker_text
2554,5459,1,occurs_in_speaker_text
1872,5459,1,occurs_in_speaker_text
3099,5459,2,occurs_in_speaker_text
3562,5459,1,occurs_in_speaker_text
162,5459,7,occurs_in_speaker_text
103,5459,2,occurs_in_speaker_text
4815,5459,1,occurs_in_speaker_text
2961,5459,1,occurs_in_speaker_text
4500,5459,1,occurs_in_speaker_text
4325,5459,1,occurs_in_speaker_text
2870,5459,1,occurs_in_speaker_text
1859,5459,1,occurs_in_speaker_text
1232,5459,1,occurs_in_speaker_text
4849,5459,1,occurs_in_speaker_text
1954,5459,1,occurs_in_speaker_text
3341,5459,1,occurs_in_speaker_text
3505,5459,1,occurs_in_speaker_text
2143,5459,1,occurs_in_speaker_text
1144,5459,1,occurs_in_speaker_text
4286,5459,1,occurs_in_speaker_text
3336,5459,1,occurs_in_speaker_text
2240,5459,1,occurs_in_speaker_text
2750,5459,1,occurs_in_speaker_text
2910,5459,1,occurs_in_speaker_text
4731,5459,1,occurs_in_speaker_text
1628,5459,1,occurs_in_speaker_text
2972,5459,1,occurs_in_speaker_text
389,5460,1,occurs_in_speaker_text
1331,5460,2,occurs_in_speaker_text
3150,5460,2,occurs_in_speaker_text
2574,5460,1,occurs_in_speaker_text
2948,5460,1,occurs_in_speaker_text
2256,5460,2,occurs_in_speaker_text
1714,5460,1,occurs_in_speaker_text
802,5460,3,occurs_in_speaker_text
2485,5460,2,occurs_in_speaker_text
4724,5460,1,occurs_in_speaker_text
2910,5460,1,occurs_in_speaker_text
4576,5460,1,occurs_in_speaker_text
308,5460,1,occurs_in_speaker_text
968,5460,1,occurs_in_speaker_text
2072,5460,1,occurs_in_speaker_text
3911,5460,1,occurs_in_speaker_text
386,5460,2,occurs_in_speaker_text
2139,5460,1,occurs_in_speaker_text
3445,5461,1,occurs_in_speaker_text
4353,5461,1,occurs_in_speaker_text
811,5461,3,occurs_in_speaker_text
4589,5461,2,occurs_in_speaker_text
685,5461,1,occurs_in_speaker_text
1714,5461,1,occurs_in_speaker_text
1177,5461,1,occurs_in_speaker_text
289,5461,1,occurs_in_speaker_text
1232,5461,1,occurs_in_speaker_text
2461,5461,1,occurs_in_speaker_text
4572,5461,1,occurs_in_speaker_text
3661,5461,1,occurs_in_speaker_text
4576,5461,2,occurs_in_speaker_text
3635,5461,3,occurs_in_speaker_text
2589,5461,1,occurs_in_speaker_text
4228,5461,1,occurs_in_speaker_text
4229,5461,1,occurs_in_speaker_text
4815,5461,1,occurs_in_speaker_text
2521,5461,1,occurs_in_speaker_text
2485,5461,2,occurs_in_speaker_text
4116,5461,1,occurs_in_speaker_text
2567,5461,1,occurs_in_speaker_text
1447,5461,1,occurs_in_speaker_text
893,5461,1,occurs_in_speaker_text
4855,5461,1,occurs_in_speaker_text
4368,5461,1,occurs_in_speaker_text
3562,5461,2,occurs_in_speaker_text
2596,5461,1,occurs_in_speaker_text
1041,5463,1,occurs_in_speaker_text
2761,5463,1,occurs_in_speaker_text
2753,5463,1,occurs_in_speaker_text
2485,5463,5,occurs_in_speaker_text
1196,5463,2,occurs_in_speaker_text
3111,5463,2,occurs_in_speaker_text
2609,5463,1,occurs_in_speaker_text
2022,5463,1,occurs_in_speaker_text
4003,5463,1,occurs_in_speaker_text
2673,5463,1,occurs_in_speaker_text
4832,5463,1,occurs_in_speaker_text
494,5463,1,occurs_in_speaker_text
558,5463,1,occurs_in_speaker_text
2461,5463,1,occurs_in_speaker_text
3896,5463,1,occurs_in_speaker_text
1977,5463,1,occurs_in_speaker_text
2870,5463,1,occurs_in_speaker_text
1693,5463,1,occurs_in_speaker_text
1600,5463,1,occurs_in_speaker_text
3310,5464,1,occurs_in_speaker_text
2155,5464,1,occurs_in_speaker_text
2485,5464,3,occurs_in_speaker_text
2461,5465,3,occurs_in_speaker_text
2260,5465,1,occurs_in_speaker_text
2485,5465,2,occurs_in_speaker_text
4209,5465,3,occurs_in_speaker_text
3910,5465,1,occurs_in_speaker_text
4721,5465,2,occurs_in_speaker_text
2094,5465,1,occurs_in_speaker_text
4624,5465,2,occurs_in_speaker_text
3341,5465,1,occurs_in_speaker_text
3760,5465,1,occurs_in_speaker_text
2982,5465,1,occurs_in_speaker_text
4576,5465,1,occurs_in_speaker_text
243,5465,1,occurs_in_speaker_text
5087,5465,1,occurs_in_speaker_text
1404,5465,1,occurs_in_speaker_text
163,5466,1,occurs_in_speaker_text
4250,5466,1,occurs_in_speaker_text
1507,5466,1,occurs_in_speaker_text
1331,5466,1,occurs_in_speaker_text
811,5466,2,occurs_in_speaker_text
3473,5466,1,occurs_in_speaker_text
2485,5466,1,occurs_in_speaker_text
5060,5466,1,occurs_in_speaker_text
4576,5466,2,occurs_in_speaker_text
957,5466,1,occurs_in_speaker_text
2155,5467,1,occurs_in_speaker_text
4003,5467,6,occurs_in_speaker_text
3500,5467,5,occurs_in_speaker_text
1544,5467,1,occurs_in_speaker_text
4209,5467,1,occurs_in_speaker_text
3526,5467,3,occurs_in_speaker_text
3812,5467,1,occurs_in_speaker_text
4380,5467,1,occurs_in_speaker_text
275,5467,1,occurs_in_speaker_text
4530,5467,1,occurs_in_speaker_text
4398,5467,2,occurs_in_speaker_text
1331,5467,3,occurs_in_speaker_text
4081,5467,2,occurs_in_speaker_text
4724,5467,4,occurs_in_speaker_text
2209,5467,1,occurs_in_speaker_text
1408,5467,1,occurs_in_speaker_text
1640,5467,3,occurs_in_speaker_text
1431,5467,3,occurs_in_speaker_text
3635,5467,1,occurs_in_speaker_text
3534,5467,1,occurs_in_speaker_text
2843,5467,1,occurs_in_speaker_text
1325,5467,1,occurs_in_speaker_text
3625,5467,1,occurs_in_speaker_text
1677,5467,2,occurs_in_speaker_text
1999,5467,4,occurs_in_speaker_text
3107,5467,1,occurs_in_speaker_text
2660,5467,1,occurs_in_speaker_text
3254,5467,1,occurs_in_speaker_text
4124,5467,2,occurs_in_speaker_text
2485,5467,2,occurs_in_speaker_text
156,5467,1,occurs_in_speaker_text
2961,5467,2,occurs_in_speaker_text
4878,5467,2,occurs_in_speaker_text
790,5467,1,occurs_in_speaker_text
1276,5467,1,occurs_in_speaker_text
5045,5467,1,occurs_in_speaker_text
740,5467,1,occurs_in_speaker_text
3099,5467,2,occurs_in_speaker_text
3106,5467,1,occurs_in_speaker_text
2750,5467,1,occurs_in_speaker_text
1818,5467,1,occurs_in_speaker_text
863,5467,4,occurs_in_speaker_text
1637,5467,1,occurs_in_speaker_text
1232,5467,2,occurs_in_speaker_text
4299,5467,1,occurs_in_speaker_text
2778,5467,1,occurs_in_speaker_text
4119,5467,2,occurs_in_speaker_text
2910,5467,2,occurs_in_speaker_text
4433,5467,1,occurs_in_speaker_text
3850,5467,1,occurs_in_speaker_text
162,5467,1,occurs_in_speaker_text
234,5467,1,occurs_in_speaker_text
1509,5467,1,occurs_in_speaker_text
3284,5467,1,occurs_in_speaker_text
500,5467,1,occurs_in_speaker_text
3585,5467,1,occurs_in_speaker_text
1583,5467,1,occurs_in_speaker_text
3904,5467,2,occurs_in_speaker_text
2860,5467,1,occurs_in_speaker_text
389,5467,1,occurs_in_speaker_text
4040,5467,2,occurs_in_speaker_text
4817,5467,2,occurs_in_speaker_text
2629,5467,1,occurs_in_speaker_text
1647,5468,1,occurs_in_speaker_text
2002,5468,1,occurs_in_speaker_text
2200,5468,1,occurs_in_speaker_text
4676,5468,1,occurs_in_speaker_text
4654,5468,1,occurs_in_speaker_text
1049,5468,1,occurs_in_speaker_text
2367,5468,1,occurs_in_speaker_text
1370,5468,1,occurs_in_speaker_text
664,5468,1,occurs_in_speaker_text
1843,5468,1,occurs_in_speaker_text
2766,5468,2,occurs_in_speaker_text
1725,5468,2,occurs_in_speaker_text
3479,5468,1,occurs_in_speaker_text
80,5468,1,occurs_in_speaker_text
5045,5468,1,occurs_in_speaker_text
1115,5468,1,occurs_in_speaker_text
3485,5468,1,occurs_in_speaker_text
617,5468,3,occurs_in_speaker_text
2216,5468,1,occurs_in_speaker_text
2171,5468,1,occurs_in_speaker_text
507,5468,3,occurs_in_speaker_text
893,5468,1,occurs_in_speaker_text
1492,5468,1,occurs_in_speaker_text
4820,5468,1,occurs_in_speaker_text
4576,5468,2,occurs_in_speaker_text
3587,5468,1,occurs_in_speaker_text
1842,5468,1,occurs_in_speaker_text
5000,5468,1,occurs_in_speaker_text
4124,5468,1,occurs_in_speaker_text
2289,5468,2,occurs_in_speaker_text
4040,5468,4,occurs_in_speaker_text
2365,5468,1,occurs_in_speaker_text
202,5468,1,occurs_in_speaker_text
2662,5468,1,occurs_in_speaker_text
3005,5468,2,occurs_in_speaker_text
2151,5468,1,occurs_in_speaker_text
2036,5468,1,occurs_in_speaker_text
199,5468,1,occurs_in_speaker_text
1090,5468,1,occurs_in_speaker_text
1780,5468,1,occurs_in_speaker_text
416,5468,1,occurs_in_speaker_text
4178,5468,1,occurs_in_speaker_text
4003,5468,3,occurs_in_speaker_text
588,5468,1,occurs_in_speaker_text
1955,5468,1,occurs_in_speaker_text
4289,5468,1,occurs_in_speaker_text
811,5468,2,occurs_in_speaker_text
2773,5468,3,occurs_in_speaker_text
1684,5468,1,occurs_in_speaker_text
3473,5468,1,occurs_in_speaker_text
1354,5468,1,occurs_in_speaker_text
4993,5468,1,occurs_in_speaker_text
1541,5468,1,occurs_in_speaker_text
1331,5468,3,occurs_in_speaker_text
61,5468,1,occurs_in_speaker_text
668,5468,2,occurs_in_speaker_text
4358,5468,1,occurs_in_speaker_text
234,5468,1,occurs_in_speaker_text
2535,5468,1,occurs_in_speaker_text
2720,5468,1,occurs_in_speaker_text
146,5468,1,occurs_in_speaker_text
4347,5468,1,occurs_in_speaker_text
883,5468,1,occurs_in_speaker_text
4158,5468,3,occurs_in_speaker_text
1958,5468,1,occurs_in_speaker_text
2240,5468,1,occurs_in_speaker_text
462,5468,1,occurs_in_speaker_text
2606,5468,1,occurs_in_speaker_text
1637,5468,1,occurs_in_speaker_text
243,5468,1,occurs_in_speaker_text
4529,5468,1,occurs_in_speaker_text
1301,5468,1,occurs_in_speaker_text
2054,5468,1,occurs_in_speaker_text
4572,5468,1,occurs_in_speaker_text
2142,5468,1,occurs_in_speaker_text
415,5468,1,occurs_in_speaker_text
491,5468,1,occurs_in_speaker_text
4902,5468,1,occurs_in_speaker_text
308,5468,3,occurs_in_speaker_text
3430,5468,1,occurs_in_speaker_text
4230,5468,1,occurs_in_speaker_text
2256,5468,1,occurs_in_speaker_text
2072,5468,1,occurs_in_speaker_text
906,5468,1,occurs_in_speaker_text
4731,5468,1,occurs_in_speaker_text
2172,5468,1,occurs_in_speaker_text
3497,5468,1,occurs_in_speaker_text
3562,5468,1,occurs_in_speaker_text
2105,5468,2,occurs_in_speaker_text
4339,5468,3,occurs_in_speaker_text
732,5468,1,occurs_in_speaker_text
2251,5468,2,occurs_in_speaker_text
4423,5468,1,occurs_in_speaker_text
4143,5468,3,occurs_in_speaker_text
1816,5468,1,occurs_in_speaker_text
3099,5468,4,occurs_in_speaker_text
3565,5468,1,occurs_in_speaker_text
452,5468,2,occurs_in_speaker_text
139,5468,6,occurs_in_speaker_text
764,5468,1,occurs_in_speaker_text
1739,5468,1,occurs_in_speaker_text
781,5468,1,occurs_in_speaker_text
1363,5468,1,occurs_in_speaker_text
2889,5468,1,occurs_in_speaker_text
1476,5468,1,occurs_in_speaker_text
942,5468,4,occurs_in_speaker_text
3628,5468,2,occurs_in_speaker_text
2482,5468,1,occurs_in_speaker_text
355,5468,1,occurs_in_speaker_text
3047,5468,1,occurs_in_speaker_text
4427,5468,2,occurs_in_speaker_text
3261,5468,1,occurs_in_speaker_text
3842,5468,1,occurs_in_speaker_text
407,5468,1,occurs_in_speaker_text
4309,5468,1,occurs_in_speaker_text
477,5468,1,occurs_in_speaker_text
4887,5468,2,occurs_in_speaker_text
1144,5468,2,occurs_in_speaker_text
1771,5468,1,occurs_in_speaker_text
1899,5468,1,occurs_in_speaker_text
2414,5468,1,occurs_in_speaker_text
4958,5468,1,occurs_in_speaker_text
2092,5468,1,occurs_in_speaker_text
4834,5468,1,occurs_in_speaker_text
4150,5468,1,occurs_in_speaker_text
2445,5468,1,occurs_in_speaker_text
4418,5468,1,occurs_in_speaker_text
306,5468,1,occurs_in_speaker_text
3737,5468,5,occurs_in_speaker_text
4281,5468,1,occurs_in_speaker_text
3867,5468,3,occurs_in_speaker_text
3114,5468,1,occurs_in_speaker_text
1206,5468,1,occurs_in_speaker_text
4724,5468,1,occurs_in_speaker_text
4114,5468,1,occurs_in_speaker_text
4275,5468,1,occurs_in_speaker_text
1687,5468,1,occurs_in_speaker_text
2485,5468,1,occurs_in_speaker_text
3767,5468,1,occurs_in_speaker_text
4119,5468,1,occurs_in_speaker_text
1041,5468,1,occurs_in_speaker_text
2205,5468,1,occurs_in_speaker_text
286,5468,1,occurs_in_speaker_text
4926,5468,1,occurs_in_speaker_text
3419,5468,1,occurs_in_speaker_text
4768,5468,1,occurs_in_speaker_text
3399,5468,1,occurs_in_speaker_text
76,5468,1,occurs_in_speaker_text
4172,5468,1,occurs_in_speaker_text
1293,5468,1,occurs_in_speaker_text
1870,5468,1,occurs_in_speaker_text
5089,5468,1,occurs_in_speaker_text
723,5468,1,occurs_in_speaker_text
3864,5468,1,occurs_in_speaker_text
3864,5469,1,occurs_in_speaker_text
4457,5469,1,occurs_in_speaker_text
3099,5469,1,occurs_in_speaker_text
1999,5469,6,occurs_in_speaker_text
2485,5469,1,occurs_in_speaker_text
3099,5470,2,occurs_in_speaker_text
4878,5470,8,occurs_in_speaker_text
3811,5470,3,occurs_in_speaker_text
4140,5470,3,occurs_in_speaker_text
3585,5470,3,occurs_in_speaker_text
2462,5470,1,occurs_in_speaker_text
300,5470,1,occurs_in_speaker_text
3500,5470,1,occurs_in_speaker_text
1725,5470,2,occurs_in_speaker_text
365,5470,1,occurs_in_speaker_text
2766,5470,1,occurs_in_speaker_text
2910,5470,2,occurs_in_speaker_text
578,5470,3,occurs_in_speaker_text
1509,5470,1,occurs_in_speaker_text
3975,5470,1,occurs_in_speaker_text
1999,5470,4,occurs_in_speaker_text
275,5470,1,occurs_in_speaker_text
4003,5470,1,occurs_in_speaker_text
2870,5470,1,occurs_in_speaker_text
234,5470,1,occurs_in_speaker_text
1768,5470,3,occurs_in_speaker_text
4398,5470,2,occurs_in_speaker_text
1537,5470,1,occurs_in_speaker_text
2233,5470,1,occurs_in_speaker_text
1024,5470,1,occurs_in_speaker_text
3010,5470,1,occurs_in_speaker_text
740,5470,1,occurs_in_speaker_text
3216,5471,1,occurs_in_speaker_text
4924,5471,1,occurs_in_speaker_text
3099,5471,1,occurs_in_speaker_text
2485,5471,1,occurs_in_speaker_text
394,5471,1,occurs_in_speaker_text
2240,5471,1,occurs_in_speaker_text
1859,5471,1,occurs_in_speaker_text
1994,5471,1,occurs_in_speaker_text
3538,5471,3,occurs_in_speaker_text
4368,5471,1,occurs_in_speaker_text
1431,5471,2,occurs_in_speaker_text
2069,5471,1,occurs_in_speaker_text
1764,5471,1,occurs_in_speaker_text
4003,5471,3,occurs_in_speaker_text
2209,5471,3,occurs_in_speaker_text
1972,5471,1,occurs_in_speaker_text
1129,5471,1,occurs_in_speaker_text
4091,5471,1,occurs_in_speaker_text
2293,5471,1,occurs_in_speaker_text
3795,5471,1,occurs_in_speaker_text
2054,5471,1,occurs_in_speaker_text
831,5471,1,occurs_in_speaker_text
365,5471,1,occurs_in_speaker_text
1999,5471,1,occurs_in_speaker_text
2465,5471,1,occurs_in_speaker_text
1386,5471,1,occurs_in_speaker_text
3558,5471,1,occurs_in_speaker_text
507,5471,1,occurs_in_speaker_text
3811,5471,1,occurs_in_speaker_text
4855,5471,2,occurs_in_speaker_text
616,5471,1,occurs_in_speaker_text
5045,5471,1,occurs_in_speaker_text
3323,5471,1,occurs_in_speaker_text
952,5471,2,occurs_in_speaker_text
4703,5471,1,occurs_in_speaker_text
740,5471,1,occurs_in_speaker_text
1527,5472,6,occurs_in_speaker_text
2935,5472,1,occurs_in_speaker_text
4136,5472,1,occurs_in_speaker_text
4097,5472,1,occurs_in_speaker_text
277,5472,1,occurs_in_speaker_text
1747,5472,1,occurs_in_speaker_text
4398,5473,1,occurs_in_speaker_text
1469,5473,1,occurs_in_speaker_text
4286,5473,1,occurs_in_speaker_text
2574,5473,1,occurs_in_speaker_text
4992,5473,1,occurs_in_speaker_text
1999,5473,4,occurs_in_speaker_text
4501,5473,1,occurs_in_speaker_text
139,5473,1,occurs_in_speaker_text
863,5473,4,occurs_in_speaker_text
2816,5473,1,occurs_in_speaker_text
740,5473,2,occurs_in_speaker_text
3099,5473,2,occurs_in_speaker_text
722,5473,1,occurs_in_speaker_text
4339,5473,1,occurs_in_speaker_text
365,5473,1,occurs_in_speaker_text
3712,5473,1,occurs_in_speaker_text
3034,5474,1,occurs_in_speaker_text
1925,5474,1,occurs_in_speaker_text
2485,5474,1,occurs_in_speaker_text
811,5474,5,occurs_in_speaker_text
1965,5474,1,occurs_in_speaker_text
4003,5474,2,occurs_in_speaker_text
924,5474,1,occurs_in_speaker_text
2567,5474,1,occurs_in_speaker_text
3099,5474,1,occurs_in_speaker_text
1637,5474,1,occurs_in_speaker_text
3221,5474,1,occurs_in_speaker_text
2538,5474,1,occurs_in_speaker_text
2750,5475,2,occurs_in_speaker_text
2485,5476,4,occurs_in_speaker_text
4945,5476,1,occurs_in_speaker_text
4003,5476,7,occurs_in_speaker_text
3385,5476,5,occurs_in_speaker_text
2554,5476,1,occurs_in_speaker_text
4576,5476,6,occurs_in_speaker_text
4550,5476,1,occurs_in_speaker_text
2445,5476,1,occurs_in_speaker_text
1431,5476,1,occurs_in_speaker_text
1637,5476,1,occurs_in_speaker_text
2096,5476,1,occurs_in_speaker_text
1687,5476,1,occurs_in_speaker_text
2692,5476,2,occurs_in_speaker_text
4284,5476,1,occurs_in_speaker_text
942,5476,1,occurs_in_speaker_text
3987,5476,1,occurs_in_speaker_text
1343,5476,4,occurs_in_speaker_text
1140,5476,1,occurs_in_speaker_text
3712,5476,1,occurs_in_speaker_text
1636,5476,2,occurs_in_speaker_text
3010,5476,1,occurs_in_speaker_text
4286,5476,1,occurs_in_speaker_text
1929,5476,1,occurs_in_speaker_text
755,5476,1,occurs_in_speaker_text
4653,5476,1,occurs_in_speaker_text
1850,5476,1,occurs_in_speaker_text
2240,5476,1,occurs_in_speaker_text
629,5476,2,occurs_in_speaker_text
1275,5476,1,occurs_in_speaker_text
1509,5476,1,occurs_in_speaker_text
415,5476,1,occurs_in_speaker_text
2460,5476,1,occurs_in_speaker_text
4972,5476,1,occurs_in_speaker_text
3263,5476,1,occurs_in_speaker_text
1994,5476,2,occurs_in_speaker_text
3635,5476,1,occurs_in_speaker_text
1118,5476,1,occurs_in_speaker_text
2442,5476,1,occurs_in_speaker_text
1640,5476,1,occurs_in_speaker_text
5021,5476,1,occurs_in_speaker_text
1321,5476,1,occurs_in_speaker_text
2660,5476,1,occurs_in_speaker_text
4261,5476,1,occurs_in_speaker_text
5045,5476,2,occurs_in_speaker_text
1172,5476,1,occurs_in_speaker_text
4067,5476,1,occurs_in_speaker_text
1637,5477,1,occurs_in_speaker_text
1331,5477,1,occurs_in_speaker_text
1294,5477,2,occurs_in_speaker_text
2629,5477,1,occurs_in_speaker_text
3532,5477,1,occurs_in_speaker_text
2485,5477,1,occurs_in_speaker_text
4134,5477,1,occurs_in_speaker_text
968,5477,1,occurs_in_speaker_text
242,5477,1,occurs_in_speaker_text
308,5477,1,occurs_in_speaker_text
159,5477,3,occurs_in_speaker_text
3300,5477,1,occurs_in_speaker_text
1560,5478,1,occurs_in_speaker_text
1637,5478,1,occurs_in_speaker_text
365,5478,2,occurs_in_speaker_text
1999,5478,1,occurs_in_speaker_text
4423,5478,1,occurs_in_speaker_text
586,5478,2,occurs_in_speaker_text
1331,5478,1,occurs_in_speaker_text
79,5478,2,occurs_in_speaker_text
3225,5478,1,occurs_in_speaker_text
2485,5479,2,occurs_in_speaker_text
1999,5479,2,occurs_in_speaker_text
3807,5479,1,occurs_in_speaker_text
3526,5479,3,occurs_in_speaker_text
1431,5479,1,occurs_in_speaker_text
162,5479,1,occurs_in_speaker_text
811,5479,1,occurs_in_speaker_text
1637,5479,1,occurs_in_speaker_text
1943,5479,1,occurs_in_speaker_text
1677,5479,1,occurs_in_speaker_text
2458,5479,1,occurs_in_speaker_text
4398,5479,1,occurs_in_speaker_text
3903,5479,1,occurs_in_speaker_text
4622,5479,1,occurs_in_speaker_text
1331,5479,1,occurs_in_speaker_text
2627,5479,1,occurs_in_speaker_text
1639,5479,1,occurs_in_speaker_text
2750,5479,1,occurs_in_speaker_text
1144,5479,1,occurs_in_speaker_text
2910,5479,1,occurs_in_speaker_text
1739,5479,1,occurs_in_speaker_text
1687,5479,1,occurs_in_speaker_text
4261,5479,1,occurs_in_speaker_text
4286,5480,1,occurs_in_speaker_text
1687,5480,1,occurs_in_speaker_text
2485,5480,1,occurs_in_speaker_text
2524,5481,1,occurs_in_speaker_text
445,5481,1,occurs_in_speaker_text
684,5481,1,occurs_in_speaker_text
2814,5481,1,occurs_in_speaker_text
2455,5481,1,occurs_in_speaker_text
601,5481,1,occurs_in_speaker_text
3833,5481,1,occurs_in_speaker_text
1055,5481,1,occurs_in_speaker_text
3148,5481,2,occurs_in_speaker_text
811,5481,1,occurs_in_speaker_text
2485,5481,8,occurs_in_speaker_text
3704,5481,1,occurs_in_speaker_text
4576,5481,2,occurs_in_speaker_text
2684,5481,1,occurs_in_speaker_text
1225,5481,2,occurs_in_speaker_text
4303,5481,1,occurs_in_speaker_text
1331,5481,4,occurs_in_speaker_text
3099,5481,3,occurs_in_speaker_text
2018,5481,1,occurs_in_speaker_text
942,5481,3,occurs_in_speaker_text
4003,5481,12,occurs_in_speaker_text
3289,5481,1,occurs_in_speaker_text
4855,5481,1,occurs_in_speaker_text
1176,5481,1,occurs_in_speaker_text
5045,5481,1,occurs_in_speaker_text
4809,5481,1,occurs_in_speaker_text
275,5481,1,occurs_in_speaker_text
1536,5481,1,occurs_in_speaker_text
4622,5481,5,occurs_in_speaker_text
3446,5481,1,occurs_in_speaker_text
4876,5481,1,occurs_in_speaker_text
2240,5481,2,occurs_in_speaker_text
4993,5481,2,occurs_in_speaker_text
3635,5481,4,occurs_in_speaker_text
863,5481,2,occurs_in_speaker_text
1584,5481,1,occurs_in_speaker_text
5042,5481,1,occurs_in_speaker_text
3628,5481,1,occurs_in_speaker_text
118,5481,1,occurs_in_speaker_text
1894,5481,1,occurs_in_speaker_text
308,5481,2,occurs_in_speaker_text
1431,5481,2,occurs_in_speaker_text
162,5481,2,occurs_in_speaker_text
50,5481,1,occurs_in_speaker_text
1714,5481,1,occurs_in_speaker_text
146,5481,1,occurs_in_speaker_text
2567,5481,1,occurs_in_speaker_text
4859,5481,2,occurs_in_speaker_text
2773,5481,1,occurs_in_speaker_text
629,5481,1,occurs_in_speaker_text
1879,5481,1,occurs_in_speaker_text
2155,5481,1,occurs_in_speaker_text
1739,5481,1,occurs_in_speaker_text
3107,5481,2,occurs_in_speaker_text
1862,5481,1,occurs_in_speaker_text
4194,5481,1,occurs_in_speaker_text
507,5481,1,occurs_in_speaker_text
4327,5481,1,occurs_in_speaker_text
2184,5481,1,occurs_in_speaker_text
4724,5481,1,occurs_in_speaker_text
2551,5481,1,occurs_in_speaker_text
1640,5481,1,occurs_in_speaker_text
3951,5481,1,occurs_in_speaker_text
289,5481,1,occurs_in_speaker_text
2533,5481,1,occurs_in_speaker_text
3193,5481,1,occurs_in_speaker_text
3562,5481,1,occurs_in_speaker_text
2854,5481,1,occurs_in_speaker_text
2289,5481,2,occurs_in_speaker_text
407,5481,1,occurs_in_speaker_text
2865,5481,1,occurs_in_speaker_text
957,5481,1,occurs_in_speaker_text
1687,5481,1,occurs_in_speaker_text
3625,5481,1,occurs_in_speaker_text
1509,5481,1,occurs_in_speaker_text
3602,5481,1,occurs_in_speaker_text
1725,5481,1,occurs_in_speaker_text
4353,5481,1,occurs_in_speaker_text
5056,5481,1,occurs_in_speaker_text
3021,5481,1,occurs_in_speaker_text
2910,5481,1,occurs_in_speaker_text
441,5481,2,occurs_in_speaker_text
3480,5481,1,occurs_in_speaker_text
3526,5481,1,occurs_in_speaker_text
1298,5481,1,occurs_in_speaker_text
3858,5481,1,occurs_in_speaker_text
1649,5482,14,occurs_in_speaker_text
4292,5482,2,occurs_in_speaker_text
2312,5482,1,occurs_in_speaker_text
4576,5482,8,occurs_in_speaker_text
4018,5482,1,occurs_in_speaker_text
2331,5482,1,occurs_in_speaker_text
1999,5482,1,occurs_in_speaker_text
2563,5482,2,occurs_in_speaker_text
4003,5482,1,occurs_in_speaker_text
4317,5482,1,occurs_in_speaker_text
2626,5482,1,occurs_in_speaker_text
2069,5482,1,occurs_in_speaker_text
4416,5482,1,occurs_in_speaker_text
1515,5482,1,occurs_in_speaker_text
146,5482,1,occurs_in_speaker_text
717,5482,1,occurs_in_speaker_text
4373,5482,1,occurs_in_speaker_text
491,5482,9,occurs_in_speaker_text
3712,5482,1,occurs_in_speaker_text
1331,5482,1,occurs_in_speaker_text
4266,5482,1,occurs_in_speaker_text
2504,5482,7,occurs_in_speaker_text
3350,5482,1,occurs_in_speaker_text
493,5482,1,occurs_in_speaker_text
2397,5482,1,occurs_in_speaker_text
603,5482,1,occurs_in_speaker_text
2100,5482,1,occurs_in_speaker_text
2849,5483,1,occurs_in_speaker_text
410,5483,1,occurs_in_speaker_text
2222,5483,1,occurs_in_speaker_text
3774,5483,1,occurs_in_speaker_text
3635,5483,1,occurs_in_speaker_text
3099,5483,2,occurs_in_speaker_text
4003,5483,1,occurs_in_speaker_text
2367,5483,1,occurs_in_speaker_text
3010,5483,1,occurs_in_speaker_text
308,5483,1,occurs_in_speaker_text
811,5483,3,occurs_in_speaker_text
3861,5483,1,occurs_in_speaker_text
2353,5483,1,occurs_in_speaker_text
1714,5483,1,occurs_in_speaker_text
4265,5483,1,occurs_in_speaker_text
312,5483,1,occurs_in_speaker_text
1689,5483,1,occurs_in_speaker_text
3526,5483,1,occurs_in_speaker_text
942,5483,1,occurs_in_speaker_text
1431,5483,1,occurs_in_speaker_text
1646,5483,1,occurs_in_speaker_text
4119,5483,1,occurs_in_speaker_text
4381,5483,1,occurs_in_speaker_text
2236,5483,1,occurs_in_speaker_text
2750,5483,1,occurs_in_speaker_text
3800,5483,1,occurs_in_speaker_text
4123,5483,1,occurs_in_speaker_text
121,5483,1,occurs_in_speaker_text
2711,5483,1,occurs_in_speaker_text
4878,5484,3,occurs_in_speaker_text
1442,5484,1,occurs_in_speaker_text
4271,5484,2,occurs_in_speaker_text
2910,5484,1,occurs_in_speaker_text
3099,5484,1,occurs_in_speaker_text
1725,5484,1,occurs_in_speaker_text
1999,5484,3,occurs_in_speaker_text
1331,5484,2,occurs_in_speaker_text
1637,5484,1,occurs_in_speaker_text
4398,5484,3,occurs_in_speaker_text
3526,5484,2,occurs_in_speaker_text
2485,5484,3,occurs_in_speaker_text
1702,5484,1,occurs_in_speaker_text
1818,5484,1,occurs_in_speaker_text
3254,5484,2,occurs_in_speaker_text
2660,5484,1,occurs_in_speaker_text
1859,5484,2,occurs_in_speaker_text
1748,5484,1,occurs_in_speaker_text
1443,5484,1,occurs_in_speaker_text
4415,5484,1,occurs_in_speaker_text
1384,5484,3,occurs_in_speaker_text
2320,5484,1,occurs_in_speaker_text
2554,5484,1,occurs_in_speaker_text
2916,5484,1,occurs_in_speaker_text
1423,5484,1,occurs_in_speaker_text
2365,5484,1,occurs_in_speaker_text
1144,5484,1,occurs_in_speaker_text
2461,5485,1,occurs_in_speaker_text
1431,5485,2,occurs_in_speaker_text
2485,5485,14,occurs_in_speaker_text
898,5485,1,occurs_in_speaker_text
46,5485,1,occurs_in_speaker_text
4353,5485,1,occurs_in_speaker_text
2289,5485,1,occurs_in_speaker_text
2750,5485,3,occurs_in_speaker_text
976,5485,1,occurs_in_speaker_text
91,5485,2,occurs_in_speaker_text
811,5485,3,occurs_in_speaker_text
4003,5485,1,occurs_in_speaker_text
1642,5485,1,occurs_in_speaker_text
3635,5485,1,occurs_in_speaker_text
3958,5485,1,occurs_in_speaker_text
4729,5485,1,occurs_in_speaker_text
282,5485,1,occurs_in_speaker_text
1384,5485,1,occurs_in_speaker_text
863,5485,1,occurs_in_speaker_text
1999,5485,2,occurs_in_speaker_text
3562,5485,1,occurs_in_speaker_text
4225,5485,1,occurs_in_speaker_text
507,5485,2,occurs_in_speaker_text
942,5485,1,occurs_in_speaker_text
2983,5485,1,occurs_in_speaker_text
2583,5485,1,occurs_in_speaker_text
3911,5485,1,occurs_in_speaker_text
1714,5485,1,occurs_in_speaker_text
2799,5485,1,occurs_in_speaker_text
4124,5485,1,occurs_in_speaker_text
596,5485,1,occurs_in_speaker_text
4634,5485,1,occurs_in_speaker_text
1331,5485,1,occurs_in_speaker_text
3150,5485,2,occurs_in_speaker_text
1859,5485,1,occurs_in_speaker_text
1707,5485,1,occurs_in_speaker_text
3099,5485,1,occurs_in_speaker_text
3526,5486,11,occurs_in_speaker_text
2485,5486,8,occurs_in_speaker_text
3812,5486,3,occurs_in_speaker_text
5045,5486,2,occurs_in_speaker_text
2289,5486,2,occurs_in_speaker_text
2795,5486,1,occurs_in_speaker_text
162,5486,1,occurs_in_speaker_text
1637,5486,3,occurs_in_speaker_text
617,5486,1,occurs_in_speaker_text
1331,5486,1,occurs_in_speaker_text
3099,5486,1,occurs_in_speaker_text
1818,5486,1,occurs_in_speaker_text
156,5486,1,occurs_in_speaker_text
2897,5486,1,occurs_in_speaker_text
4724,5486,1,occurs_in_speaker_text
1999,5486,4,occurs_in_speaker_text
4878,5486,1,occurs_in_speaker_text
4286,5486,3,occurs_in_speaker_text
1706,5486,2,occurs_in_speaker_text
3911,5486,1,occurs_in_speaker_text
2172,5486,1,occurs_in_speaker_text
1859,5486,1,occurs_in_speaker_text
3869,5486,1,occurs_in_speaker_text
1833,5486,1,occurs_in_speaker_text
1060,5486,1,occurs_in_speaker_text
305,5486,1,occurs_in_speaker_text
4096,5486,1,occurs_in_speaker_text
5029,5486,1,occurs_in_speaker_text
320,5487,1,occurs_in_speaker_text
2485,5487,2,occurs_in_speaker_text
234,5487,2,occurs_in_speaker_text
4576,5487,4,occurs_in_speaker_text
1144,5487,1,occurs_in_speaker_text
608,5487,1,occurs_in_speaker_text
2935,5487,1,occurs_in_speaker_text
4194,5487,1,occurs_in_speaker_text
162,5487,4,occurs_in_speaker_text
3724,5487,1,occurs_in_speaker_text
2773,5487,2,occurs_in_speaker_text
774,5487,1,occurs_in_speaker_text
3078,5487,1,occurs_in_speaker_text
4003,5487,1,occurs_in_speaker_text
4887,5487,1,occurs_in_speaker_text
2673,5487,1,occurs_in_speaker_text
811,5487,1,occurs_in_speaker_text
3635,5487,1,occurs_in_speaker_text
1515,5487,1,occurs_in_speaker_text
4368,5487,1,occurs_in_speaker_text
1639,5487,1,occurs_in_speaker_text
2751,5487,1,occurs_in_speaker_text
3150,5487,1,occurs_in_speaker_text
3911,5487,1,occurs_in_speaker_text
1431,5488,1,occurs_in_speaker_text
2574,5488,27,occurs_in_speaker_text
234,5488,1,occurs_in_speaker_text
2461,5488,1,occurs_in_speaker_text
4878,5488,9,occurs_in_speaker_text
5029,5488,1,occurs_in_speaker_text
219,5488,13,occurs_in_speaker_text
942,5488,1,occurs_in_speaker_text
4349,5488,1,occurs_in_speaker_text
308,5488,2,occurs_in_speaker_text
2831,5488,1,occurs_in_speaker_text
2485,5488,2,occurs_in_speaker_text
3526,5488,2,occurs_in_speaker_text
5045,5488,6,occurs_in_speaker_text
3354,5488,1,occurs_in_speaker_text
4088,5488,2,occurs_in_speaker_text
3250,5488,5,occurs_in_speaker_text
1768,5488,6,occurs_in_speaker_text
2812,5488,1,occurs_in_speaker_text
4821,5488,2,occurs_in_speaker_text
259,5488,2,occurs_in_speaker_text
2079,5488,1,occurs_in_speaker_text
3913,5488,1,occurs_in_speaker_text
3635,5488,2,occurs_in_speaker_text
3543,5488,1,occurs_in_speaker_text
2072,5488,1,occurs_in_speaker_text
4740,5488,1,occurs_in_speaker_text
2761,5488,3,occurs_in_speaker_text
3500,5488,3,occurs_in_speaker_text
3341,5488,1,occurs_in_speaker_text
3598,5488,1,occurs_in_speaker_text
2445,5488,2,occurs_in_speaker_text
4358,5488,1,occurs_in_speaker_text
2912,5488,1,occurs_in_speaker_text
4538,5488,1,occurs_in_speaker_text
479,5488,1,occurs_in_speaker_text
2452,5488,1,occurs_in_speaker_text
2357,5488,1,occurs_in_speaker_text
4097,5489,15,occurs_in_speaker_text
4151,5489,1,occurs_in_speaker_text
4586,5489,1,occurs_in_speaker_text
2485,5489,14,occurs_in_speaker_text
4398,5489,1,occurs_in_speaker_text
1999,5489,14,occurs_in_speaker_text
1041,5489,2,occurs_in_speaker_text
1076,5489,2,occurs_in_speaker_text
3697,5489,1,occurs_in_speaker_text
4096,5489,1,occurs_in_speaker_text
1391,5489,3,occurs_in_speaker_text
4923,5489,1,occurs_in_speaker_text
1431,5489,3,occurs_in_speaker_text
2795,5489,1,occurs_in_speaker_text
4031,5489,1,occurs_in_speaker_text
4003,5489,4,occurs_in_speaker_text
4465,5489,1,occurs_in_speaker_text
1177,5489,1,occurs_in_speaker_text
1536,5489,3,occurs_in_speaker_text
2020,5489,1,occurs_in_speaker_text
3516,5489,1,occurs_in_speaker_text
3526,5489,2,occurs_in_speaker_text
2794,5489,1,occurs_in_speaker_text
4113,5489,12,occurs_in_speaker_text
4040,5489,1,occurs_in_speaker_text
2262,5489,1,occurs_in_speaker_text
3099,5489,4,occurs_in_speaker_text
4271,5489,2,occurs_in_speaker_text
4373,5489,2,occurs_in_speaker_text
4649,5489,1,occurs_in_speaker_text
1331,5489,4,occurs_in_speaker_text
566,5489,1,occurs_in_speaker_text
360,5489,1,occurs_in_speaker_text
2240,5489,1,occurs_in_speaker_text
578,5489,1,occurs_in_speaker_text
811,5489,1,occurs_in_speaker_text
3394,5489,2,occurs_in_speaker_text
871,5489,1,occurs_in_speaker_text
4491,5489,1,occurs_in_speaker_text
3562,5489,1,occurs_in_speaker_text
5045,5489,3,occurs_in_speaker_text
893,5490,1,occurs_in_speaker_text
3289,5490,1,occurs_in_speaker_text
3752,5490,2,occurs_in_speaker_text
654,5490,1,occurs_in_speaker_text
2453,5490,1,occurs_in_speaker_text
2370,5490,1,occurs_in_speaker_text
3570,5490,1,occurs_in_speaker_text
2660,5490,1,occurs_in_speaker_text
2088,5490,2,occurs_in_speaker_text
4003,5490,1,occurs_in_speaker_text
4887,5490,4,occurs_in_speaker_text
1994,5490,1,occurs_in_speaker_text
2868,5490,1,occurs_in_speaker_text
2097,5490,1,occurs_in_speaker_text
957,5490,1,occurs_in_speaker_text
4732,5490,2,occurs_in_speaker_text
95,5490,1,occurs_in_speaker_text
4556,5490,1,occurs_in_speaker_text
4409,5490,1,occurs_in_speaker_text
4393,5490,1,occurs_in_speaker_text
4850,5490,2,occurs_in_speaker_text
2479,5490,1,occurs_in_speaker_text
4576,5490,1,occurs_in_speaker_text
4576,5491,7,occurs_in_speaker_text
4003,5491,2,occurs_in_speaker_text
2485,5492,2,occurs_in_speaker_text
4724,5492,2,occurs_in_speaker_text
2585,5493,2,occurs_in_speaker_text
81,5493,1,occurs_in_speaker_text
3511,5493,1,occurs_in_speaker_text
4231,5493,1,occurs_in_speaker_text
3099,5493,1,occurs_in_speaker_text
1637,5493,1,occurs_in_speaker_text
1768,5493,2,occurs_in_speaker_text
1714,5494,2,occurs_in_speaker_text
811,5494,3,occurs_in_speaker_text
2712,5494,2,occurs_in_speaker_text
3911,5494,1,occurs_in_speaker_text
1637,5494,1,occurs_in_speaker_text
1331,5494,1,occurs_in_speaker_text
4576,5494,1,occurs_in_speaker_text
1369,5494,1,occurs_in_speaker_text
3685,5494,1,occurs_in_speaker_text
863,5494,4,occurs_in_speaker_text
4849,5494,1,occurs_in_speaker_text
481,5494,1,occurs_in_speaker_text
4724,5494,1,occurs_in_speaker_text
4368,5494,1,occurs_in_speaker_text
3326,5494,1,occurs_in_speaker_text
4815,5494,1,occurs_in_speaker_text
2177,5494,1,occurs_in_speaker_text
521,5494,2,occurs_in_speaker_text
2567,5494,1,occurs_in_speaker_text
4884,5494,1,occurs_in_speaker_text
1953,5494,1,occurs_in_speaker_text
1144,5494,1,occurs_in_speaker_text
4626,5494,1,occurs_in_speaker_text
1536,5494,2,occurs_in_speaker_text
1999,5495,17,occurs_in_speaker_text
942,5495,2,occurs_in_speaker_text
4003,5495,6,occurs_in_speaker_text
1477,5495,1,occurs_in_speaker_text
4876,5495,1,occurs_in_speaker_text
1431,5495,4,occurs_in_speaker_text
1725,5495,2,occurs_in_speaker_text
1331,5495,1,occurs_in_speaker_text
234,5495,2,occurs_in_speaker_text
1536,5495,4,occurs_in_speaker_text
2226,5495,1,occurs_in_speaker_text
738,5495,1,occurs_in_speaker_text
3099,5495,1,occurs_in_speaker_text
2177,5495,1,occurs_in_speaker_text
1391,5495,2,occurs_in_speaker_text
3010,5495,1,occurs_in_speaker_text
4096,5495,2,occurs_in_speaker_text
3814,5495,1,occurs_in_speaker_text
2538,5495,1,occurs_in_speaker_text
4855,5495,1,occurs_in_speaker_text
2485,5495,2,occurs_in_speaker_text
2795,5495,1,occurs_in_speaker_text
1714,5495,1,occurs_in_speaker_text
1033,5496,1,occurs_in_speaker_text
4857,5496,1,occurs_in_speaker_text
4119,5496,1,occurs_in_speaker_text
1291,5496,3,occurs_in_speaker_text
3661,5496,1,occurs_in_speaker_text
4719,5496,1,occurs_in_speaker_text
1331,5496,1,occurs_in_speaker_text
1551,5496,1,occurs_in_speaker_text
2485,5496,2,occurs_in_speaker_text
3526,5496,1,occurs_in_speaker_text
1826,5496,1,occurs_in_speaker_text
3910,5496,6,occurs_in_speaker_text
3796,5496,1,occurs_in_speaker_text
3447,5496,1,occurs_in_speaker_text
2329,5497,49,occurs_in_speaker_text
2485,5497,2,occurs_in_speaker_text
2629,5497,4,occurs_in_speaker_text
2972,5497,3,occurs_in_speaker_text
2750,5497,1,occurs_in_speaker_text
3562,5497,1,occurs_in_speaker_text
2485,5498,1,occurs_in_speaker_text
3024,5498,1,occurs_in_speaker_text
2538,5498,1,occurs_in_speaker_text
811,5498,3,occurs_in_speaker_text
2155,5498,1,occurs_in_speaker_text
308,5498,2,occurs_in_speaker_text
3023,5498,1,occurs_in_speaker_text
2910,5498,4,occurs_in_speaker_text
1331,5498,4,occurs_in_speaker_text
2256,5498,1,occurs_in_speaker_text
2972,5498,1,occurs_in_speaker_text
4003,5498,1,occurs_in_speaker_text
937,5498,1,occurs_in_speaker_text
1859,5498,1,occurs_in_speaker_text
578,5498,1,occurs_in_speaker_text
333,5498,1,occurs_in_speaker_text
4368,5499,1,occurs_in_speaker_text
275,5499,1,occurs_in_speaker_text
4003,5499,1,occurs_in_speaker_text
1243,5499,2,occurs_in_speaker_text
2445,5499,3,occurs_in_speaker_text
2763,5499,2,occurs_in_speaker_text
4240,5499,2,occurs_in_speaker_text
2854,5499,1,occurs_in_speaker_text
156,5499,1,occurs_in_speaker_text
1754,5499,1,occurs_in_speaker_text
898,5499,1,occurs_in_speaker_text
1818,5499,1,occurs_in_speaker_text
3855,5499,1,occurs_in_speaker_text
3107,5499,1,occurs_in_speaker_text
4849,5499,1,occurs_in_speaker_text
974,5500,1,occurs_in_speaker_text
3635,5500,1,occurs_in_speaker_text
3107,5500,10,occurs_in_speaker_text
629,5500,2,occurs_in_speaker_text
2485,5500,1,occurs_in_speaker_text
4368,5500,2,occurs_in_speaker_text
811,5500,2,occurs_in_speaker_text
4576,5500,1,occurs_in_speaker_text
1999,5500,1,occurs_in_speaker_text
33,5500,1,occurs_in_speaker_text
234,5500,2,occurs_in_speaker_text
2773,5500,1,occurs_in_speaker_text
103,5500,1,occurs_in_speaker_text
3910,5500,1,occurs_in_speaker_text
3257,5500,1,occurs_in_speaker_text
5088,5500,1,occurs_in_speaker_text
1331,5500,1,occurs_in_speaker_text
4003,5500,1,occurs_in_speaker_text
3034,5500,1,occurs_in_speaker_text
2382,5501,1,occurs_in_speaker_text
4097,5501,1,occurs_in_speaker_text
2002,5501,1,occurs_in_speaker_text
1331,5501,2,occurs_in_speaker_text
2987,5501,1,occurs_in_speaker_text
3208,5501,1,occurs_in_speaker_text
1953,5502,1,occurs_in_speaker_text
680,5502,1,occurs_in_speaker_text
4225,5502,1,occurs_in_speaker_text
507,5502,1,occurs_in_speaker_text
2967,5502,2,occurs_in_speaker_text
3197,5502,1,occurs_in_speaker_text
1536,5502,2,occurs_in_speaker_text
2538,5502,5,occurs_in_speaker_text
308,5502,11,occurs_in_speaker_text
4119,5502,2,occurs_in_speaker_text
3377,5502,1,occurs_in_speaker_text
286,5502,1,occurs_in_speaker_text
1431,5502,5,occurs_in_speaker_text
2567,5502,2,occurs_in_speaker_text
1859,5502,1,occurs_in_speaker_text
811,5502,1,occurs_in_speaker_text
1637,5502,4,occurs_in_speaker_text
585,5502,1,occurs_in_speaker_text
4381,5502,1,occurs_in_speaker_text
1157,5502,1,occurs_in_speaker_text
1672,5502,1,occurs_in_speaker_text
4183,5502,1,occurs_in_speaker_text
3724,5502,3,occurs_in_speaker_text
5077,5502,1,occurs_in_speaker_text
2720,5502,10,occurs_in_speaker_text
243,5502,3,occurs_in_speaker_text
2963,5502,2,occurs_in_speaker_text
2289,5502,2,occurs_in_speaker_text
4724,5502,2,occurs_in_speaker_text
5045,5502,1,occurs_in_speaker_text
2773,5502,1,occurs_in_speaker_text
1331,5502,7,occurs_in_speaker_text
2173,5502,1,occurs_in_speaker_text
146,5502,1,occurs_in_speaker_text
4358,5502,1,occurs_in_speaker_text
3292,5502,2,occurs_in_speaker_text
3582,5502,1,occurs_in_speaker_text
353,5502,1,occurs_in_speaker_text
3046,5502,1,occurs_in_speaker_text
3584,5502,1,occurs_in_speaker_text
4576,5502,7,occurs_in_speaker_text
4482,5502,1,occurs_in_speaker_text
312,5502,1,occurs_in_speaker_text
898,5502,1,occurs_in_speaker_text
931,5502,1,occurs_in_speaker_text
2514,5502,1,occurs_in_speaker_text
4096,5502,1,occurs_in_speaker_text
1041,5502,3,occurs_in_speaker_text
2485,5502,4,occurs_in_speaker_text
1971,5502,1,occurs_in_speaker_text
3021,5502,2,occurs_in_speaker_text
1225,5502,2,occurs_in_speaker_text
200,5502,2,occurs_in_speaker_text
2750,5502,1,occurs_in_speaker_text
3526,5502,1,occurs_in_speaker_text
4904,5502,1,occurs_in_speaker_text
1940,5502,1,occurs_in_speaker_text
3010,5502,1,occurs_in_speaker_text
3323,5502,1,occurs_in_speaker_text
3740,5502,1,occurs_in_speaker_text
2684,5502,1,occurs_in_speaker_text
2314,5502,1,occurs_in_speaker_text
3150,5502,1,occurs_in_speaker_text
2217,5502,1,occurs_in_speaker_text
2312,5502,1,occurs_in_speaker_text
275,5502,1,occurs_in_speaker_text
4367,5502,1,occurs_in_speaker_text
2982,5502,1,occurs_in_speaker_text
25,5502,2,occurs_in_speaker_text
2445,5502,1,occurs_in_speaker_text
5029,5502,1,occurs_in_speaker_text
543,5502,1,occurs_in_speaker_text
599,5502,1,occurs_in_speaker_text
2344,5502,1,occurs_in_speaker_text
533,5502,1,occurs_in_speaker_text
3099,5502,1,occurs_in_speaker_text
3661,5502,1,occurs_in_speaker_text
162,5503,1,occurs_in_speaker_text
4798,5503,1,occurs_in_speaker_text
1750,5503,1,occurs_in_speaker_text
2417,5503,1,occurs_in_speaker_text
920,5503,1,occurs_in_speaker_text
82,5503,1,occurs_in_speaker_text
3323,5503,1,occurs_in_speaker_text
4352,5503,1,occurs_in_speaker_text
3712,5503,1,occurs_in_speaker_text
1331,5503,1,occurs_in_speaker_text
1640,5503,1,occurs_in_speaker_text
1459,5503,2,occurs_in_speaker_text
308,5503,1,occurs_in_speaker_text
312,5503,1,occurs_in_speaker_text
3465,5504,2,occurs_in_speaker_text
3962,5504,1,occurs_in_speaker_text
4629,5504,3,occurs_in_speaker_text
4404,5504,1,occurs_in_speaker_text
3297,5504,2,occurs_in_speaker_text
3396,5504,1,occurs_in_speaker_text
2178,5504,7,occurs_in_speaker_text
2659,5504,8,occurs_in_speaker_text
3729,5504,5,occurs_in_speaker_text
4368,5504,1,occurs_in_speaker_text
4326,5504,1,occurs_in_speaker_text
1197,5504,1,occurs_in_speaker_text
3917,5504,1,occurs_in_speaker_text
405,5504,1,occurs_in_speaker_text
534,5504,1,occurs_in_speaker_text
3202,5504,1,occurs_in_speaker_text
4411,5504,1,occurs_in_speaker_text
1914,5504,1,occurs_in_speaker_text
3323,5504,1,occurs_in_speaker_text
4099,5504,2,occurs_in_speaker_text
3945,5504,2,occurs_in_speaker_text
2949,5504,1,occurs_in_speaker_text
4827,5504,1,occurs_in_speaker_text
2588,5504,1,occurs_in_speaker_text
1984,5504,1,occurs_in_speaker_text
4237,5504,1,occurs_in_speaker_text
3792,5504,1,occurs_in_speaker_text
4003,5504,11,occurs_in_speaker_text
3387,5504,2,occurs_in_speaker_text
1128,5504,1,occurs_in_speaker_text
2030,5504,1,occurs_in_speaker_text
1514,5504,1,occurs_in_speaker_text
3903,5504,1,occurs_in_speaker_text
2650,5504,1,occurs_in_speaker_text
3778,5504,1,occurs_in_speaker_text
475,5504,1,occurs_in_speaker_text
1444,5505,1,occurs_in_speaker_text
1190,5505,1,occurs_in_speaker_text
3512,5505,1,occurs_in_speaker_text
4143,5505,4,occurs_in_speaker_text
1999,5505,1,occurs_in_speaker_text
2660,5505,2,occurs_in_speaker_text
5045,5505,2,occurs_in_speaker_text
1637,5505,2,occurs_in_speaker_text
4451,5505,1,occurs_in_speaker_text
4387,5505,1,occurs_in_speaker_text
4878,5505,1,occurs_in_speaker_text
1628,5505,1,occurs_in_speaker_text
4124,5505,1,occurs_in_speaker_text
4003,5505,2,occurs_in_speaker_text
2485,5505,5,occurs_in_speaker_text
1067,5505,1,occurs_in_speaker_text
2629,5505,1,occurs_in_speaker_text
3222,5505,1,occurs_in_speaker_text
4114,5505,1,occurs_in_speaker_text
3526,5505,4,occurs_in_speaker_text
3099,5505,1,occurs_in_speaker_text
577,5505,1,occurs_in_speaker_text
1331,5506,2,occurs_in_speaker_text
554,5506,16,occurs_in_speaker_text
2809,5506,2,occurs_in_speaker_text
3599,5506,1,occurs_in_speaker_text
811,5506,2,occurs_in_speaker_text
4945,5506,3,occurs_in_speaker_text
4003,5506,8,occurs_in_speaker_text
942,5506,3,occurs_in_speaker_text
308,5506,1,occurs_in_speaker_text
306,5506,1,occurs_in_speaker_text
663,5506,1,occurs_in_speaker_text
1431,5506,2,occurs_in_speaker_text
4576,5506,4,occurs_in_speaker_text
2423,5506,1,occurs_in_speaker_text
2445,5506,2,occurs_in_speaker_text
1513,5506,1,occurs_in_speaker_text
1157,5506,1,occurs_in_speaker_text
3562,5506,1,occurs_in_speaker_text
4228,5506,1,occurs_in_speaker_text
4368,5506,1,occurs_in_speaker_text
234,5506,1,occurs_in_speaker_text
2485,5506,3,occurs_in_speaker_text
4769,5506,2,occurs_in_speaker_text
2114,5506,1,occurs_in_speaker_text
3278,5506,2,occurs_in_speaker_text
3393,5506,1,occurs_in_speaker_text
920,5506,1,occurs_in_speaker_text
2849,5506,1,occurs_in_speaker_text
3143,5506,1,occurs_in_speaker_text
2972,5506,1,occurs_in_speaker_text
863,5507,1,occurs_in_speaker_text
3099,5507,1,occurs_in_speaker_text
4398,5508,1,occurs_in_speaker_text
1144,5508,2,occurs_in_speaker_text
4032,5508,1,occurs_in_speaker_text
2289,5508,1,occurs_in_speaker_text
15,5508,1,occurs_in_speaker_text
1711,5508,1,occurs_in_speaker_text
1021,5508,1,occurs_in_speaker_text
3562,5508,1,occurs_in_speaker_text
4699,5508,1,occurs_in_speaker_text
207,5508,1,occurs_in_speaker_text
3577,5508,1,occurs_in_speaker_text
485,5508,1,occurs_in_speaker_text
811,5508,1,occurs_in_speaker_text
1107,5508,1,occurs_in_speaker_text
2816,5508,1,occurs_in_speaker_text
2365,5508,2,occurs_in_speaker_text
2061,5508,2,occurs_in_speaker_text
1687,5508,1,occurs_in_speaker_text
3162,5508,1,occurs_in_speaker_text
3152,5508,1,occurs_in_speaker_text
4358,5508,1,occurs_in_speaker_text
2013,5508,1,occurs_in_speaker_text
1981,5508,1,occurs_in_speaker_text
4993,5508,1,occurs_in_speaker_text
1261,5508,1,occurs_in_speaker_text
2228,5508,1,occurs_in_speaker_text
1795,5508,1,occurs_in_speaker_text
1487,5508,1,occurs_in_speaker_text
4474,5508,1,occurs_in_speaker_text
1747,5508,1,occurs_in_speaker_text
2964,5508,1,occurs_in_speaker_text
863,5508,1,occurs_in_speaker_text
4143,5508,1,occurs_in_speaker_text
1490,5508,1,occurs_in_speaker_text
4878,5508,1,occurs_in_speaker_text
4927,5509,1,occurs_in_speaker_text
1894,5509,1,occurs_in_speaker_text
4003,5509,1,occurs_in_speaker_text
2445,5509,1,occurs_in_speaker_text
2903,5509,2,occurs_in_speaker_text
2422,5509,1,occurs_in_speaker_text
4390,5510,1,occurs_in_speaker_text
2795,5510,1,occurs_in_speaker_text
3526,5510,5,occurs_in_speaker_text
1408,5510,1,occurs_in_speaker_text
162,5510,2,occurs_in_speaker_text
754,5510,1,occurs_in_speaker_text
3678,5510,1,occurs_in_speaker_text
2485,5510,7,occurs_in_speaker_text
2590,5510,1,occurs_in_speaker_text
811,5510,1,occurs_in_speaker_text
3681,5510,1,occurs_in_speaker_text
821,5510,2,occurs_in_speaker_text
1384,5510,1,occurs_in_speaker_text
1999,5510,2,occurs_in_speaker_text
2664,5510,1,occurs_in_speaker_text
4724,5510,2,occurs_in_speaker_text
3551,5510,1,occurs_in_speaker_text
3661,5510,1,occurs_in_speaker_text
4990,5510,1,occurs_in_speaker_text
69,5510,1,occurs_in_speaker_text
3562,5510,3,occurs_in_speaker_text
4097,5510,1,occurs_in_speaker_text
3347,5510,1,occurs_in_speaker_text
3341,5510,1,occurs_in_speaker_text
1431,5510,1,occurs_in_speaker_text
3150,5510,1,occurs_in_speaker_text
4150,5510,1,occurs_in_speaker_text
239,5510,2,occurs_in_speaker_text
3635,5510,1,occurs_in_speaker_text
608,5510,1,occurs_in_speaker_text
1144,5510,1,occurs_in_speaker_text
4878,5510,1,occurs_in_speaker_text
3724,5510,1,occurs_in_speaker_text
3099,5510,2,occurs_in_speaker_text
2972,5510,1,occurs_in_speaker_text
349,5510,1,occurs_in_speaker_text
412,5510,1,occurs_in_speaker_text
863,5510,3,occurs_in_speaker_text
3021,5510,1,occurs_in_speaker_text
800,5510,1,occurs_in_speaker_text
2910,5510,1,occurs_in_speaker_text
2037,5510,1,occurs_in_speaker_text
1991,5510,2,occurs_in_speaker_text
4887,5510,1,occurs_in_speaker_text
2521,5510,1,occurs_in_speaker_text
5029,5510,1,occurs_in_speaker_text
1114,5510,1,occurs_in_speaker_text
2921,5510,1,occurs_in_speaker_text
4501,5510,1,occurs_in_speaker_text
1331,5510,1,occurs_in_speaker_text
2008,5511,1,occurs_in_speaker_text
162,5511,1,occurs_in_speaker_text
3635,5511,1,occurs_in_speaker_text
1687,5511,1,occurs_in_speaker_text
2256,5511,1,occurs_in_speaker_text
4736,5511,3,occurs_in_speaker_text
3029,5511,2,occurs_in_speaker_text
1075,5511,17,occurs_in_speaker_text
672,5511,1,occurs_in_speaker_text
308,5511,1,occurs_in_speaker_text
1536,5511,2,occurs_in_speaker_text
2718,5511,2,occurs_in_speaker_text
4215,5511,1,occurs_in_speaker_text
815,5511,1,occurs_in_speaker_text
3785,5511,1,occurs_in_speaker_text
4724,5511,2,occurs_in_speaker_text
2503,5511,1,occurs_in_speaker_text
633,5511,1,occurs_in_speaker_text
5029,5511,1,occurs_in_speaker_text
893,5511,1,occurs_in_speaker_text
4815,5511,1,occurs_in_speaker_text
3183,5511,1,occurs_in_speaker_text
3562,5511,1,occurs_in_speaker_text
2160,5511,3,occurs_in_speaker_text
2761,5511,1,occurs_in_speaker_text
165,5511,1,occurs_in_speaker_text
4323,5512,1,occurs_in_speaker_text
2331,5512,1,occurs_in_speaker_text
4368,5512,1,occurs_in_speaker_text
4479,5512,1,occurs_in_speaker_text
2554,5512,3,occurs_in_speaker_text
2209,5512,1,occurs_in_speaker_text
4047,5512,1,occurs_in_speaker_text
1459,5512,1,occurs_in_speaker_text
4806,5512,2,occurs_in_speaker_text
2969,5512,1,occurs_in_speaker_text
1796,5512,1,occurs_in_speaker_text
4581,5512,1,occurs_in_speaker_text
2593,5512,1,occurs_in_speaker_text
4385,5512,1,occurs_in_speaker_text
3962,5512,1,occurs_in_speaker_text
4425,5512,1,occurs_in_speaker_text
4299,5512,1,occurs_in_speaker_text
3777,5512,1,occurs_in_speaker_text
999,5512,1,occurs_in_speaker_text
2072,5512,1,occurs_in_speaker_text
231,5512,3,occurs_in_speaker_text
2117,5512,2,occurs_in_speaker_text
3505,5512,1,occurs_in_speaker_text
3842,5512,1,occurs_in_speaker_text
2564,5512,1,occurs_in_speaker_text
3635,5513,1,occurs_in_speaker_text
1232,5513,1,occurs_in_speaker_text
942,5514,1,occurs_in_speaker_text
2629,5514,1,occurs_in_speaker_text
1637,5514,1,occurs_in_speaker_text
507,5514,1,occurs_in_speaker_text
4231,5514,1,occurs_in_speaker_text
4317,5514,1,occurs_in_speaker_text
1267,5514,1,occurs_in_speaker_text
1754,5514,1,occurs_in_speaker_text
3890,5514,1,occurs_in_speaker_text
5045,5514,1,occurs_in_speaker_text
2910,5514,1,occurs_in_speaker_text
3173,5514,1,occurs_in_speaker_text
103,5514,1,occurs_in_speaker_text
2753,5514,1,occurs_in_speaker_text
3617,5515,1,occurs_in_speaker_text
4576,5515,5,occurs_in_speaker_text
1454,5515,1,occurs_in_speaker_text
3428,5515,1,occurs_in_speaker_text
3323,5515,1,occurs_in_speaker_text
2458,5515,1,occurs_in_speaker_text
3130,5515,1,occurs_in_speaker_text
1243,5515,1,occurs_in_speaker_text
2750,5515,3,occurs_in_speaker_text
1536,5515,2,occurs_in_speaker_text
4143,5515,2,occurs_in_speaker_text
1640,5515,1,occurs_in_speaker_text
139,5515,2,occurs_in_speaker_text
3315,5515,1,occurs_in_speaker_text
1994,5515,3,occurs_in_speaker_text
3099,5515,2,occurs_in_speaker_text
2256,5515,1,occurs_in_speaker_text
4202,5515,1,occurs_in_speaker_text
1031,5515,1,occurs_in_speaker_text
1961,5515,1,occurs_in_speaker_text
3943,5515,2,occurs_in_speaker_text
1464,5515,1,occurs_in_speaker_text
1999,5515,4,occurs_in_speaker_text
2016,5515,1,occurs_in_speaker_text
3561,5515,1,occurs_in_speaker_text
4784,5515,1,occurs_in_speaker_text
898,5515,1,occurs_in_speaker_text
4040,5515,1,occurs_in_speaker_text
1205,5515,1,occurs_in_speaker_text
5045,5515,1,occurs_in_speaker_text
239,5515,10,occurs_in_speaker_text
1628,5515,2,occurs_in_speaker_text
4087,5515,2,occurs_in_speaker_text
1824,5515,1,occurs_in_speaker_text
2538,5515,2,occurs_in_speaker_text
3562,5515,1,occurs_in_speaker_text
1566,5515,1,occurs_in_speaker_text
2485,5515,2,occurs_in_speaker_text
487,5515,1,occurs_in_speaker_text
4398,5515,3,occurs_in_speaker_text
3850,5515,1,occurs_in_speaker_text
4271,5515,2,occurs_in_speaker_text
4368,5515,1,occurs_in_speaker_text
2870,5515,1,occurs_in_speaker_text
3061,5515,1,occurs_in_speaker_text
2636,5515,1,occurs_in_speaker_text
3432,5515,1,occurs_in_speaker_text
2773,5515,1,occurs_in_speaker_text
2305,5515,1,occurs_in_speaker_text
275,5515,1,occurs_in_speaker_text
4282,5515,1,occurs_in_speaker_text
1177,5515,1,occurs_in_speaker_text
129,5515,1,occurs_in_speaker_text
1232,5515,1,occurs_in_speaker_text
4097,5515,1,occurs_in_speaker_text
3911,5515,1,occurs_in_speaker_text
4763,5515,1,occurs_in_speaker_text
1515,5515,1,occurs_in_speaker_text
2868,5515,1,occurs_in_speaker_text
5016,5515,1,occurs_in_speaker_text
4353,5515,1,occurs_in_speaker_text
1637,5516,1,occurs_in_speaker_text
162,5516,1,occurs_in_speaker_text
811,5516,1,occurs_in_speaker_text
3148,5516,1,occurs_in_speaker_text
1712,5516,1,occurs_in_speaker_text
3635,5516,1,occurs_in_speaker_text
3120,5516,1,occurs_in_speaker_text
4286,5517,1,occurs_in_speaker_text
1946,5517,1,occurs_in_speaker_text
3745,5517,4,occurs_in_speaker_text
4003,5517,3,occurs_in_speaker_text
1972,5517,1,occurs_in_speaker_text
2828,5517,2,occurs_in_speaker_text
234,5517,1,occurs_in_speaker_text
4018,5517,10,occurs_in_speaker_text
2926,5517,1,occurs_in_speaker_text
2485,5517,1,occurs_in_speaker_text
2432,5517,1,occurs_in_speaker_text
3323,5517,1,occurs_in_speaker_text
4368,5517,1,occurs_in_speaker_text
528,5517,1,occurs_in_speaker_text
3708,5517,1,occurs_in_speaker_text
162,5517,2,occurs_in_speaker_text
2292,5517,1,occurs_in_speaker_text
2041,5517,1,occurs_in_speaker_text
3903,5517,1,occurs_in_speaker_text
4463,5517,1,occurs_in_speaker_text
1954,5517,1,occurs_in_speaker_text
1928,5517,1,occurs_in_speaker_text
2737,5517,1,occurs_in_speaker_text
4412,5517,1,occurs_in_speaker_text
3107,5517,2,occurs_in_speaker_text
4119,5517,1,occurs_in_speaker_text
380,5517,1,occurs_in_speaker_text
3889,5517,1,occurs_in_speaker_text
2538,5517,2,occurs_in_speaker_text
3253,5517,1,occurs_in_speaker_text
3163,5517,1,occurs_in_speaker_text
1331,5517,1,occurs_in_speaker_text
1637,5517,1,occurs_in_speaker_text
629,5517,1,occurs_in_speaker_text
1536,5517,4,occurs_in_speaker_text
4398,5517,1,occurs_in_speaker_text
811,5517,1,occurs_in_speaker_text
2734,5517,1,occurs_in_speaker_text
4056,5517,1,occurs_in_speaker_text
2554,5517,1,occurs_in_speaker_text
2489,5517,1,occurs_in_speaker_text
4976,5518,1,occurs_in_speaker_text
4353,5519,1,occurs_in_speaker_text
4003,5519,6,occurs_in_speaker_text
4576,5519,4,occurs_in_speaker_text
2485,5519,42,occurs_in_speaker_text
1041,5519,2,occurs_in_speaker_text
863,5519,1,occurs_in_speaker_text
4219,5519,1,occurs_in_speaker_text
2660,5519,1,occurs_in_speaker_text
80,5519,1,occurs_in_speaker_text
372,5519,1,occurs_in_speaker_text
4878,5519,2,occurs_in_speaker_text
2914,5519,1,occurs_in_speaker_text
2226,5519,1,occurs_in_speaker_text
811,5519,1,occurs_in_speaker_text
4373,5519,4,occurs_in_speaker_text
1056,5519,1,occurs_in_speaker_text
978,5519,1,occurs_in_speaker_text
1331,5519,4,occurs_in_speaker_text
1693,5519,1,occurs_in_speaker_text
2818,5519,1,occurs_in_speaker_text
2567,5519,1,occurs_in_speaker_text
3317,5519,1,occurs_in_speaker_text
4558,5519,1,occurs_in_speaker_text
1551,5519,1,occurs_in_speaker_text
893,5519,3,occurs_in_speaker_text
507,5519,4,occurs_in_speaker_text
2813,5519,1,occurs_in_speaker_text
234,5519,1,occurs_in_speaker_text
4849,5519,1,occurs_in_speaker_text
735,5519,1,occurs_in_speaker_text
4097,5519,2,occurs_in_speaker_text
4988,5519,1,occurs_in_speaker_text
608,5519,1,occurs_in_speaker_text
2750,5519,1,occurs_in_speaker_text
629,5519,2,occurs_in_speaker_text
4393,5519,1,occurs_in_speaker_text
1509,5519,1,occurs_in_speaker_text
1999,5519,1,occurs_in_speaker_text
3150,5519,1,occurs_in_speaker_text
4013,5519,1,occurs_in_speaker_text
2872,5519,2,occurs_in_speaker_text
3635,5519,1,occurs_in_speaker_text
1431,5519,4,occurs_in_speaker_text
4096,5519,1,occurs_in_speaker_text
942,5519,1,occurs_in_speaker_text
1144,5519,1,occurs_in_speaker_text
2209,5519,1,occurs_in_speaker_text
2910,5519,1,occurs_in_speaker_text
2761,5519,1,occurs_in_speaker_text
2778,5519,1,occurs_in_speaker_text
694,5519,1,occurs_in_speaker_text
4229,5519,1,occurs_in_speaker_text
1674,5519,1,occurs_in_speaker_text
2809,5519,1,occurs_in_speaker_text
4267,5519,1,occurs_in_speaker_text
4194,5519,1,occurs_in_speaker_text
4161,5519,1,occurs_in_speaker_text
2240,5519,1,occurs_in_speaker_text
275,5519,2,occurs_in_speaker_text
4398,5519,1,occurs_in_speaker_text
1536,5519,1,occurs_in_speaker_text
3713,5519,2,occurs_in_speaker_text
1563,5519,1,occurs_in_speaker_text
1232,5519,1,occurs_in_speaker_text
2303,5519,1,occurs_in_speaker_text
3505,5520,1,occurs_in_speaker_text
532,5520,1,occurs_in_speaker_text
1345,5520,1,occurs_in_speaker_text
2983,5520,2,occurs_in_speaker_text
2229,5520,1,occurs_in_speaker_text
3873,5520,2,occurs_in_speaker_text
3806,5520,1,occurs_in_speaker_text
3922,5520,1,occurs_in_speaker_text
2870,5520,1,occurs_in_speaker_text
4893,5520,1,occurs_in_speaker_text
4576,5520,1,occurs_in_speaker_text
3635,5520,1,occurs_in_speaker_text
45,5521,1,occurs_in_speaker_text
629,5521,1,occurs_in_speaker_text
2485,5521,1,occurs_in_speaker_text
4003,5521,2,occurs_in_speaker_text
1999,5522,6,occurs_in_speaker_text
629,5522,2,occurs_in_speaker_text
3724,5522,7,occurs_in_speaker_text
1442,5522,1,occurs_in_speaker_text
1296,5522,1,occurs_in_speaker_text
1144,5522,1,occurs_in_speaker_text
81,5522,1,occurs_in_speaker_text
44,5522,1,occurs_in_speaker_text
4286,5522,3,occurs_in_speaker_text
4878,5522,3,occurs_in_speaker_text
3150,5522,1,occurs_in_speaker_text
3694,5522,1,occurs_in_speaker_text
3107,5522,3,occurs_in_speaker_text
115,5522,1,occurs_in_speaker_text
2629,5522,1,occurs_in_speaker_text
3145,5522,1,occurs_in_speaker_text
811,5522,5,occurs_in_speaker_text
4003,5522,3,occurs_in_speaker_text
2762,5522,1,occurs_in_speaker_text
4548,5522,1,occurs_in_speaker_text
3570,5522,1,occurs_in_speaker_text
3258,5522,1,occurs_in_speaker_text
4368,5522,2,occurs_in_speaker_text
3099,5522,2,occurs_in_speaker_text
1518,5522,1,occurs_in_speaker_text
3510,5522,1,occurs_in_speaker_text
2673,5522,1,occurs_in_speaker_text
239,5522,1,occurs_in_speaker_text
2651,5522,1,occurs_in_speaker_text
1007,5522,1,occurs_in_speaker_text
4855,5522,3,occurs_in_speaker_text
1972,5522,1,occurs_in_speaker_text
3864,5522,1,occurs_in_speaker_text
3526,5522,3,occurs_in_speaker_text
1859,5522,1,occurs_in_speaker_text
4354,5522,2,occurs_in_speaker_text
1416,5522,1,occurs_in_speaker_text
139,5522,1,occurs_in_speaker_text
2766,5522,1,occurs_in_speaker_text
2910,5522,1,occurs_in_speaker_text
3280,5522,1,occurs_in_speaker_text
4309,5522,1,occurs_in_speaker_text
4415,5522,1,occurs_in_speaker_text
222,5522,1,occurs_in_speaker_text
2809,5522,1,occurs_in_speaker_text
2425,5522,1,occurs_in_speaker_text
863,5522,1,occurs_in_speaker_text
3635,5523,2,occurs_in_speaker_text
1177,5523,1,occurs_in_speaker_text
1331,5523,6,occurs_in_speaker_text
3150,5523,1,occurs_in_speaker_text
4798,5523,2,occurs_in_speaker_text
2372,5523,1,occurs_in_speaker_text
3028,5523,1,occurs_in_speaker_text
1427,5523,1,occurs_in_speaker_text
2574,5523,1,occurs_in_speaker_text
2750,5523,4,occurs_in_speaker_text
4180,5523,1,occurs_in_speaker_text
2485,5523,11,occurs_in_speaker_text
1431,5523,1,occurs_in_speaker_text
1705,5523,1,occurs_in_speaker_text
4576,5523,3,occurs_in_speaker_text
1999,5523,1,occurs_in_speaker_text
3724,5523,1,occurs_in_speaker_text
2752,5523,1,occurs_in_speaker_text
4097,5523,1,occurs_in_speaker_text
3099,5523,1,occurs_in_speaker_text
1637,5523,1,occurs_in_speaker_text
40,5523,1,occurs_in_speaker_text
3318,5523,1,occurs_in_speaker_text
4088,5523,1,occurs_in_speaker_text
3435,5523,1,occurs_in_speaker_text
1436,5524,1,occurs_in_speaker_text
4491,5524,1,occurs_in_speaker_text
2972,5524,2,occurs_in_speaker_text
1999,5524,2,occurs_in_speaker_text
1477,5524,1,occurs_in_speaker_text
2883,5524,1,occurs_in_speaker_text
4003,5524,7,occurs_in_speaker_text
1431,5524,2,occurs_in_speaker_text
2629,5524,2,occurs_in_speaker_text
4576,5524,1,occurs_in_speaker_text
4992,5524,1,occurs_in_speaker_text
3562,5524,1,occurs_in_speaker_text
4398,5524,1,occurs_in_speaker_text
2910,5525,1,occurs_in_speaker_text
1838,5526,2,occurs_in_speaker_text
1079,5526,2,occurs_in_speaker_text
4518,5526,1,occurs_in_speaker_text
4432,5526,1,occurs_in_speaker_text
2256,5526,1,occurs_in_speaker_text
2521,5526,1,occurs_in_speaker_text
942,5526,2,occurs_in_speaker_text
3845,5526,1,occurs_in_speaker_text
4003,5526,1,occurs_in_speaker_text
2177,5526,1,occurs_in_speaker_text
1459,5526,2,occurs_in_speaker_text
3111,5526,2,occurs_in_speaker_text
1974,5526,1,occurs_in_speaker_text
1999,5526,1,occurs_in_speaker_text
629,5526,1,occurs_in_speaker_text
4398,5527,1,occurs_in_speaker_text
4878,5527,3,occurs_in_speaker_text
4657,5527,1,occurs_in_speaker_text
4286,5527,2,occurs_in_speaker_text
4726,5527,1,occurs_in_speaker_text
495,5527,1,occurs_in_speaker_text
3150,5527,1,occurs_in_speaker_text
3708,5527,1,occurs_in_speaker_text
1232,5527,1,occurs_in_speaker_text
4003,5527,3,occurs_in_speaker_text
2405,5527,1,occurs_in_speaker_text
1824,5527,1,occurs_in_speaker_text
811,5527,3,occurs_in_speaker_text
2858,5527,1,occurs_in_speaker_text
2036,5527,1,occurs_in_speaker_text
1144,5527,1,occurs_in_speaker_text
2563,5527,1,occurs_in_speaker_text
1536,5527,1,occurs_in_speaker_text
1064,5527,2,occurs_in_speaker_text
1637,5527,1,occurs_in_speaker_text
139,5527,1,occurs_in_speaker_text
822,5527,1,occurs_in_speaker_text
136,5527,1,occurs_in_speaker_text
5045,5528,1,occurs_in_speaker_text
561,5528,1,occurs_in_speaker_text
2015,5528,1,occurs_in_speaker_text
4724,5528,1,occurs_in_speaker_text
1584,5528,1,occurs_in_speaker_text
3099,5528,2,occurs_in_speaker_text
4339,5528,1,occurs_in_speaker_text
3304,5528,3,occurs_in_speaker_text
139,5528,3,occurs_in_speaker_text
3691,5528,1,occurs_in_speaker_text
3249,5528,1,occurs_in_speaker_text
3538,5528,1,occurs_in_speaker_text
1818,5528,6,occurs_in_speaker_text
308,5528,1,occurs_in_speaker_text
2001,5528,1,occurs_in_speaker_text
4532,5528,1,occurs_in_speaker_text
3724,5528,1,occurs_in_speaker_text
4366,5528,1,occurs_in_speaker_text
5077,5529,1,occurs_in_speaker_text
2289,5529,1,occurs_in_speaker_text
4040,5529,1,occurs_in_speaker_text
4975,5529,1,occurs_in_speaker_text
1778,5529,1,occurs_in_speaker_text
940,5529,1,occurs_in_speaker_text
1331,5529,1,occurs_in_speaker_text
227,5529,1,occurs_in_speaker_text
1637,5529,1,occurs_in_speaker_text
3208,5529,1,occurs_in_speaker_text
4133,5529,1,occurs_in_speaker_text
598,5529,1,occurs_in_speaker_text
1972,5529,1,occurs_in_speaker_text
1999,5529,1,occurs_in_speaker_text
4003,5529,2,occurs_in_speaker_text
139,5529,1,occurs_in_speaker_text
1177,5530,1,occurs_in_speaker_text
1485,5530,1,occurs_in_speaker_text
1725,5530,1,occurs_in_speaker_text
2485,5530,6,occurs_in_speaker_text
1041,5530,7,occurs_in_speaker_text
3526,5530,3,occurs_in_speaker_text
4209,5530,1,occurs_in_speaker_text
3107,5530,1,occurs_in_speaker_text
2141,5530,1,occurs_in_speaker_text
1331,5530,1,occurs_in_speaker_text
4096,5530,1,occurs_in_speaker_text
4309,5530,1,occurs_in_speaker_text
134,5530,3,occurs_in_speaker_text
3500,5530,1,occurs_in_speaker_text
1260,5530,3,occurs_in_speaker_text
507,5530,1,occurs_in_speaker_text
162,5530,2,occurs_in_speaker_text
1999,5530,1,occurs_in_speaker_text
4842,5530,1,occurs_in_speaker_text
761,5530,1,occurs_in_speaker_text
4282,5530,1,occurs_in_speaker_text
1768,5530,1,occurs_in_speaker_text
2961,5530,1,occurs_in_speaker_text
1144,5530,1,occurs_in_speaker_text
3944,5530,1,occurs_in_speaker_text
4206,5530,1,occurs_in_speaker_text
1597,5530,1,occurs_in_speaker_text
2766,5530,1,occurs_in_speaker_text
4628,5530,1,occurs_in_speaker_text
3635,5530,1,occurs_in_speaker_text
863,5530,1,occurs_in_speaker_text
2972,5531,2,occurs_in_speaker_text
3562,5531,3,occurs_in_speaker_text
2750,5531,1,occurs_in_speaker_text
3099,5531,1,occurs_in_speaker_text
863,5531,1,occurs_in_speaker_text
4283,5531,1,occurs_in_speaker_text
2445,5531,1,occurs_in_speaker_text
4878,5532,2,occurs_in_speaker_text
1999,5532,8,occurs_in_speaker_text
3057,5532,1,occurs_in_speaker_text
2975,5532,5,occurs_in_speaker_text
3995,5532,1,occurs_in_speaker_text
1144,5532,1,occurs_in_speaker_text
3150,5532,1,occurs_in_speaker_text
2660,5532,1,occurs_in_speaker_text
156,5532,1,occurs_in_speaker_text
1431,5532,3,occurs_in_speaker_text
2574,5532,1,occurs_in_speaker_text
4003,5532,1,occurs_in_speaker_text
3967,5532,1,occurs_in_speaker_text
4264,5532,1,occurs_in_speaker_text
1725,5532,1,occurs_in_speaker_text
3842,5532,1,occurs_in_speaker_text
2485,5532,7,occurs_in_speaker_text
1931,5532,1,occurs_in_speaker_text
103,5532,2,occurs_in_speaker_text
2910,5532,1,occurs_in_speaker_text
46,5532,1,occurs_in_speaker_text
4724,5532,1,occurs_in_speaker_text
1331,5532,1,occurs_in_speaker_text
1994,5532,1,occurs_in_speaker_text
3983,5532,1,occurs_in_speaker_text
4415,5532,1,occurs_in_speaker_text
3526,5532,1,occurs_in_speaker_text
1243,5532,1,occurs_in_speaker_text
1859,5532,1,occurs_in_speaker_text
566,5532,1,occurs_in_speaker_text
4286,5532,1,occurs_in_speaker_text
2554,5533,4,occurs_in_speaker_text
1135,5533,1,occurs_in_speaker_text
2870,5533,1,occurs_in_speaker_text
3223,5533,1,occurs_in_speaker_text
2445,5533,1,occurs_in_speaker_text
4003,5533,1,occurs_in_speaker_text
863,5533,1,occurs_in_speaker_text
521,5533,1,occurs_in_speaker_text
371,5534,1,occurs_in_speaker_text
2158,5534,2,occurs_in_speaker_text
2248,5534,1,occurs_in_speaker_text
1341,5534,1,occurs_in_speaker_text
4815,5534,1,occurs_in_speaker_text
3920,5534,1,occurs_in_speaker_text
4286,5534,1,occurs_in_speaker_text
2489,5534,1,occurs_in_speaker_text
880,5534,1,occurs_in_speaker_text
2031,5534,1,occurs_in_speaker_text
1630,5534,2,occurs_in_speaker_text
2175,5534,1,occurs_in_speaker_text
3092,5534,1,occurs_in_speaker_text
4903,5534,1,occurs_in_speaker_text
3161,5534,1,occurs_in_speaker_text
1431,5534,2,occurs_in_speaker_text
3268,5534,1,occurs_in_speaker_text
4445,5534,1,occurs_in_speaker_text
5003,5534,1,occurs_in_speaker_text
4770,5534,1,occurs_in_speaker_text
2633,5534,1,occurs_in_speaker_text
450,5534,1,occurs_in_speaker_text
983,5534,1,occurs_in_speaker_text
1779,5534,1,occurs_in_speaker_text
2403,5534,1,occurs_in_speaker_text
621,5534,1,occurs_in_speaker_text
3586,5534,1,occurs_in_speaker_text
2107,5534,1,occurs_in_speaker_text
3686,5534,1,occurs_in_speaker_text
3526,5534,2,occurs_in_speaker_text
2485,5534,1,occurs_in_speaker_text
428,5534,1,occurs_in_speaker_text
5045,5534,1,occurs_in_speaker_text
3150,5534,1,occurs_in_speaker_text
3196,5534,1,occurs_in_speaker_text
289,5534,1,occurs_in_speaker_text
4859,5534,1,occurs_in_speaker_text
2644,5534,1,occurs_in_speaker_text
3099,5534,3,occurs_in_speaker_text
3182,5534,1,occurs_in_speaker_text
3139,5534,1,occurs_in_speaker_text
4414,5534,1,occurs_in_speaker_text
279,5534,1,occurs_in_speaker_text
3959,5534,2,occurs_in_speaker_text
2071,5534,1,occurs_in_speaker_text
1191,5534,1,occurs_in_speaker_text
1896,5534,1,occurs_in_speaker_text
3862,5534,1,occurs_in_speaker_text
4861,5534,1,occurs_in_speaker_text
1968,5534,1,occurs_in_speaker_text
2704,5534,1,occurs_in_speaker_text
4790,5534,1,occurs_in_speaker_text
3408,5534,1,occurs_in_speaker_text
2996,5534,1,occurs_in_speaker_text
1316,5534,1,occurs_in_speaker_text
2481,5534,1,occurs_in_speaker_text
2947,5534,1,occurs_in_speaker_text
1740,5534,1,occurs_in_speaker_text
2569,5534,1,occurs_in_speaker_text
2607,5534,1,occurs_in_speaker_text
5058,5534,1,occurs_in_speaker_text
1223,5534,1,occurs_in_speaker_text
1903,5534,1,occurs_in_speaker_text
4218,5534,1,occurs_in_speaker_text
4641,5534,1,occurs_in_speaker_text
2225,5534,1,occurs_in_speaker_text
139,5534,1,occurs_in_speaker_text
306,5534,1,occurs_in_speaker_text
2388,5534,1,occurs_in_speaker_text
2615,5534,1,occurs_in_speaker_text
4134,5534,1,occurs_in_speaker_text
3846,5534,1,occurs_in_speaker_text
2079,5534,1,occurs_in_speaker_text
4014,5534,1,occurs_in_speaker_text
3016,5535,1,occurs_in_speaker_text
5031,5535,2,occurs_in_speaker_text
2485,5535,1,occurs_in_speaker_text
2256,5535,1,occurs_in_speaker_text
234,5535,1,occurs_in_speaker_text
1331,5535,1,occurs_in_speaker_text
2002,5535,1,occurs_in_speaker_text
1383,5535,1,occurs_in_speaker_text
3196,5535,1,occurs_in_speaker_text
1747,5536,1,occurs_in_speaker_text
2289,5536,1,occurs_in_speaker_text
4271,5536,1,occurs_in_speaker_text
2296,5536,2,occurs_in_speaker_text
4674,5536,1,occurs_in_speaker_text
2910,5536,1,occurs_in_speaker_text
4724,5536,2,occurs_in_speaker_text
4003,5536,4,occurs_in_speaker_text
1897,5536,1,occurs_in_speaker_text
4985,5536,1,occurs_in_speaker_text
1442,5536,1,occurs_in_speaker_text
3150,5536,1,occurs_in_speaker_text
4729,5536,1,occurs_in_speaker_text
2378,5536,4,occurs_in_speaker_text
2739,5536,1,occurs_in_speaker_text
3827,5536,2,occurs_in_speaker_text
234,5536,2,occurs_in_speaker_text
1431,5536,2,occurs_in_speaker_text
2330,5536,4,occurs_in_speaker_text
882,5536,2,occurs_in_speaker_text
4941,5536,1,occurs_in_speaker_text
1773,5536,1,occurs_in_speaker_text
162,5536,1,occurs_in_speaker_text
653,5536,1,occurs_in_speaker_text
3099,5536,1,occurs_in_speaker_text
1657,5536,1,occurs_in_speaker_text
2901,5536,1,occurs_in_speaker_text
3665,5536,1,occurs_in_speaker_text
2627,5536,1,occurs_in_speaker_text
1682,5536,2,occurs_in_speaker_text
270,5536,2,occurs_in_speaker_text
2795,5536,1,occurs_in_speaker_text
3292,5536,1,occurs_in_speaker_text
5044,5536,1,occurs_in_speaker_text
372,5536,1,occurs_in_speaker_text
2687,5536,1,occurs_in_speaker_text
140,5536,3,occurs_in_speaker_text
1637,5536,3,occurs_in_speaker_text
1714,5536,1,occurs_in_speaker_text
5051,5536,1,occurs_in_speaker_text
1391,5536,1,occurs_in_speaker_text
2485,5536,2,occurs_in_speaker_text
252,5536,1,occurs_in_speaker_text
2550,5536,1,occurs_in_speaker_text
635,5536,1,occurs_in_speaker_text
2792,5536,1,occurs_in_speaker_text
4119,5536,1,occurs_in_speaker_text
2005,5536,1,occurs_in_speaker_text
4957,5536,2,occurs_in_speaker_text
3538,5536,1,occurs_in_speaker_text
1349,5536,3,occurs_in_speaker_text
232,5536,2,occurs_in_speaker_text
2120,5536,1,occurs_in_speaker_text
4325,5536,1,occurs_in_speaker_text
629,5536,1,occurs_in_speaker_text
1070,5536,2,occurs_in_speaker_text
4339,5536,1,occurs_in_speaker_text
1192,5536,1,occurs_in_speaker_text
4876,5537,1,occurs_in_speaker_text
4286,5537,10,occurs_in_speaker_text
1331,5537,1,occurs_in_speaker_text
2972,5537,1,occurs_in_speaker_text
3200,5537,1,occurs_in_speaker_text
1999,5537,3,occurs_in_speaker_text
4878,5537,2,occurs_in_speaker_text
3724,5537,2,occurs_in_speaker_text
2766,5537,1,occurs_in_speaker_text
5077,5537,1,occurs_in_speaker_text
260,5537,1,occurs_in_speaker_text
4724,5537,3,occurs_in_speaker_text
3150,5537,4,occurs_in_speaker_text
3526,5537,7,occurs_in_speaker_text
2910,5537,1,occurs_in_speaker_text
4271,5537,1,occurs_in_speaker_text
5029,5537,4,occurs_in_speaker_text
1246,5537,1,occurs_in_speaker_text
2485,5537,3,occurs_in_speaker_text
464,5537,1,occurs_in_speaker_text
117,5537,1,occurs_in_speaker_text
2105,5537,1,occurs_in_speaker_text
4143,5537,1,occurs_in_speaker_text
2877,5537,1,occurs_in_speaker_text
2365,5537,1,occurs_in_speaker_text
3661,5537,1,occurs_in_speaker_text
4097,5537,1,occurs_in_speaker_text
4051,5537,1,occurs_in_speaker_text
740,5537,1,occurs_in_speaker_text
2521,5537,1,occurs_in_speaker_text
5070,5537,1,occurs_in_speaker_text
1585,5537,1,occurs_in_speaker_text
103,5537,1,occurs_in_speaker_text
1714,5538,1,occurs_in_speaker_text
649,5538,1,occurs_in_speaker_text
2097,5539,1,occurs_in_speaker_text
4878,5539,1,occurs_in_speaker_text
3150,5539,1,occurs_in_speaker_text
4325,5539,1,occurs_in_speaker_text
1144,5539,2,occurs_in_speaker_text
4398,5539,1,occurs_in_speaker_text
3864,5539,1,occurs_in_speaker_text
1242,5539,1,occurs_in_speaker_text
1637,5539,1,occurs_in_speaker_text
2972,5539,1,occurs_in_speaker_text
2365,5539,1,occurs_in_speaker_text
1431,5539,1,occurs_in_speaker_text
680,5539,2,occurs_in_speaker_text
1222,5539,1,occurs_in_speaker_text
2773,5539,1,occurs_in_speaker_text
2636,5539,1,occurs_in_speaker_text
3342,5539,1,occurs_in_speaker_text
307,5539,1,occurs_in_speaker_text
4003,5539,1,occurs_in_speaker_text
2750,5539,1,occurs_in_speaker_text
308,5539,3,occurs_in_speaker_text
758,5539,1,occurs_in_speaker_text
1459,5539,2,occurs_in_speaker_text
4724,5539,1,occurs_in_speaker_text
329,5539,1,occurs_in_speaker_text
4143,5539,3,occurs_in_speaker_text
1584,5539,1,occurs_in_speaker_text
5045,5539,1,occurs_in_speaker_text
3562,5539,1,occurs_in_speaker_text
3099,5539,2,occurs_in_speaker_text
1331,5539,1,occurs_in_speaker_text
3499,5539,1,occurs_in_speaker_text
2226,5539,1,occurs_in_speaker_text
103,5539,1,occurs_in_speaker_text
139,5539,1,occurs_in_speaker_text
1384,5539,1,occurs_in_speaker_text
2910,5539,1,occurs_in_speaker_text
4815,5539,1,occurs_in_speaker_text
2485,5539,1,occurs_in_speaker_text
1798,5540,3,occurs_in_speaker_text
3529,5540,13,occurs_in_speaker_text
3635,5540,2,occurs_in_speaker_text
3526,5540,1,occurs_in_speaker_text
970,5540,1,occurs_in_speaker_text
2972,5540,1,occurs_in_speaker_text
3426,5540,1,occurs_in_speaker_text
2625,5540,1,occurs_in_speaker_text
4173,5540,2,occurs_in_speaker_text
1714,5540,1,occurs_in_speaker_text
4878,5540,1,occurs_in_speaker_text
4292,5540,1,occurs_in_speaker_text
1818,5540,1,occurs_in_speaker_text
3724,5540,1,occurs_in_speaker_text
3500,5540,1,occurs_in_speaker_text
2485,5540,1,occurs_in_speaker_text
2870,5540,1,occurs_in_speaker_text
1374,5541,1,occurs_in_speaker_text
4576,5541,6,occurs_in_speaker_text
4368,5541,1,occurs_in_speaker_text
4657,5541,1,occurs_in_speaker_text
52,5541,1,occurs_in_speaker_text
234,5541,2,occurs_in_speaker_text
237,5541,1,occurs_in_speaker_text
4003,5541,1,occurs_in_speaker_text
4517,5541,1,occurs_in_speaker_text
1431,5541,1,occurs_in_speaker_text
2133,5541,1,occurs_in_speaker_text
4018,5541,1,occurs_in_speaker_text
1331,5541,1,occurs_in_speaker_text
1232,5542,3,occurs_in_speaker_text
50,5542,2,occurs_in_speaker_text
4003,5542,4,occurs_in_speaker_text
4629,5542,1,occurs_in_speaker_text
3323,5542,1,occurs_in_speaker_text
3010,5542,1,occurs_in_speaker_text
1536,5542,1,occurs_in_speaker_text
3912,5542,1,occurs_in_speaker_text
3292,5542,1,occurs_in_speaker_text
4512,5542,2,occurs_in_speaker_text
2720,5542,1,occurs_in_speaker_text
71,5542,1,occurs_in_speaker_text
3910,5543,3,occurs_in_speaker_text
3770,5543,2,occurs_in_speaker_text
1999,5543,2,occurs_in_speaker_text
3111,5543,1,occurs_in_speaker_text
4124,5543,1,occurs_in_speaker_text
2072,5543,1,occurs_in_speaker_text
1327,5543,1,occurs_in_speaker_text
3911,5543,1,occurs_in_speaker_text
1118,5543,2,occurs_in_speaker_text
4200,5543,1,occurs_in_speaker_text
1685,5543,1,occurs_in_speaker_text
2538,5543,1,occurs_in_speaker_text
4943,5543,3,occurs_in_speaker_text
2795,5543,1,occurs_in_speaker_text
4406,5543,1,occurs_in_speaker_text
2445,5543,3,occurs_in_speaker_text
3855,5543,2,occurs_in_speaker_text
4113,5543,1,occurs_in_speaker_text
4893,5543,2,occurs_in_speaker_text
384,5543,1,occurs_in_speaker_text
3844,5543,1,occurs_in_speaker_text
687,5543,1,occurs_in_speaker_text
4327,5543,1,occurs_in_speaker_text
4018,5543,1,occurs_in_speaker_text
4326,5543,4,occurs_in_speaker_text
811,5543,1,occurs_in_speaker_text
2291,5543,1,occurs_in_speaker_text
1289,5543,1,occurs_in_speaker_text
4553,5543,1,occurs_in_speaker_text
2660,5543,3,occurs_in_speaker_text
1536,5543,2,occurs_in_speaker_text
629,5543,1,occurs_in_speaker_text
640,5543,1,occurs_in_speaker_text
4576,5544,1,occurs_in_speaker_text
811,5544,1,occurs_in_speaker_text
1687,5544,1,occurs_in_speaker_text
1649,5544,1,occurs_in_speaker_text
2082,5544,3,occurs_in_speaker_text
4368,5544,1,occurs_in_speaker_text
2298,5544,1,occurs_in_speaker_text
4292,5544,1,occurs_in_speaker_text
3868,5545,1,occurs_in_speaker_text
1886,5545,1,occurs_in_speaker_text
1870,5545,1,occurs_in_speaker_text
2002,5545,1,occurs_in_speaker_text
730,5546,1,occurs_in_speaker_text
2221,5546,2,occurs_in_speaker_text
3881,5546,2,occurs_in_speaker_text
4108,5546,1,occurs_in_speaker_text
53,5546,1,occurs_in_speaker_text
2141,5546,1,occurs_in_speaker_text
273,5546,1,occurs_in_speaker_text
2959,5546,1,occurs_in_speaker_text
1331,5547,3,occurs_in_speaker_text
1999,5547,2,occurs_in_speaker_text
4277,5547,1,occurs_in_speaker_text
3688,5547,1,occurs_in_speaker_text
4547,5547,1,occurs_in_speaker_text
1584,5547,1,occurs_in_speaker_text
3850,5547,1,occurs_in_speaker_text
3724,5547,1,occurs_in_speaker_text
4271,5547,1,occurs_in_speaker_text
1768,5547,1,occurs_in_speaker_text
4398,5547,1,occurs_in_speaker_text
1637,5547,1,occurs_in_speaker_text
4717,5547,1,occurs_in_speaker_text
1441,5547,1,occurs_in_speaker_text
2886,5547,1,occurs_in_speaker_text
3924,5547,1,occurs_in_speaker_text
2953,5547,1,occurs_in_speaker_text
4228,5547,1,occurs_in_speaker_text
1431,5547,1,occurs_in_speaker_text
2240,5547,1,occurs_in_speaker_text
2570,5547,1,occurs_in_speaker_text
3631,5547,1,occurs_in_speaker_text
3779,5547,1,occurs_in_speaker_text
988,5547,1,occurs_in_speaker_text
4159,5547,1,occurs_in_speaker_text
550,5547,1,occurs_in_speaker_text
3148,5547,1,occurs_in_speaker_text
1250,5547,1,occurs_in_speaker_text
4450,5547,1,occurs_in_speaker_text
426,5547,1,occurs_in_speaker_text
4724,5547,2,occurs_in_speaker_text
4229,5547,1,occurs_in_speaker_text
2549,5547,1,occurs_in_speaker_text
3204,5547,1,occurs_in_speaker_text
567,5547,1,occurs_in_speaker_text
3809,5547,1,occurs_in_speaker_text
566,5547,1,occurs_in_speaker_text
2750,5547,1,occurs_in_speaker_text
2189,5547,1,occurs_in_speaker_text
3080,5547,1,occurs_in_speaker_text
4143,5547,1,occurs_in_speaker_text
2778,5547,1,occurs_in_speaker_text
3635,5547,1,occurs_in_speaker_text
2629,5547,1,occurs_in_speaker_text
4003,5547,1,occurs_in_speaker_text
3526,5547,2,occurs_in_speaker_text
1859,5547,1,occurs_in_speaker_text
4119,5547,1,occurs_in_speaker_text
3911,5547,1,occurs_in_speaker_text
4286,5547,1,occurs_in_speaker_text
3739,5547,1,occurs_in_speaker_text
4928,5547,1,occurs_in_speaker_text
2461,5548,8,occurs_in_speaker_text
5025,5548,1,occurs_in_speaker_text
3323,5548,2,occurs_in_speaker_text
162,5548,8,occurs_in_speaker_text
2778,5548,2,occurs_in_speaker_text
2485,5548,4,occurs_in_speaker_text
685,5548,2,occurs_in_speaker_text
2773,5548,1,occurs_in_speaker_text
5045,5548,4,occurs_in_speaker_text
1157,5548,4,occurs_in_speaker_text
811,5548,1,occurs_in_speaker_text
1331,5548,1,occurs_in_speaker_text
4003,5548,1,occurs_in_speaker_text
1859,5549,1,occurs_in_speaker_text
5072,5549,1,occurs_in_speaker_text
1157,5549,1,occurs_in_speaker_text
2271,5549,2,occurs_in_speaker_text
3099,5549,1,occurs_in_speaker_text
619,5549,1,occurs_in_speaker_text
763,5549,1,occurs_in_speaker_text
952,5549,1,occurs_in_speaker_text
3724,5549,3,occurs_in_speaker_text
81,5549,1,occurs_in_speaker_text
2773,5549,2,occurs_in_speaker_text
2485,5549,10,occurs_in_speaker_text
1257,5549,1,occurs_in_speaker_text
4786,5549,1,occurs_in_speaker_text
3635,5549,2,occurs_in_speaker_text
3407,5549,1,occurs_in_speaker_text
1291,5549,1,occurs_in_speaker_text
4011,5549,2,occurs_in_speaker_text
2155,5549,1,occurs_in_speaker_text
139,5549,1,occurs_in_speaker_text
4724,5549,1,occurs_in_speaker_text
1118,5549,1,occurs_in_speaker_text
3324,5549,1,occurs_in_speaker_text
1999,5549,1,occurs_in_speaker_text
2972,5549,1,occurs_in_speaker_text
2976,5550,1,occurs_in_speaker_text
4750,5550,1,occurs_in_speaker_text
1177,5550,1,occurs_in_speaker_text
1144,5550,1,occurs_in_speaker_text
3538,5550,1,occurs_in_speaker_text
4724,5550,6,occurs_in_speaker_text
1431,5550,3,occurs_in_speaker_text
340,5550,1,occurs_in_speaker_text
3148,5550,1,occurs_in_speaker_text
4776,5550,1,occurs_in_speaker_text
1536,5550,1,occurs_in_speaker_text
608,5550,1,occurs_in_speaker_text
2485,5550,4,occurs_in_speaker_text
4003,5550,2,occurs_in_speaker_text
4772,5550,1,occurs_in_speaker_text
586,5550,1,occurs_in_speaker_text
4968,5550,1,occurs_in_speaker_text
4855,5550,1,occurs_in_speaker_text
972,5550,1,occurs_in_speaker_text
1999,5550,1,occurs_in_speaker_text
4878,5550,1,occurs_in_speaker_text
2860,5550,1,occurs_in_speaker_text
4292,5550,1,occurs_in_speaker_text
3664,5550,1,occurs_in_speaker_text
4415,5550,2,occurs_in_speaker_text
3181,5550,1,occurs_in_speaker_text
4815,5550,1,occurs_in_speaker_text
566,5550,1,occurs_in_speaker_text
2226,5550,1,occurs_in_speaker_text
2808,5550,1,occurs_in_speaker_text
2385,5550,1,occurs_in_speaker_text
2629,5550,1,occurs_in_speaker_text
2750,5550,1,occurs_in_speaker_text
1232,5550,1,occurs_in_speaker_text
3596,5550,1,occurs_in_speaker_text
811,5551,4,occurs_in_speaker_text
4552,5551,1,occurs_in_speaker_text
4840,5551,1,occurs_in_speaker_text
2312,5551,1,occurs_in_speaker_text
162,5551,3,occurs_in_speaker_text
4003,5551,3,occurs_in_speaker_text
944,5551,1,occurs_in_speaker_text
3295,5551,1,occurs_in_speaker_text
4648,5551,1,occurs_in_speaker_text
190,5551,1,occurs_in_speaker_text
2983,5551,1,occurs_in_speaker_text
1739,5551,4,occurs_in_speaker_text
1331,5551,1,occurs_in_speaker_text
234,5551,1,occurs_in_speaker_text
3846,5551,1,occurs_in_speaker_text
4729,5551,1,occurs_in_speaker_text
49,5551,1,occurs_in_speaker_text
2785,5551,1,occurs_in_speaker_text
1999,5551,1,occurs_in_speaker_text
584,5551,1,occurs_in_speaker_text
4556,5551,1,occurs_in_speaker_text
3526,5551,2,occurs_in_speaker_text
2331,5551,1,occurs_in_speaker_text
1637,5551,8,occurs_in_speaker_text
1087,5551,1,occurs_in_speaker_text
3148,5551,1,occurs_in_speaker_text
4127,5551,1,occurs_in_speaker_text
1940,5551,1,occurs_in_speaker_text
2679,5551,1,occurs_in_speaker_text
3500,5551,1,occurs_in_speaker_text
2750,5551,1,occurs_in_speaker_text
1232,5551,1,occurs_in_speaker_text
1243,5551,1,occurs_in_speaker_text
4491,5551,1,occurs_in_speaker_text
2485,5551,1,occurs_in_speaker_text
3596,5551,1,occurs_in_speaker_text
2574,5551,1,occurs_in_speaker_text
77,5551,1,occurs_in_speaker_text
1176,5551,1,occurs_in_speaker_text
2910,5552,1,occurs_in_speaker_text
1869,5552,1,occurs_in_speaker_text
2062,5552,1,occurs_in_speaker_text
426,5552,1,occurs_in_speaker_text
4143,5552,1,occurs_in_speaker_text
1687,5552,1,occurs_in_speaker_text
4335,5552,1,occurs_in_speaker_text
3588,5552,3,occurs_in_speaker_text
4811,5552,3,occurs_in_speaker_text
2365,5552,1,occurs_in_speaker_text
1714,5552,1,occurs_in_speaker_text
67,5552,1,occurs_in_speaker_text
3712,5552,1,occurs_in_speaker_text
829,5552,1,occurs_in_speaker_text
959,5552,1,occurs_in_speaker_text
3911,5553,1,occurs_in_speaker_text
4282,5553,2,occurs_in_speaker_text
696,5553,1,occurs_in_speaker_text
566,5553,1,occurs_in_speaker_text
3099,5553,5,occurs_in_speaker_text
3526,5553,5,occurs_in_speaker_text
1199,5553,1,occurs_in_speaker_text
3724,5553,2,occurs_in_speaker_text
2420,5553,1,occurs_in_speaker_text
3814,5553,2,occurs_in_speaker_text
4798,5553,3,occurs_in_speaker_text
4114,5553,1,occurs_in_speaker_text
4019,5553,1,occurs_in_speaker_text
2788,5553,1,occurs_in_speaker_text
2485,5553,1,occurs_in_speaker_text
4112,5553,1,occurs_in_speaker_text
4576,5553,2,occurs_in_speaker_text
3344,5553,1,occurs_in_speaker_text
4353,5553,1,occurs_in_speaker_text
3008,5553,1,occurs_in_speaker_text
2540,5553,2,occurs_in_speaker_text
2546,5553,1,occurs_in_speaker_text
1640,5553,2,occurs_in_speaker_text
2910,5553,3,occurs_in_speaker_text
104,5553,1,occurs_in_speaker_text
3023,5553,1,occurs_in_speaker_text
3005,5553,1,occurs_in_speaker_text
533,5553,2,occurs_in_speaker_text
1999,5553,6,occurs_in_speaker_text
5029,5553,1,occurs_in_speaker_text
3688,5553,1,occurs_in_speaker_text
213,5553,1,occurs_in_speaker_text
2021,5553,1,occurs_in_speaker_text
2256,5553,1,occurs_in_speaker_text
2289,5553,3,occurs_in_speaker_text
3483,5553,1,occurs_in_speaker_text
1687,5553,4,occurs_in_speaker_text
520,5553,1,occurs_in_speaker_text
243,5553,1,occurs_in_speaker_text
1768,5553,5,occurs_in_speaker_text
2342,5553,1,occurs_in_speaker_text
1331,5553,2,occurs_in_speaker_text
863,5553,1,occurs_in_speaker_text
3675,5553,1,occurs_in_speaker_text
507,5553,1,occurs_in_speaker_text
2122,5553,1,occurs_in_speaker_text
4527,5553,1,occurs_in_speaker_text
4280,5553,1,occurs_in_speaker_text
3695,5553,1,occurs_in_speaker_text
2072,5553,2,occurs_in_speaker_text
1459,5553,1,occurs_in_speaker_text
1144,5553,5,occurs_in_speaker_text
870,5553,3,occurs_in_speaker_text
2964,5553,1,occurs_in_speaker_text
4003,5553,4,occurs_in_speaker_text
3577,5553,1,occurs_in_speaker_text
2511,5553,1,occurs_in_speaker_text
2322,5553,1,occurs_in_speaker_text
2627,5553,1,occurs_in_speaker_text
4143,5553,1,occurs_in_speaker_text
1431,5553,1,occurs_in_speaker_text
3031,5553,1,occurs_in_speaker_text
4724,5553,1,occurs_in_speaker_text
1772,5553,1,occurs_in_speaker_text
2559,5553,1,occurs_in_speaker_text
188,5553,7,occurs_in_speaker_text
2701,5553,1,occurs_in_speaker_text
1733,5553,1,occurs_in_speaker_text
1747,5553,2,occurs_in_speaker_text
4106,5553,2,occurs_in_speaker_text
293,5553,1,occurs_in_speaker_text
2025,5553,1,occurs_in_speaker_text
4622,5553,1,occurs_in_speaker_text
1999,5554,19,occurs_in_speaker_text
1509,5554,1,occurs_in_speaker_text
447,5554,1,occurs_in_speaker_text
942,5554,2,occurs_in_speaker_text
507,5554,3,occurs_in_speaker_text
3047,5554,2,occurs_in_speaker_text
3099,5554,3,occurs_in_speaker_text
4003,5554,6,occurs_in_speaker_text
3324,5554,1,occurs_in_speaker_text
1662,5554,1,occurs_in_speaker_text
1144,5554,2,occurs_in_speaker_text
2773,5554,2,occurs_in_speaker_text
4657,5554,1,occurs_in_speaker_text
3323,5554,1,occurs_in_speaker_text
2324,5554,1,occurs_in_speaker_text
2896,5554,1,occurs_in_speaker_text
2804,5554,1,occurs_in_speaker_text
4515,5554,1,occurs_in_speaker_text
2289,5554,1,occurs_in_speaker_text
3107,5554,1,occurs_in_speaker_text
5045,5554,1,occurs_in_speaker_text
1331,5554,1,occurs_in_speaker_text
2233,5554,1,occurs_in_speaker_text
1515,5554,8,occurs_in_speaker_text
3010,5554,2,occurs_in_speaker_text
1431,5554,1,occurs_in_speaker_text
2240,5554,3,occurs_in_speaker_text
555,5554,1,occurs_in_speaker_text
2868,5554,1,occurs_in_speaker_text
4631,5554,1,occurs_in_speaker_text
162,5554,1,occurs_in_speaker_text
2162,5554,1,occurs_in_speaker_text
3111,5554,1,occurs_in_speaker_text
3809,5554,1,occurs_in_speaker_text
2928,5554,2,occurs_in_speaker_text
893,5554,2,occurs_in_speaker_text
1714,5554,1,occurs_in_speaker_text
4194,5554,1,occurs_in_speaker_text
4868,5554,1,occurs_in_speaker_text
4572,5554,1,occurs_in_speaker_text
2750,5554,1,occurs_in_speaker_text
2402,5554,2,occurs_in_speaker_text
4724,5554,1,occurs_in_speaker_text
1702,5554,1,occurs_in_speaker_text
2987,5554,1,occurs_in_speaker_text
2485,5554,2,occurs_in_speaker_text
629,5554,2,occurs_in_speaker_text
1687,5554,1,occurs_in_speaker_text
2155,5554,5,occurs_in_speaker_text
2981,5554,1,occurs_in_speaker_text
4309,5554,2,occurs_in_speaker_text
3911,5554,1,occurs_in_speaker_text
1754,5554,7,occurs_in_speaker_text
2673,5554,2,occurs_in_speaker_text
811,5554,2,occurs_in_speaker_text
4119,5554,2,occurs_in_speaker_text
345,5554,1,occurs_in_speaker_text
1536,5554,2,occurs_in_speaker_text
1243,5554,1,occurs_in_speaker_text
3472,5554,1,occurs_in_speaker_text
2604,5554,2,occurs_in_speaker_text
3951,5554,2,occurs_in_speaker_text
3855,5554,1,occurs_in_speaker_text
2146,5554,1,occurs_in_speaker_text
1640,5554,1,occurs_in_speaker_text
1870,5554,1,occurs_in_speaker_text
4051,5554,1,occurs_in_speaker_text
2193,5554,2,occurs_in_speaker_text
4737,5554,1,occurs_in_speaker_text
4096,5554,1,occurs_in_speaker_text
4353,5554,1,occurs_in_speaker_text
2887,5554,1,occurs_in_speaker_text
81,5554,1,occurs_in_speaker_text
4286,5554,1,occurs_in_speaker_text
2554,5554,1,occurs_in_speaker_text
4094,5554,1,occurs_in_speaker_text
288,5554,1,occurs_in_speaker_text
3131,5554,1,occurs_in_speaker_text
4040,5554,1,occurs_in_speaker_text
4798,5554,1,occurs_in_speaker_text
1517,5554,1,occurs_in_speaker_text
3628,5554,1,occurs_in_speaker_text
1798,5554,1,occurs_in_speaker_text
791,5554,1,occurs_in_speaker_text
745,5554,1,occurs_in_speaker_text
2695,5554,1,occurs_in_speaker_text
3212,5554,1,occurs_in_speaker_text
675,5554,1,occurs_in_speaker_text
3164,5554,1,occurs_in_speaker_text
3631,5554,1,occurs_in_speaker_text
2537,5554,1,occurs_in_speaker_text
376,5554,1,occurs_in_speaker_text
4282,5554,1,occurs_in_speaker_text
4212,5554,1,occurs_in_speaker_text
2992,5554,1,occurs_in_speaker_text
4261,5554,1,occurs_in_speaker_text
676,5554,1,occurs_in_speaker_text
1157,5554,1,occurs_in_speaker_text
3257,5554,1,occurs_in_speaker_text
1030,5554,1,occurs_in_speaker_text
1810,5554,3,occurs_in_speaker_text
4825,5554,3,occurs_in_speaker_text
322,5554,3,occurs_in_speaker_text
1663,5554,1,occurs_in_speaker_text
2467,5554,1,occurs_in_speaker_text
3460,5554,1,occurs_in_speaker_text
4299,5554,1,occurs_in_speaker_text
3135,5554,1,occurs_in_speaker_text
643,5554,1,occurs_in_speaker_text
365,5554,1,occurs_in_speaker_text
234,5554,1,occurs_in_speaker_text
4368,5555,1,occurs_in_speaker_text
4378,5555,1,occurs_in_speaker_text
5043,5555,2,occurs_in_speaker_text
1889,5555,1,occurs_in_speaker_text
4283,5555,1,occurs_in_speaker_text
369,5555,1,occurs_in_speaker_text
498,5555,1,occurs_in_speaker_text
1431,5555,1,occurs_in_speaker_text
162,5555,1,occurs_in_speaker_text
4003,5555,1,occurs_in_speaker_text
4887,5555,12,occurs_in_speaker_text
2485,5555,2,occurs_in_speaker_text
2538,5555,1,occurs_in_speaker_text
2417,5555,1,occurs_in_speaker_text
942,5555,9,occurs_in_speaker_text
303,5555,1,occurs_in_speaker_text
893,5555,1,occurs_in_speaker_text
507,5555,1,occurs_in_speaker_text
627,5555,1,occurs_in_speaker_text
2028,5555,1,occurs_in_speaker_text
1011,5555,1,occurs_in_speaker_text
2097,5555,1,occurs_in_speaker_text
4261,5555,1,occurs_in_speaker_text
2799,5555,1,occurs_in_speaker_text
1954,5555,1,occurs_in_speaker_text
3512,5555,1,occurs_in_speaker_text
4798,5555,1,occurs_in_speaker_text
2766,5555,1,occurs_in_speaker_text
3767,5555,3,occurs_in_speaker_text
629,5555,1,occurs_in_speaker_text
5077,5555,1,occurs_in_speaker_text
1536,5555,1,occurs_in_speaker_text
998,5555,1,occurs_in_speaker_text
1569,5555,1,occurs_in_speaker_text
4576,5555,4,occurs_in_speaker_text
1459,5555,1,occurs_in_speaker_text
308,5555,1,occurs_in_speaker_text
1234,5555,1,occurs_in_speaker_text
2910,5555,2,occurs_in_speaker_text
811,5555,3,occurs_in_speaker_text
3864,5555,1,occurs_in_speaker_text
2648,5555,1,occurs_in_speaker_text
3359,5555,1,occurs_in_speaker_text
2809,5555,1,occurs_in_speaker_text
1725,5555,1,occurs_in_speaker_text
1063,5555,1,occurs_in_speaker_text
4591,5555,1,occurs_in_speaker_text
1520,5556,1,occurs_in_speaker_text
234,5556,1,occurs_in_speaker_text
811,5556,2,occurs_in_speaker_text
1759,5556,1,occurs_in_speaker_text
800,5559,1,occurs_in_speaker_text
3635,5559,3,occurs_in_speaker_text
1714,5559,1,occurs_in_speaker_text
2485,5559,1,occurs_in_speaker_text
1768,5559,1,occurs_in_speaker_text
4398,5559,1,occurs_in_speaker_text
1331,5559,2,occurs_in_speaker_text
5077,5559,1,occurs_in_speaker_text
2079,5559,1,occurs_in_speaker_text
308,5559,1,occurs_in_speaker_text
139,5559,1,occurs_in_speaker_text
1425,5560,6,occurs_in_speaker_text
4955,5560,2,occurs_in_speaker_text
3119,5560,1,occurs_in_speaker_text
3334,5562,1,occurs_in_speaker_text
4398,5562,2,occurs_in_speaker_text
1431,5562,1,occurs_in_speaker_text
2570,5562,2,occurs_in_speaker_text
2485,5562,1,occurs_in_speaker_text
1725,5562,1,occurs_in_speaker_text
3099,5562,1,occurs_in_speaker_text
3545,5562,1,occurs_in_speaker_text
4703,5562,1,occurs_in_speaker_text
2750,5562,2,occurs_in_speaker_text
139,5562,3,occurs_in_speaker_text
1246,5562,1,occurs_in_speaker_text
1637,5562,1,occurs_in_speaker_text
4003,5562,2,occurs_in_speaker_text
3526,5562,2,occurs_in_speaker_text
4724,5562,1,occurs_in_speaker_text
2567,5562,2,occurs_in_speaker_text
2681,5562,1,occurs_in_speaker_text
4143,5562,1,occurs_in_speaker_text
3661,5562,1,occurs_in_speaker_text
443,5562,1,occurs_in_speaker_text
2491,5562,1,occurs_in_speaker_text
4144,5562,1,occurs_in_speaker_text
3526,5563,1,occurs_in_speaker_text
2485,5563,1,occurs_in_speaker_text
1999,5563,1,occurs_in_speaker_text
1678,5563,1,occurs_in_speaker_text
942,5564,4,occurs_in_speaker_text
4051,5564,1,occurs_in_speaker_text
2983,5564,2,occurs_in_speaker_text
1999,5564,1,occurs_in_speaker_text
4128,5564,1,occurs_in_speaker_text
763,5564,1,occurs_in_speaker_text
389,5564,2,occurs_in_speaker_text
1431,5564,1,occurs_in_speaker_text
33,5564,2,occurs_in_speaker_text
586,5564,1,occurs_in_speaker_text
500,5564,1,occurs_in_speaker_text
4261,5564,1,occurs_in_speaker_text
2720,5564,3,occurs_in_speaker_text
156,5564,1,occurs_in_speaker_text
665,5564,1,occurs_in_speaker_text
4003,5564,4,occurs_in_speaker_text
277,5564,1,occurs_in_speaker_text
2110,5564,1,occurs_in_speaker_text
2773,5564,1,occurs_in_speaker_text
2393,5564,1,occurs_in_speaker_text
629,5564,1,occurs_in_speaker_text
1125,5564,1,occurs_in_speaker_text
696,5564,1,occurs_in_speaker_text
3880,5564,1,occurs_in_speaker_text
3943,5564,1,occurs_in_speaker_text
1077,5564,1,occurs_in_speaker_text
3688,5564,1,occurs_in_speaker_text
2058,5564,1,occurs_in_speaker_text
2726,5564,5,occurs_in_speaker_text
4973,5564,1,occurs_in_speaker_text
2629,5564,1,occurs_in_speaker_text
4429,5564,1,occurs_in_speaker_text
4734,5564,1,occurs_in_speaker_text
533,5564,1,occurs_in_speaker_text
365,5564,1,occurs_in_speaker_text
3129,5564,1,occurs_in_speaker_text
4107,5564,1,occurs_in_speaker_text
829,5564,1,occurs_in_speaker_text
659,5565,1,occurs_in_speaker_text
1408,5565,1,occurs_in_speaker_text
3323,5565,1,occurs_in_speaker_text
4457,5565,2,occurs_in_speaker_text
2554,5565,1,occurs_in_speaker_text
2544,5565,1,occurs_in_speaker_text
1536,5565,1,occurs_in_speaker_text
1637,5565,1,occurs_in_speaker_text
1331,5565,1,occurs_in_speaker_text
4878,5565,1,occurs_in_speaker_text
1999,5565,2,occurs_in_speaker_text
2418,5565,1,occurs_in_speaker_text
1232,5565,1,occurs_in_speaker_text
5078,5565,1,occurs_in_speaker_text
3233,5565,1,occurs_in_speaker_text
1139,5565,1,occurs_in_speaker_text
3670,5565,1,occurs_in_speaker_text
2096,5565,1,occurs_in_speaker_text
863,5565,1,occurs_in_speaker_text
1768,5565,1,occurs_in_speaker_text
2132,5565,2,occurs_in_speaker_text
2309,5565,1,occurs_in_speaker_text
4934,5565,1,occurs_in_speaker_text
2485,5566,5,occurs_in_speaker_text
4059,5566,1,occurs_in_speaker_text
308,5566,4,occurs_in_speaker_text
4309,5566,1,occurs_in_speaker_text
2020,5566,1,occurs_in_speaker_text
4006,5566,1,occurs_in_speaker_text
4576,5566,2,occurs_in_speaker_text
4096,5566,1,occurs_in_speaker_text
1536,5566,3,occurs_in_speaker_text
2495,5566,1,occurs_in_speaker_text
1669,5566,1,occurs_in_speaker_text
2089,5566,1,occurs_in_speaker_text
4855,5566,1,occurs_in_speaker_text
3379,5566,1,occurs_in_speaker_text
1758,5566,1,occurs_in_speaker_text
1459,5566,2,occurs_in_speaker_text
2072,5566,1,occurs_in_speaker_text
2632,5566,1,occurs_in_speaker_text
759,5566,3,occurs_in_speaker_text
234,5566,2,occurs_in_speaker_text
4795,5566,2,occurs_in_speaker_text
1994,5566,1,occurs_in_speaker_text
4207,5566,2,occurs_in_speaker_text
1041,5566,2,occurs_in_speaker_text
1676,5566,2,occurs_in_speaker_text
1118,5566,2,occurs_in_speaker_text
3102,5566,1,occurs_in_speaker_text
1460,5566,1,occurs_in_speaker_text
942,5566,5,occurs_in_speaker_text
2868,5566,1,occurs_in_speaker_text
4003,5566,3,occurs_in_speaker_text
4568,5566,2,occurs_in_speaker_text
3496,5566,2,occurs_in_speaker_text
1497,5566,2,occurs_in_speaker_text
3195,5566,1,occurs_in_speaker_text
3303,5566,1,occurs_in_speaker_text
4040,5566,1,occurs_in_speaker_text
2781,5566,1,occurs_in_speaker_text
673,5566,1,occurs_in_speaker_text
511,5566,1,occurs_in_speaker_text
3646,5566,1,occurs_in_speaker_text
2617,5566,1,occurs_in_speaker_text
811,5566,1,occurs_in_speaker_text
2799,5566,1,occurs_in_speaker_text
2538,5566,1,occurs_in_speaker_text
2445,5566,2,occurs_in_speaker_text
3627,5566,3,occurs_in_speaker_text
1324,5566,1,occurs_in_speaker_text
4368,5566,1,occurs_in_speaker_text
3526,5566,3,occurs_in_speaker_text
275,5566,1,occurs_in_speaker_text
507,5566,1,occurs_in_speaker_text
2367,5566,1,occurs_in_speaker_text
99,5566,1,occurs_in_speaker_text
4398,5566,1,occurs_in_speaker_text
2159,5566,1,occurs_in_speaker_text
4567,5566,1,occurs_in_speaker_text
1083,5566,1,occurs_in_speaker_text
2567,5566,1,occurs_in_speaker_text
777,5566,1,occurs_in_speaker_text
2795,5567,2,occurs_in_speaker_text
1999,5567,2,occurs_in_speaker_text
2629,5567,1,occurs_in_speaker_text
5062,5567,1,occurs_in_speaker_text
1778,5567,1,occurs_in_speaker_text
5077,5567,1,occurs_in_speaker_text
1459,5567,1,occurs_in_speaker_text
1744,5567,1,occurs_in_speaker_text
27,5567,1,occurs_in_speaker_text
721,5567,1,occurs_in_speaker_text
6,5567,1,occurs_in_speaker_text
3099,5567,1,occurs_in_speaker_text
2108,5567,1,occurs_in_speaker_text
2458,5567,1,occurs_in_speaker_text
3868,5567,1,occurs_in_speaker_text
1622,5567,1,occurs_in_speaker_text
3625,5568,1,occurs_in_speaker_text
112,5568,1,occurs_in_speaker_text
1488,5568,1,occurs_in_speaker_text
629,5568,2,occurs_in_speaker_text
369,5568,1,occurs_in_speaker_text
676,5568,1,occurs_in_speaker_text
811,5568,1,occurs_in_speaker_text
4576,5568,1,occurs_in_speaker_text
2375,5568,1,occurs_in_speaker_text
2773,5568,1,occurs_in_speaker_text
942,5568,1,occurs_in_speaker_text
4887,5568,1,occurs_in_speaker_text
4286,5568,1,occurs_in_speaker_text
4945,5568,1,occurs_in_speaker_text
4143,5568,1,occurs_in_speaker_text
2789,5568,1,occurs_in_speaker_text
3292,5568,2,occurs_in_speaker_text
1999,5568,1,occurs_in_speaker_text
2628,5568,1,occurs_in_speaker_text
3671,5569,6,occurs_in_speaker_text
2046,5569,55,occurs_in_speaker_text
4078,5569,2,occurs_in_speaker_text
1893,5569,1,occurs_in_speaker_text
1311,5569,14,occurs_in_speaker_text
2584,5569,1,occurs_in_speaker_text
1870,5569,1,occurs_in_speaker_text
4003,5569,6,occurs_in_speaker_text
2322,5569,1,occurs_in_speaker_text
4143,5569,2,occurs_in_speaker_text
3323,5569,1,occurs_in_speaker_text
5045,5569,3,occurs_in_speaker_text
308,5569,2,occurs_in_speaker_text
1904,5569,3,occurs_in_speaker_text
1347,5569,2,occurs_in_speaker_text
1591,5569,1,occurs_in_speaker_text
1677,5569,1,occurs_in_speaker_text
2815,5569,5,occurs_in_speaker_text
2485,5569,1,occurs_in_speaker_text
1249,5569,1,occurs_in_speaker_text
863,5569,1,occurs_in_speaker_text
2910,5569,1,occurs_in_speaker_text
2240,5569,1,occurs_in_speaker_text
4027,5569,1,occurs_in_speaker_text
168,5569,1,occurs_in_speaker_text
1431,5569,1,occurs_in_speaker_text
2761,5569,2,occurs_in_speaker_text
234,5569,1,occurs_in_speaker_text
1859,5569,2,occurs_in_speaker_text
3099,5569,1,occurs_in_speaker_text
4271,5569,1,occurs_in_speaker_text
476,5569,1,occurs_in_speaker_text
1079,5569,1,occurs_in_speaker_text
1747,5569,1,occurs_in_speaker_text
4261,5569,1,occurs_in_speaker_text
3227,5569,1,occurs_in_speaker_text
970,5569,1,occurs_in_speaker_text
139,5569,1,occurs_in_speaker_text
2060,5569,1,occurs_in_speaker_text
3577,5569,1,occurs_in_speaker_text
2074,5569,1,occurs_in_speaker_text
2076,5569,1,occurs_in_speaker_text
3526,5569,1,occurs_in_speaker_text
400,5570,1,occurs_in_speaker_text
1099,5570,1,occurs_in_speaker_text
1957,5570,1,occurs_in_speaker_text
415,5570,3,occurs_in_speaker_text
2699,5570,1,occurs_in_speaker_text
234,5570,1,occurs_in_speaker_text
1859,5570,1,occurs_in_speaker_text
2433,5570,1,occurs_in_speaker_text
4003,5570,2,occurs_in_speaker_text
1974,5570,1,occurs_in_speaker_text
470,5570,2,occurs_in_speaker_text
2567,5570,1,occurs_in_speaker_text
4271,5570,1,occurs_in_speaker_text
2773,5570,2,occurs_in_speaker_text
1243,5570,1,occurs_in_speaker_text
1144,5570,2,occurs_in_speaker_text
212,5570,1,occurs_in_speaker_text
863,5570,1,occurs_in_speaker_text
1748,5570,2,occurs_in_speaker_text
811,5571,1,occurs_in_speaker_text
2538,5571,1,occurs_in_speaker_text
1036,5571,1,occurs_in_speaker_text
2312,5571,1,occurs_in_speaker_text
351,5571,1,occurs_in_speaker_text
4613,5571,1,occurs_in_speaker_text
390,5571,1,occurs_in_speaker_text
2485,5571,1,occurs_in_speaker_text
3672,5572,1,occurs_in_speaker_text
3500,5572,3,occurs_in_speaker_text
4859,5572,8,occurs_in_speaker_text
4048,5572,1,occurs_in_speaker_text
1824,5573,1,occurs_in_speaker_text
82,5573,1,occurs_in_speaker_text
2750,5573,1,occurs_in_speaker_text
1637,5573,1,occurs_in_speaker_text
2963,5573,1,occurs_in_speaker_text
4194,5573,1,occurs_in_speaker_text
3763,5573,1,occurs_in_speaker_text
139,5573,8,occurs_in_speaker_text
4887,5573,1,occurs_in_speaker_text
3910,5573,1,occurs_in_speaker_text
2935,5573,1,occurs_in_speaker_text
3326,5573,1,occurs_in_speaker_text
234,5573,1,occurs_in_speaker_text
2596,5573,1,occurs_in_speaker_text
2312,5573,1,occurs_in_speaker_text
3600,5573,1,occurs_in_speaker_text
308,5574,7,occurs_in_speaker_text
3859,5574,2,occurs_in_speaker_text
4088,5574,2,occurs_in_speaker_text
1778,5574,3,occurs_in_speaker_text
4724,5574,1,occurs_in_speaker_text
1536,5574,5,occurs_in_speaker_text
3666,5574,1,occurs_in_speaker_text
2719,5574,1,occurs_in_speaker_text
1160,5574,3,occurs_in_speaker_text
82,5574,1,occurs_in_speaker_text
2750,5574,1,occurs_in_speaker_text
2485,5574,2,occurs_in_speaker_text
1431,5574,1,occurs_in_speaker_text
4003,5574,3,occurs_in_speaker_text
4794,5574,1,occurs_in_speaker_text
2283,5574,1,occurs_in_speaker_text
3865,5574,3,occurs_in_speaker_text
4878,5574,1,occurs_in_speaker_text
822,5574,1,occurs_in_speaker_text
3323,5574,1,occurs_in_speaker_text
425,5574,1,occurs_in_speaker_text
3057,5574,1,occurs_in_speaker_text
99,5574,1,occurs_in_speaker_text
2574,5574,1,occurs_in_speaker_text
2773,5574,1,occurs_in_speaker_text
817,5574,1,occurs_in_speaker_text
162,5574,1,occurs_in_speaker_text
4398,5574,1,occurs_in_speaker_text
2256,5575,1,occurs_in_speaker_text
1536,5575,1,occurs_in_speaker_text
243,5575,1,occurs_in_speaker_text
50,5575,1,occurs_in_speaker_text
1331,5575,1,occurs_in_speaker_text
2750,5575,1,occurs_in_speaker_text
4671,5575,1,occurs_in_speaker_text
2155,5575,1,occurs_in_speaker_text
3263,5575,1,occurs_in_speaker_text
3390,5575,1,occurs_in_speaker_text
3323,5575,1,occurs_in_speaker_text
2257,5576,1,occurs_in_speaker_text
1331,5576,2,occurs_in_speaker_text
4003,5576,4,occurs_in_speaker_text
2568,5576,1,occurs_in_speaker_text
1203,5576,1,occurs_in_speaker_text
4165,5576,1,occurs_in_speaker_text
3967,5576,1,occurs_in_speaker_text
2941,5576,1,occurs_in_speaker_text
2574,5576,1,occurs_in_speaker_text
3010,5576,1,occurs_in_speaker_text
5045,5576,1,occurs_in_speaker_text
4868,5576,2,occurs_in_speaker_text
2673,5576,1,occurs_in_speaker_text
811,5576,4,occurs_in_speaker_text
2485,5576,1,occurs_in_speaker_text
1144,5576,1,occurs_in_speaker_text
4200,5576,1,occurs_in_speaker_text
1243,5576,1,occurs_in_speaker_text
4424,5576,2,occurs_in_speaker_text
629,5576,2,occurs_in_speaker_text
139,5576,1,occurs_in_speaker_text
3274,5576,1,occurs_in_speaker_text
920,5576,1,occurs_in_speaker_text
33,5576,2,occurs_in_speaker_text
2511,5576,2,occurs_in_speaker_text
419,5576,1,occurs_in_speaker_text
4724,5576,1,occurs_in_speaker_text
2799,5576,4,occurs_in_speaker_text
2041,5576,1,occurs_in_speaker_text
3231,5576,1,occurs_in_speaker_text
507,5576,1,occurs_in_speaker_text
4383,5576,1,occurs_in_speaker_text
3738,5576,1,occurs_in_speaker_text
1028,5577,10,occurs_in_speaker_text
4640,5577,1,occurs_in_speaker_text
4855,5577,1,occurs_in_speaker_text
1331,5577,2,occurs_in_speaker_text
1157,5577,1,occurs_in_speaker_text
2000,5577,1,occurs_in_speaker_text
2485,5577,1,occurs_in_speaker_text
4116,5577,2,occurs_in_speaker_text
4242,5577,2,occurs_in_speaker_text
756,5577,1,occurs_in_speaker_text
4235,5577,1,occurs_in_speaker_text
5076,5578,1,occurs_in_speaker_text
1412,5578,1,occurs_in_speaker_text
1637,5578,1,occurs_in_speaker_text
2660,5578,64,occurs_in_speaker_text
2081,5578,1,occurs_in_speaker_text
1714,5578,1,occurs_in_speaker_text
1470,5578,1,occurs_in_speaker_text
3488,5578,1,occurs_in_speaker_text
2847,5578,2,occurs_in_speaker_text
317,5578,1,occurs_in_speaker_text
104,5579,1,occurs_in_speaker_text
3946,5579,4,occurs_in_speaker_text
2538,5579,1,occurs_in_speaker_text
4999,5579,1,occurs_in_speaker_text
3809,5579,1,occurs_in_speaker_text
354,5579,1,occurs_in_speaker_text
2838,5579,1,occurs_in_speaker_text
308,5579,8,occurs_in_speaker_text
993,5579,1,occurs_in_speaker_text
644,5579,1,occurs_in_speaker_text
4576,5579,13,occurs_in_speaker_text
4604,5579,1,occurs_in_speaker_text
2164,5579,1,occurs_in_speaker_text
1995,5579,1,occurs_in_speaker_text
2155,5579,3,occurs_in_speaker_text
1114,5579,1,occurs_in_speaker_text
3148,5579,2,occurs_in_speaker_text
3712,5579,1,occurs_in_speaker_text
4534,5579,1,occurs_in_speaker_text
2485,5579,10,occurs_in_speaker_text
3010,5579,2,occurs_in_speaker_text
811,5579,5,occurs_in_speaker_text
3938,5579,1,occurs_in_speaker_text
1879,5579,1,occurs_in_speaker_text
1594,5579,1,occurs_in_speaker_text
942,5579,1,occurs_in_speaker_text
1041,5579,1,occurs_in_speaker_text
1431,5579,2,occurs_in_speaker_text
109,5579,1,occurs_in_speaker_text
629,5579,6,occurs_in_speaker_text
4352,5579,1,occurs_in_speaker_text
4488,5579,1,occurs_in_speaker_text
2978,5579,1,occurs_in_speaker_text
3817,5579,1,occurs_in_speaker_text
4003,5579,4,occurs_in_speaker_text
1677,5579,1,occurs_in_speaker_text
4309,5579,1,occurs_in_speaker_text
893,5579,1,occurs_in_speaker_text
2369,5579,1,occurs_in_speaker_text
74,5579,1,occurs_in_speaker_text
507,5579,1,occurs_in_speaker_text
1536,5579,3,occurs_in_speaker_text
2170,5579,1,occurs_in_speaker_text
4368,5579,3,occurs_in_speaker_text
460,5579,1,occurs_in_speaker_text
103,5579,2,occurs_in_speaker_text
2554,5579,2,occurs_in_speaker_text
1331,5579,2,occurs_in_speaker_text
4097,5579,1,occurs_in_speaker_text
352,5579,1,occurs_in_speaker_text
3090,5579,1,occurs_in_speaker_text
787,5579,1,occurs_in_speaker_text
4588,5579,1,occurs_in_speaker_text
1899,5579,1,occurs_in_speaker_text
1675,5579,1,occurs_in_speaker_text
2111,5579,1,occurs_in_speaker_text
1637,5579,1,occurs_in_speaker_text
2365,5579,1,occurs_in_speaker_text
2712,5579,3,occurs_in_speaker_text
243,5579,1,occurs_in_speaker_text
5085,5579,1,occurs_in_speaker_text
3273,5579,1,occurs_in_speaker_text
3121,5579,1,occurs_in_speaker_text
3526,5579,2,occurs_in_speaker_text
505,5579,1,occurs_in_speaker_text
1972,5579,2,occurs_in_speaker_text
2009,5579,1,occurs_in_speaker_text
4119,5579,2,occurs_in_speaker_text
4887,5579,1,occurs_in_speaker_text
4040,5579,5,occurs_in_speaker_text
775,5579,2,occurs_in_speaker_text
3639,5579,1,occurs_in_speaker_text
1144,5579,1,occurs_in_speaker_text
3150,5579,1,occurs_in_speaker_text
4103,5579,1,occurs_in_speaker_text
3851,5579,1,occurs_in_speaker_text
3857,5579,1,occurs_in_speaker_text
1062,5579,1,occurs_in_speaker_text
1106,5579,4,occurs_in_speaker_text
3635,5579,3,occurs_in_speaker_text
791,5579,1,occurs_in_speaker_text
4373,5579,1,occurs_in_speaker_text
2488,5579,1,occurs_in_speaker_text
192,5579,1,occurs_in_speaker_text
4057,5579,1,occurs_in_speaker_text
1631,5579,1,occurs_in_speaker_text
3577,5579,1,occurs_in_speaker_text
46,5579,1,occurs_in_speaker_text
3724,5579,1,occurs_in_speaker_text
4509,5579,2,occurs_in_speaker_text
1346,5579,1,occurs_in_speaker_text
2146,5579,2,occurs_in_speaker_text
1821,5579,1,occurs_in_speaker_text
3035,5579,1,occurs_in_speaker_text
809,5579,1,occurs_in_speaker_text
2870,5579,2,occurs_in_speaker_text
4271,5579,1,occurs_in_speaker_text
4391,5579,1,occurs_in_speaker_text
407,5579,1,occurs_in_speaker_text
2589,5579,1,occurs_in_speaker_text
545,5579,1,occurs_in_speaker_text
4308,5579,1,occurs_in_speaker_text
4722,5579,3,occurs_in_speaker_text
771,5579,1,occurs_in_speaker_text
1207,5579,1,occurs_in_speaker_text
2750,5579,1,occurs_in_speaker_text
2804,5579,1,occurs_in_speaker_text
3446,5579,2,occurs_in_speaker_text
1831,5579,1,occurs_in_speaker_text
80,5579,3,occurs_in_speaker_text
3950,5580,1,occurs_in_speaker_text
632,5580,5,occurs_in_speaker_text
1999,5580,3,occurs_in_speaker_text
586,5580,1,occurs_in_speaker_text
4398,5580,1,occurs_in_speaker_text
3642,5580,1,occurs_in_speaker_text
2485,5580,3,occurs_in_speaker_text
4576,5580,3,occurs_in_speaker_text
4382,5580,3,occurs_in_speaker_text
222,5580,1,occurs_in_speaker_text
275,5580,1,occurs_in_speaker_text
2410,5580,1,occurs_in_speaker_text
3555,5580,1,occurs_in_speaker_text
4286,5580,1,occurs_in_speaker_text
3392,5580,1,occurs_in_speaker_text
3060,5580,1,occurs_in_speaker_text
2406,5580,1,occurs_in_speaker_text
1954,5580,1,occurs_in_speaker_text
2155,5580,1,occurs_in_speaker_text
1232,5580,1,occurs_in_speaker_text
369,5580,1,occurs_in_speaker_text
4228,5580,1,occurs_in_speaker_text
1577,5580,1,occurs_in_speaker_text
283,5581,1,occurs_in_speaker_text
139,5581,3,occurs_in_speaker_text
3828,5581,2,occurs_in_speaker_text
3538,5581,1,occurs_in_speaker_text
3606,5581,1,occurs_in_speaker_text
3099,5581,2,occurs_in_speaker_text
1584,5581,2,occurs_in_speaker_text
4354,5581,1,occurs_in_speaker_text
3526,5581,1,occurs_in_speaker_text
4119,5581,1,occurs_in_speaker_text
3724,5581,1,occurs_in_speaker_text
4143,5581,1,occurs_in_speaker_text
4184,5581,1,occurs_in_speaker_text
2539,5581,1,occurs_in_speaker_text
1144,5581,2,occurs_in_speaker_text
3712,5582,1,occurs_in_speaker_text
234,5582,1,occurs_in_speaker_text
1637,5582,2,occurs_in_speaker_text
4267,5582,1,occurs_in_speaker_text
5089,5582,3,occurs_in_speaker_text
2622,5582,1,occurs_in_speaker_text
3654,5582,1,occurs_in_speaker_text
2965,5582,1,occurs_in_speaker_text
2062,5582,1,occurs_in_speaker_text
2766,5582,1,occurs_in_speaker_text
3099,5582,2,occurs_in_speaker_text
4040,5582,5,occurs_in_speaker_text
2988,5582,1,occurs_in_speaker_text
1298,5582,1,occurs_in_speaker_text
4003,5582,1,occurs_in_speaker_text
245,5583,4,occurs_in_speaker_text
2485,5583,6,occurs_in_speaker_text
2968,5583,1,occurs_in_speaker_text
4003,5583,1,occurs_in_speaker_text
308,5583,1,occurs_in_speaker_text
436,5583,1,occurs_in_speaker_text
2728,5583,1,occurs_in_speaker_text
3642,5583,1,occurs_in_speaker_text
583,5583,1,occurs_in_speaker_text
565,5583,1,occurs_in_speaker_text
3099,5583,1,occurs_in_speaker_text
3094,5583,1,occurs_in_speaker_text
2554,5583,1,occurs_in_speaker_text
4127,5583,1,occurs_in_speaker_text
4576,5583,1,occurs_in_speaker_text
1232,5584,1,occurs_in_speaker_text
1687,5584,1,occurs_in_speaker_text
4134,5584,2,occurs_in_speaker_text
4798,5584,1,occurs_in_speaker_text
4119,5584,2,occurs_in_speaker_text
2485,5584,1,occurs_in_speaker_text
4878,5584,1,occurs_in_speaker_text
2819,5584,1,occurs_in_speaker_text
139,5584,1,occurs_in_speaker_text
2079,5584,1,occurs_in_speaker_text
2972,5585,1,occurs_in_speaker_text
3054,5585,1,occurs_in_speaker_text
572,5586,1,occurs_in_speaker_text
1331,5586,1,occurs_in_speaker_text
1459,5587,1,occurs_in_speaker_text
4657,5587,1,occurs_in_speaker_text
2795,5587,1,occurs_in_speaker_text
2485,5587,2,occurs_in_speaker_text
1431,5587,1,occurs_in_speaker_text
4368,5587,1,occurs_in_speaker_text
3688,5587,3,occurs_in_speaker_text
2020,5587,1,occurs_in_speaker_text
893,5587,1,occurs_in_speaker_text
2870,5587,1,occurs_in_speaker_text
4271,5587,1,occurs_in_speaker_text
2177,5587,1,occurs_in_speaker_text
957,5587,1,occurs_in_speaker_text
3285,5588,1,occurs_in_speaker_text
1431,5588,6,occurs_in_speaker_text
4398,5588,2,occurs_in_speaker_text
2660,5588,2,occurs_in_speaker_text
275,5588,1,occurs_in_speaker_text
2485,5588,4,occurs_in_speaker_text
1331,5588,9,occurs_in_speaker_text
2910,5588,2,occurs_in_speaker_text
4144,5588,3,occurs_in_speaker_text
3111,5588,1,occurs_in_speaker_text
1640,5588,1,occurs_in_speaker_text
1280,5588,1,occurs_in_speaker_text
1613,5588,1,occurs_in_speaker_text
645,5588,1,occurs_in_speaker_text
3720,5588,1,occurs_in_speaker_text
334,5588,2,occurs_in_speaker_text
1637,5588,2,occurs_in_speaker_text
1999,5588,5,occurs_in_speaker_text
4576,5588,4,occurs_in_speaker_text
4519,5588,1,occurs_in_speaker_text
2983,5588,4,occurs_in_speaker_text
2462,5588,1,occurs_in_speaker_text
5077,5588,3,occurs_in_speaker_text
2289,5588,1,occurs_in_speaker_text
4286,5588,2,occurs_in_speaker_text
4261,5588,2,occurs_in_speaker_text
3150,5588,1,occurs_in_speaker_text
4062,5588,1,occurs_in_speaker_text
2750,5588,1,occurs_in_speaker_text
4003,5588,23,occurs_in_speaker_text
3107,5588,3,occurs_in_speaker_text
2795,5588,1,occurs_in_speaker_text
4229,5588,6,occurs_in_speaker_text
811,5588,1,occurs_in_speaker_text
3292,5588,1,occurs_in_speaker_text
1798,5588,1,occurs_in_speaker_text
2240,5588,3,occurs_in_speaker_text
2773,5588,3,occurs_in_speaker_text
4282,5588,1,occurs_in_speaker_text
3786,5588,1,occurs_in_speaker_text
4386,5588,1,occurs_in_speaker_text
1643,5588,3,occurs_in_speaker_text
1118,5588,2,occurs_in_speaker_text
3235,5588,1,occurs_in_speaker_text
4481,5588,1,occurs_in_speaker_text
1270,5588,1,occurs_in_speaker_text
586,5588,2,occurs_in_speaker_text
24,5588,1,occurs_in_speaker_text
306,5588,1,occurs_in_speaker_text
243,5588,1,occurs_in_speaker_text
2155,5588,1,occurs_in_speaker_text
942,5588,3,occurs_in_speaker_text
1024,5588,1,occurs_in_speaker_text
965,5588,1,occurs_in_speaker_text
1687,5588,3,occurs_in_speaker_text
1232,5588,1,occurs_in_speaker_text
2445,5588,1,occurs_in_speaker_text
2747,5588,1,occurs_in_speaker_text
4945,5588,1,occurs_in_speaker_text
4039,5588,1,occurs_in_speaker_text
1854,5588,1,occurs_in_speaker_text
3635,5588,1,occurs_in_speaker_text
4569,5588,1,occurs_in_speaker_text
4368,5588,2,occurs_in_speaker_text
2201,5588,1,occurs_in_speaker_text
1954,5588,1,occurs_in_speaker_text
2554,5588,1,occurs_in_speaker_text
884,5588,1,occurs_in_speaker_text
1747,5588,1,occurs_in_speaker_text
2629,5588,4,occurs_in_speaker_text
4119,5588,1,occurs_in_speaker_text
99,5588,1,occurs_in_speaker_text
2574,5588,1,occurs_in_speaker_text
4798,5588,3,occurs_in_speaker_text
4071,5588,1,occurs_in_speaker_text
2122,5588,1,occurs_in_speaker_text
3562,5588,1,occurs_in_speaker_text
3114,5588,1,occurs_in_speaker_text
4292,5588,1,occurs_in_speaker_text
400,5588,1,occurs_in_speaker_text
3278,5588,1,occurs_in_speaker_text
4887,5588,1,occurs_in_speaker_text
1584,5588,1,occurs_in_speaker_text
3177,5588,1,occurs_in_speaker_text
4209,5588,1,occurs_in_speaker_text
3526,5588,1,occurs_in_speaker_text
4228,5588,1,occurs_in_speaker_text
3354,5588,1,occurs_in_speaker_text
222,5588,1,occurs_in_speaker_text
3526,5589,2,occurs_in_speaker_text
4724,5589,1,occurs_in_speaker_text
2485,5589,4,occurs_in_speaker_text
4006,5589,1,occurs_in_speaker_text
1710,5589,1,occurs_in_speaker_text
3196,5589,1,occurs_in_speaker_text
816,5589,1,occurs_in_speaker_text
551,5589,1,occurs_in_speaker_text
2910,5589,1,occurs_in_speaker_text
4271,5589,1,occurs_in_speaker_text
3635,5590,3,occurs_in_speaker_text
3760,5590,2,occurs_in_speaker_text
2538,5590,1,occurs_in_speaker_text
2485,5590,3,occurs_in_speaker_text
507,5590,1,occurs_in_speaker_text
4398,5590,2,occurs_in_speaker_text
2910,5590,2,occurs_in_speaker_text
2778,5590,2,occurs_in_speaker_text
2445,5590,2,occurs_in_speaker_text
1318,5590,3,occurs_in_speaker_text
629,5590,2,occurs_in_speaker_text
2439,5590,1,occurs_in_speaker_text
3974,5590,1,occurs_in_speaker_text
308,5590,3,occurs_in_speaker_text
4018,5590,1,occurs_in_speaker_text
138,5590,1,occurs_in_speaker_text
3912,5590,1,occurs_in_speaker_text
1803,5590,1,occurs_in_speaker_text
3107,5590,2,occurs_in_speaker_text
4056,5590,1,occurs_in_speaker_text
3624,5590,1,occurs_in_speaker_text
1431,5590,1,occurs_in_speaker_text
3004,5590,1,occurs_in_speaker_text
4052,5590,5,occurs_in_speaker_text
5029,5590,1,occurs_in_speaker_text
512,5590,1,occurs_in_speaker_text
4209,5590,1,occurs_in_speaker_text
427,5590,1,occurs_in_speaker_text
3134,5590,1,occurs_in_speaker_text
4003,5590,1,occurs_in_speaker_text
1536,5590,1,occurs_in_speaker_text
622,5590,1,occurs_in_speaker_text
1041,5590,5,occurs_in_speaker_text
2065,5590,1,occurs_in_speaker_text
3849,5590,1,occurs_in_speaker_text
1754,5590,2,occurs_in_speaker_text
4743,5590,1,occurs_in_speaker_text
1232,5591,1,occurs_in_speaker_text
5043,5591,1,occurs_in_speaker_text
1695,5591,2,occurs_in_speaker_text
1436,5591,1,occurs_in_speaker_text
2778,5591,2,occurs_in_speaker_text
4003,5591,1,occurs_in_speaker_text
2043,5591,1,occurs_in_speaker_text
2538,5591,1,occurs_in_speaker_text
3812,5591,1,occurs_in_speaker_text
1144,5591,1,occurs_in_speaker_text
920,5591,1,occurs_in_speaker_text
4269,5591,1,occurs_in_speaker_text
3083,5591,2,occurs_in_speaker_text
3864,5591,1,occurs_in_speaker_text
970,5591,1,occurs_in_speaker_text
2307,5591,1,occurs_in_speaker_text
4576,5591,1,occurs_in_speaker_text
2914,5591,1,occurs_in_speaker_text
4358,5592,1,occurs_in_speaker_text
5045,5592,2,occurs_in_speaker_text
3446,5592,1,occurs_in_speaker_text
2624,5592,1,occurs_in_speaker_text
2795,5592,1,occurs_in_speaker_text
4802,5592,1,occurs_in_speaker_text
350,5592,5,occurs_in_speaker_text
3416,5592,1,occurs_in_speaker_text
1085,5592,2,occurs_in_speaker_text
3099,5592,6,occurs_in_speaker_text
4415,5592,1,occurs_in_speaker_text
3272,5592,1,occurs_in_speaker_text
863,5592,1,occurs_in_speaker_text
3526,5592,1,occurs_in_speaker_text
5078,5592,1,occurs_in_speaker_text
1331,5592,1,occurs_in_speaker_text
1999,5592,1,occurs_in_speaker_text
2233,5592,2,occurs_in_speaker_text
4398,5592,1,occurs_in_speaker_text
3562,5592,1,occurs_in_speaker_text
4901,5592,1,occurs_in_speaker_text
2365,5592,1,occurs_in_speaker_text
1846,5592,1,occurs_in_speaker_text
1391,5592,1,occurs_in_speaker_text
4373,5592,1,occurs_in_speaker_text
222,5592,1,occurs_in_speaker_text
2910,5592,1,occurs_in_speaker_text
104,5592,1,occurs_in_speaker_text
927,5592,1,occurs_in_speaker_text
1870,5592,1,occurs_in_speaker_text
4724,5592,1,occurs_in_speaker_text
1509,5592,1,occurs_in_speaker_text
3758,5592,1,occurs_in_speaker_text
2795,5593,25,occurs_in_speaker_text
740,5593,2,occurs_in_speaker_text
3812,5593,1,occurs_in_speaker_text
3601,5593,1,occurs_in_speaker_text
2910,5593,2,occurs_in_speaker_text
2181,5593,1,occurs_in_speaker_text
3826,5593,1,occurs_in_speaker_text
344,5593,1,occurs_in_speaker_text
3283,5593,1,occurs_in_speaker_text
4352,5594,2,occurs_in_speaker_text
1759,5594,1,occurs_in_speaker_text
1431,5594,2,occurs_in_speaker_text
1536,5595,1,occurs_in_speaker_text
5043,5595,1,occurs_in_speaker_text
2750,5595,3,occurs_in_speaker_text
1331,5595,2,occurs_in_speaker_text
1999,5595,1,occurs_in_speaker_text
4887,5595,1,occurs_in_speaker_text
2750,5596,1,occurs_in_speaker_text
935,5596,1,occurs_in_speaker_text
2758,5596,1,occurs_in_speaker_text
2082,5596,1,occurs_in_speaker_text
817,5596,1,occurs_in_speaker_text
4775,5596,1,occurs_in_speaker_text
1687,5596,1,occurs_in_speaker_text
1540,5596,1,occurs_in_speaker_text
4353,5596,1,occurs_in_speaker_text
3107,5596,1,occurs_in_speaker_text
4622,5596,2,occurs_in_speaker_text
1232,5597,1,occurs_in_speaker_text
4878,5597,1,occurs_in_speaker_text
4003,5597,1,occurs_in_speaker_text
2154,5597,1,occurs_in_speaker_text
3635,5597,3,occurs_in_speaker_text
139,5597,1,occurs_in_speaker_text
1899,5597,1,occurs_in_speaker_text
3625,5597,1,occurs_in_speaker_text
4993,5597,1,occurs_in_speaker_text
28,5597,1,occurs_in_speaker_text
2629,5597,2,occurs_in_speaker_text
4627,5598,1,occurs_in_speaker_text
1451,5598,1,occurs_in_speaker_text
4168,5599,1,occurs_in_speaker_text
1818,5599,1,occurs_in_speaker_text
1999,5599,5,occurs_in_speaker_text
2795,5599,11,occurs_in_speaker_text
4798,5599,1,occurs_in_speaker_text
3505,5599,1,occurs_in_speaker_text
2289,5599,1,occurs_in_speaker_text
523,5599,1,occurs_in_speaker_text
5045,5599,1,occurs_in_speaker_text
4398,5599,2,occurs_in_speaker_text
2910,5599,2,occurs_in_speaker_text
2099,5599,1,occurs_in_speaker_text
2312,5599,1,occurs_in_speaker_text
1536,5599,1,occurs_in_speaker_text
2629,5599,2,occurs_in_speaker_text
1384,5600,2,occurs_in_speaker_text
3892,5600,1,occurs_in_speaker_text
2554,5600,3,occurs_in_speaker_text
3850,5600,1,occurs_in_speaker_text
2935,5600,4,occurs_in_speaker_text
2910,5600,1,occurs_in_speaker_text
46,5600,1,occurs_in_speaker_text
389,5600,1,occurs_in_speaker_text
3907,5600,1,occurs_in_speaker_text
879,5600,1,occurs_in_speaker_text
2367,5600,1,occurs_in_speaker_text
2750,5600,1,occurs_in_speaker_text
1565,5600,1,occurs_in_speaker_text
4119,5600,1,occurs_in_speaker_text
4398,5600,3,occurs_in_speaker_text
740,5600,1,occurs_in_speaker_text
1768,5600,1,occurs_in_speaker_text
1695,5601,3,occurs_in_speaker_text
2072,5601,1,occurs_in_speaker_text
4622,5601,1,occurs_in_speaker_text
4528,5601,2,occurs_in_speaker_text
4724,5601,4,occurs_in_speaker_text
4800,5601,1,occurs_in_speaker_text
2803,5602,1,occurs_in_speaker_text
629,5602,2,occurs_in_speaker_text
3178,5602,1,occurs_in_speaker_text
407,5602,1,occurs_in_speaker_text
2629,5602,1,occurs_in_speaker_text
1725,5602,4,occurs_in_speaker_text
146,5602,1,occurs_in_speaker_text
2860,5602,1,occurs_in_speaker_text
1431,5602,2,occurs_in_speaker_text
4003,5602,1,occurs_in_speaker_text
1025,5602,12,occurs_in_speaker_text
4354,5602,1,occurs_in_speaker_text
811,5602,2,occurs_in_speaker_text
2809,5602,1,occurs_in_speaker_text
4125,5602,1,occurs_in_speaker_text
2518,5602,1,occurs_in_speaker_text
4765,5602,1,occurs_in_speaker_text
1789,5602,1,occurs_in_speaker_text
4572,5602,2,occurs_in_speaker_text
1849,5602,3,occurs_in_speaker_text
4375,5602,1,occurs_in_speaker_text
777,5602,1,occurs_in_speaker_text
4974,5602,1,occurs_in_speaker_text
550,5603,1,occurs_in_speaker_text
139,5603,2,occurs_in_speaker_text
2485,5603,1,occurs_in_speaker_text
3842,5603,1,occurs_in_speaker_text
3339,5603,1,occurs_in_speaker_text
2505,5603,1,occurs_in_speaker_text
1894,5603,1,occurs_in_speaker_text
2773,5604,2,occurs_in_speaker_text
3463,5604,2,occurs_in_speaker_text
4368,5604,1,occurs_in_speaker_text
1714,5604,23,occurs_in_speaker_text
3148,5604,2,occurs_in_speaker_text
4299,5604,4,occurs_in_speaker_text
2554,5604,1,occurs_in_speaker_text
25,5604,1,occurs_in_speaker_text
3577,5604,1,occurs_in_speaker_text
1536,5604,1,occurs_in_speaker_text
3562,5604,1,occurs_in_speaker_text
308,5604,3,occurs_in_speaker_text
1817,5604,1,occurs_in_speaker_text
2387,5604,1,occurs_in_speaker_text
4395,5604,1,occurs_in_speaker_text
234,5604,2,occurs_in_speaker_text
3801,5604,1,occurs_in_speaker_text
1637,5604,3,occurs_in_speaker_text
3010,5604,1,occurs_in_speaker_text
4167,5604,1,occurs_in_speaker_text
3523,5604,1,occurs_in_speaker_text
1629,5604,1,occurs_in_speaker_text
1157,5604,3,occurs_in_speaker_text
2112,5604,4,occurs_in_speaker_text
2899,5604,2,occurs_in_speaker_text
4682,5604,2,occurs_in_speaker_text
507,5604,1,occurs_in_speaker_text
893,5604,1,occurs_in_speaker_text
182,5604,1,occurs_in_speaker_text
4868,5604,1,occurs_in_speaker_text
4724,5604,1,occurs_in_speaker_text
3289,5604,1,occurs_in_speaker_text
3473,5604,1,occurs_in_speaker_text
2331,5604,11,occurs_in_speaker_text
2629,5604,1,occurs_in_speaker_text
4378,5604,1,occurs_in_speaker_text
3220,5604,1,occurs_in_speaker_text
2972,5604,1,occurs_in_speaker_text
3780,5604,2,occurs_in_speaker_text
1471,5604,1,occurs_in_speaker_text
4096,5605,1,occurs_in_speaker_text
2896,5605,1,occurs_in_speaker_text
3292,5605,3,occurs_in_speaker_text
3012,5605,4,occurs_in_speaker_text
1232,5605,1,occurs_in_speaker_text
4849,5605,1,occurs_in_speaker_text
1040,5605,1,occurs_in_speaker_text
1536,5605,3,occurs_in_speaker_text
1739,5605,2,occurs_in_speaker_text
1725,5605,3,occurs_in_speaker_text
1114,5605,5,occurs_in_speaker_text
4965,5605,1,occurs_in_speaker_text
3708,5605,9,occurs_in_speaker_text
2461,5605,1,occurs_in_speaker_text
389,5605,1,occurs_in_speaker_text
4556,5605,1,occurs_in_speaker_text
2425,5605,2,occurs_in_speaker_text
930,5605,2,occurs_in_speaker_text
2312,5605,3,occurs_in_speaker_text
2750,5605,1,occurs_in_speaker_text
2289,5605,1,occurs_in_speaker_text
942,5605,1,occurs_in_speaker_text
4859,5605,1,occurs_in_speaker_text
4353,5605,2,occurs_in_speaker_text
103,5605,1,occurs_in_speaker_text
811,5605,1,occurs_in_speaker_text
3933,5605,1,occurs_in_speaker_text
1798,5606,2,occurs_in_speaker_text
1759,5606,1,occurs_in_speaker_text
3230,5606,1,occurs_in_speaker_text
4576,5606,3,occurs_in_speaker_text
2485,5606,9,occurs_in_speaker_text
3095,5606,1,occurs_in_speaker_text
3255,5606,1,occurs_in_speaker_text
2105,5606,4,occurs_in_speaker_text
3330,5606,1,occurs_in_speaker_text
4143,5606,1,occurs_in_speaker_text
4113,5606,8,occurs_in_speaker_text
629,5606,5,occurs_in_speaker_text
1999,5606,10,occurs_in_speaker_text
4426,5606,1,occurs_in_speaker_text
4442,5606,1,occurs_in_speaker_text
5045,5606,1,occurs_in_speaker_text
786,5606,2,occurs_in_speaker_text
234,5606,1,occurs_in_speaker_text
1277,5606,1,occurs_in_speaker_text
4415,5606,1,occurs_in_speaker_text
2567,5606,4,occurs_in_speaker_text
4855,5606,1,occurs_in_speaker_text
1431,5606,1,occurs_in_speaker_text
2566,5606,2,occurs_in_speaker_text
2914,5606,6,occurs_in_speaker_text
968,5606,1,occurs_in_speaker_text
11,5606,1,occurs_in_speaker_text
1536,5606,1,occurs_in_speaker_text
4271,5606,1,occurs_in_speaker_text
3568,5606,2,occurs_in_speaker_text
2939,5606,4,occurs_in_speaker_text
3500,5606,19,occurs_in_speaker_text
4758,5606,1,occurs_in_speaker_text
2574,5606,2,occurs_in_speaker_text
33,5606,2,occurs_in_speaker_text
948,5606,1,occurs_in_speaker_text
3504,5606,1,occurs_in_speaker_text
2766,5606,1,occurs_in_speaker_text
2883,5606,1,occurs_in_speaker_text
2910,5606,2,occurs_in_speaker_text
3367,5606,1,occurs_in_speaker_text
471,5606,1,occurs_in_speaker_text
4496,5606,1,occurs_in_speaker_text
606,5606,1,occurs_in_speaker_text
4003,5606,2,occurs_in_speaker_text
646,5606,1,occurs_in_speaker_text
4724,5606,1,occurs_in_speaker_text
3366,5606,1,occurs_in_speaker_text
1464,5606,1,occurs_in_speaker_text
716,5606,1,occurs_in_speaker_text
3904,5607,1,occurs_in_speaker_text
942,5607,1,occurs_in_speaker_text
1408,5607,1,occurs_in_speaker_text
2511,5607,1,occurs_in_speaker_text
1331,5607,1,occurs_in_speaker_text
4131,5607,1,occurs_in_speaker_text
914,5607,1,occurs_in_speaker_text
3260,5607,1,occurs_in_speaker_text
1876,5607,1,occurs_in_speaker_text
389,5607,1,occurs_in_speaker_text
2635,5607,1,occurs_in_speaker_text
2070,5607,1,occurs_in_speaker_text
2743,5607,1,occurs_in_speaker_text
1141,5607,1,occurs_in_speaker_text
1714,5607,1,occurs_in_speaker_text
811,5607,1,occurs_in_speaker_text
629,5607,2,occurs_in_speaker_text
4325,5607,1,occurs_in_speaker_text
2485,5607,1,occurs_in_speaker_text
4003,5607,1,occurs_in_speaker_text
4878,5607,1,occurs_in_speaker_text
1999,5607,2,occurs_in_speaker_text
3323,5607,1,occurs_in_speaker_text
3610,5607,1,occurs_in_speaker_text
3048,5607,2,occurs_in_speaker_text
4194,5607,1,occurs_in_speaker_text
3032,5607,1,occurs_in_speaker_text
1824,5607,1,occurs_in_speaker_text
1041,5607,1,occurs_in_speaker_text
1449,5607,1,occurs_in_speaker_text
3920,5607,1,occurs_in_speaker_text
1386,5607,1,occurs_in_speaker_text
4286,5607,1,occurs_in_speaker_text
836,5607,1,occurs_in_speaker_text
4270,5607,1,occurs_in_speaker_text
4868,5607,1,occurs_in_speaker_text
4572,5607,1,occurs_in_speaker_text
2184,5607,1,occurs_in_speaker_text
2761,5607,1,occurs_in_speaker_text
3371,5607,1,occurs_in_speaker_text
3688,5607,1,occurs_in_speaker_text
1079,5607,1,occurs_in_speaker_text
3150,5607,1,occurs_in_speaker_text
2629,5607,1,occurs_in_speaker_text
4724,5607,1,occurs_in_speaker_text
629,5608,2,occurs_in_speaker_text
4887,5608,1,occurs_in_speaker_text
2660,5608,2,occurs_in_speaker_text
1331,5608,1,occurs_in_speaker_text
1169,5608,1,occurs_in_speaker_text
1640,5608,1,occurs_in_speaker_text
4624,5608,3,occurs_in_speaker_text
4119,5608,1,occurs_in_speaker_text
4003,5608,3,occurs_in_speaker_text
4576,5608,4,occurs_in_speaker_text
3012,5608,1,occurs_in_speaker_text
2274,5608,1,occurs_in_speaker_text
2079,5608,1,occurs_in_speaker_text
3708,5608,1,occurs_in_speaker_text
4852,5608,1,occurs_in_speaker_text
1725,5608,1,occurs_in_speaker_text
1974,5609,1,occurs_in_speaker_text
4251,5609,1,occurs_in_speaker_text
113,5609,1,occurs_in_speaker_text
4495,5609,1,occurs_in_speaker_text
384,5609,1,occurs_in_speaker_text
1114,5609,1,occurs_in_speaker_text
4771,5609,1,occurs_in_speaker_text
2558,5609,1,occurs_in_speaker_text
3107,5609,1,occurs_in_speaker_text
676,5609,1,occurs_in_speaker_text
292,5609,1,occurs_in_speaker_text
3327,5609,1,occurs_in_speaker_text
1687,5609,3,occurs_in_speaker_text
2674,5609,1,occurs_in_speaker_text
1331,5609,5,occurs_in_speaker_text
3323,5609,4,occurs_in_speaker_text
1182,5609,5,occurs_in_speaker_text
811,5609,1,occurs_in_speaker_text
800,5609,1,occurs_in_speaker_text
3981,5609,1,occurs_in_speaker_text
1384,5609,1,occurs_in_speaker_text
2035,5609,1,occurs_in_speaker_text
3557,5609,1,occurs_in_speaker_text
4368,5609,1,occurs_in_speaker_text
4261,5609,1,occurs_in_speaker_text
1640,5609,1,occurs_in_speaker_text
2052,5609,1,occurs_in_speaker_text
1408,5609,1,occurs_in_speaker_text
143,5609,1,occurs_in_speaker_text
4366,5609,1,occurs_in_speaker_text
4358,5609,1,occurs_in_speaker_text
2289,5609,1,occurs_in_speaker_text
243,5609,1,occurs_in_speaker_text
867,5609,1,occurs_in_speaker_text
4576,5609,2,occurs_in_speaker_text
2632,5609,1,occurs_in_speaker_text
3471,5609,1,occurs_in_speaker_text
1549,5609,1,occurs_in_speaker_text
2162,5609,1,occurs_in_speaker_text
3005,5609,1,occurs_in_speaker_text
3505,5609,1,occurs_in_speaker_text
3635,5609,1,occurs_in_speaker_text
1029,5609,1,occurs_in_speaker_text
4819,5609,1,occurs_in_speaker_text
3055,5609,1,occurs_in_speaker_text
3642,5609,1,occurs_in_speaker_text
2240,5609,1,occurs_in_speaker_text
655,5609,1,occurs_in_speaker_text
4003,5609,1,occurs_in_speaker_text
2485,5609,1,occurs_in_speaker_text
1768,5610,1,occurs_in_speaker_text
1431,5610,1,occurs_in_speaker_text
740,5610,1,occurs_in_speaker_text
1384,5610,1,occurs_in_speaker_text
2649,5610,1,occurs_in_speaker_text
3323,5610,1,occurs_in_speaker_text
3099,5610,1,occurs_in_speaker_text
1096,5611,1,occurs_in_speaker_text
4003,5611,1,occurs_in_speaker_text
4734,5611,1,occurs_in_speaker_text
1431,5611,3,occurs_in_speaker_text
942,5611,2,occurs_in_speaker_text
811,5611,3,occurs_in_speaker_text
2485,5611,1,occurs_in_speaker_text
2361,5611,1,occurs_in_speaker_text
174,5611,1,occurs_in_speaker_text
1847,5611,1,occurs_in_speaker_text
3335,5611,1,occurs_in_speaker_text
4761,5611,1,occurs_in_speaker_text
3562,5611,1,occurs_in_speaker_text
2574,5611,1,occurs_in_speaker_text
3300,5611,1,occurs_in_speaker_text
1138,5611,1,occurs_in_speaker_text
2445,5611,1,occurs_in_speaker_text
162,5611,1,occurs_in_speaker_text
1714,5611,1,occurs_in_speaker_text
34,5612,14,occurs_in_speaker_text
4028,5612,2,occurs_in_speaker_text
3362,5612,1,occurs_in_speaker_text
4134,5612,4,occurs_in_speaker_text
2350,5612,1,occurs_in_speaker_text
1805,5612,1,occurs_in_speaker_text
942,5613,1,occurs_in_speaker_text
2485,5613,1,occurs_in_speaker_text
1637,5613,1,occurs_in_speaker_text
3635,5613,1,occurs_in_speaker_text
4734,5613,1,occurs_in_speaker_text
4849,5613,2,occurs_in_speaker_text
2871,5613,2,occurs_in_speaker_text
4576,5613,1,occurs_in_speaker_text
811,5613,1,occurs_in_speaker_text
2289,5613,1,occurs_in_speaker_text
4286,5614,1,occurs_in_speaker_text
3130,5614,1,occurs_in_speaker_text
1331,5614,1,occurs_in_speaker_text
162,5614,2,occurs_in_speaker_text
4988,5614,1,occurs_in_speaker_text
4119,5614,1,occurs_in_speaker_text
3505,5614,2,occurs_in_speaker_text
3341,5614,2,occurs_in_speaker_text
234,5614,1,occurs_in_speaker_text
3239,5614,1,occurs_in_speaker_text
2162,5614,1,occurs_in_speaker_text
769,5614,2,occurs_in_speaker_text
1979,5614,5,occurs_in_speaker_text
4852,5614,2,occurs_in_speaker_text
1431,5614,1,occurs_in_speaker_text
1528,5614,1,occurs_in_speaker_text
4544,5614,1,occurs_in_speaker_text
1637,5614,1,occurs_in_speaker_text
4398,5614,1,occurs_in_speaker_text
4528,5614,1,occurs_in_speaker_text
2149,5614,1,occurs_in_speaker_text
2240,5614,1,occurs_in_speaker_text
3500,5614,1,occurs_in_speaker_text
4499,5614,1,occurs_in_speaker_text
2574,5614,1,occurs_in_speaker_text
3079,5614,1,occurs_in_speaker_text
3023,5614,1,occurs_in_speaker_text
1431,5615,4,occurs_in_speaker_text
920,5615,1,occurs_in_speaker_text
4003,5615,1,occurs_in_speaker_text
2554,5615,12,occurs_in_speaker_text
4576,5615,1,occurs_in_speaker_text
1584,5615,1,occurs_in_speaker_text
4887,5615,1,occurs_in_speaker_text
3010,5615,1,occurs_in_speaker_text
1714,5615,1,occurs_in_speaker_text
1999,5615,1,occurs_in_speaker_text
1859,5615,1,occurs_in_speaker_text
5045,5615,1,occurs_in_speaker_text
2461,5615,2,occurs_in_speaker_text
4040,5615,1,occurs_in_speaker_text
2478,5615,1,occurs_in_speaker_text
2443,5616,1,occurs_in_speaker_text
4815,5616,1,occurs_in_speaker_text
1627,5616,2,occurs_in_speaker_text
2178,5616,9,occurs_in_speaker_text
4020,5616,1,occurs_in_speaker_text
481,5616,9,occurs_in_speaker_text
3323,5616,1,occurs_in_speaker_text
4255,5616,1,occurs_in_speaker_text
3531,5616,5,occurs_in_speaker_text
2654,5616,1,occurs_in_speaker_text
3027,5616,1,occurs_in_speaker_text
1148,5616,1,occurs_in_speaker_text
295,5616,1,occurs_in_speaker_text
125,5616,2,occurs_in_speaker_text
777,5616,2,occurs_in_speaker_text
4064,5616,1,occurs_in_speaker_text
865,5616,1,occurs_in_speaker_text
1232,5616,4,occurs_in_speaker_text
1963,5616,1,occurs_in_speaker_text
2659,5616,4,occurs_in_speaker_text
3292,5616,1,occurs_in_speaker_text
2931,5616,1,occurs_in_speaker_text
1637,5616,3,occurs_in_speaker_text
4368,5616,2,occurs_in_speaker_text
4967,5616,1,occurs_in_speaker_text
3202,5616,1,occurs_in_speaker_text
2983,5616,1,occurs_in_speaker_text
3790,5616,1,occurs_in_speaker_text
4630,5616,2,occurs_in_speaker_text
3778,5616,1,occurs_in_speaker_text
3947,5616,1,occurs_in_speaker_text
4003,5616,5,occurs_in_speaker_text
4288,5616,2,occurs_in_speaker_text
799,5616,3,occurs_in_speaker_text
3217,5616,1,occurs_in_speaker_text
726,5616,1,occurs_in_speaker_text
3155,5616,1,occurs_in_speaker_text
4326,5616,1,occurs_in_speaker_text
4872,5616,1,occurs_in_speaker_text
2299,5617,1,occurs_in_speaker_text
2773,5617,1,occurs_in_speaker_text
415,5617,1,occurs_in_speaker_text
4095,5617,1,occurs_in_speaker_text
4261,5617,1,occurs_in_speaker_text
1714,5617,1,occurs_in_speaker_text
2972,5617,1,occurs_in_speaker_text
1999,5617,3,occurs_in_speaker_text
4003,5617,2,occurs_in_speaker_text
1759,5617,1,occurs_in_speaker_text
1536,5617,2,occurs_in_speaker_text
3562,5617,1,occurs_in_speaker_text
2445,5617,1,occurs_in_speaker_text
4576,5617,1,occurs_in_speaker_text
2177,5617,1,occurs_in_speaker_text
3911,5617,1,occurs_in_speaker_text
549,5617,1,occurs_in_speaker_text
4018,5617,1,occurs_in_speaker_text
290,5617,1,occurs_in_speaker_text
3903,5617,1,occurs_in_speaker_text
4988,5617,1,occurs_in_speaker_text
2976,5617,2,occurs_in_speaker_text
3292,5617,1,occurs_in_speaker_text
4878,5617,1,occurs_in_speaker_text
3376,5617,1,occurs_in_speaker_text
3010,5617,1,occurs_in_speaker_text
4738,5617,1,occurs_in_speaker_text
3143,5617,1,occurs_in_speaker_text
33,5617,1,occurs_in_speaker_text
2485,5617,1,occurs_in_speaker_text
1536,5618,4,occurs_in_speaker_text
4887,5618,2,occurs_in_speaker_text
2485,5618,8,occurs_in_speaker_text
2339,5618,1,occurs_in_speaker_text
243,5618,3,occurs_in_speaker_text
2137,5618,1,occurs_in_speaker_text
800,5618,5,occurs_in_speaker_text
811,5618,4,occurs_in_speaker_text
2209,5618,2,occurs_in_speaker_text
2778,5618,2,occurs_in_speaker_text
3407,5618,1,occurs_in_speaker_text
162,5618,1,occurs_in_speaker_text
2160,5618,1,occurs_in_speaker_text
547,5618,1,occurs_in_speaker_text
3500,5618,3,occurs_in_speaker_text
1187,5618,1,occurs_in_speaker_text
2998,5618,1,occurs_in_speaker_text
4680,5618,1,occurs_in_speaker_text
4859,5618,1,occurs_in_speaker_text
4040,5618,1,occurs_in_speaker_text
2935,5618,3,occurs_in_speaker_text
4720,5618,2,occurs_in_speaker_text
4501,5618,1,occurs_in_speaker_text
1999,5618,2,occurs_in_speaker_text
3526,5618,2,occurs_in_speaker_text
4224,5618,1,occurs_in_speaker_text
234,5618,1,occurs_in_speaker_text
3789,5618,1,occurs_in_speaker_text
156,5618,1,occurs_in_speaker_text
2444,5618,1,occurs_in_speaker_text
3628,5618,1,occurs_in_speaker_text
1331,5618,2,occurs_in_speaker_text
5067,5618,1,occurs_in_speaker_text
4576,5618,1,occurs_in_speaker_text
1015,5618,1,occurs_in_speaker_text
3625,5618,2,occurs_in_speaker_text
4003,5618,2,occurs_in_speaker_text
4724,5618,1,occurs_in_speaker_text
3495,5618,1,occurs_in_speaker_text
1041,5618,1,occurs_in_speaker_text
2140,5618,1,occurs_in_speaker_text
4209,5618,1,occurs_in_speaker_text
4301,5618,1,occurs_in_speaker_text
4409,5618,1,occurs_in_speaker_text
3494,5618,1,occurs_in_speaker_text
863,5618,1,occurs_in_speaker_text
4359,5618,1,occurs_in_speaker_text
484,5618,2,occurs_in_speaker_text
4590,5618,1,occurs_in_speaker_text
597,5618,1,occurs_in_speaker_text
3010,5618,2,occurs_in_speaker_text
2864,5618,1,occurs_in_speaker_text
3811,5618,2,occurs_in_speaker_text
4878,5618,1,occurs_in_speaker_text
2674,5618,1,occurs_in_speaker_text
4855,5618,1,occurs_in_speaker_text
4144,5618,2,occurs_in_speaker_text
2209,5619,6,occurs_in_speaker_text
1331,5619,7,occurs_in_speaker_text
1192,5619,1,occurs_in_speaker_text
1747,5619,1,occurs_in_speaker_text
4855,5619,2,occurs_in_speaker_text
3099,5619,1,occurs_in_speaker_text
1720,5619,1,occurs_in_speaker_text
4368,5619,1,occurs_in_speaker_text
0,5619,1,occurs_in_speaker_text
1291,5619,1,occurs_in_speaker_text
146,5619,1,occurs_in_speaker_text
2485,5619,1,occurs_in_speaker_text
1688,5619,1,occurs_in_speaker_text
2554,5619,1,occurs_in_speaker_text
500,5619,2,occurs_in_speaker_text
1342,5619,1,occurs_in_speaker_text
2033,5619,1,occurs_in_speaker_text
521,5619,1,occurs_in_speaker_text
3021,5619,3,occurs_in_speaker_text
4003,5619,10,occurs_in_speaker_text
2331,5619,1,occurs_in_speaker_text
4316,5619,2,occurs_in_speaker_text
2827,5619,1,occurs_in_speaker_text
4616,5619,1,occurs_in_speaker_text
4260,5619,1,occurs_in_speaker_text
1999,5619,2,occurs_in_speaker_text
1270,5619,1,occurs_in_speaker_text
942,5619,1,occurs_in_speaker_text
3981,5619,1,occurs_in_speaker_text
800,5619,1,occurs_in_speaker_text
1056,5619,1,occurs_in_speaker_text
4155,5619,1,occurs_in_speaker_text
3972,5619,1,occurs_in_speaker_text
2256,5619,1,occurs_in_speaker_text
2984,5619,1,occurs_in_speaker_text
3960,5619,1,occurs_in_speaker_text
801,5619,1,occurs_in_speaker_text
2574,5619,1,occurs_in_speaker_text
2024,5619,1,occurs_in_speaker_text
4923,5619,1,occurs_in_speaker_text
2662,5619,1,occurs_in_speaker_text
3815,5619,1,occurs_in_speaker_text
1289,5619,1,occurs_in_speaker_text
1368,5619,1,occurs_in_speaker_text
2629,5619,1,occurs_in_speaker_text
4982,5619,1,occurs_in_speaker_text
1870,5619,3,occurs_in_speaker_text
400,5619,1,occurs_in_speaker_text
4339,5619,1,occurs_in_speaker_text
3635,5619,1,occurs_in_speaker_text
722,5619,1,occurs_in_speaker_text
3010,5619,1,occurs_in_speaker_text
2567,5619,1,occurs_in_speaker_text
3111,5619,1,occurs_in_speaker_text
1892,5619,1,occurs_in_speaker_text
3735,5619,2,occurs_in_speaker_text
3014,5619,2,occurs_in_speaker_text
559,5619,1,occurs_in_speaker_text
3370,5619,1,occurs_in_speaker_text
234,5619,1,occurs_in_speaker_text
2590,5619,1,occurs_in_speaker_text
2080,5619,1,occurs_in_speaker_text
2873,5619,1,occurs_in_speaker_text
2956,5619,1,occurs_in_speaker_text
2413,5619,1,occurs_in_speaker_text
2290,5619,1,occurs_in_speaker_text
538,5619,1,occurs_in_speaker_text
5028,5619,1,occurs_in_speaker_text
891,5619,1,occurs_in_speaker_text
2669,5619,1,occurs_in_speaker_text
3478,5619,1,occurs_in_speaker_text
4399,5619,1,occurs_in_speaker_text
4766,5619,1,occurs_in_speaker_text
3874,5619,1,occurs_in_speaker_text
2429,5619,1,occurs_in_speaker_text
4689,5619,1,occurs_in_speaker_text
3717,5619,1,occurs_in_speaker_text
3431,5619,1,occurs_in_speaker_text
4628,5619,1,occurs_in_speaker_text
2922,5619,1,occurs_in_speaker_text
4049,5619,1,occurs_in_speaker_text
3626,5619,1,occurs_in_speaker_text
2134,5619,1,occurs_in_speaker_text
4126,5619,1,occurs_in_speaker_text
2445,5619,2,occurs_in_speaker_text
2121,5619,1,occurs_in_speaker_text
5001,5619,1,occurs_in_speaker_text
3002,5619,1,occurs_in_speaker_text
4301,5619,1,occurs_in_speaker_text
922,5619,1,occurs_in_speaker_text
4622,5619,2,occurs_in_speaker_text
2497,5620,1,occurs_in_speaker_text
893,5620,1,occurs_in_speaker_text
4427,5620,1,occurs_in_speaker_text
3911,5620,1,occurs_in_speaker_text
2289,5620,1,occurs_in_speaker_text
219,5620,1,occurs_in_speaker_text
863,5620,1,occurs_in_speaker_text
2761,5620,1,occurs_in_speaker_text
2567,5620,2,occurs_in_speaker_text
2485,5620,2,occurs_in_speaker_text
1331,5620,3,occurs_in_speaker_text
2256,5620,1,occurs_in_speaker_text
3814,5620,1,occurs_in_speaker_text
5045,5620,1,occurs_in_speaker_text
2322,5620,1,occurs_in_speaker_text
33,5620,1,occurs_in_speaker_text
4724,5620,1,occurs_in_speaker_text
4610,5620,1,occurs_in_speaker_text
4798,5620,1,occurs_in_speaker_text
4609,5620,1,occurs_in_speaker_text
3526,5620,2,occurs_in_speaker_text
3724,5620,1,occurs_in_speaker_text
811,5620,1,occurs_in_speaker_text
4576,5620,1,occurs_in_speaker_text
4685,5620,1,occurs_in_speaker_text
1637,5620,2,occurs_in_speaker_text
1584,5620,1,occurs_in_speaker_text
4209,5620,1,occurs_in_speaker_text
3073,5620,1,occurs_in_speaker_text
4155,5620,1,occurs_in_speaker_text
961,5620,1,occurs_in_speaker_text
4003,5620,1,occurs_in_speaker_text
2696,5621,1,occurs_in_speaker_text
4464,5621,1,occurs_in_speaker_text
51,5621,1,occurs_in_speaker_text
3884,5621,1,occurs_in_speaker_text
821,5621,1,occurs_in_speaker_text
5045,5621,1,occurs_in_speaker_text
4724,5621,1,occurs_in_speaker_text
3122,5621,1,occurs_in_speaker_text
1232,5622,1,occurs_in_speaker_text
1677,5622,1,occurs_in_speaker_text
1389,5622,1,occurs_in_speaker_text
1177,5622,2,occurs_in_speaker_text
2485,5622,2,occurs_in_speaker_text
5043,5622,1,occurs_in_speaker_text
381,5622,1,occurs_in_speaker_text
1999,5622,2,occurs_in_speaker_text
4780,5622,1,occurs_in_speaker_text
2972,5622,1,occurs_in_speaker_text
4283,5622,1,occurs_in_speaker_text
2209,5622,2,occurs_in_speaker_text
4144,5622,1,occurs_in_speaker_text
2660,5622,2,occurs_in_speaker_text
4415,5622,1,occurs_in_speaker_text
4183,5622,1,occurs_in_speaker_text
1331,5622,2,occurs_in_speaker_text
3526,5622,1,occurs_in_speaker_text
2860,5622,1,occurs_in_speaker_text
3635,5622,1,occurs_in_speaker_text
4398,5622,1,occurs_in_speaker_text
103,5623,1,occurs_in_speaker_text
3848,5623,1,occurs_in_speaker_text
811,5623,2,occurs_in_speaker_text
2480,5623,2,occurs_in_speaker_text
1463,5623,1,occurs_in_speaker_text
137,5623,1,occurs_in_speaker_text
1725,5623,1,occurs_in_speaker_text
4096,5623,1,occurs_in_speaker_text
4341,5623,1,occurs_in_speaker_text
3799,5623,1,occurs_in_speaker_text
2312,5623,2,occurs_in_speaker_text
308,5623,1,occurs_in_speaker_text
4003,5623,1,occurs_in_speaker_text
1701,5623,1,occurs_in_speaker_text
4783,5623,1,occurs_in_speaker_text
2824,5623,1,occurs_in_speaker_text
4680,5623,1,occurs_in_speaker_text
863,5623,1,occurs_in_speaker_text
3978,5623,1,occurs_in_speaker_text
3456,5623,1,occurs_in_speaker_text
2656,5623,1,occurs_in_speaker_text
3987,5623,1,occurs_in_speaker_text
1232,5623,1,occurs_in_speaker_text
413,5623,1,occurs_in_speaker_text
3566,5623,1,occurs_in_speaker_text
1774,5623,1,occurs_in_speaker_text
3509,5623,1,occurs_in_speaker_text
562,5623,1,occurs_in_speaker_text
4585,5623,1,occurs_in_speaker_text
731,5623,1,occurs_in_speaker_text
1331,5625,3,occurs_in_speaker_text
1398,5625,1,occurs_in_speaker_text
811,5625,2,occurs_in_speaker_text
275,5625,1,occurs_in_speaker_text
863,5625,1,occurs_in_speaker_text
4887,5625,4,occurs_in_speaker_text
4576,5625,2,occurs_in_speaker_text
1687,5625,1,occurs_in_speaker_text
1637,5625,1,occurs_in_speaker_text
1999,5625,5,occurs_in_speaker_text
2445,5625,1,occurs_in_speaker_text
1725,5625,1,occurs_in_speaker_text
103,5625,1,occurs_in_speaker_text
1954,5625,1,occurs_in_speaker_text
2809,5625,3,occurs_in_speaker_text
4325,5625,1,occurs_in_speaker_text
1459,5625,1,occurs_in_speaker_text
2773,5625,17,occurs_in_speaker_text
1741,5625,1,occurs_in_speaker_text
2312,5625,4,occurs_in_speaker_text
4950,5625,1,occurs_in_speaker_text
1406,5625,1,occurs_in_speaker_text
869,5625,1,occurs_in_speaker_text
1366,5625,1,occurs_in_speaker_text
3690,5625,1,occurs_in_speaker_text
910,5625,1,occurs_in_speaker_text
148,5625,1,occurs_in_speaker_text
32,5625,2,occurs_in_speaker_text
4040,5625,1,occurs_in_speaker_text
377,5625,1,occurs_in_speaker_text
4415,5625,1,occurs_in_speaker_text
1972,5625,1,occurs_in_speaker_text
2574,5625,1,occurs_in_speaker_text
3258,5625,1,occurs_in_speaker_text
234,5625,5,occurs_in_speaker_text
2660,5625,1,occurs_in_speaker_text
2910,5625,2,occurs_in_speaker_text
1498,5625,1,occurs_in_speaker_text
5072,5625,1,occurs_in_speaker_text
4114,5625,1,occurs_in_speaker_text
4138,5625,1,occurs_in_speaker_text
1118,5625,1,occurs_in_speaker_text
4923,5625,1,occurs_in_speaker_text
2366,5625,1,occurs_in_speaker_text
1888,5625,4,occurs_in_speaker_text
4003,5625,1,occurs_in_speaker_text
3299,5625,1,occurs_in_speaker_text
2782,5625,1,occurs_in_speaker_text
2155,5625,2,occurs_in_speaker_text
2720,5625,1,occurs_in_speaker_text
4387,5625,1,occurs_in_speaker_text
3038,5625,1,occurs_in_speaker_text
4144,5625,1,occurs_in_speaker_text
243,5625,1,occurs_in_speaker_text
3099,5625,2,occurs_in_speaker_text
3635,5625,2,occurs_in_speaker_text
4815,5625,1,occurs_in_speaker_text
4368,5625,1,occurs_in_speaker_text
1640,5625,1,occurs_in_speaker_text
3255,5625,1,occurs_in_speaker_text
3911,5625,1,occurs_in_speaker_text
4342,5625,1,occurs_in_speaker_text
50,5625,1,occurs_in_speaker_text
2331,5625,1,occurs_in_speaker_text
2126,5625,1,occurs_in_speaker_text
2693,5625,1,occurs_in_speaker_text
1041,5625,1,occurs_in_speaker_text
4209,5625,1,occurs_in_speaker_text
24,5625,1,occurs_in_speaker_text
2709,5625,1,occurs_in_speaker_text
1431,5625,1,occurs_in_speaker_text
2935,5626,1,occurs_in_speaker_text
2172,5627,1,occurs_in_speaker_text
4007,5627,5,occurs_in_speaker_text
2910,5627,1,occurs_in_speaker_text
3564,5627,1,occurs_in_speaker_text
3021,5627,2,occurs_in_speaker_text
1640,5627,1,occurs_in_speaker_text
4622,5627,2,occurs_in_speaker_text
3107,5627,2,occurs_in_speaker_text
2072,5627,3,occurs_in_speaker_text
1331,5627,1,occurs_in_speaker_text
4887,5627,5,occurs_in_speaker_text
1637,5627,5,occurs_in_speaker_text
608,5627,1,occurs_in_speaker_text
1118,5627,1,occurs_in_speaker_text
4314,5627,1,occurs_in_speaker_text
234,5627,1,occurs_in_speaker_text
1536,5627,1,occurs_in_speaker_text
309,5627,1,occurs_in_speaker_text
1157,5627,2,occurs_in_speaker_text
676,5627,1,occurs_in_speaker_text
4143,5627,1,occurs_in_speaker_text
3703,5627,1,occurs_in_speaker_text
4944,5627,1,occurs_in_speaker_text
3307,5627,1,occurs_in_speaker_text
2395,5627,1,occurs_in_speaker_text
2660,5627,1,occurs_in_speaker_text
4209,5627,2,occurs_in_speaker_text
4225,5627,1,occurs_in_speaker_text
1041,5627,2,occurs_in_speaker_text
348,5627,1,occurs_in_speaker_text
3865,5627,1,occurs_in_speaker_text
4261,5627,1,occurs_in_speaker_text
2485,5627,1,occurs_in_speaker_text
1799,5627,2,occurs_in_speaker_text
3034,5627,1,occurs_in_speaker_text
4286,5627,1,occurs_in_speaker_text
4075,5627,1,occurs_in_speaker_text
4576,5627,1,occurs_in_speaker_text
2024,5627,1,occurs_in_speaker_text
1091,5627,1,occurs_in_speaker_text
4365,5627,1,occurs_in_speaker_text
1999,5627,1,occurs_in_speaker_text
5045,5627,2,occurs_in_speaker_text
4358,5627,1,occurs_in_speaker_text
243,5627,2,occurs_in_speaker_text
2289,5627,1,occurs_in_speaker_text
2365,5627,1,occurs_in_speaker_text
3856,5627,1,occurs_in_speaker_text
2485,5628,8,occurs_in_speaker_text
3740,5628,3,occurs_in_speaker_text
4353,5628,1,occurs_in_speaker_text
4006,5628,1,occurs_in_speaker_text
4855,5628,2,occurs_in_speaker_text
4724,5628,4,occurs_in_speaker_text
3111,5628,1,occurs_in_speaker_text
4398,5628,4,occurs_in_speaker_text
4628,5628,8,occurs_in_speaker_text
1079,5628,5,occurs_in_speaker_text
3099,5628,4,occurs_in_speaker_text
942,5628,2,occurs_in_speaker_text
4003,5628,11,occurs_in_speaker_text
3121,5628,1,occurs_in_speaker_text
1431,5628,5,occurs_in_speaker_text
1384,5628,2,occurs_in_speaker_text
4546,5628,1,occurs_in_speaker_text
4143,5628,6,occurs_in_speaker_text
4727,5628,1,occurs_in_speaker_text
2105,5628,3,occurs_in_speaker_text
3562,5628,1,occurs_in_speaker_text
5045,5628,3,occurs_in_speaker_text
2629,5628,1,occurs_in_speaker_text
811,5628,3,occurs_in_speaker_text
2761,5628,3,occurs_in_speaker_text
3526,5628,2,occurs_in_speaker_text
4878,5628,1,occurs_in_speaker_text
2365,5628,1,occurs_in_speaker_text
3258,5628,1,occurs_in_speaker_text
1999,5628,1,occurs_in_speaker_text
2445,5628,2,occurs_in_speaker_text
2576,5628,1,occurs_in_speaker_text
2306,5628,1,occurs_in_speaker_text
2599,5628,1,occurs_in_speaker_text
3997,5628,1,occurs_in_speaker_text
139,5628,2,occurs_in_speaker_text
3811,5628,1,occurs_in_speaker_text
2240,5628,1,occurs_in_speaker_text
4415,5628,2,occurs_in_speaker_text
3904,5628,1,occurs_in_speaker_text
1144,5628,5,occurs_in_speaker_text
4286,5628,2,occurs_in_speaker_text
4261,5628,1,occurs_in_speaker_text
1640,5628,3,occurs_in_speaker_text
3152,5628,1,occurs_in_speaker_text
8,5628,1,occurs_in_speaker_text
1725,5628,1,occurs_in_speaker_text
135,5628,1,occurs_in_speaker_text
156,5628,1,occurs_in_speaker_text
1331,5628,1,occurs_in_speaker_text
2868,5628,1,occurs_in_speaker_text
4959,5628,1,occurs_in_speaker_text
3996,5628,1,occurs_in_speaker_text
3500,5628,2,occurs_in_speaker_text
3512,5628,1,occurs_in_speaker_text
4876,5628,1,occurs_in_speaker_text
4823,5628,1,occurs_in_speaker_text
3911,5628,1,occurs_in_speaker_text
4622,5628,2,occurs_in_speaker_text
2300,5628,1,occurs_in_speaker_text
3292,5628,1,occurs_in_speaker_text
3242,5628,1,occurs_in_speaker_text
3724,5628,1,occurs_in_speaker_text
4325,5628,1,occurs_in_speaker_text
2972,5628,1,occurs_in_speaker_text
4700,5628,1,occurs_in_speaker_text
1515,5628,1,occurs_in_speaker_text
807,5628,1,occurs_in_speaker_text
4301,5628,1,occurs_in_speaker_text
1637,5628,4,occurs_in_speaker_text
99,5628,1,occurs_in_speaker_text
4051,5628,1,occurs_in_speaker_text
2889,5628,1,occurs_in_speaker_text
4974,5628,1,occurs_in_speaker_text
1124,5628,1,occurs_in_speaker_text
4617,5628,1,occurs_in_speaker_text
147,5628,1,occurs_in_speaker_text
4358,5628,1,occurs_in_speaker_text
3425,5628,1,occurs_in_speaker_text
2773,5628,2,occurs_in_speaker_text
3114,5628,1,occurs_in_speaker_text
2312,5628,1,occurs_in_speaker_text
4040,5628,1,occurs_in_speaker_text
1739,5628,1,occurs_in_speaker_text
2729,5628,1,occurs_in_speaker_text
2712,5628,1,occurs_in_speaker_text
3783,5628,1,occurs_in_speaker_text
3208,5628,1,occurs_in_speaker_text
4124,5628,1,occurs_in_speaker_text
1714,5628,1,occurs_in_speaker_text
2939,5628,1,occurs_in_speaker_text
945,5628,1,occurs_in_speaker_text
4572,5628,4,occurs_in_speaker_text
2636,5628,1,occurs_in_speaker_text
1536,5628,2,occurs_in_speaker_text
1854,5628,1,occurs_in_speaker_text
3170,5628,2,occurs_in_speaker_text
1748,5628,1,occurs_in_speaker_text
3625,5628,1,occurs_in_speaker_text
1030,5628,1,occurs_in_speaker_text
2621,5628,1,occurs_in_speaker_text
415,5628,1,occurs_in_speaker_text
2149,5628,1,occurs_in_speaker_text
3342,5628,1,occurs_in_speaker_text
1822,5628,1,occurs_in_speaker_text
3648,5628,1,occurs_in_speaker_text
4216,5628,1,occurs_in_speaker_text
4667,5628,1,occurs_in_speaker_text
4576,5628,1,occurs_in_speaker_text
406,5628,1,occurs_in_speaker_text
4815,5628,1,occurs_in_speaker_text
3906,5628,1,occurs_in_speaker_text
103,5628,1,occurs_in_speaker_text
507,5628,1,occurs_in_speaker_text
1824,5628,1,occurs_in_speaker_text
3864,5628,1,occurs_in_speaker_text
3314,5628,1,occurs_in_speaker_text
2795,5628,2,occurs_in_speaker_text
2054,5628,1,occurs_in_speaker_text
2935,5628,1,occurs_in_speaker_text
4576,5629,1,occurs_in_speaker_text
2155,5629,1,occurs_in_speaker_text
2910,5629,2,occurs_in_speaker_text
4003,5629,2,occurs_in_speaker_text
3099,5629,2,occurs_in_speaker_text
2629,5629,1,occurs_in_speaker_text
3724,5629,1,occurs_in_speaker_text
1331,5629,4,occurs_in_speaker_text
4527,5629,2,occurs_in_speaker_text
2773,5629,1,occurs_in_speaker_text
1118,5629,1,occurs_in_speaker_text
2681,5629,1,occurs_in_speaker_text
4692,5629,1,occurs_in_speaker_text
507,5629,1,occurs_in_speaker_text
2186,5630,1,occurs_in_speaker_text
2478,5630,3,occurs_in_speaker_text
1536,5630,2,occurs_in_speaker_text
2240,5630,2,occurs_in_speaker_text
1999,5630,1,occurs_in_speaker_text
4058,5630,1,occurs_in_speaker_text
4134,5630,1,occurs_in_speaker_text
693,5630,1,occurs_in_speaker_text
961,5630,1,occurs_in_speaker_text
3712,5630,1,occurs_in_speaker_text
139,5631,1,occurs_in_speaker_text
4066,5632,2,occurs_in_speaker_text
2910,5632,7,occurs_in_speaker_text
1999,5632,1,occurs_in_speaker_text
4368,5632,1,occurs_in_speaker_text
4247,5632,1,occurs_in_speaker_text
3099,5632,1,occurs_in_speaker_text
1331,5632,4,occurs_in_speaker_text
863,5632,1,occurs_in_speaker_text
850,5632,1,occurs_in_speaker_text
1822,5632,1,occurs_in_speaker_text
4724,5632,1,occurs_in_speaker_text
411,5632,1,occurs_in_speaker_text
2289,5632,2,occurs_in_speaker_text
3911,5632,1,occurs_in_speaker_text
994,5632,2,occurs_in_speaker_text
3341,5632,4,occurs_in_speaker_text
2914,5632,1,occurs_in_speaker_text
4143,5632,1,occurs_in_speaker_text
3611,5632,1,occurs_in_speaker_text
480,5632,1,occurs_in_speaker_text
818,5632,1,occurs_in_speaker_text
4003,5632,1,occurs_in_speaker_text
1509,5632,1,occurs_in_speaker_text
1431,5632,1,occurs_in_speaker_text
3562,5632,1,occurs_in_speaker_text
2287,5633,39,occurs_in_speaker_text
3099,5633,3,occurs_in_speaker_text
3635,5633,1,occurs_in_speaker_text
2271,5633,3,occurs_in_speaker_text
811,5633,1,occurs_in_speaker_text
1331,5633,1,occurs_in_speaker_text
3992,5633,1,occurs_in_speaker_text
3712,5633,1,occurs_in_speaker_text
2761,5633,1,occurs_in_speaker_text
1972,5633,1,occurs_in_speaker_text
3562,5633,1,occurs_in_speaker_text
3160,5633,1,occurs_in_speaker_text
2485,5633,1,occurs_in_speaker_text
3526,5633,1,occurs_in_speaker_text
2567,5633,1,occurs_in_speaker_text
2910,5633,1,occurs_in_speaker_text
4353,5633,1,occurs_in_speaker_text
3724,5633,1,occurs_in_speaker_text
488,5633,1,occurs_in_speaker_text
3063,5633,1,occurs_in_speaker_text
3739,5633,1,occurs_in_speaker_text
5089,5633,1,occurs_in_speaker_text
4574,5634,2,occurs_in_speaker_text
1362,5634,6,occurs_in_speaker_text
1621,5634,1,occurs_in_speaker_text
4816,5634,1,occurs_in_speaker_text
4749,5634,1,occurs_in_speaker_text
986,5634,1,occurs_in_speaker_text
932,5634,1,occurs_in_speaker_text
5030,5634,1,occurs_in_speaker_text
1523,5634,1,occurs_in_speaker_text
3968,5634,1,occurs_in_speaker_text
4863,5634,1,occurs_in_speaker_text
1762,5634,1,occurs_in_speaker_text
3934,5634,1,occurs_in_speaker_text
4054,5634,2,occurs_in_speaker_text
1865,5634,1,occurs_in_speaker_text
1712,5634,1,occurs_in_speaker_text
714,5634,1,occurs_in_speaker_text
1548,5634,1,occurs_in_speaker_text
1299,5634,1,occurs_in_speaker_text
743,5634,1,occurs_in_speaker_text
4602,5634,1,occurs_in_speaker_text
4344,5634,1,occurs_in_speaker_text
2360,5634,1,occurs_in_speaker_text
3339,5634,1,occurs_in_speaker_text
4815,5634,1,occurs_in_speaker_text
811,5634,8,occurs_in_speaker_text
38,5634,1,occurs_in_speaker_text
1431,5634,1,occurs_in_speaker_text
2773,5634,1,occurs_in_speaker_text
2750,5634,5,occurs_in_speaker_text
3832,5634,1,occurs_in_speaker_text
3712,5634,2,occurs_in_speaker_text
4184,5634,1,occurs_in_speaker_text
3117,5634,1,occurs_in_speaker_text
3969,5634,1,occurs_in_speaker_text
473,5634,1,occurs_in_speaker_text
1747,5634,1,occurs_in_speaker_text
4764,5634,1,occurs_in_speaker_text
1687,5634,1,occurs_in_speaker_text
423,5634,1,occurs_in_speaker_text
1331,5634,2,occurs_in_speaker_text
769,5634,1,occurs_in_speaker_text
2715,5634,1,occurs_in_speaker_text
830,5634,1,occurs_in_speaker_text
3980,5634,1,occurs_in_speaker_text
4003,5634,1,occurs_in_speaker_text
308,5635,4,occurs_in_speaker_text
3347,5635,1,occurs_in_speaker_text
2079,5635,1,occurs_in_speaker_text
4134,5635,1,occurs_in_speaker_text
811,5635,1,occurs_in_speaker_text
1519,5635,2,occurs_in_speaker_text
2773,5635,1,occurs_in_speaker_text
2637,5635,1,occurs_in_speaker_text
4878,5635,4,occurs_in_speaker_text
3724,5635,4,occurs_in_speaker_text
2761,5635,2,occurs_in_speaker_text
2629,5637,1,occurs_in_speaker_text
3526,5637,1,occurs_in_speaker_text
4841,5637,1,occurs_in_speaker_text
761,5637,6,occurs_in_speaker_text
224,5637,1,occurs_in_speaker_text
4909,5637,2,occurs_in_speaker_text
3910,5637,15,occurs_in_speaker_text
3111,5637,1,occurs_in_speaker_text
1829,5637,13,occurs_in_speaker_text
4003,5637,1,occurs_in_speaker_text
1536,5637,1,occurs_in_speaker_text
4576,5637,1,occurs_in_speaker_text
2359,5637,1,occurs_in_speaker_text
2485,5637,1,occurs_in_speaker_text
4473,5637,1,occurs_in_speaker_text
4003,5638,1,occurs_in_speaker_text
2750,5638,2,occurs_in_speaker_text
3010,5638,1,occurs_in_speaker_text
1999,5638,1,occurs_in_speaker_text
2445,5639,1,occurs_in_speaker_text
942,5639,2,occurs_in_speaker_text
3099,5639,6,occurs_in_speaker_text
275,5639,9,occurs_in_speaker_text
2485,5639,2,occurs_in_speaker_text
2742,5639,1,occurs_in_speaker_text
184,5639,1,occurs_in_speaker_text
7,5639,2,occurs_in_speaker_text
4083,5639,1,occurs_in_speaker_text
415,5639,1,occurs_in_speaker_text
3454,5639,1,occurs_in_speaker_text
2256,5639,1,occurs_in_speaker_text
1999,5639,1,occurs_in_speaker_text
2034,5639,1,occurs_in_speaker_text
389,5639,1,occurs_in_speaker_text
312,5639,1,occurs_in_speaker_text
4261,5639,1,occurs_in_speaker_text
236,5639,1,occurs_in_speaker_text
3413,5639,2,occurs_in_speaker_text
1577,5639,1,occurs_in_speaker_text
1431,5639,1,occurs_in_speaker_text
2538,5639,1,occurs_in_speaker_text
5029,5639,1,occurs_in_speaker_text
222,5639,1,occurs_in_speaker_text
1270,5639,2,occurs_in_speaker_text
4248,5639,1,occurs_in_speaker_text
4287,5639,1,occurs_in_speaker_text
1247,5639,1,occurs_in_speaker_text
4576,5639,2,occurs_in_speaker_text
5028,5639,1,occurs_in_speaker_text
1536,5639,1,occurs_in_speaker_text
4124,5639,1,occurs_in_speaker_text
1677,5639,4,occurs_in_speaker_text
3882,5639,4,occurs_in_speaker_text
1126,5639,1,occurs_in_speaker_text
4009,5639,1,occurs_in_speaker_text
4661,5639,1,occurs_in_speaker_text
687,5639,1,occurs_in_speaker_text
4040,5639,2,occurs_in_speaker_text
3292,5639,2,occurs_in_speaker_text
2253,5639,1,occurs_in_speaker_text
519,5639,1,occurs_in_speaker_text
3118,5639,1,occurs_in_speaker_text
3707,5639,1,occurs_in_speaker_text
4849,5639,1,occurs_in_speaker_text
1590,5639,1,occurs_in_speaker_text
3210,5639,1,occurs_in_speaker_text
2221,5640,2,occurs_in_speaker_text
4108,5640,9,occurs_in_speaker_text
4134,5640,2,occurs_in_speaker_text
301,5640,2,occurs_in_speaker_text
1679,5640,1,occurs_in_speaker_text
1725,5640,1,occurs_in_speaker_text
1509,5640,1,occurs_in_speaker_text
2174,5640,1,occurs_in_speaker_text
1102,5640,1,occurs_in_speaker_text
308,5640,1,occurs_in_speaker_text
53,5640,2,occurs_in_speaker_text
3846,5640,2,occurs_in_speaker_text
4003,5640,1,occurs_in_speaker_text
4420,5640,1,occurs_in_speaker_text
4093,5640,1,occurs_in_speaker_text
1999,5641,4,occurs_in_speaker_text
2983,5641,1,occurs_in_speaker_text
507,5641,1,occurs_in_speaker_text
1861,5641,1,occurs_in_speaker_text
4119,5641,1,occurs_in_speaker_text
4012,5641,1,occurs_in_speaker_text
5012,5641,1,occurs_in_speaker_text
1431,5641,1,occurs_in_speaker_text
2778,5641,1,occurs_in_speaker_text
2485,5641,12,occurs_in_speaker_text
1768,5641,1,occurs_in_speaker_text
3460,5641,1,occurs_in_speaker_text
2538,5641,1,occurs_in_speaker_text
3107,5641,2,occurs_in_speaker_text
4622,5641,1,occurs_in_speaker_text
1232,5641,1,occurs_in_speaker_text
1687,5641,2,occurs_in_speaker_text
3818,5641,1,occurs_in_speaker_text
2767,5641,1,occurs_in_speaker_text
1972,5641,1,occurs_in_speaker_text
3562,5641,1,occurs_in_speaker_text
4194,5641,1,occurs_in_speaker_text
4416,5641,1,occurs_in_speaker_text
3099,5641,1,occurs_in_speaker_text
365,5641,1,occurs_in_speaker_text
4003,5641,1,occurs_in_speaker_text
4286,5641,1,occurs_in_speaker_text
3150,5641,1,occurs_in_speaker_text
1714,5642,1,occurs_in_speaker_text
4576,5642,6,occurs_in_speaker_text
920,5642,1,occurs_in_speaker_text
3292,5642,3,occurs_in_speaker_text
3500,5642,1,occurs_in_speaker_text
2773,5642,1,occurs_in_speaker_text
4167,5642,1,occurs_in_speaker_text
4887,5642,1,occurs_in_speaker_text
4668,5642,3,occurs_in_speaker_text
4724,5642,15,occurs_in_speaker_text
308,5642,5,occurs_in_speaker_text
811,5642,3,occurs_in_speaker_text
2766,5642,1,occurs_in_speaker_text
1919,5642,1,occurs_in_speaker_text
206,5642,1,occurs_in_speaker_text
1275,5642,1,occurs_in_speaker_text
1377,5642,2,occurs_in_speaker_text
2972,5642,1,occurs_in_speaker_text
4724,5643,1,occurs_in_speaker_text
2773,5643,1,occurs_in_speaker_text
2910,5643,2,occurs_in_speaker_text
4798,5643,1,occurs_in_speaker_text
3867,5643,76,occurs_in_speaker_text
3099,5643,3,occurs_in_speaker_text
1079,5643,1,occurs_in_speaker_text
4143,5643,1,occurs_in_speaker_text
4368,5643,2,occurs_in_speaker_text
4690,5643,1,occurs_in_speaker_text
876,5643,1,occurs_in_speaker_text
2379,5643,1,occurs_in_speaker_text
2113,5643,1,occurs_in_speaker_text
2240,5643,1,occurs_in_speaker_text
3737,5643,17,occurs_in_speaker_text
1431,5643,1,occurs_in_speaker_text
42,5643,1,occurs_in_speaker_text
4124,5643,1,occurs_in_speaker_text
2,5643,1,occurs_in_speaker_text
3562,5643,1,occurs_in_speaker_text
4373,5643,1,occurs_in_speaker_text
4040,5643,1,occurs_in_speaker_text
308,5644,1,occurs_in_speaker_text
2915,5644,1,occurs_in_speaker_text
923,5644,1,occurs_in_speaker_text
312,5644,1,occurs_in_speaker_text
1994,5644,3,occurs_in_speaker_text
3977,5644,1,occurs_in_speaker_text
2799,5644,1,occurs_in_speaker_text
4576,5644,1,occurs_in_speaker_text
4143,5644,1,occurs_in_speaker_text
1289,5644,1,occurs_in_speaker_text
539,5644,1,occurs_in_speaker_text
4878,5644,1,occurs_in_speaker_text
4757,5644,1,occurs_in_speaker_text
533,5644,1,occurs_in_speaker_text
180,5645,2,occurs_in_speaker_text
329,5645,1,occurs_in_speaker_text
4946,5645,1,occurs_in_speaker_text
2910,5645,1,occurs_in_speaker_text
1687,5645,1,occurs_in_speaker_text
1870,5645,1,occurs_in_speaker_text
4721,5645,1,occurs_in_speaker_text
1747,5645,1,occurs_in_speaker_text
4442,5645,1,occurs_in_speaker_text
1653,5645,1,occurs_in_speaker_text
4415,5645,1,occurs_in_speaker_text
4003,5645,2,occurs_in_speaker_text
4724,5645,1,occurs_in_speaker_text
2056,5645,1,occurs_in_speaker_text
3526,5645,1,occurs_in_speaker_text
3451,5645,1,occurs_in_speaker_text
4358,5645,1,occurs_in_speaker_text
3538,5645,1,occurs_in_speaker_text
239,5645,1,occurs_in_speaker_text
575,5645,2,occurs_in_speaker_text
1999,5645,1,occurs_in_speaker_text
4143,5645,1,occurs_in_speaker_text
94,5645,1,occurs_in_speaker_text
2870,5645,1,occurs_in_speaker_text
4974,5645,1,occurs_in_speaker_text
3943,5645,1,occurs_in_speaker_text
365,5645,1,occurs_in_speaker_text
406,5645,1,occurs_in_speaker_text
2325,5645,1,occurs_in_speaker_text
4992,5645,1,occurs_in_speaker_text
1041,5646,1,occurs_in_speaker_text
3555,5646,1,occurs_in_speaker_text
2804,5646,1,occurs_in_speaker_text
1768,5646,1,occurs_in_speaker_text
550,5646,1,occurs_in_speaker_text
2778,5646,1,occurs_in_speaker_text
8,5646,2,occurs_in_speaker_text
162,5646,1,occurs_in_speaker_text
3855,5646,1,occurs_in_speaker_text
1894,5646,1,occurs_in_speaker_text
2155,5646,8,occurs_in_speaker_text
3938,5646,1,occurs_in_speaker_text
4309,5646,1,occurs_in_speaker_text
308,5646,2,occurs_in_speaker_text
430,5646,1,occurs_in_speaker_text
4119,5646,2,occurs_in_speaker_text
222,5646,1,occurs_in_speaker_text
3397,5646,1,occurs_in_speaker_text
103,5646,1,occurs_in_speaker_text
987,5646,1,occurs_in_speaker_text
4124,5646,5,occurs_in_speaker_text
215,5646,1,occurs_in_speaker_text
3695,5646,1,occurs_in_speaker_text
4780,5646,1,occurs_in_speaker_text
1640,5646,1,occurs_in_speaker_text
4282,5646,1,occurs_in_speaker_text
2473,5646,1,occurs_in_speaker_text
3819,5646,1,occurs_in_speaker_text
4993,5646,1,occurs_in_speaker_text
2954,5646,1,occurs_in_speaker_text
169,5646,1,occurs_in_speaker_text
3635,5646,1,occurs_in_speaker_text
4114,5646,2,occurs_in_speaker_text
4003,5646,3,occurs_in_speaker_text
3809,5646,1,occurs_in_speaker_text
2761,5646,1,occurs_in_speaker_text
3724,5646,1,occurs_in_speaker_text
1431,5646,1,occurs_in_speaker_text
4040,5646,1,occurs_in_speaker_text
3890,5646,1,occurs_in_speaker_text
942,5646,1,occurs_in_speaker_text
4561,5646,1,occurs_in_speaker_text
597,5646,1,occurs_in_speaker_text
1515,5646,1,occurs_in_speaker_text
234,5646,1,occurs_in_speaker_text
154,5646,1,occurs_in_speaker_text
5006,5646,1,occurs_in_speaker_text
1467,5646,1,occurs_in_speaker_text
1232,5646,1,occurs_in_speaker_text
4798,5646,3,occurs_in_speaker_text
5045,5647,7,occurs_in_speaker_text
2910,5647,8,occurs_in_speaker_text
4286,5647,2,occurs_in_speaker_text
100,5647,1,occurs_in_speaker_text
1768,5647,1,occurs_in_speaker_text
870,5647,1,occurs_in_speaker_text
3526,5647,5,occurs_in_speaker_text
586,5647,1,occurs_in_speaker_text
3292,5647,1,occurs_in_speaker_text
3669,5647,1,occurs_in_speaker_text
3991,5647,1,occurs_in_speaker_text
1431,5647,2,occurs_in_speaker_text
4993,5647,1,occurs_in_speaker_text
2554,5647,1,occurs_in_speaker_text
4119,5647,1,occurs_in_speaker_text
2485,5647,2,occurs_in_speaker_text
2485,5648,2,occurs_in_speaker_text
4097,5648,1,occurs_in_speaker_text
1999,5648,2,occurs_in_speaker_text
3526,5648,1,occurs_in_speaker_text
740,5648,1,occurs_in_speaker_text
1938,5648,1,occurs_in_speaker_text
5029,5648,1,occurs_in_speaker_text
1281,5648,1,occurs_in_speaker_text
4119,5648,1,occurs_in_speaker_text
3538,5648,3,occurs_in_speaker_text
4282,5648,1,occurs_in_speaker_text
2365,5648,1,occurs_in_speaker_text
4724,5648,1,occurs_in_speaker_text
2766,5648,1,occurs_in_speaker_text
5045,5648,2,occurs_in_speaker_text
1768,5648,1,occurs_in_speaker_text
1598,5648,1,occurs_in_speaker_text
99,5648,1,occurs_in_speaker_text
3661,5648,1,occurs_in_speaker_text
3098,5648,1,occurs_in_speaker_text
1714,5648,1,occurs_in_speaker_text
3099,5648,3,occurs_in_speaker_text
1331,5648,1,occurs_in_speaker_text
4184,5648,1,occurs_in_speaker_text
3635,5649,2,occurs_in_speaker_text
1119,5649,2,occurs_in_speaker_text
3150,5649,1,occurs_in_speaker_text
3155,5649,1,occurs_in_speaker_text
823,5649,1,occurs_in_speaker_text
3963,5649,1,occurs_in_speaker_text
2976,5649,1,occurs_in_speaker_text
365,5649,1,occurs_in_speaker_text
4576,5649,1,occurs_in_speaker_text
2761,5650,1,occurs_in_speaker_text
788,5650,1,occurs_in_speaker_text
3147,5650,1,occurs_in_speaker_text
2596,5650,15,occurs_in_speaker_text
396,5650,5,occurs_in_speaker_text
156,5650,1,occurs_in_speaker_text
2485,5650,15,occurs_in_speaker_text
4224,5650,1,occurs_in_speaker_text
722,5650,1,occurs_in_speaker_text
3991,5650,4,occurs_in_speaker_text
228,5650,1,occurs_in_speaker_text
1702,5650,1,occurs_in_speaker_text
1667,5650,1,occurs_in_speaker_text
1257,5650,1,occurs_in_speaker_text
4398,5650,3,occurs_in_speaker_text
1884,5650,1,occurs_in_speaker_text
3526,5650,6,occurs_in_speaker_text
3943,5650,1,occurs_in_speaker_text
2886,5650,1,occurs_in_speaker_text
4006,5650,1,occurs_in_speaker_text
2860,5650,1,occurs_in_speaker_text
4143,5650,2,occurs_in_speaker_text
4168,5650,1,occurs_in_speaker_text
1755,5650,1,occurs_in_speaker_text
1203,5650,1,occurs_in_speaker_text
3384,5650,1,occurs_in_speaker_text
4876,5650,2,occurs_in_speaker_text
942,5650,1,occurs_in_speaker_text
4321,5650,2,occurs_in_speaker_text
312,5650,1,occurs_in_speaker_text
2595,5650,1,occurs_in_speaker_text
464,5650,1,occurs_in_speaker_text
4724,5650,1,occurs_in_speaker_text
1687,5650,2,occurs_in_speaker_text
1331,5650,3,occurs_in_speaker_text
1423,5650,1,occurs_in_speaker_text
282,5650,1,occurs_in_speaker_text
1391,5650,1,occurs_in_speaker_text
2431,5650,1,occurs_in_speaker_text
155,5650,1,occurs_in_speaker_text
4003,5650,13,occurs_in_speaker_text
3111,5650,7,occurs_in_speaker_text
3500,5650,1,occurs_in_speaker_text
4284,5650,1,occurs_in_speaker_text
1431,5650,6,occurs_in_speaker_text
1859,5650,1,occurs_in_speaker_text
2233,5650,1,occurs_in_speaker_text
3152,5650,2,occurs_in_speaker_text
1999,5650,2,occurs_in_speaker_text
3757,5650,1,occurs_in_speaker_text
2910,5650,1,occurs_in_speaker_text
2795,5650,2,occurs_in_speaker_text
1378,5650,1,occurs_in_speaker_text
2554,5650,1,occurs_in_speaker_text
4878,5650,1,occurs_in_speaker_text
4306,5650,1,occurs_in_speaker_text
1699,5650,1,occurs_in_speaker_text
162,5650,1,occurs_in_speaker_text
4113,5650,3,occurs_in_speaker_text
1787,5650,1,occurs_in_speaker_text
1966,5650,2,occurs_in_speaker_text
3904,5650,1,occurs_in_speaker_text
4486,5650,1,occurs_in_speaker_text
2750,5650,1,occurs_in_speaker_text
3312,5650,1,occurs_in_speaker_text
423,5650,1,occurs_in_speaker_text
145,5650,1,occurs_in_speaker_text
1793,5650,1,occurs_in_speaker_text
4491,5650,2,occurs_in_speaker_text
3468,5650,1,occurs_in_speaker_text
398,5650,1,occurs_in_speaker_text
885,5650,1,occurs_in_speaker_text
1768,5650,1,occurs_in_speaker_text
1970,5650,1,occurs_in_speaker_text
2660,5650,2,occurs_in_speaker_text
4815,5650,1,occurs_in_speaker_text
1655,5650,1,occurs_in_speaker_text
1748,5650,1,occurs_in_speaker_text
4974,5650,2,occurs_in_speaker_text
1640,5650,1,occurs_in_speaker_text
4358,5650,1,occurs_in_speaker_text
4144,5650,1,occurs_in_speaker_text
2289,5650,2,occurs_in_speaker_text
811,5651,4,occurs_in_speaker_text
400,5651,2,occurs_in_speaker_text
2778,5651,1,occurs_in_speaker_text
4421,5651,1,occurs_in_speaker_text
4003,5651,3,occurs_in_speaker_text
234,5651,2,occurs_in_speaker_text
3855,5651,1,occurs_in_speaker_text
2155,5651,1,occurs_in_speaker_text
1408,5651,1,occurs_in_speaker_text
4576,5651,1,occurs_in_speaker_text
2660,5651,1,occurs_in_speaker_text
1536,5651,6,occurs_in_speaker_text
942,5651,1,occurs_in_speaker_text
1370,5651,1,occurs_in_speaker_text
1232,5651,1,occurs_in_speaker_text
3120,5651,1,occurs_in_speaker_text
389,5651,2,occurs_in_speaker_text
1041,5651,1,occurs_in_speaker_text
3526,5651,1,occurs_in_speaker_text
103,5651,1,occurs_in_speaker_text
4543,5651,1,occurs_in_speaker_text
893,5651,1,occurs_in_speaker_text
1431,5651,2,occurs_in_speaker_text
2750,5651,2,occurs_in_speaker_text
2972,5651,1,occurs_in_speaker_text
2538,5651,1,occurs_in_speaker_text
1999,5651,1,occurs_in_speaker_text
2193,5651,1,occurs_in_speaker_text
1677,5651,1,occurs_in_speaker_text
1536,5652,1,occurs_in_speaker_text
4887,5652,2,occurs_in_speaker_text
3491,5652,1,occurs_in_speaker_text
811,5652,3,occurs_in_speaker_text
2079,5652,2,occurs_in_speaker_text
1264,5652,1,occurs_in_speaker_text
2426,5652,4,occurs_in_speaker_text
4243,5652,1,occurs_in_speaker_text
308,5652,8,occurs_in_speaker_text
1859,5652,3,occurs_in_speaker_text
699,5652,1,occurs_in_speaker_text
2118,5652,1,occurs_in_speaker_text
2485,5652,2,occurs_in_speaker_text
2234,5652,1,occurs_in_speaker_text
1144,5652,3,occurs_in_speaker_text
2766,5652,1,occurs_in_speaker_text
5089,5652,1,occurs_in_speaker_text
4712,5652,1,occurs_in_speaker_text
3635,5652,1,occurs_in_speaker_text
2809,5652,1,occurs_in_speaker_text
3424,5652,6,occurs_in_speaker_text
2414,5652,2,occurs_in_speaker_text
1637,5652,1,occurs_in_speaker_text
4086,5652,1,occurs_in_speaker_text
796,5652,1,occurs_in_speaker_text
838,5652,1,occurs_in_speaker_text
1691,5652,1,occurs_in_speaker_text
4003,5652,1,occurs_in_speaker_text
629,5652,1,occurs_in_speaker_text
3010,5652,1,occurs_in_speaker_text
4197,5652,1,occurs_in_speaker_text
3,5652,1,occurs_in_speaker_text
162,5652,1,occurs_in_speaker_text
3897,5652,1,occurs_in_speaker_text
3191,5652,1,occurs_in_speaker_text
2326,5652,1,occurs_in_speaker_text
466,5652,1,occurs_in_speaker_text
2874,5652,1,occurs_in_speaker_text
3099,5653,1,occurs_in_speaker_text
4368,5653,1,occurs_in_speaker_text
811,5653,1,occurs_in_speaker_text
202,5653,1,occurs_in_speaker_text
1788,5653,1,occurs_in_speaker_text
164,5653,1,occurs_in_speaker_text
4003,5653,1,occurs_in_speaker_text
1331,5653,1,occurs_in_speaker_text
2910,5653,1,occurs_in_speaker_text
2485,5653,1,occurs_in_speaker_text
21,5653,1,occurs_in_speaker_text
2363,5653,1,occurs_in_speaker_text
3562,5653,1,occurs_in_speaker_text
2545,5653,1,occurs_in_speaker_text
153,5653,1,occurs_in_speaker_text
1232,5654,1,occurs_in_speaker_text
1714,5654,4,occurs_in_speaker_text
1536,5654,4,occurs_in_speaker_text
4831,5654,1,occurs_in_speaker_text
129,5654,1,occurs_in_speaker_text
5043,5654,1,occurs_in_speaker_text
4731,5654,1,occurs_in_speaker_text
3808,5654,2,occurs_in_speaker_text
2485,5654,6,occurs_in_speaker_text
1448,5654,5,occurs_in_speaker_text
942,5654,6,occurs_in_speaker_text
2797,5654,1,occurs_in_speaker_text
120,5654,1,occurs_in_speaker_text
2289,5654,3,occurs_in_speaker_text
4405,5654,1,occurs_in_speaker_text
2003,5654,2,occurs_in_speaker_text
2264,5654,1,occurs_in_speaker_text
3526,5654,1,occurs_in_speaker_text
1431,5654,3,occurs_in_speaker_text
4003,5654,2,occurs_in_speaker_text
275,5654,1,occurs_in_speaker_text
4096,5654,3,occurs_in_speaker_text
1019,5654,1,occurs_in_speaker_text
811,5654,1,occurs_in_speaker_text
1291,5654,1,occurs_in_speaker_text
2910,5654,3,occurs_in_speaker_text
1144,5654,1,occurs_in_speaker_text
4576,5654,1,occurs_in_speaker_text
2773,5654,1,occurs_in_speaker_text
2261,5654,1,occurs_in_speaker_text
3028,5654,1,occurs_in_speaker_text
923,5654,1,occurs_in_speaker_text
507,5654,1,occurs_in_speaker_text
4124,5654,1,occurs_in_speaker_text
4920,5654,1,occurs_in_speaker_text
397,5654,1,occurs_in_speaker_text
1274,5654,1,occurs_in_speaker_text
1285,5655,1,occurs_in_speaker_text
3099,5655,1,occurs_in_speaker_text
4398,5655,1,occurs_in_speaker_text
4724,5656,1,occurs_in_speaker_text
4878,5656,1,occurs_in_speaker_text
2474,5656,2,occurs_in_speaker_text
4392,5656,1,occurs_in_speaker_text
975,5656,1,occurs_in_speaker_text
80,5656,3,occurs_in_speaker_text
900,5656,1,occurs_in_speaker_text
2167,5656,2,occurs_in_speaker_text
4210,5656,2,occurs_in_speaker_text
4003,5656,1,occurs_in_speaker_text
3839,5656,1,occurs_in_speaker_text
4988,5656,1,occurs_in_speaker_text
3007,5656,1,occurs_in_speaker_text
4606,5656,1,occurs_in_speaker_text
446,5656,1,occurs_in_speaker_text
2786,5656,1,occurs_in_speaker_text
687,5656,4,occurs_in_speaker_text
2485,5656,1,occurs_in_speaker_text
2773,5656,1,occurs_in_speaker_text
550,5656,1,occurs_in_speaker_text
4576,5656,1,occurs_in_speaker_text
4150,5656,3,occurs_in_speaker_text
942,5657,2,occurs_in_speaker_text
4003,5657,4,occurs_in_speaker_text
4780,5657,18,occurs_in_speaker_text
1536,5657,1,occurs_in_speaker_text
3127,5657,2,occurs_in_speaker_text
4051,5657,1,occurs_in_speaker_text
3135,5657,1,occurs_in_speaker_text
2868,5657,1,occurs_in_speaker_text
3635,5657,1,occurs_in_speaker_text
3543,5657,1,occurs_in_speaker_text
3234,5657,2,occurs_in_speaker_text
1014,5657,1,occurs_in_speaker_text
3943,5657,1,occurs_in_speaker_text
2778,5657,1,occurs_in_speaker_text
2970,5657,1,occurs_in_speaker_text
4408,5657,1,occurs_in_speaker_text
3740,5657,2,occurs_in_speaker_text
1756,5657,1,occurs_in_speaker_text
1482,5657,1,occurs_in_speaker_text
1880,5657,1,occurs_in_speaker_text
1768,5657,1,occurs_in_speaker_text
2910,5657,1,occurs_in_speaker_text
3341,5657,1,occurs_in_speaker_text
4510,5657,1,occurs_in_speaker_text
2485,5657,5,occurs_in_speaker_text
2256,5657,1,occurs_in_speaker_text
811,5657,1,occurs_in_speaker_text
4115,5657,1,occurs_in_speaker_text
1144,5657,1,occurs_in_speaker_text
3562,5657,1,occurs_in_speaker_text
1156,5657,1,occurs_in_speaker_text
2629,5658,2,occurs_in_speaker_text
5045,5658,7,occurs_in_speaker_text
2972,5658,1,occurs_in_speaker_text
1340,5658,1,occurs_in_speaker_text
507,5658,2,occurs_in_speaker_text
1331,5658,4,occurs_in_speaker_text
415,5658,1,occurs_in_speaker_text
4962,5658,1,occurs_in_speaker_text
3930,5658,1,occurs_in_speaker_text
3724,5658,4,occurs_in_speaker_text
5029,5658,1,occurs_in_speaker_text
1725,5658,1,occurs_in_speaker_text
1157,5658,1,occurs_in_speaker_text
4097,5658,1,occurs_in_speaker_text
612,5658,12,occurs_in_speaker_text
1468,5658,1,occurs_in_speaker_text
1595,5658,1,occurs_in_speaker_text
1171,5658,1,occurs_in_speaker_text
3332,5658,1,occurs_in_speaker_text
2910,5658,1,occurs_in_speaker_text
4124,5658,1,occurs_in_speaker_text
3536,5658,1,occurs_in_speaker_text
1342,5658,1,occurs_in_speaker_text
1279,5658,1,occurs_in_speaker_text
426,5658,5,occurs_in_speaker_text
1999,5658,4,occurs_in_speaker_text
2551,5658,2,occurs_in_speaker_text
3526,5658,1,occurs_in_speaker_text
2720,5658,2,occurs_in_speaker_text
3099,5658,3,occurs_in_speaker_text
326,5658,1,occurs_in_speaker_text
2574,5658,1,occurs_in_speaker_text
277,5658,1,occurs_in_speaker_text
1144,5658,1,occurs_in_speaker_text
2384,5658,1,occurs_in_speaker_text
3107,5658,1,occurs_in_speaker_text
234,5658,1,occurs_in_speaker_text
2404,5658,1,occurs_in_speaker_text
1431,5658,1,occurs_in_speaker_text
3150,5658,1,occurs_in_speaker_text
2478,5658,1,occurs_in_speaker_text
4286,5658,1,occurs_in_speaker_text
2501,5658,15,occurs_in_speaker_text
1687,5658,1,occurs_in_speaker_text
3723,5658,1,occurs_in_speaker_text
1845,5658,4,occurs_in_speaker_text
2660,5658,1,occurs_in_speaker_text
4724,5658,1,occurs_in_speaker_text
3111,5658,2,occurs_in_speaker_text
3296,5658,1,occurs_in_speaker_text
1012,5658,1,occurs_in_speaker_text
3050,5658,1,occurs_in_speaker_text
617,5658,1,occurs_in_speaker_text
2750,5658,1,occurs_in_speaker_text
275,5659,4,occurs_in_speaker_text
302,5659,2,occurs_in_speaker_text
3713,5659,1,occurs_in_speaker_text
139,5659,1,occurs_in_speaker_text
1232,5659,1,occurs_in_speaker_text
1157,5659,2,occurs_in_speaker_text
480,5659,1,occurs_in_speaker_text
2312,5659,2,occurs_in_speaker_text
987,5659,1,occurs_in_speaker_text
4247,5659,1,occurs_in_speaker_text
304,5659,1,occurs_in_speaker_text
464,5660,1,occurs_in_speaker_text
2485,5660,3,occurs_in_speaker_text
4373,5660,2,occurs_in_speaker_text
507,5660,1,occurs_in_speaker_text
4144,5660,1,occurs_in_speaker_text
3904,5660,1,occurs_in_speaker_text
162,5660,1,occurs_in_speaker_text
4421,5660,1,occurs_in_speaker_text
2660,5660,1,occurs_in_speaker_text
345,5660,1,occurs_in_speaker_text
1437,5660,1,occurs_in_speaker_text
2910,5660,1,occurs_in_speaker_text
811,5660,1,occurs_in_speaker_text
1640,5660,2,occurs_in_speaker_text
5045,5660,2,occurs_in_speaker_text
3099,5660,1,occurs_in_speaker_text
1677,5660,1,occurs_in_speaker_text
4282,5660,1,occurs_in_speaker_text
1639,5660,1,occurs_in_speaker_text
2365,5660,1,occurs_in_speaker_text
3034,5661,1,occurs_in_speaker_text
4353,5661,1,occurs_in_speaker_text
234,5662,1,occurs_in_speaker_text
4309,5662,1,occurs_in_speaker_text
3099,5662,1,occurs_in_speaker_text
1431,5662,1,occurs_in_speaker_text
1999,5662,4,occurs_in_speaker_text
4003,5662,1,occurs_in_speaker_text
755,5662,1,occurs_in_speaker_text
2766,5662,1,occurs_in_speaker_text
811,5662,1,occurs_in_speaker_text
2008,5662,1,occurs_in_speaker_text
1144,5662,1,occurs_in_speaker_text
942,5662,3,occurs_in_speaker_text
1331,5662,1,occurs_in_speaker_text
964,5662,1,occurs_in_speaker_text
1509,5662,1,occurs_in_speaker_text
1714,5662,2,occurs_in_speaker_text
863,5662,1,occurs_in_speaker_text
1550,5662,1,occurs_in_speaker_text
4795,5662,1,occurs_in_speaker_text
2666,5662,1,occurs_in_speaker_text
3708,5662,1,occurs_in_speaker_text
2538,5662,1,occurs_in_speaker_text
3697,5662,1,occurs_in_speaker_text
3724,5662,1,occurs_in_speaker_text
4143,5662,1,occurs_in_speaker_text
4724,5662,1,occurs_in_speaker_text
2485,5662,1,occurs_in_speaker_text
4815,5662,1,occurs_in_speaker_text
4124,5662,2,occurs_in_speaker_text
3688,5662,1,occurs_in_speaker_text
2256,5663,2,occurs_in_speaker_text
2970,5663,1,occurs_in_speaker_text
139,5663,2,occurs_in_speaker_text
4003,5663,7,occurs_in_speaker_text
4317,5663,1,occurs_in_speaker_text
1747,5663,1,occurs_in_speaker_text
2750,5663,1,occurs_in_speaker_text
1693,5663,1,occurs_in_speaker_text
250,5663,1,occurs_in_speaker_text
548,5663,1,occurs_in_speaker_text
3292,5663,1,occurs_in_speaker_text
4963,5663,1,occurs_in_speaker_text
1291,5663,1,occurs_in_speaker_text
1731,5663,1,occurs_in_speaker_text
811,5663,1,occurs_in_speaker_text
1768,5663,1,occurs_in_speaker_text
423,5663,2,occurs_in_speaker_text
3150,5663,1,occurs_in_speaker_text
2485,5663,3,occurs_in_speaker_text
3021,5663,1,occurs_in_speaker_text
46,5663,1,occurs_in_speaker_text
2935,5663,2,occurs_in_speaker_text
1536,5663,1,occurs_in_speaker_text
3255,5663,1,occurs_in_speaker_text
2461,5663,1,occurs_in_speaker_text
1041,5663,1,occurs_in_speaker_text
3987,5663,2,occurs_in_speaker_text
4576,5663,2,occurs_in_speaker_text
1144,5663,1,occurs_in_speaker_text
4340,5663,1,occurs_in_speaker_text
275,5663,2,occurs_in_speaker_text
1954,5663,2,occurs_in_speaker_text
103,5663,2,occurs_in_speaker_text
987,5663,1,occurs_in_speaker_text
4217,5663,1,occurs_in_speaker_text
3630,5663,2,occurs_in_speaker_text
685,5663,1,occurs_in_speaker_text
2574,5663,1,occurs_in_speaker_text
1999,5663,2,occurs_in_speaker_text
3869,5663,1,occurs_in_speaker_text
608,5663,1,occurs_in_speaker_text
2972,5663,2,occurs_in_speaker_text
3903,5663,1,occurs_in_speaker_text
2629,5663,2,occurs_in_speaker_text
3620,5663,1,occurs_in_speaker_text
1027,5663,1,occurs_in_speaker_text
591,5663,1,occurs_in_speaker_text
1714,5663,6,occurs_in_speaker_text
389,5663,1,occurs_in_speaker_text
3735,5663,1,occurs_in_speaker_text
1525,5663,1,occurs_in_speaker_text
80,5663,2,occurs_in_speaker_text
2967,5663,2,occurs_in_speaker_text
1529,5663,1,occurs_in_speaker_text
4368,5663,1,occurs_in_speaker_text
2858,5664,1,occurs_in_speaker_text
3500,5664,1,occurs_in_speaker_text
3114,5664,1,occurs_in_speaker_text
811,5664,1,occurs_in_speaker_text
5043,5664,1,occurs_in_speaker_text
1956,5664,1,occurs_in_speaker_text
4576,5664,1,occurs_in_speaker_text
1144,5664,1,occurs_in_speaker_text
2485,5665,7,occurs_in_speaker_text
2629,5665,3,occurs_in_speaker_text
2972,5665,1,occurs_in_speaker_text
2155,5665,1,occurs_in_speaker_text
2261,5665,1,occurs_in_speaker_text
264,5665,1,occurs_in_speaker_text
863,5665,1,occurs_in_speaker_text
3562,5665,1,occurs_in_speaker_text
4415,5665,1,occurs_in_speaker_text
4003,5665,5,occurs_in_speaker_text
3323,5665,1,occurs_in_speaker_text
1999,5665,2,occurs_in_speaker_text
783,5665,1,occurs_in_speaker_text
2773,5665,1,occurs_in_speaker_text
2256,5665,1,occurs_in_speaker_text
2445,5665,1,occurs_in_speaker_text
1431,5665,2,occurs_in_speaker_text
1536,5665,1,occurs_in_speaker_text
4713,5665,1,occurs_in_speaker_text
234,5665,1,occurs_in_speaker_text
139,5665,2,occurs_in_speaker_text
3864,5665,1,occurs_in_speaker_text
2750,5665,1,occurs_in_speaker_text
1431,5666,1,occurs_in_speaker_text
3526,5666,3,occurs_in_speaker_text
141,5666,1,occurs_in_speaker_text
2660,5666,2,occurs_in_speaker_text
2860,5666,1,occurs_in_speaker_text
2485,5666,8,occurs_in_speaker_text
1331,5666,3,occurs_in_speaker_text
4398,5666,1,occurs_in_speaker_text
4876,5666,1,occurs_in_speaker_text
5045,5666,1,occurs_in_speaker_text
2233,5666,2,occurs_in_speaker_text
3050,5666,1,occurs_in_speaker_text
4143,5666,1,occurs_in_speaker_text
1211,5666,1,occurs_in_speaker_text
3341,5667,1,occurs_in_speaker_text
518,5667,1,occurs_in_speaker_text
3190,5667,1,occurs_in_speaker_text
219,5667,1,occurs_in_speaker_text
2910,5667,2,occurs_in_speaker_text
3635,5667,1,occurs_in_speaker_text
4724,5667,1,occurs_in_speaker_text
1456,5667,1,occurs_in_speaker_text
2766,5667,1,occurs_in_speaker_text
4849,5667,1,occurs_in_speaker_text
3708,5667,1,occurs_in_speaker_text
2750,5667,1,occurs_in_speaker_text
2155,5667,1,occurs_in_speaker_text
2162,5667,2,occurs_in_speaker_text
942,5667,1,occurs_in_speaker_text
685,5667,1,occurs_in_speaker_text
2105,5667,1,occurs_in_speaker_text
3025,5668,1,occurs_in_speaker_text
4838,5668,1,occurs_in_speaker_text
1515,5668,1,occurs_in_speaker_text
3683,5668,1,occurs_in_speaker_text
275,5668,1,occurs_in_speaker_text
2322,5668,1,occurs_in_speaker_text
2618,5668,1,occurs_in_speaker_text
3010,5668,1,occurs_in_speaker_text
2105,5668,1,occurs_in_speaker_text
874,5668,1,occurs_in_speaker_text
3500,5668,1,occurs_in_speaker_text
2766,5668,1,occurs_in_speaker_text
1640,5668,1,occurs_in_speaker_text
259,5669,1,occurs_in_speaker_text
4856,5669,1,occurs_in_speaker_text
2485,5669,2,occurs_in_speaker_text
1484,5669,1,occurs_in_speaker_text
4893,5669,1,occurs_in_speaker_text
2017,5669,1,occurs_in_speaker_text
2750,5670,1,occurs_in_speaker_text
3323,5670,1,occurs_in_speaker_text
2485,5670,4,occurs_in_speaker_text
4576,5670,2,occurs_in_speaker_text
3010,5670,1,occurs_in_speaker_text
4368,5670,2,occurs_in_speaker_text
2629,5670,1,occurs_in_speaker_text
4415,5670,1,occurs_in_speaker_text
751,5670,1,occurs_in_speaker_text
2331,5670,1,occurs_in_speaker_text
1431,5670,1,occurs_in_speaker_text
4003,5670,3,occurs_in_speaker_text
2567,5670,1,occurs_in_speaker_text
162,5670,1,occurs_in_speaker_text
2312,5670,1,occurs_in_speaker_text
863,5670,11,occurs_in_speaker_text
1987,5670,1,occurs_in_speaker_text
1430,5670,1,occurs_in_speaker_text
4466,5670,1,occurs_in_speaker_text
1717,5670,1,occurs_in_speaker_text
2087,5670,2,occurs_in_speaker_text
2908,5670,1,occurs_in_speaker_text
4200,5670,2,occurs_in_speaker_text
1231,5670,1,occurs_in_speaker_text
1980,5670,1,occurs_in_speaker_text
629,5670,1,occurs_in_speaker_text
4114,5670,1,occurs_in_speaker_text
3767,5670,1,occurs_in_speaker_text
942,5670,2,occurs_in_speaker_text
1999,5670,2,occurs_in_speaker_text
2795,5670,1,occurs_in_speaker_text
2910,5670,1,occurs_in_speaker_text
2738,5670,1,occurs_in_speaker_text
100,5670,1,occurs_in_speaker_text
5049,5670,1,occurs_in_speaker_text
4724,5670,1,occurs_in_speaker_text
2750,5671,1,occurs_in_speaker_text
4228,5671,1,occurs_in_speaker_text
1515,5671,6,occurs_in_speaker_text
3694,5671,3,occurs_in_speaker_text
4003,5671,8,occurs_in_speaker_text
4855,5671,1,occurs_in_speaker_text
811,5671,4,occurs_in_speaker_text
1353,5671,1,occurs_in_speaker_text
4325,5671,1,occurs_in_speaker_text
1431,5671,1,occurs_in_speaker_text
4993,5671,1,occurs_in_speaker_text
402,5671,1,occurs_in_speaker_text
162,5671,14,occurs_in_speaker_text
2778,5671,2,occurs_in_speaker_text
987,5671,1,occurs_in_speaker_text
25,5671,1,occurs_in_speaker_text
1901,5671,1,occurs_in_speaker_text
4040,5671,1,occurs_in_speaker_text
3903,5671,1,occurs_in_speaker_text
3500,5671,1,occurs_in_speaker_text
139,5672,1,occurs_in_speaker_text
2945,5672,1,occurs_in_speaker_text
2485,5672,4,occurs_in_speaker_text
2773,5672,3,occurs_in_speaker_text
4878,5672,1,occurs_in_speaker_text
1866,5672,1,occurs_in_speaker_text
1748,5672,1,occurs_in_speaker_text
1254,5672,1,occurs_in_speaker_text
2972,5672,1,occurs_in_speaker_text
3562,5673,5,occurs_in_speaker_text
3635,5674,1,occurs_in_speaker_text
761,5674,1,occurs_in_speaker_text
3364,5674,1,occurs_in_speaker_text
2155,5674,1,occurs_in_speaker_text
3099,5675,1,occurs_in_speaker_text
2750,5675,1,occurs_in_speaker_text
4724,5675,1,occurs_in_speaker_text
1331,5676,4,occurs_in_speaker_text
3635,5676,1,occurs_in_speaker_text
2485,5676,5,occurs_in_speaker_text
811,5676,7,occurs_in_speaker_text
1859,5676,1,occurs_in_speaker_text
2240,5676,1,occurs_in_speaker_text
3970,5676,5,occurs_in_speaker_text
4325,5676,1,occurs_in_speaker_text
942,5676,2,occurs_in_speaker_text
3546,5676,4,occurs_in_speaker_text
4368,5676,1,occurs_in_speaker_text
3698,5676,1,occurs_in_speaker_text
863,5676,1,occurs_in_speaker_text
1073,5676,1,occurs_in_speaker_text
1127,5676,2,occurs_in_speaker_text
2963,5676,1,occurs_in_speaker_text
1637,5676,2,occurs_in_speaker_text
3292,5676,2,occurs_in_speaker_text
1159,5676,2,occurs_in_speaker_text
1677,5676,1,occurs_in_speaker_text
503,5676,1,occurs_in_speaker_text
1302,5676,1,occurs_in_speaker_text
3814,5676,2,occurs_in_speaker_text
4798,5676,1,occurs_in_speaker_text
4576,5676,4,occurs_in_speaker_text
4022,5676,2,occurs_in_speaker_text
5035,5676,1,occurs_in_speaker_text
507,5676,6,occurs_in_speaker_text
4427,5676,1,occurs_in_speaker_text
3842,5676,1,occurs_in_speaker_text
2960,5676,1,occurs_in_speaker_text
1806,5676,1,occurs_in_speaker_text
2322,5676,1,occurs_in_speaker_text
1640,5676,1,occurs_in_speaker_text
4398,5676,1,occurs_in_speaker_text
2660,5676,1,occurs_in_speaker_text
3135,5676,2,occurs_in_speaker_text
4031,5676,1,occurs_in_speaker_text
3150,5676,2,occurs_in_speaker_text
4855,5676,5,occurs_in_speaker_text
4741,5676,1,occurs_in_speaker_text
4003,5676,2,occurs_in_speaker_text
4113,5676,1,occurs_in_speaker_text
5005,5676,1,occurs_in_speaker_text
60,5676,1,occurs_in_speaker_text
280,5676,1,occurs_in_speaker_text
1243,5676,1,occurs_in_speaker_text
2461,5676,3,occurs_in_speaker_text
3526,5677,25,occurs_in_speaker_text
2322,5677,1,occurs_in_speaker_text
3661,5677,2,occurs_in_speaker_text
2485,5677,3,occurs_in_speaker_text
4143,5677,5,occurs_in_speaker_text
1331,5677,5,occurs_in_speaker_text
4398,5677,6,occurs_in_speaker_text
2665,5677,1,occurs_in_speaker_text
5045,5677,4,occurs_in_speaker_text
2554,5677,1,occurs_in_speaker_text
2809,5677,1,occurs_in_speaker_text
4119,5677,1,occurs_in_speaker_text
3107,5677,2,occurs_in_speaker_text
893,5677,3,occurs_in_speaker_text
908,5677,1,occurs_in_speaker_text
2567,5677,1,occurs_in_speaker_text
811,5677,1,occurs_in_speaker_text
1419,5677,1,occurs_in_speaker_text
3021,5677,1,occurs_in_speaker_text
3725,5677,1,occurs_in_speaker_text
1431,5677,7,occurs_in_speaker_text
2963,5677,1,occurs_in_speaker_text
1612,5677,2,occurs_in_speaker_text
4876,5677,5,occurs_in_speaker_text
464,5677,1,occurs_in_speaker_text
1687,5677,3,occurs_in_speaker_text
1733,5677,1,occurs_in_speaker_text
58,5677,1,occurs_in_speaker_text
492,5677,1,occurs_in_speaker_text
4780,5677,1,occurs_in_speaker_text
4878,5677,2,occurs_in_speaker_text
942,5677,2,occurs_in_speaker_text
1232,5677,2,occurs_in_speaker_text
4103,5677,1,occurs_in_speaker_text
1041,5677,1,occurs_in_speaker_text
1384,5677,2,occurs_in_speaker_text
162,5677,1,occurs_in_speaker_text
2024,5677,1,occurs_in_speaker_text
3850,5677,2,occurs_in_speaker_text
4814,5677,1,occurs_in_speaker_text
4091,5677,2,occurs_in_speaker_text
765,5677,1,occurs_in_speaker_text
3148,5677,1,occurs_in_speaker_text
465,5677,1,occurs_in_speaker_text
3232,5677,1,occurs_in_speaker_text
3709,5677,1,occurs_in_speaker_text
3941,5677,1,occurs_in_speaker_text
4576,5677,1,occurs_in_speaker_text
99,5677,1,occurs_in_speaker_text
1144,5677,1,occurs_in_speaker_text
376,5677,1,occurs_in_speaker_text
2072,5677,1,occurs_in_speaker_text
2761,5677,1,occurs_in_speaker_text
2720,5677,1,occurs_in_speaker_text
586,5677,1,occurs_in_speaker_text
2462,5677,2,occurs_in_speaker_text
3572,5677,1,occurs_in_speaker_text
2778,5677,1,occurs_in_speaker_text
2750,5677,1,occurs_in_speaker_text
4282,5677,2,occurs_in_speaker_text
2303,5677,1,occurs_in_speaker_text
1640,5677,1,occurs_in_speaker_text
4724,5677,2,occurs_in_speaker_text
1677,5677,1,occurs_in_speaker_text
4003,5677,1,occurs_in_speaker_text
3099,5677,1,occurs_in_speaker_text
1219,5677,1,occurs_in_speaker_text
4798,5677,1,occurs_in_speaker_text
1408,5677,1,occurs_in_speaker_text
78,5677,1,occurs_in_speaker_text
3099,5678,2,occurs_in_speaker_text
2554,5678,3,occurs_in_speaker_text
3674,5678,2,occurs_in_speaker_text
987,5678,2,occurs_in_speaker_text
1509,5678,1,occurs_in_speaker_text
2935,5678,2,occurs_in_speaker_text
3865,5678,1,occurs_in_speaker_text
4934,5678,2,occurs_in_speaker_text
2214,5678,1,occurs_in_speaker_text
4003,5678,3,occurs_in_speaker_text
3148,5678,1,occurs_in_speaker_text
1739,5678,2,occurs_in_speaker_text
2910,5678,2,occurs_in_speaker_text
3562,5678,2,occurs_in_speaker_text
1437,5678,2,occurs_in_speaker_text
4593,5678,2,occurs_in_speaker_text
1611,5678,195,occurs_in_speaker_text
650,5678,1,occurs_in_speaker_text
719,5678,9,occurs_in_speaker_text
1331,5678,1,occurs_in_speaker_text
4066,5678,1,occurs_in_speaker_text
234,5678,2,occurs_in_speaker_text
1243,5678,1,occurs_in_speaker_text
2483,5678,1,occurs_in_speaker_text
1999,5678,4,occurs_in_speaker_text
2850,5678,1,occurs_in_speaker_text
2323,5678,1,occurs_in_speaker_text
1643,5678,1,occurs_in_speaker_text
1286,5678,2,occurs_in_speaker_text
4018,5679,3,occurs_in_speaker_text
2563,5679,8,occurs_in_speaker_text
4576,5679,1,occurs_in_speaker_text
1536,5679,3,occurs_in_speaker_text
2673,5679,1,occurs_in_speaker_text
2209,5679,1,occurs_in_speaker_text
1748,5679,1,occurs_in_speaker_text
2504,5679,1,occurs_in_speaker_text
415,5679,2,occurs_in_speaker_text
4368,5679,1,occurs_in_speaker_text
2155,5679,1,occurs_in_speaker_text
3185,5679,1,occurs_in_speaker_text
3460,5679,1,occurs_in_speaker_text
1999,5679,1,occurs_in_speaker_text
2623,5680,1,occurs_in_speaker_text
2226,5680,1,occurs_in_speaker_text
2511,5680,1,occurs_in_speaker_text
5045,5680,1,occurs_in_speaker_text
1331,5680,1,occurs_in_speaker_text
1999,5680,2,occurs_in_speaker_text
1254,5680,1,occurs_in_speaker_text
550,5680,1,occurs_in_speaker_text
1431,5680,1,occurs_in_speaker_text
3987,5680,1,occurs_in_speaker_text
4576,5680,1,occurs_in_speaker_text
2445,5680,1,occurs_in_speaker_text
216,5680,1,occurs_in_speaker_text
3150,5681,4,occurs_in_speaker_text
2987,5681,1,occurs_in_speaker_text
2485,5681,5,occurs_in_speaker_text
3526,5681,7,occurs_in_speaker_text
1291,5681,1,occurs_in_speaker_text
4286,5681,2,occurs_in_speaker_text
4878,5681,9,occurs_in_speaker_text
4373,5681,1,occurs_in_speaker_text
1331,5681,6,occurs_in_speaker_text
4622,5681,1,occurs_in_speaker_text
1384,5681,1,occurs_in_speaker_text
4003,5681,4,occurs_in_speaker_text
150,5681,1,occurs_in_speaker_text
1444,5681,1,occurs_in_speaker_text
4683,5681,1,occurs_in_speaker_text
2910,5681,1,occurs_in_speaker_text
1687,5681,4,occurs_in_speaker_text
3577,5681,1,occurs_in_speaker_text
3107,5681,1,occurs_in_speaker_text
2240,5681,2,occurs_in_speaker_text
162,5681,1,occurs_in_speaker_text
114,5681,1,occurs_in_speaker_text
4398,5681,11,occurs_in_speaker_text
2777,5681,1,occurs_in_speaker_text
1999,5681,14,occurs_in_speaker_text
3616,5681,1,occurs_in_speaker_text
3864,5681,1,occurs_in_speaker_text
5077,5681,2,occurs_in_speaker_text
4724,5681,1,occurs_in_speaker_text
1431,5681,2,occurs_in_speaker_text
4933,5681,1,occurs_in_speaker_text
1144,5681,1,occurs_in_speaker_text
2776,5681,1,occurs_in_speaker_text
3021,5681,1,occurs_in_speaker_text
3099,5681,5,occurs_in_speaker_text
3474,5681,2,occurs_in_speaker_text
3635,5681,1,occurs_in_speaker_text
2567,5681,1,occurs_in_speaker_text
4040,5681,1,occurs_in_speaker_text
3724,5681,2,occurs_in_speaker_text
1887,5681,1,occurs_in_speaker_text
1695,5681,1,occurs_in_speaker_text
5056,5681,4,occurs_in_speaker_text
863,5681,3,occurs_in_speaker_text
2574,5681,2,occurs_in_speaker_text
629,5681,1,occurs_in_speaker_text
4119,5681,4,occurs_in_speaker_text
222,5681,1,occurs_in_speaker_text
4798,5681,3,occurs_in_speaker_text
4209,5681,1,occurs_in_speaker_text
4325,5681,1,occurs_in_speaker_text
2904,5681,1,occurs_in_speaker_text
275,5681,2,occurs_in_speaker_text
877,5681,2,occurs_in_speaker_text
4229,5681,1,occurs_in_speaker_text
1536,5681,2,occurs_in_speaker_text
4140,5681,1,occurs_in_speaker_text
2629,5681,1,occurs_in_speaker_text
3919,5681,1,occurs_in_speaker_text
3389,5681,1,occurs_in_speaker_text
234,5681,1,occurs_in_speaker_text
2660,5681,2,occurs_in_speaker_text
1787,5681,2,occurs_in_speaker_text
239,5681,1,occurs_in_speaker_text
1768,5681,1,occurs_in_speaker_text
2521,5681,1,occurs_in_speaker_text
1640,5681,1,occurs_in_speaker_text
1388,5681,1,occurs_in_speaker_text
3652,5681,1,occurs_in_speaker_text
1121,5681,1,occurs_in_speaker_text
3093,5681,1,occurs_in_speaker_text
2485,5682,4,occurs_in_speaker_text
2329,5682,2,occurs_in_speaker_text
3255,5682,1,occurs_in_speaker_text
1768,5682,1,occurs_in_speaker_text
1431,5682,1,occurs_in_speaker_text
4622,5682,1,occurs_in_speaker_text
2972,5682,3,occurs_in_speaker_text
2750,5682,3,occurs_in_speaker_text
4398,5683,48,occurs_in_speaker_text
216,5683,1,occurs_in_speaker_text
4576,5683,3,occurs_in_speaker_text
1472,5683,1,occurs_in_speaker_text
1431,5683,1,occurs_in_speaker_text
2478,5683,1,occurs_in_speaker_text
1252,5683,1,occurs_in_speaker_text
872,5683,1,occurs_in_speaker_text
3526,5683,1,occurs_in_speaker_text
1510,5683,1,occurs_in_speaker_text
3099,5683,1,occurs_in_speaker_text
239,5683,1,occurs_in_speaker_text
139,5683,1,occurs_in_speaker_text
1714,5683,1,occurs_in_speaker_text
4124,5683,1,occurs_in_speaker_text
507,5683,1,occurs_in_speaker_text
893,5683,1,occurs_in_speaker_text
4143,5683,1,occurs_in_speaker_text
3333,5683,1,occurs_in_speaker_text
2773,5683,2,occurs_in_speaker_text
97,5683,1,occurs_in_speaker_text
4003,5683,5,occurs_in_speaker_text
150,5683,1,occurs_in_speaker_text
3740,5683,1,occurs_in_speaker_text
1725,5683,1,occurs_in_speaker_text
4434,5683,3,occurs_in_speaker_text
1628,5683,1,occurs_in_speaker_text
3391,5683,1,occurs_in_speaker_text
263,5683,1,occurs_in_speaker_text
1637,5683,1,occurs_in_speaker_text
2065,5683,1,occurs_in_speaker_text
2485,5683,3,occurs_in_speaker_text
1999,5683,1,occurs_in_speaker_text
5027,5683,1,occurs_in_speaker_text
1243,5684,1,occurs_in_speaker_text
4576,5684,1,occurs_in_speaker_text
4724,5684,3,occurs_in_speaker_text
5045,5684,1,occurs_in_speaker_text
2060,5684,1,occurs_in_speaker_text
2983,5684,1,occurs_in_speaker_text
4229,5684,1,occurs_in_speaker_text
3028,5684,1,occurs_in_speaker_text
2910,5684,2,occurs_in_speaker_text
4224,5684,1,occurs_in_speaker_text
2865,5684,1,occurs_in_speaker_text
3526,5684,1,occurs_in_speaker_text
829,5684,2,occurs_in_speaker_text
3087,5684,1,occurs_in_speaker_text
131,5684,3,occurs_in_speaker_text
2798,5684,1,occurs_in_speaker_text
3111,5684,1,occurs_in_speaker_text
3537,5684,1,occurs_in_speaker_text
811,5684,1,occurs_in_speaker_text
3341,5684,1,occurs_in_speaker_text
2485,5684,2,occurs_in_speaker_text
2554,5684,1,occurs_in_speaker_text
234,5684,1,occurs_in_speaker_text
3584,5684,1,occurs_in_speaker_text
1725,5684,1,occurs_in_speaker_text
4003,5684,1,occurs_in_speaker_text
1522,5684,1,occurs_in_speaker_text
811,5685,1,occurs_in_speaker_text
4003,5685,3,occurs_in_speaker_text
4348,5685,1,occurs_in_speaker_text
2629,5685,1,occurs_in_speaker_text
3500,5685,4,occurs_in_speaker_text
3341,5685,1,occurs_in_speaker_text
942,5685,1,occurs_in_speaker_text
2778,5685,1,occurs_in_speaker_text
1665,5685,1,occurs_in_speaker_text
3417,5685,1,occurs_in_speaker_text
2935,5685,1,occurs_in_speaker_text
2972,5685,1,occurs_in_speaker_text
3130,5685,1,occurs_in_speaker_text
4228,5685,1,occurs_in_speaker_text
238,5685,1,occurs_in_speaker_text
1331,5685,1,occurs_in_speaker_text
4223,5685,1,occurs_in_speaker_text
2141,5685,1,occurs_in_speaker_text
3635,5685,2,occurs_in_speaker_text
2750,5685,4,occurs_in_speaker_text
2485,5687,2,occurs_in_speaker_text
4435,5687,1,occurs_in_speaker_text
25,5687,4,occurs_in_speaker_text
1386,5687,1,occurs_in_speaker_text
4119,5687,1,occurs_in_speaker_text
1331,5687,1,occurs_in_speaker_text
1144,5687,5,occurs_in_speaker_text
3010,5687,5,occurs_in_speaker_text
4855,5687,1,occurs_in_speaker_text
1899,5687,2,occurs_in_speaker_text
423,5687,1,occurs_in_speaker_text
2102,5687,1,occurs_in_speaker_text
4815,5687,1,occurs_in_speaker_text
3230,5687,1,occurs_in_speaker_text
2910,5687,3,occurs_in_speaker_text
4271,5687,2,occurs_in_speaker_text
308,5687,1,occurs_in_speaker_text
4003,5687,1,occurs_in_speaker_text
4576,5687,1,occurs_in_speaker_text
1687,5687,1,occurs_in_speaker_text
3562,5687,1,occurs_in_speaker_text
3635,5687,1,occurs_in_speaker_text
3717,5687,2,occurs_in_speaker_text
1954,5687,2,occurs_in_speaker_text
3054,5687,1,occurs_in_speaker_text
2122,5687,1,occurs_in_speaker_text
1677,5687,1,occurs_in_speaker_text
3341,5687,1,occurs_in_speaker_text
1431,5687,2,occurs_in_speaker_text
2787,5687,1,occurs_in_speaker_text
4729,5687,1,occurs_in_speaker_text
35,5687,1,occurs_in_speaker_text
811,5687,3,occurs_in_speaker_text
1464,5687,1,occurs_in_speaker_text
2216,5687,1,occurs_in_speaker_text
2554,5688,3,occurs_in_speaker_text
281,5688,1,occurs_in_speaker_text
122,5688,1,occurs_in_speaker_text
1603,5688,1,occurs_in_speaker_text
3505,5688,1,occurs_in_speaker_text
5045,5688,2,occurs_in_speaker_text
1725,5688,1,occurs_in_speaker_text
508,5689,1,occurs_in_speaker_text
2162,5689,2,occurs_in_speaker_text
3719,5689,1,occurs_in_speaker_text
2574,5689,1,occurs_in_speaker_text
4398,5689,2,occurs_in_speaker_text
1859,5689,1,occurs_in_speaker_text
3758,5689,1,occurs_in_speaker_text
3776,5689,38,occurs_in_speaker_text
1331,5689,8,occurs_in_speaker_text
1408,5689,4,occurs_in_speaker_text
2671,5689,1,occurs_in_speaker_text
2478,5689,7,occurs_in_speaker_text
1536,5689,2,occurs_in_speaker_text
4878,5689,1,occurs_in_speaker_text
3254,5689,1,occurs_in_speaker_text
5056,5689,4,occurs_in_speaker_text
1732,5689,1,occurs_in_speaker_text
578,5689,4,occurs_in_speaker_text
3292,5689,1,occurs_in_speaker_text
433,5689,2,occurs_in_speaker_text
2464,5689,1,occurs_in_speaker_text
4003,5689,5,occurs_in_speaker_text
2854,5689,1,occurs_in_speaker_text
2858,5689,1,occurs_in_speaker_text
4651,5689,1,occurs_in_speaker_text
776,5689,1,occurs_in_speaker_text
4066,5689,1,occurs_in_speaker_text
3602,5689,1,occurs_in_speaker_text
3538,5689,1,occurs_in_speaker_text
3441,5689,1,occurs_in_speaker_text
870,5689,1,occurs_in_speaker_text
2972,5689,1,occurs_in_speaker_text
1509,5689,1,occurs_in_speaker_text
308,5689,1,occurs_in_speaker_text
451,5689,1,occurs_in_speaker_text
133,5689,1,occurs_in_speaker_text
1637,5689,1,occurs_in_speaker_text
1439,5689,1,occurs_in_speaker_text
3467,5689,1,occurs_in_speaker_text
3099,5689,1,occurs_in_speaker_text
2461,5690,1,occurs_in_speaker_text
3865,5690,2,occurs_in_speaker_text
942,5690,4,occurs_in_speaker_text
4317,5690,1,occurs_in_speaker_text
389,5690,1,occurs_in_speaker_text
3911,5690,2,occurs_in_speaker_text
1999,5690,1,occurs_in_speaker_text
103,5690,1,occurs_in_speaker_text
4849,5690,2,occurs_in_speaker_text
2870,5690,1,occurs_in_speaker_text
4899,5690,1,occurs_in_speaker_text
139,5690,1,occurs_in_speaker_text
4325,5690,1,occurs_in_speaker_text
3292,5690,1,occurs_in_speaker_text
2973,5690,1,occurs_in_speaker_text
4504,5691,1,occurs_in_speaker_text
3724,5691,1,occurs_in_speaker_text
3428,5691,1,occurs_in_speaker_text
3289,5691,2,occurs_in_speaker_text
5045,5691,1,occurs_in_speaker_text
3940,5691,1,occurs_in_speaker_text
1175,5691,1,occurs_in_speaker_text
572,5691,1,occurs_in_speaker_text
3707,5691,1,occurs_in_speaker_text
1431,5691,1,occurs_in_speaker_text
5043,5691,1,occurs_in_speaker_text
389,5692,1,occurs_in_speaker_text
2935,5692,1,occurs_in_speaker_text
1331,5692,2,occurs_in_speaker_text
4368,5692,1,occurs_in_speaker_text
2750,5692,1,occurs_in_speaker_text
4119,5692,1,occurs_in_speaker_text
2511,5692,1,occurs_in_speaker_text
3099,5692,1,occurs_in_speaker_text
863,5692,1,occurs_in_speaker_text
2485,5692,1,occurs_in_speaker_text
1332,5692,1,occurs_in_speaker_text
942,5692,1,occurs_in_speaker_text
2629,5692,1,occurs_in_speaker_text
308,5692,1,occurs_in_speaker_text
802,5693,8,occurs_in_speaker_text
5045,5693,1,occurs_in_speaker_text
3192,5693,1,occurs_in_speaker_text
1870,5693,1,occurs_in_speaker_text
1608,5693,1,occurs_in_speaker_text
4563,5694,1,occurs_in_speaker_text
248,5694,1,occurs_in_speaker_text
893,5694,3,occurs_in_speaker_text
1718,5694,1,occurs_in_speaker_text
3756,5694,7,occurs_in_speaker_text
586,5694,11,occurs_in_speaker_text
1552,5694,1,occurs_in_speaker_text
1859,5694,1,occurs_in_speaker_text
2773,5694,1,occurs_in_speaker_text
3911,5694,5,occurs_in_speaker_text
3912,5694,1,occurs_in_speaker_text
1232,5694,1,occurs_in_speaker_text
4003,5694,5,occurs_in_speaker_text
4397,5694,1,occurs_in_speaker_text
3650,5694,1,occurs_in_speaker_text
3576,5694,1,occurs_in_speaker_text
2987,5694,1,occurs_in_speaker_text
1177,5694,1,occurs_in_speaker_text
275,5694,1,occurs_in_speaker_text
290,5694,1,occurs_in_speaker_text
3490,5694,3,occurs_in_speaker_text
3107,5694,2,occurs_in_speaker_text
1999,5694,2,occurs_in_speaker_text
5037,5694,1,occurs_in_speaker_text
3010,5694,1,occurs_in_speaker_text
3111,5694,1,occurs_in_speaker_text
81,5694,1,occurs_in_speaker_text
4191,5694,1,occurs_in_speaker_text
2590,5695,1,occurs_in_speaker_text
3099,5695,1,occurs_in_speaker_text
1640,5695,2,occurs_in_speaker_text
4282,5695,1,occurs_in_speaker_text
2750,5695,2,occurs_in_speaker_text
1467,5695,1,occurs_in_speaker_text
2245,5695,1,occurs_in_speaker_text
3099,5697,1,occurs_in_speaker_text
2169,5697,1,occurs_in_speaker_text
4003,5697,2,occurs_in_speaker_text
3010,5697,1,occurs_in_speaker_text
1633,5697,1,occurs_in_speaker_text
308,5697,1,occurs_in_speaker_text
275,5697,1,occurs_in_speaker_text
1536,5697,1,occurs_in_speaker_text
2750,5697,1,occurs_in_speaker_text
685,5697,2,occurs_in_speaker_text
1994,5697,1,occurs_in_speaker_text
3904,5697,1,occurs_in_speaker_text
3717,5697,1,occurs_in_speaker_text
205,5697,1,occurs_in_speaker_text
2567,5697,1,occurs_in_speaker_text
811,5697,2,occurs_in_speaker_text
2574,5697,1,occurs_in_speaker_text
3150,5697,1,occurs_in_speaker_text
2289,5697,1,occurs_in_speaker_text
2256,5697,1,occurs_in_speaker_text
4115,5697,6,occurs_in_speaker_text
1714,5697,1,occurs_in_speaker_text
1331,5697,1,occurs_in_speaker_text
3204,5697,1,occurs_in_speaker_text
5077,5697,1,occurs_in_speaker_text
2013,5697,1,occurs_in_speaker_text
1677,5698,1,occurs_in_speaker_text
3635,5698,3,occurs_in_speaker_text
1317,5698,1,occurs_in_speaker_text
2485,5698,3,occurs_in_speaker_text
4409,5698,1,occurs_in_speaker_text
1802,5698,27,occurs_in_speaker_text
1544,5698,4,occurs_in_speaker_text
3562,5698,1,occurs_in_speaker_text
4003,5698,1,occurs_in_speaker_text
3713,5698,1,occurs_in_speaker_text
4599,5698,1,occurs_in_speaker_text
586,5698,1,occurs_in_speaker_text
4553,5698,1,occurs_in_speaker_text
234,5698,3,occurs_in_speaker_text
4905,5698,1,occurs_in_speaker_text
146,5698,1,occurs_in_speaker_text
4150,5698,1,occurs_in_speaker_text
3724,5698,1,occurs_in_speaker_text
275,5698,1,occurs_in_speaker_text
1860,5698,1,occurs_in_speaker_text
1331,5698,2,occurs_in_speaker_text
1057,5698,4,occurs_in_speaker_text
507,5698,3,occurs_in_speaker_text
2983,5698,1,occurs_in_speaker_text
162,5698,1,occurs_in_speaker_text
3771,5698,1,occurs_in_speaker_text
4669,5698,1,occurs_in_speaker_text
3614,5698,1,occurs_in_speaker_text
2063,5698,1,occurs_in_speaker_text
942,5698,1,occurs_in_speaker_text
1091,5698,1,occurs_in_speaker_text
5077,5698,1,occurs_in_speaker_text
766,5698,1,occurs_in_speaker_text
1517,5698,1,occurs_in_speaker_text
2750,5698,1,occurs_in_speaker_text
4835,5698,1,occurs_in_speaker_text
3088,5698,1,occurs_in_speaker_text
3679,5698,1,occurs_in_speaker_text
2458,5698,1,occurs_in_speaker_text
696,5698,1,occurs_in_speaker_text
2672,5698,1,occurs_in_speaker_text
4368,5698,1,occurs_in_speaker_text
243,5698,1,occurs_in_speaker_text
963,5699,1,occurs_in_speaker_text
80,5699,4,occurs_in_speaker_text
4576,5699,1,occurs_in_speaker_text
2485,5699,1,occurs_in_speaker_text
4181,5699,1,occurs_in_speaker_text
2983,5699,1,occurs_in_speaker_text
586,5699,2,occurs_in_speaker_text
2673,5699,1,occurs_in_speaker_text
2461,5699,2,occurs_in_speaker_text
162,5699,1,occurs_in_speaker_text
4261,5699,1,occurs_in_speaker_text
4225,5699,2,occurs_in_speaker_text
4003,5699,2,occurs_in_speaker_text
1408,5699,1,occurs_in_speaker_text
2929,5699,1,occurs_in_speaker_text
103,5699,1,occurs_in_speaker_text
857,5699,2,occurs_in_speaker_text
757,5699,1,occurs_in_speaker_text
275,5699,2,occurs_in_speaker_text
3635,5699,5,occurs_in_speaker_text
760,5699,1,occurs_in_speaker_text
1725,5699,2,occurs_in_speaker_text
3903,5699,1,occurs_in_speaker_text
3679,5699,1,occurs_in_speaker_text
4286,5699,1,occurs_in_speaker_text
3114,5699,1,occurs_in_speaker_text
3099,5699,1,occurs_in_speaker_text
3688,5699,1,occurs_in_speaker_text
2567,5699,1,occurs_in_speaker_text
3789,5699,1,occurs_in_speaker_text
366,5699,1,occurs_in_speaker_text
1331,5699,1,occurs_in_speaker_text
4724,5699,1,occurs_in_speaker_text
696,5699,1,occurs_in_speaker_text
350,5699,1,occurs_in_speaker_text
3890,5699,1,occurs_in_speaker_text
4327,5699,1,occurs_in_speaker_text
4368,5699,1,occurs_in_speaker_text
4330,5699,1,occurs_in_speaker_text
942,5699,1,occurs_in_speaker_text
1515,5699,1,occurs_in_speaker_text
3584,5699,1,occurs_in_speaker_text
219,5699,1,occurs_in_speaker_text
2555,5699,1,occurs_in_speaker_text
2083,5699,1,occurs_in_speaker_text
4345,5699,1,occurs_in_speaker_text
4135,5699,1,occurs_in_speaker_text
1216,5699,1,occurs_in_speaker_text
171,5699,1,occurs_in_speaker_text
629,5699,1,occurs_in_speaker_text
1687,5699,1,occurs_in_speaker_text
4795,5699,1,occurs_in_speaker_text
811,5699,1,occurs_in_speaker_text
1217,5699,1,occurs_in_speaker_text
2629,5699,1,occurs_in_speaker_text
1574,5699,1,occurs_in_speaker_text
1144,5700,3,occurs_in_speaker_text
4097,5700,1,occurs_in_speaker_text
4724,5700,13,occurs_in_speaker_text
495,5700,1,occurs_in_speaker_text
1444,5700,1,occurs_in_speaker_text
2485,5700,3,occurs_in_speaker_text
3526,5700,2,occurs_in_speaker_text
4378,5700,1,occurs_in_speaker_text
4737,5700,1,occurs_in_speaker_text
3411,5700,1,occurs_in_speaker_text
1419,5700,1,occurs_in_speaker_text
4576,5700,1,occurs_in_speaker_text
2919,5700,1,occurs_in_speaker_text
4105,5700,4,occurs_in_speaker_text
4878,5700,2,occurs_in_speaker_text
3688,5700,1,occurs_in_speaker_text
1372,5700,1,occurs_in_speaker_text
1431,5700,2,occurs_in_speaker_text
3116,5700,1,occurs_in_speaker_text
2898,5700,2,occurs_in_speaker_text
3904,5700,1,occurs_in_speaker_text
4003,5700,4,occurs_in_speaker_text
4876,5700,1,occurs_in_speaker_text
2574,5700,2,occurs_in_speaker_text
942,5700,1,occurs_in_speaker_text
4400,5700,1,occurs_in_speaker_text
3500,5700,1,occurs_in_speaker_text
4168,5700,1,occurs_in_speaker_text
4580,5700,1,occurs_in_speaker_text
2972,5700,1,occurs_in_speaker_text
3691,5700,1,occurs_in_speaker_text
4261,5700,1,occurs_in_speaker_text
5045,5700,1,occurs_in_speaker_text
2209,5701,12,occurs_in_speaker_text
1954,5701,7,occurs_in_speaker_text
1687,5701,7,occurs_in_speaker_text
2627,5701,1,occurs_in_speaker_text
1999,5701,2,occurs_in_speaker_text
243,5701,2,occurs_in_speaker_text
1459,5701,1,occurs_in_speaker_text
2485,5702,5,occurs_in_speaker_text
464,5702,2,occurs_in_speaker_text
3526,5702,12,occurs_in_speaker_text
1999,5702,10,occurs_in_speaker_text
3904,5702,2,occurs_in_speaker_text
5077,5702,1,occurs_in_speaker_text
1331,5702,6,occurs_in_speaker_text
2289,5702,1,occurs_in_speaker_text
4282,5702,1,occurs_in_speaker_text
2910,5702,1,occurs_in_speaker_text
1714,5702,1,occurs_in_speaker_text
4261,5702,1,occurs_in_speaker_text
1931,5702,1,occurs_in_speaker_text
3107,5702,1,occurs_in_speaker_text
4003,5702,4,occurs_in_speaker_text
1431,5702,3,occurs_in_speaker_text
3099,5702,4,occurs_in_speaker_text
1640,5702,2,occurs_in_speaker_text
1144,5702,3,occurs_in_speaker_text
3767,5702,1,occurs_in_speaker_text
2795,5702,1,occurs_in_speaker_text
2278,5702,1,occurs_in_speaker_text
2312,5702,1,occurs_in_speaker_text
1677,5702,1,occurs_in_speaker_text
1490,5702,2,occurs_in_speaker_text
2155,5702,1,occurs_in_speaker_text
1391,5702,1,occurs_in_speaker_text
2632,5702,1,occurs_in_speaker_text
2571,5702,1,occurs_in_speaker_text
2660,5702,2,occurs_in_speaker_text
3811,5702,2,occurs_in_speaker_text
3635,5702,1,occurs_in_speaker_text
1637,5702,4,occurs_in_speaker_text
1725,5702,3,occurs_in_speaker_text
4878,5702,5,occurs_in_speaker_text
2072,5702,1,occurs_in_speaker_text
313,5702,1,occurs_in_speaker_text
1972,5702,1,occurs_in_speaker_text
2574,5702,5,occurs_in_speaker_text
234,5702,1,occurs_in_speaker_text
3010,5702,2,occurs_in_speaker_text
162,5702,1,occurs_in_speaker_text
1192,5702,1,occurs_in_speaker_text
1203,5702,1,occurs_in_speaker_text
4398,5702,1,occurs_in_speaker_text
1024,5702,1,occurs_in_speaker_text
1141,5702,1,occurs_in_speaker_text
4209,5702,1,occurs_in_speaker_text
1115,5702,1,occurs_in_speaker_text
870,5702,1,occurs_in_speaker_text
4974,5702,1,occurs_in_speaker_text
2870,5702,1,occurs_in_speaker_text
4091,5702,1,occurs_in_speaker_text
966,5702,3,occurs_in_speaker_text
1215,5702,1,occurs_in_speaker_text
3323,5702,3,occurs_in_speaker_text
4887,5702,1,occurs_in_speaker_text
3500,5702,2,occurs_in_speaker_text
1768,5702,1,occurs_in_speaker_text
500,5702,1,occurs_in_speaker_text
1787,5702,2,occurs_in_speaker_text
4119,5702,1,occurs_in_speaker_text
1204,5703,1,occurs_in_speaker_text
5045,5703,5,occurs_in_speaker_text
2485,5703,4,occurs_in_speaker_text
1587,5703,1,occurs_in_speaker_text
740,5703,2,occurs_in_speaker_text
863,5703,2,occurs_in_speaker_text
4724,5703,48,occurs_in_speaker_text
592,5703,1,occurs_in_speaker_text
3018,5703,1,occurs_in_speaker_text
1496,5703,1,occurs_in_speaker_text
793,5703,1,occurs_in_speaker_text
4208,5703,1,occurs_in_speaker_text
3323,5703,1,occurs_in_speaker_text
2286,5703,1,occurs_in_speaker_text
629,5703,1,occurs_in_speaker_text
1999,5703,5,occurs_in_speaker_text
4695,5703,1,occurs_in_speaker_text
1536,5703,1,occurs_in_speaker_text
4847,5703,2,occurs_in_speaker_text
2375,5703,1,occurs_in_speaker_text
480,5703,1,occurs_in_speaker_text
389,5703,3,occurs_in_speaker_text
1232,5703,1,occurs_in_speaker_text
2824,5703,2,occurs_in_speaker_text
2166,5703,1,occurs_in_speaker_text
4003,5703,5,occurs_in_speaker_text
2320,5703,1,occurs_in_speaker_text
4143,5703,2,occurs_in_speaker_text
4859,5703,1,occurs_in_speaker_text
1459,5703,2,occurs_in_speaker_text
3282,5703,1,occurs_in_speaker_text
533,5703,1,occurs_in_speaker_text
3347,5703,1,occurs_in_speaker_text
1640,5703,1,occurs_in_speaker_text
4468,5703,1,occurs_in_speaker_text
4271,5703,1,occurs_in_speaker_text
161,5703,1,occurs_in_speaker_text
1839,5703,1,occurs_in_speaker_text
4097,5703,1,occurs_in_speaker_text
2233,5703,1,occurs_in_speaker_text
4398,5703,1,occurs_in_speaker_text
851,5703,1,occurs_in_speaker_text
1456,5703,1,occurs_in_speaker_text
4576,5703,3,occurs_in_speaker_text
3688,5703,1,occurs_in_speaker_text
1331,5703,1,occurs_in_speaker_text
1384,5703,1,occurs_in_speaker_text
2987,5703,2,occurs_in_speaker_text
4142,5703,1,occurs_in_speaker_text
1714,5703,1,occurs_in_speaker_text
4040,5703,1,occurs_in_speaker_text
3735,5703,2,occurs_in_speaker_text
4353,5703,1,occurs_in_speaker_text
17,5703,1,occurs_in_speaker_text
3274,5703,1,occurs_in_speaker_text
3526,5703,2,occurs_in_speaker_text
464,5703,1,occurs_in_speaker_text
2462,5703,1,occurs_in_speaker_text
3867,5703,4,occurs_in_speaker_text
3541,5703,1,occurs_in_speaker_text
3099,5703,1,occurs_in_speaker_text
4194,5703,1,occurs_in_speaker_text
5072,5703,1,occurs_in_speaker_text
1584,5703,1,occurs_in_speaker_text
4876,5703,2,occurs_in_speaker_text
709,5703,1,occurs_in_speaker_text
1174,5703,1,occurs_in_speaker_text
4286,5703,1,occurs_in_speaker_text
3721,5703,1,occurs_in_speaker_text
222,5703,1,occurs_in_speaker_text
4119,5703,1,occurs_in_speaker_text
5040,5703,1,occurs_in_speaker_text
2289,5703,1,occurs_in_speaker_text
4358,5703,1,occurs_in_speaker_text
696,5703,4,occurs_in_speaker_text
1639,5703,1,occurs_in_speaker_text
1628,5703,1,occurs_in_speaker_text
2870,5703,1,occurs_in_speaker_text
4261,5703,1,occurs_in_speaker_text
443,5703,1,occurs_in_speaker_text
3956,5703,1,occurs_in_speaker_text
1144,5703,1,occurs_in_speaker_text
4331,5703,1,occurs_in_speaker_text
1431,5703,2,occurs_in_speaker_text
4183,5703,1,occurs_in_speaker_text
2104,5704,1,occurs_in_speaker_text
1997,5704,1,occurs_in_speaker_text
2469,5704,1,occurs_in_speaker_text
71,5704,2,occurs_in_speaker_text
2354,5704,1,occurs_in_speaker_text
2660,5704,5,occurs_in_speaker_text
3640,5704,1,occurs_in_speaker_text
1108,5704,1,occurs_in_speaker_text
1922,5704,1,occurs_in_speaker_text
2392,5704,1,occurs_in_speaker_text
1626,5704,1,occurs_in_speaker_text
1840,5704,1,occurs_in_speaker_text
1103,5704,1,occurs_in_speaker_text
3942,5704,1,occurs_in_speaker_text
1989,5704,1,occurs_in_speaker_text
1330,5704,1,occurs_in_speaker_text
3549,5704,1,occurs_in_speaker_text
1905,5704,1,occurs_in_speaker_text
895,5704,1,occurs_in_speaker_text
3000,5704,1,occurs_in_speaker_text
3406,5704,1,occurs_in_speaker_text
2066,5704,1,occurs_in_speaker_text
2093,5704,1,occurs_in_speaker_text
1859,5704,1,occurs_in_speaker_text
4119,5704,2,occurs_in_speaker_text
4887,5704,2,occurs_in_speaker_text
620,5704,1,occurs_in_speaker_text
942,5704,1,occurs_in_speaker_text
629,5704,1,occurs_in_speaker_text
507,5704,1,occurs_in_speaker_text
1766,5704,1,occurs_in_speaker_text
1503,5704,1,occurs_in_speaker_text
3292,5704,1,occurs_in_speaker_text
2194,5704,1,occurs_in_speaker_text
2720,5704,1,occurs_in_speaker_text
3517,5704,1,occurs_in_speaker_text
1331,5704,1,occurs_in_speaker_text
1637,5704,1,occurs_in_speaker_text
1146,5704,1,occurs_in_speaker_text
2014,5704,1,occurs_in_speaker_text
4835,5705,1,occurs_in_speaker_text
2445,5705,2,occurs_in_speaker_text
5004,5705,1,occurs_in_speaker_text
1431,5705,1,occurs_in_speaker_text
154,5705,1,occurs_in_speaker_text
2049,5705,1,occurs_in_speaker_text
4003,5705,1,occurs_in_speaker_text
942,5705,1,occurs_in_speaker_text
3681,5705,1,occurs_in_speaker_text
811,5705,3,occurs_in_speaker_text
3635,5705,2,occurs_in_speaker_text
1536,5705,1,occurs_in_speaker_text
2485,5705,1,occurs_in_speaker_text
4883,5705,1,occurs_in_speaker_text
2079,5705,3,occurs_in_speaker_text
2298,5705,1,occurs_in_speaker_text
2753,5705,1,occurs_in_speaker_text
4116,5705,1,occurs_in_speaker_text
3556,5705,2,occurs_in_speaker_text
4955,5705,1,occurs_in_speaker_text
3740,5705,1,occurs_in_speaker_text
4368,5706,1,occurs_in_speaker_text
2289,5706,1,occurs_in_speaker_text
2466,5706,1,occurs_in_speaker_text
533,5707,1,occurs_in_speaker_text
2,5707,1,occurs_in_speaker_text
2485,5707,6,occurs_in_speaker_text
3284,5707,1,occurs_in_speaker_text
1331,5707,3,occurs_in_speaker_text
1999,5707,4,occurs_in_speaker_text
3228,5707,4,occurs_in_speaker_text
3311,5707,1,occurs_in_speaker_text
2002,5707,1,occurs_in_speaker_text
1289,5707,1,occurs_in_speaker_text
1640,5707,2,occurs_in_speaker_text
1041,5707,3,occurs_in_speaker_text
275,5707,1,occurs_in_speaker_text
1714,5707,1,occurs_in_speaker_text
825,5707,9,occurs_in_speaker_text
234,5707,1,occurs_in_speaker_text
811,5707,2,occurs_in_speaker_text
2105,5707,2,occurs_in_speaker_text
4299,5707,1,occurs_in_speaker_text
2721,5707,1,occurs_in_speaker_text
2574,5707,1,occurs_in_speaker_text
4283,5707,1,occurs_in_speaker_text
2773,5707,1,occurs_in_speaker_text
385,5707,1,occurs_in_speaker_text
4576,5707,3,occurs_in_speaker_text
4003,5707,6,occurs_in_speaker_text
243,5707,1,occurs_in_speaker_text
942,5707,1,occurs_in_speaker_text
944,5707,1,occurs_in_speaker_text
5045,5707,1,occurs_in_speaker_text
3211,5707,1,occurs_in_speaker_text
2162,5707,1,occurs_in_speaker_text
1870,5707,1,occurs_in_speaker_text
1859,5707,2,occurs_in_speaker_text
4815,5707,1,occurs_in_speaker_text
1024,5707,1,occurs_in_speaker_text
1384,5707,1,occurs_in_speaker_text
3258,5707,1,occurs_in_speaker_text
1144,5707,1,occurs_in_speaker_text
863,5707,1,occurs_in_speaker_text
3814,5707,1,occurs_in_speaker_text
4097,5707,1,occurs_in_speaker_text
4228,5707,1,occurs_in_speaker_text
2289,5707,1,occurs_in_speaker_text
957,5707,2,occurs_in_speaker_text
4780,5707,1,occurs_in_speaker_text
1677,5707,1,occurs_in_speaker_text
4887,5707,1,occurs_in_speaker_text
1547,5707,1,occurs_in_speaker_text
3099,5707,3,occurs_in_speaker_text
3635,5707,3,occurs_in_speaker_text
2312,5707,1,occurs_in_speaker_text
4184,5707,1,occurs_in_speaker_text
2640,5707,1,occurs_in_speaker_text
4219,5707,1,occurs_in_speaker_text
2813,5707,1,occurs_in_speaker_text
4143,5707,1,occurs_in_speaker_text
3526,5708,1,occurs_in_speaker_text
376,5708,1,occurs_in_speaker_text
4003,5708,1,occurs_in_speaker_text
1331,5708,1,occurs_in_speaker_text
3236,5708,1,occurs_in_speaker_text
3230,5708,1,occurs_in_speaker_text
2310,5708,1,occurs_in_speaker_text
3635,5708,1,occurs_in_speaker_text
3506,5708,1,occurs_in_speaker_text
2667,5708,1,occurs_in_speaker_text
2485,5708,8,occurs_in_speaker_text
2556,5708,1,occurs_in_speaker_text
1157,5708,1,occurs_in_speaker_text
234,5708,1,occurs_in_speaker_text
5077,5708,1,occurs_in_speaker_text
3099,5708,1,occurs_in_speaker_text
1999,5708,1,occurs_in_speaker_text
3174,5709,1,occurs_in_speaker_text
4119,5709,2,occurs_in_speaker_text
3538,5709,1,occurs_in_speaker_text
4398,5709,1,occurs_in_speaker_text
4286,5709,1,occurs_in_speaker_text
3526,5709,1,occurs_in_speaker_text
243,5710,1,occurs_in_speaker_text
1677,5710,1,occurs_in_speaker_text
2645,5710,2,occurs_in_speaker_text
2574,5710,1,occurs_in_speaker_text
811,5710,4,occurs_in_speaker_text
1602,5710,1,occurs_in_speaker_text
4353,5710,1,occurs_in_speaker_text
32,5710,1,occurs_in_speaker_text
2465,5710,1,occurs_in_speaker_text
3805,5710,1,occurs_in_speaker_text
2538,5710,1,occurs_in_speaker_text
2629,5710,2,occurs_in_speaker_text
3099,5710,2,occurs_in_speaker_text
1431,5710,8,occurs_in_speaker_text
1940,5710,1,occurs_in_speaker_text
2485,5710,1,occurs_in_speaker_text
236,5710,1,occurs_in_speaker_text
234,5710,5,occurs_in_speaker_text
4124,5710,2,occurs_in_speaker_text
4003,5710,6,occurs_in_speaker_text
2445,5710,1,occurs_in_speaker_text
2461,5710,2,occurs_in_speaker_text
1144,5710,1,occurs_in_speaker_text
3713,5710,3,occurs_in_speaker_text
4051,5710,1,occurs_in_speaker_text
80,5710,1,occurs_in_speaker_text
680,5710,2,occurs_in_speaker_text
1994,5710,1,occurs_in_speaker_text
3323,5710,1,occurs_in_speaker_text
4368,5710,1,occurs_in_speaker_text
2155,5710,1,occurs_in_speaker_text
2281,5710,1,occurs_in_speaker_text
4283,5710,1,occurs_in_speaker_text
1232,5710,2,occurs_in_speaker_text
586,5710,2,occurs_in_speaker_text
4721,5710,1,occurs_in_speaker_text
2632,5710,1,occurs_in_speaker_text
4228,5710,1,occurs_in_speaker_text
3746,5710,1,occurs_in_speaker_text
1231,5710,1,occurs_in_speaker_text
3532,5710,1,occurs_in_speaker_text
2231,5710,1,occurs_in_speaker_text
3724,5710,1,occurs_in_speaker_text
3103,5710,1,occurs_in_speaker_text
1944,5710,1,occurs_in_speaker_text
5029,5710,1,occurs_in_speaker_text
3120,5710,1,occurs_in_speaker_text
582,5710,1,occurs_in_speaker_text
4381,5710,1,occurs_in_speaker_text
4724,5710,1,occurs_in_speaker_text
4878,5710,1,occurs_in_speaker_text
2869,5710,1,occurs_in_speaker_text
3150,5710,1,occurs_in_speaker_text
3650,5710,1,occurs_in_speaker_text
46,5710,1,occurs_in_speaker_text
389,5710,1,occurs_in_speaker_text
4143,5710,1,occurs_in_speaker_text
3562,5710,1,occurs_in_speaker_text
1999,5710,1,occurs_in_speaker_text
4143,5711,3,occurs_in_speaker_text
4724,5711,1,occurs_in_speaker_text
3724,5711,1,occurs_in_speaker_text
3762,5711,1,occurs_in_speaker_text
435,5711,1,occurs_in_speaker_text
3526,5711,1,occurs_in_speaker_text
811,5711,1,occurs_in_speaker_text
1536,5711,1,occurs_in_speaker_text
4393,5711,1,occurs_in_speaker_text
3010,5711,1,occurs_in_speaker_text
234,5711,1,occurs_in_speaker_text
1637,5711,1,occurs_in_speaker_text
2461,5711,1,occurs_in_speaker_text
4018,5711,1,occurs_in_speaker_text
2976,5711,1,occurs_in_speaker_text
4576,5711,4,occurs_in_speaker_text
4570,5711,1,occurs_in_speaker_text
2312,5711,1,occurs_in_speaker_text
4186,5711,1,occurs_in_speaker_text
335,5711,1,occurs_in_speaker_text
767,5711,1,occurs_in_speaker_text
1790,5711,1,occurs_in_speaker_text
5023,5711,1,occurs_in_speaker_text
3265,5711,1,occurs_in_speaker_text
2244,5712,1,occurs_in_speaker_text
824,5712,1,occurs_in_speaker_text
3618,5712,1,occurs_in_speaker_text
973,5712,1,occurs_in_speaker_text
4166,5712,1,occurs_in_speaker_text
2155,5712,1,occurs_in_speaker_text
2180,5712,1,occurs_in_speaker_text
2680,5712,2,occurs_in_speaker_text
811,5712,2,occurs_in_speaker_text
918,5712,1,occurs_in_speaker_text
4878,5712,2,occurs_in_speaker_text
3961,5712,1,occurs_in_speaker_text
2485,5712,1,occurs_in_speaker_text
4096,5712,1,occurs_in_speaker_text
1041,5712,1,occurs_in_speaker_text
4436,5712,1,occurs_in_speaker_text
1499,5712,1,occurs_in_speaker_text
4313,5712,1,occurs_in_speaker_text
1048,5712,1,occurs_in_speaker_text
2103,5712,1,occurs_in_speaker_text
1202,5712,1,occurs_in_speaker_text
3507,5712,1,occurs_in_speaker_text
2383,5712,1,occurs_in_speaker_text
3374,5712,1,occurs_in_speaker_text
162,5712,1,occurs_in_speaker_text
942,5712,1,occurs_in_speaker_text
616,5712,1,occurs_in_speaker_text
4907,5713,1,occurs_in_speaker_text
629,5713,1,occurs_in_speaker_text
4046,5713,1,occurs_in_speaker_text
225,5713,1,occurs_in_speaker_text
4847,5713,2,occurs_in_speaker_text
3577,5713,2,occurs_in_speaker_text
1275,5713,2,occurs_in_speaker_text
2312,5713,2,occurs_in_speaker_text
4003,5713,5,occurs_in_speaker_text
3712,5713,1,occurs_in_speaker_text
2072,5713,2,occurs_in_speaker_text
3985,5713,1,occurs_in_speaker_text
4868,5713,1,occurs_in_speaker_text
4124,5713,1,occurs_in_speaker_text
4572,5713,1,occurs_in_speaker_text
2039,5713,1,occurs_in_speaker_text
3099,5713,1,occurs_in_speaker_text
4040,5713,1,occurs_in_speaker_text
1665,5713,1,occurs_in_speaker_text
130,5713,1,occurs_in_speaker_text
3631,5713,1,occurs_in_speaker_text
1005,5713,1,occurs_in_speaker_text
3911,5713,1,occurs_in_speaker_text
359,5713,1,occurs_in_speaker_text
3460,5713,1,occurs_in_speaker_text
3500,5713,1,occurs_in_speaker_text
4358,5713,1,occurs_in_speaker_text
234,5713,3,occurs_in_speaker_text
4576,5713,2,occurs_in_speaker_text
3951,5713,1,occurs_in_speaker_text
312,5713,2,occurs_in_speaker_text
2629,5713,1,occurs_in_speaker_text
572,5713,1,occurs_in_speaker_text
2281,5713,1,occurs_in_speaker_text
4974,5713,2,occurs_in_speaker_text
2209,5713,2,occurs_in_speaker_text
1859,5713,2,occurs_in_speaker_text
1478,5713,1,occurs_in_speaker_text
3724,5713,1,occurs_in_speaker_text
2367,5713,1,occurs_in_speaker_text
4724,5713,5,occurs_in_speaker_text
1813,5713,1,occurs_in_speaker_text
992,5713,1,occurs_in_speaker_text
211,5713,1,occurs_in_speaker_text
2240,5713,1,occurs_in_speaker_text
3292,5713,1,occurs_in_speaker_text
4353,5713,2,occurs_in_speaker_text
2591,5713,1,occurs_in_speaker_text
162,5713,7,occurs_in_speaker_text
3010,5713,1,occurs_in_speaker_text
2243,5713,1,occurs_in_speaker_text
4109,5713,1,occurs_in_speaker_text
3991,5713,1,occurs_in_speaker_text
3082,5713,1,occurs_in_speaker_text
1775,5713,1,occurs_in_speaker_text
1243,5713,1,occurs_in_speaker_text
4908,5713,1,occurs_in_speaker_text
1695,5713,1,occurs_in_speaker_text
3802,5713,1,occurs_in_speaker_text
3864,5713,1,occurs_in_speaker_text
2318,5713,1,occurs_in_speaker_text
3150,5713,1,occurs_in_speaker_text
139,5713,2,occurs_in_speaker_text
4276,5713,1,occurs_in_speaker_text
2554,5713,3,occurs_in_speaker_text
2804,5713,1,occurs_in_speaker_text
3166,5713,1,occurs_in_speaker_text
3543,5713,1,occurs_in_speaker_text
4150,5713,1,occurs_in_speaker_text
1515,5713,2,occurs_in_speaker_text
2620,5713,1,occurs_in_speaker_text
4545,5713,1,occurs_in_speaker_text
961,5713,4,occurs_in_speaker_text
971,5713,8,occurs_in_speaker_text
3412,5713,2,occurs_in_speaker_text
4677,5713,1,occurs_in_speaker_text
1431,5713,2,occurs_in_speaker_text
4398,5713,1,occurs_in_speaker_text
1979,5713,2,occurs_in_speaker_text
3323,5713,1,occurs_in_speaker_text
1512,5713,1,occurs_in_speaker_text
1978,5713,1,occurs_in_speaker_text
4562,5713,1,occurs_in_speaker_text
4953,5713,1,occurs_in_speaker_text
1848,5713,1,occurs_in_speaker_text
3473,5713,4,occurs_in_speaker_text
2632,5713,1,occurs_in_speaker_text
2889,5713,1,occurs_in_speaker_text
3584,5713,1,occurs_in_speaker_text
4887,5713,1,occurs_in_speaker_text
1114,5713,1,occurs_in_speaker_text
1824,5713,2,occurs_in_speaker_text
36,5713,1,occurs_in_speaker_text
3622,5713,1,occurs_in_speaker_text
587,5713,2,occurs_in_speaker_text
2068,5713,1,occurs_in_speaker_text
2780,5713,1,occurs_in_speaker_text
4296,5713,1,occurs_in_speaker_text
893,5713,1,occurs_in_speaker_text
2191,5713,1,occurs_in_speaker_text
2829,5713,1,occurs_in_speaker_text
3111,5713,1,occurs_in_speaker_text
555,5713,1,occurs_in_speaker_text
3759,5713,1,occurs_in_speaker_text
3623,5713,1,occurs_in_speaker_text
2119,5713,1,occurs_in_speaker_text
3800,5713,1,occurs_in_speaker_text
3886,5713,1,occurs_in_speaker_text
4644,5713,1,occurs_in_speaker_text
2538,5713,1,occurs_in_speaker_text
1999,5713,2,occurs_in_speaker_text
1921,5713,1,occurs_in_speaker_text
563,5713,1,occurs_in_speaker_text
5077,5713,1,occurs_in_speaker_text
1521,5713,1,occurs_in_speaker_text
1043,5713,1,occurs_in_speaker_text
2162,5713,1,occurs_in_speaker_text
3635,5713,1,occurs_in_speaker_text
3559,5713,1,occurs_in_speaker_text
4209,5713,1,occurs_in_speaker_text
863,5713,1,occurs_in_speaker_text
2647,5713,1,occurs_in_speaker_text
3748,5713,1,occurs_in_speaker_text
942,5713,2,occurs_in_speaker_text
597,5713,1,occurs_in_speaker_text
1136,5714,1,occurs_in_speaker_text
4051,5714,2,occurs_in_speaker_text
2795,5714,2,occurs_in_speaker_text
4724,5714,4,occurs_in_speaker_text
4077,5714,1,occurs_in_speaker_text
1456,5714,1,occurs_in_speaker_text
3904,5714,1,occurs_in_speaker_text
3991,5714,1,occurs_in_speaker_text
3562,5714,1,occurs_in_speaker_text
2485,5714,1,occurs_in_speaker_text
3501,5714,1,occurs_in_speaker_text
4061,5714,1,occurs_in_speaker_text
3526,5714,9,occurs_in_speaker_text
860,5714,1,occurs_in_speaker_text
1968,5714,1,occurs_in_speaker_text
1637,5714,5,occurs_in_speaker_text
4592,5714,1,occurs_in_speaker_text
4422,5714,1,occurs_in_speaker_text
2172,5714,3,occurs_in_speaker_text
3500,5714,2,occurs_in_speaker_text
811,5714,1,occurs_in_speaker_text
4398,5714,5,occurs_in_speaker_text
4119,5714,3,occurs_in_speaker_text
3836,5714,1,occurs_in_speaker_text
3153,5714,1,occurs_in_speaker_text
243,5714,1,occurs_in_speaker_text
80,5714,2,occurs_in_speaker_text
154,5714,1,occurs_in_speaker_text
4878,5714,1,occurs_in_speaker_text
1994,5714,1,occurs_in_speaker_text
870,5714,2,occurs_in_speaker_text
1331,5714,3,occurs_in_speaker_text
4143,5714,2,occurs_in_speaker_text
234,5714,1,occurs_in_speaker_text
1536,5714,4,occurs_in_speaker_text
4723,5714,1,occurs_in_speaker_text
4600,5714,1,occurs_in_speaker_text
2910,5714,1,occurs_in_speaker_text
4271,5714,1,occurs_in_speaker_text
4358,5714,1,occurs_in_speaker_text
3099,5714,4,occurs_in_speaker_text
2588,5714,1,occurs_in_speaker_text
4168,5714,1,occurs_in_speaker_text
443,5714,1,occurs_in_speaker_text
3577,5714,1,occurs_in_speaker_text
1144,5714,1,occurs_in_speaker_text
4282,5714,1,occurs_in_speaker_text
3724,5714,1,occurs_in_speaker_text
2011,5714,1,occurs_in_speaker_text
3882,5714,1,occurs_in_speaker_text
103,5714,1,occurs_in_speaker_text
3081,5714,1,occurs_in_speaker_text
1640,5714,1,occurs_in_speaker_text
4006,5714,1,occurs_in_speaker_text
507,5714,1,occurs_in_speaker_text
4703,5715,1,occurs_in_speaker_text
4892,5715,1,occurs_in_speaker_text
1974,5715,1,occurs_in_speaker_text
4286,5715,3,occurs_in_speaker_text
2365,5715,1,occurs_in_speaker_text
3371,5715,1,occurs_in_speaker_text
99,5715,1,occurs_in_speaker_text
426,5715,1,occurs_in_speaker_text
2554,5715,1,occurs_in_speaker_text
4069,5715,1,occurs_in_speaker_text
1157,5715,2,occurs_in_speaker_text
3460,5715,2,occurs_in_speaker_text
676,5715,1,occurs_in_speaker_text
1999,5715,9,occurs_in_speaker_text
1331,5715,5,occurs_in_speaker_text
3688,5715,1,occurs_in_speaker_text
3394,5715,1,occurs_in_speaker_text
1431,5715,2,occurs_in_speaker_text
4238,5715,1,occurs_in_speaker_text
1210,5715,1,occurs_in_speaker_text
1359,5715,1,occurs_in_speaker_text
1144,5715,3,occurs_in_speaker_text
234,5715,1,occurs_in_speaker_text
1259,5715,1,occurs_in_speaker_text
2574,5715,1,occurs_in_speaker_text
1243,5715,1,occurs_in_speaker_text
3500,5715,1,occurs_in_speaker_text
1230,5715,1,occurs_in_speaker_text
4140,5715,1,occurs_in_speaker_text
4368,5715,1,occurs_in_speaker_text
811,5715,1,occurs_in_speaker_text
4673,5715,1,occurs_in_speaker_text
2985,5715,1,occurs_in_speaker_text
893,5715,1,occurs_in_speaker_text
507,5715,1,occurs_in_speaker_text
1739,5715,1,occurs_in_speaker_text
2983,5715,1,occurs_in_speaker_text
3346,5715,1,occurs_in_speaker_text
3911,5715,1,occurs_in_speaker_text
850,5715,1,occurs_in_speaker_text
755,5715,1,occurs_in_speaker_text
2485,5715,1,occurs_in_speaker_text
4887,5715,1,occurs_in_speaker_text
4485,5715,1,occurs_in_speaker_text
1640,5715,3,occurs_in_speaker_text
4096,5715,1,occurs_in_speaker_text
1637,5715,4,occurs_in_speaker_text
2312,5715,1,occurs_in_speaker_text
4576,5715,1,occurs_in_speaker_text
2474,5715,1,occurs_in_speaker_text
4878,5715,1,occurs_in_speaker_text
3150,5715,1,occurs_in_speaker_text
3099,5715,5,occurs_in_speaker_text
4622,5715,2,occurs_in_speaker_text
1687,5715,2,occurs_in_speaker_text
2289,5715,1,occurs_in_speaker_text
2773,5715,2,occurs_in_speaker_text
2240,5715,1,occurs_in_speaker_text
4114,5715,1,occurs_in_speaker_text
2256,5715,1,occurs_in_speaker_text
3765,5715,2,occurs_in_speaker_text
2549,5715,1,occurs_in_speaker_text
139,5715,1,occurs_in_speaker_text
4051,5715,1,occurs_in_speaker_text
4358,5715,2,occurs_in_speaker_text
132,5715,1,occurs_in_speaker_text
4003,5715,2,occurs_in_speaker_text
4791,5715,1,occurs_in_speaker_text
2199,5715,1,occurs_in_speaker_text
1041,5715,1,occurs_in_speaker_text
3095,5715,1,occurs_in_speaker_text
3526,5715,2,occurs_in_speaker_text
1859,5715,1,occurs_in_speaker_text
3635,5715,1,occurs_in_speaker_text
2910,5715,2,occurs_in_speaker_text
1781,5715,1,occurs_in_speaker_text
2972,5715,1,occurs_in_speaker_text
255,5715,1,occurs_in_speaker_text
1818,5715,1,occurs_in_speaker_text
3439,5715,1,occurs_in_speaker_text
143,5715,1,occurs_in_speaker_text
3401,5715,1,occurs_in_speaker_text
4229,5715,1,occurs_in_speaker_text
809,5715,1,occurs_in_speaker_text
4398,5715,2,occurs_in_speaker_text
2072,5715,1,occurs_in_speaker_text
3585,5715,1,occurs_in_speaker_text
4339,5715,1,occurs_in_speaker_text
491,5715,1,occurs_in_speaker_text
3288,5715,1,occurs_in_speaker_text
1536,5715,1,occurs_in_speaker_text
4134,5715,1,occurs_in_speaker_text
3904,5716,1,occurs_in_speaker_text
722,5716,1,occurs_in_speaker_text
942,5716,1,occurs_in_speaker_text
4003,5716,2,occurs_in_speaker_text
811,5716,1,occurs_in_speaker_text
3099,5716,4,occurs_in_speaker_text
4724,5716,7,occurs_in_speaker_text
4143,5716,4,occurs_in_speaker_text
4271,5716,1,occurs_in_speaker_text
104,5716,1,occurs_in_speaker_text
2877,5716,1,occurs_in_speaker_text
1391,5716,3,occurs_in_speaker_text
3596,5716,1,occurs_in_speaker_text
2766,5716,2,occurs_in_speaker_text
1999,5716,1,occurs_in_speaker_text
2367,5716,2,occurs_in_speaker_text
3708,5716,1,occurs_in_speaker_text
3814,5716,1,occurs_in_speaker_text
1403,5716,1,occurs_in_speaker_text
671,5716,2,occurs_in_speaker_text
1714,5716,1,occurs_in_speaker_text
5045,5716,2,occurs_in_speaker_text
4051,5716,1,occurs_in_speaker_text
3526,5716,1,occurs_in_speaker_text
3067,5716,1,occurs_in_speaker_text
139,5716,8,occurs_in_speaker_text
4124,5716,1,occurs_in_speaker_text
5077,5716,1,occurs_in_speaker_text
3724,5716,1,occurs_in_speaker_text
3150,5716,1,occurs_in_speaker_text
1725,5716,1,occurs_in_speaker_text
4299,5716,1,occurs_in_speaker_text
1331,5716,1,occurs_in_speaker_text
994,5716,1,occurs_in_speaker_text
1972,5717,2,occurs_in_speaker_text
454,5717,1,occurs_in_speaker_text
4887,5717,1,occurs_in_speaker_text
1024,5717,1,occurs_in_speaker_text
1999,5717,2,occurs_in_speaker_text
2445,5717,1,occurs_in_speaker_text
5045,5717,1,occurs_in_speaker_text
2226,5717,1,occurs_in_speaker_text
1335,5717,1,occurs_in_speaker_text
2935,5718,1,occurs_in_speaker_text
3635,5718,1,occurs_in_speaker_text
4507,5718,1,occurs_in_speaker_text
3911,5718,1,occurs_in_speaker_text
1999,5718,3,occurs_in_speaker_text
5073,5718,1,occurs_in_speaker_text
1179,5718,4,occurs_in_speaker_text
4137,5718,1,occurs_in_speaker_text
254,5718,1,occurs_in_speaker_text
2863,5718,1,occurs_in_speaker_text
3323,5718,2,occurs_in_speaker_text
2554,5718,1,occurs_in_speaker_text
586,5718,2,occurs_in_speaker_text
3292,5718,1,occurs_in_speaker_text
2549,5718,1,occurs_in_speaker_text
4798,5718,2,occurs_in_speaker_text
3107,5718,1,occurs_in_speaker_text
2528,5718,1,occurs_in_speaker_text
1739,5718,1,occurs_in_speaker_text
3150,5718,2,occurs_in_speaker_text
4368,5718,1,occurs_in_speaker_text
1331,5718,2,occurs_in_speaker_text
1772,5718,1,occurs_in_speaker_text
275,5719,2,occurs_in_speaker_text
1431,5719,1,occurs_in_speaker_text
942,5719,1,occurs_in_speaker_text
4282,5719,1,occurs_in_speaker_text
59,5719,1,occurs_in_speaker_text
1448,5719,1,occurs_in_speaker_text
2485,5719,12,occurs_in_speaker_text
3460,5719,1,occurs_in_speaker_text
3299,5719,3,occurs_in_speaker_text
2445,5719,1,occurs_in_speaker_text
1331,5719,3,occurs_in_speaker_text
2365,5719,1,occurs_in_speaker_text
4003,5719,2,occurs_in_speaker_text
3099,5719,1,occurs_in_speaker_text
5019,5719,1,occurs_in_speaker_text
127,5719,1,occurs_in_speaker_text
2764,5719,1,occurs_in_speaker_text
4462,5719,1,occurs_in_speaker_text
1536,5719,1,occurs_in_speaker_text
4006,5719,1,occurs_in_speaker_text
4271,5719,1,occurs_in_speaker_text
2353,5719,1,occurs_in_speaker_text
811,5719,2,occurs_in_speaker_text
1999,5719,1,occurs_in_speaker_text
196,5719,1,occurs_in_speaker_text
1801,5719,1,occurs_in_speaker_text
1885,5719,1,occurs_in_speaker_text
535,5719,2,occurs_in_speaker_text
4710,5719,1,occurs_in_speaker_text
2450,5719,1,occurs_in_speaker_text
2957,5719,1,occurs_in_speaker_text
2360,5719,1,occurs_in_speaker_text
1581,5719,1,occurs_in_speaker_text
453,5719,1,occurs_in_speaker_text
2750,5719,1,occurs_in_speaker_text
1177,5719,1,occurs_in_speaker_text
1575,5719,1,occurs_in_speaker_text
3409,5719,1,occurs_in_speaker_text
1905,5719,1,occurs_in_speaker_text
4849,5719,1,occurs_in_speaker_text
3292,5719,2,occurs_in_speaker_text
2082,5719,2,occurs_in_speaker_text
3343,5719,1,occurs_in_speaker_text
392,5719,1,occurs_in_speaker_text
2567,5719,1,occurs_in_speaker_text
1637,5719,1,occurs_in_speaker_text
4815,5719,1,occurs_in_speaker_text
3226,5719,1,occurs_in_speaker_text
3150,5719,1,occurs_in_speaker_text
3028,5719,1,occurs_in_speaker_text
1515,5719,1,occurs_in_speaker_text
2515,5719,1,occurs_in_speaker_text
2741,5719,1,occurs_in_speaker_text
4919,5719,1,occurs_in_speaker_text
4439,5721,1,occurs_in_speaker_text
1331,5721,1,occurs_in_speaker_text
4644,5721,1,occurs_in_speaker_text
3505,5721,1,occurs_in_speaker_text
4528,5721,1,occurs_in_speaker_text
3292,5721,1,occurs_in_speaker_text
578,5721,1,occurs_in_speaker_text
222,5721,1,occurs_in_speaker_text
4729,5721,2,occurs_in_speaker_text
2808,5721,1,occurs_in_speaker_text
3500,5721,1,occurs_in_speaker_text
41,5721,1,occurs_in_speaker_text
629,5721,1,occurs_in_speaker_text
1536,5721,1,occurs_in_speaker_text
2485,5721,1,occurs_in_speaker_text
2821,5721,1,occurs_in_speaker_text
863,5721,1,occurs_in_speaker_text
2485,5722,23,occurs_in_speaker_text
4778,5722,1,occurs_in_speaker_text
2817,5722,1,occurs_in_speaker_text
4209,5722,1,occurs_in_speaker_text
2987,5722,2,occurs_in_speaker_text
275,5722,14,occurs_in_speaker_text
2867,5722,2,occurs_in_speaker_text
2660,5722,1,occurs_in_speaker_text
2860,5722,2,occurs_in_speaker_text
1696,5722,1,occurs_in_speaker_text
164,5722,9,occurs_in_speaker_text
1431,5722,9,occurs_in_speaker_text
3903,5722,1,occurs_in_speaker_text
2187,5722,1,occurs_in_speaker_text
4003,5722,3,occurs_in_speaker_text
2982,5722,1,occurs_in_speaker_text
308,5722,2,occurs_in_speaker_text
369,5722,2,occurs_in_speaker_text
4096,5722,2,occurs_in_speaker_text
1291,5722,1,occurs_in_speaker_text
162,5722,1,occurs_in_speaker_text
4695,5722,1,occurs_in_speaker_text
1180,5722,1,occurs_in_speaker_text
3395,5722,1,occurs_in_speaker_text
1041,5722,5,occurs_in_speaker_text
1727,5722,1,occurs_in_speaker_text
1417,5722,1,occurs_in_speaker_text
2223,5722,1,occurs_in_speaker_text
1453,5722,1,occurs_in_speaker_text
4368,5722,1,occurs_in_speaker_text
1157,5723,1,occurs_in_speaker_text
3076,5723,1,occurs_in_speaker_text
46,5723,1,occurs_in_speaker_text
1777,5723,1,occurs_in_speaker_text
4341,5723,1,occurs_in_speaker_text
1331,5723,1,occurs_in_speaker_text
1637,5723,1,occurs_in_speaker_text
2234,5723,1,occurs_in_speaker_text
990,5723,1,occurs_in_speaker_text
3543,5723,1,occurs_in_speaker_text
2681,5723,1,occurs_in_speaker_text
4576,5723,2,occurs_in_speaker_text
2809,5723,1,occurs_in_speaker_text
4858,5723,1,occurs_in_speaker_text
4268,5723,1,occurs_in_speaker_text
2551,5723,1,occurs_in_speaker_text
1739,5723,1,occurs_in_speaker_text
389,5723,1,occurs_in_speaker_text
4556,5723,1,occurs_in_speaker_text
2982,5723,1,occurs_in_speaker_text
438,5723,1,occurs_in_speaker_text
2409,5723,1,occurs_in_speaker_text
3323,5723,1,occurs_in_speaker_text
811,5723,2,occurs_in_speaker_text
1500,5723,1,occurs_in_speaker_text
1999,5723,1,occurs_in_speaker_text
2574,5723,1,occurs_in_speaker_text
2485,5723,1,occurs_in_speaker_text
2799,5723,1,occurs_in_speaker_text
3341,5723,1,occurs_in_speaker_text
4003,5723,2,occurs_in_speaker_text
651,5723,1,occurs_in_speaker_text
2773,5723,1,occurs_in_speaker_text
1334,5723,1,occurs_in_speaker_text
3270,5723,1,occurs_in_speaker_text
4570,5723,2,occurs_in_speaker_text
1515,5723,2,occurs_in_speaker_text
2527,5723,2,occurs_in_speaker_text
594,5723,1,occurs_in_speaker_text
4438,5723,1,occurs_in_speaker_text
4236,5723,1,occurs_in_speaker_text
3311,5723,1,occurs_in_speaker_text
2720,5723,2,occurs_in_speaker_text
5052,5723,1,occurs_in_speaker_text
135,5723,1,occurs_in_speaker_text
1999,5724,1,occurs_in_speaker_text
1637,5724,1,occurs_in_speaker_text
3010,5724,1,occurs_in_speaker_text
2809,5724,1,occurs_in_speaker_text
4576,5724,1,occurs_in_speaker_text
704,5724,1,occurs_in_speaker_text
4398,5724,1,occurs_in_speaker_text
4409,5724,1,occurs_in_speaker_text
2458,5724,1,occurs_in_speaker_text
423,5724,1,occurs_in_speaker_text
3657,5724,1,occurs_in_speaker_text
234,5724,1,occurs_in_speaker_text
608,5724,1,occurs_in_speaker_text
3142,5724,1,occurs_in_speaker_text
2461,5724,5,occurs_in_speaker_text
3635,5724,1,occurs_in_speaker_text
4124,5724,1,occurs_in_speaker_text
3292,5724,1,occurs_in_speaker_text
275,5724,1,occurs_in_speaker_text
2209,5724,1,occurs_in_speaker_text
3323,5725,1,occurs_in_speaker_text
3850,5725,1,occurs_in_speaker_text
3635,5725,1,occurs_in_speaker_text
3956,5725,1,occurs_in_speaker_text
4855,5725,1,occurs_in_speaker_text
1331,5725,1,occurs_in_speaker_text
4003,5725,1,occurs_in_speaker_text
2024,5725,1,occurs_in_speaker_text
2778,5725,1,occurs_in_speaker_text
4096,5725,2,occurs_in_speaker_text
800,5725,1,occurs_in_speaker_text
1515,5725,1,occurs_in_speaker_text
1431,5725,3,occurs_in_speaker_text
3010,5725,1,occurs_in_speaker_text
243,5725,1,occurs_in_speaker_text
1407,5725,1,occurs_in_speaker_text
4887,5725,1,occurs_in_speaker_text
1606,5725,1,occurs_in_speaker_text
4576,5725,1,occurs_in_speaker_text
3708,5725,1,occurs_in_speaker_text
2538,5725,1,occurs_in_speaker_text
3292,5725,1,occurs_in_speaker_text
103,5725,1,occurs_in_speaker_text
392,5725,1,occurs_in_speaker_text
1232,5725,2,occurs_in_speaker_text
4859,5725,1,occurs_in_speaker_text
162,5725,1,occurs_in_speaker_text
1670,5725,1,occurs_in_speaker_text
4368,5725,1,occurs_in_speaker_text
942,5725,1,occurs_in_speaker_text
4724,5725,1,occurs_in_speaker_text
2554,5725,1,occurs_in_speaker_text
4353,5725,1,occurs_in_speaker_text
1859,5725,1,occurs_in_speaker_text
2485,5725,4,occurs_in_speaker_text
1999,5725,1,occurs_in_speaker_text
2859,5725,1,occurs_in_speaker_text
3526,5725,2,occurs_in_speaker_text
4209,5725,1,occurs_in_speaker_text
1132,5726,2,occurs_in_speaker_text
1999,5726,4,occurs_in_speaker_text
2445,5726,2,occurs_in_speaker_text
2976,5726,1,occurs_in_speaker_text
1818,5726,1,occurs_in_speaker_text
4724,5726,1,occurs_in_speaker_text
1725,5726,1,occurs_in_speaker_text
3911,5726,1,occurs_in_speaker_text
3562,5726,1,occurs_in_speaker_text
3912,5726,1,occurs_in_speaker_text
3625,5726,1,occurs_in_speaker_text
4432,5726,1,occurs_in_speaker_text
4143,5726,1,occurs_in_speaker_text
3701,5726,1,occurs_in_speaker_text
4628,5726,1,occurs_in_speaker_text
2485,5726,1,occurs_in_speaker_text
3724,5726,2,occurs_in_speaker_text
4855,5726,1,occurs_in_speaker_text
1739,5726,1,occurs_in_speaker_text
3099,5726,1,occurs_in_speaker_text
1736,5726,1,occurs_in_speaker_text
3448,5726,1,occurs_in_speaker_text
961,5727,6,occurs_in_speaker_text
4576,5727,1,occurs_in_speaker_text
2485,5727,1,occurs_in_speaker_text
3440,5727,2,occurs_in_speaker_text
4869,5727,2,occurs_in_speaker_text
139,5727,1,occurs_in_speaker_text
4018,5727,7,occurs_in_speaker_text
2773,5727,1,occurs_in_speaker_text
1725,5727,1,occurs_in_speaker_text
3540,5727,1,occurs_in_speaker_text
4074,5727,1,occurs_in_speaker_text
3615,5727,1,occurs_in_speaker_text
1147,5727,1,occurs_in_speaker_text
4225,5727,1,occurs_in_speaker_text
2910,5727,1,occurs_in_speaker_text
2559,5727,1,occurs_in_speaker_text
2733,5727,1,occurs_in_speaker_text
3926,5727,1,occurs_in_speaker_text
4696,5727,1,occurs_in_speaker_text
175,5727,1,occurs_in_speaker_text
4376,5727,1,occurs_in_speaker_text
1105,5727,1,occurs_in_speaker_text
2207,5727,1,occurs_in_speaker_text
1722,5727,1,occurs_in_speaker_text
4409,5727,1,occurs_in_speaker_text
1196,5727,1,occurs_in_speaker_text
1637,5727,1,occurs_in_speaker_text
1612,5727,1,occurs_in_speaker_text
1251,5727,1,occurs_in_speaker_text
4996,5727,1,occurs_in_speaker_text
1089,5727,1,occurs_in_speaker_text
811,5727,1,occurs_in_speaker_text
3017,5727,1,occurs_in_speaker_text
501,5727,1,occurs_in_speaker_text
1331,5727,1,occurs_in_speaker_text
587,5727,1,occurs_in_speaker_text
2169,5727,1,occurs_in_speaker_text
4040,5727,1,occurs_in_speaker_text
2972,5727,1,occurs_in_speaker_text
4937,5727,3,occurs_in_speaker_text
2700,5727,1,occurs_in_speaker_text
389,5727,1,occurs_in_speaker_text
2935,5727,1,occurs_in_speaker_text
3724,5729,1,occurs_in_speaker_text
2485,5729,2,occurs_in_speaker_text
3526,5729,4,occurs_in_speaker_text
4261,5729,1,occurs_in_speaker_text
162,5729,1,occurs_in_speaker_text
3099,5729,3,occurs_in_speaker_text
3850,5729,1,occurs_in_speaker_text
2365,5729,1,occurs_in_speaker_text
5045,5729,1,occurs_in_speaker_text
2209,5729,1,occurs_in_speaker_text
432,5729,1,occurs_in_speaker_text
2190,5729,1,occurs_in_speaker_text
3538,5729,1,occurs_in_speaker_text
4724,5729,1,occurs_in_speaker_text
4687,5729,1,occurs_in_speaker_text
4876,5729,1,occurs_in_speaker_text
1384,5729,1,occurs_in_speaker_text
139,5729,3,occurs_in_speaker_text
3394,5729,1,occurs_in_speaker_text
1784,5729,1,occurs_in_speaker_text
480,5729,1,occurs_in_speaker_text
3635,5729,3,occurs_in_speaker_text
811,5729,1,occurs_in_speaker_text
850,5729,1,occurs_in_speaker_text
1640,5729,1,occurs_in_speaker_text
2554,5730,2,occurs_in_speaker_text
2128,5730,1,occurs_in_speaker_text
3635,5730,2,occurs_in_speaker_text
1431,5730,1,occurs_in_speaker_text
2660,5730,5,occurs_in_speaker_text
4398,5730,1,occurs_in_speaker_text
4119,5730,3,occurs_in_speaker_text
2750,5730,2,occurs_in_speaker_text
234,5730,2,occurs_in_speaker_text
1331,5730,3,occurs_in_speaker_text
1628,5730,1,occurs_in_speaker_text
4489,5730,2,occurs_in_speaker_text
5045,5730,4,occurs_in_speaker_text
1798,5730,1,occurs_in_speaker_text
1687,5730,1,occurs_in_speaker_text
3022,5730,1,occurs_in_speaker_text
2914,5730,3,occurs_in_speaker_text
968,5730,2,occurs_in_speaker_text
1504,5730,1,occurs_in_speaker_text
4261,5730,2,occurs_in_speaker_text
1174,5730,3,occurs_in_speaker_text
2289,5730,1,occurs_in_speaker_text
2540,5730,1,occurs_in_speaker_text
1166,5730,1,occurs_in_speaker_text
1237,5730,1,occurs_in_speaker_text
1052,5730,1,occurs_in_speaker_text
3904,5730,2,occurs_in_speaker_text
3526,5730,1,occurs_in_speaker_text
4624,5730,1,occurs_in_speaker_text
4003,5730,1,occurs_in_speaker_text
4734,5730,1,occurs_in_speaker_text
3533,5730,1,occurs_in_speaker_text
2461,5730,1,occurs_in_speaker_text
2513,5730,1,occurs_in_speaker_text
2910,5730,8,occurs_in_speaker_text
393,5730,1,occurs_in_speaker_text
3247,5730,1,occurs_in_speaker_text
3562,5730,1,occurs_in_speaker_text
5051,5730,1,occurs_in_speaker_text
4283,5730,1,occurs_in_speaker_text
2192,5730,1,occurs_in_speaker_text
4124,5730,1,occurs_in_speaker_text
4878,5730,1,occurs_in_speaker_text
4339,5730,1,occurs_in_speaker_text
3724,5730,1,occurs_in_speaker_text
4003,5731,2,occurs_in_speaker_text
4091,5731,1,occurs_in_speaker_text
1331,5731,4,occurs_in_speaker_text
4975,5731,2,occurs_in_speaker_text
4115,5731,3,occurs_in_speaker_text
2900,5731,1,occurs_in_speaker_text
268,5731,2,occurs_in_speaker_text
4124,5731,1,occurs_in_speaker_text
1607,5731,1,occurs_in_speaker_text
2289,5731,1,occurs_in_speaker_text
4040,5731,1,occurs_in_speaker_text
1126,5731,1,occurs_in_speaker_text
1999,5731,2,occurs_in_speaker_text
4051,5731,1,occurs_in_speaker_text
275,5731,1,occurs_in_speaker_text
3668,5731,1,occurs_in_speaker_text
507,5731,1,occurs_in_speaker_text
3292,5731,1,occurs_in_speaker_text
1954,5731,1,occurs_in_speaker_text
2365,5731,1,occurs_in_speaker_text
1072,5731,1,occurs_in_speaker_text
942,5731,1,occurs_in_speaker_text
156,5731,1,occurs_in_speaker_text
2763,5732,1,occurs_in_speaker_text
5077,5733,4,occurs_in_speaker_text
1747,5733,2,occurs_in_speaker_text
2809,5733,1,occurs_in_speaker_text
4887,5733,1,occurs_in_speaker_text
1637,5733,1,occurs_in_speaker_text
1525,5733,1,occurs_in_speaker_text
1687,5733,1,occurs_in_speaker_text
3635,5733,1,occurs_in_speaker_text
4106,5733,1,occurs_in_speaker_text
1824,5733,1,occurs_in_speaker_text
3526,5733,1,occurs_in_speaker_text
146,5733,1,occurs_in_speaker_text
628,5733,1,occurs_in_speaker_text
4046,5733,1,occurs_in_speaker_text
811,5733,1,occurs_in_speaker_text
2750,5733,1,occurs_in_speaker_text
4430,5733,1,occurs_in_speaker_text
4194,5733,1,occurs_in_speaker_text
3954,5733,1,occurs_in_speaker_text
4355,5733,1,occurs_in_speaker_text
1270,5733,1,occurs_in_speaker_text
2673,5733,1,occurs_in_speaker_text
4554,5733,1,occurs_in_speaker_text
4881,5733,1,occurs_in_speaker_text
4368,5733,1,occurs_in_speaker_text
1455,5733,1,occurs_in_speaker_text
3876,5733,1,occurs_in_speaker_text
3768,5733,1,occurs_in_speaker_text
4003,5733,1,occurs_in_speaker_text
1999,5733,1,occurs_in_speaker_text
1596,5733,1,occurs_in_speaker_text
2485,5734,21,occurs_in_speaker_text
2538,5734,1,occurs_in_speaker_text
4156,5734,1,occurs_in_speaker_text
5079,5734,1,occurs_in_speaker_text
2629,5734,1,occurs_in_speaker_text
4576,5734,1,occurs_in_speaker_text
2714,5734,1,occurs_in_speaker_text
3635,5734,1,occurs_in_speaker_text
2589,5734,1,occurs_in_speaker_text
66,5735,1,occurs_in_speaker_text
4724,5735,2,occurs_in_speaker_text
1144,5735,4,occurs_in_speaker_text
236,5735,3,occurs_in_speaker_text
1974,5735,3,occurs_in_speaker_text
4576,5735,1,occurs_in_speaker_text
2862,5735,6,occurs_in_speaker_text
863,5735,9,occurs_in_speaker_text
1431,5735,1,occurs_in_speaker_text
832,5735,2,occurs_in_speaker_text
3114,5735,2,occurs_in_speaker_text
2485,5735,3,occurs_in_speaker_text
2567,5735,1,occurs_in_speaker_text
1610,5735,1,occurs_in_speaker_text
2629,5735,1,occurs_in_speaker_text
3562,5735,3,occurs_in_speaker_text
1725,5735,4,occurs_in_speaker_text
4325,5735,1,occurs_in_speaker_text
2870,5735,2,occurs_in_speaker_text
4855,5735,1,occurs_in_speaker_text
4143,5735,1,occurs_in_speaker_text
4285,5735,1,occurs_in_speaker_text
2766,5735,1,occurs_in_speaker_text
4368,5735,1,occurs_in_speaker_text
1141,5735,1,occurs_in_speaker_text
4003,5735,2,occurs_in_speaker_text
4387,5735,1,occurs_in_speaker_text
4286,5735,1,occurs_in_speaker_text
3991,5736,1,occurs_in_speaker_text
1331,5736,2,occurs_in_speaker_text
4684,5736,1,occurs_in_speaker_text
1381,5736,1,occurs_in_speaker_text
4286,5736,1,occurs_in_speaker_text
1999,5736,10,occurs_in_speaker_text
4398,5736,3,occurs_in_speaker_text
2485,5736,8,occurs_in_speaker_text
890,5736,1,occurs_in_speaker_text
3526,5736,1,occurs_in_speaker_text
952,5736,1,occurs_in_speaker_text
3099,5736,14,occurs_in_speaker_text
2896,5736,2,occurs_in_speaker_text
3098,5736,1,occurs_in_speaker_text
3254,5736,2,occurs_in_speaker_text
365,5736,4,occurs_in_speaker_text
863,5736,1,occurs_in_speaker_text
4974,5736,1,occurs_in_speaker_text
4119,5736,1,occurs_in_speaker_text
4855,5736,1,occurs_in_speaker_text
3105,5736,2,occurs_in_speaker_text
3538,5736,1,occurs_in_speaker_text
4299,5736,1,occurs_in_speaker_text
1144,5736,1,occurs_in_speaker_text
3635,5736,1,occurs_in_speaker_text
3135,5736,1,occurs_in_speaker_text
1666,5737,1,occurs_in_speaker_text
1287,5737,1,occurs_in_speaker_text
4998,5737,1,occurs_in_speaker_text
2289,5737,1,occurs_in_speaker_text
2842,5737,1,occurs_in_speaker_text
4773,5737,1,occurs_in_speaker_text
3156,5737,1,occurs_in_speaker_text
4576,5737,1,occurs_in_speaker_text
3271,5737,1,occurs_in_speaker_text
3526,5738,1,occurs_in_speaker_text
4282,5738,1,occurs_in_speaker_text
2322,5738,1,occurs_in_speaker_text
1331,5738,1,occurs_in_speaker_text
2750,5738,3,occurs_in_speaker_text
609,5739,1,occurs_in_speaker_text
2717,5739,1,occurs_in_speaker_text
1041,5739,1,occurs_in_speaker_text
811,5739,2,occurs_in_speaker_text
1745,5739,1,occurs_in_speaker_text
2485,5739,2,occurs_in_speaker_text
2155,5739,1,occurs_in_speaker_text
507,5739,1,occurs_in_speaker_text
3635,5739,1,occurs_in_speaker_text
4849,5739,1,occurs_in_speaker_text
2182,5739,1,occurs_in_speaker_text
2365,5739,1,occurs_in_speaker_text
5045,5739,4,occurs_in_speaker_text
608,5739,1,occurs_in_speaker_text
1739,5739,1,occurs_in_speaker_text
1278,5739,2,occurs_in_speaker_text
2804,5739,1,occurs_in_speaker_text
1232,5739,1,occurs_in_speaker_text
4124,5739,1,occurs_in_speaker_text
701,5739,1,occurs_in_speaker_text
3421,5739,2,occurs_in_speaker_text
712,5739,1,occurs_in_speaker_text
4513,5739,1,occurs_in_speaker_text
1964,5739,1,occurs_in_speaker_text
2910,5739,1,occurs_in_speaker_text
2289,5739,1,occurs_in_speaker_text
1157,5739,1,occurs_in_speaker_text
1291,5739,1,occurs_in_speaker_text
572,5739,1,occurs_in_speaker_text
531,5739,1,occurs_in_speaker_text
4209,5739,1,occurs_in_speaker_text
2065,5739,1,occurs_in_speaker_text
4576,5739,1,occurs_in_speaker_text
308,5739,1,occurs_in_speaker_text
2750,5740,2,occurs_in_speaker_text
3894,5740,1,occurs_in_speaker_text
2587,5740,1,occurs_in_speaker_text
1243,5740,2,occurs_in_speaker_text
4003,5740,6,occurs_in_speaker_text
4855,5740,1,occurs_in_speaker_text
4576,5740,1,occurs_in_speaker_text
2342,5740,1,occurs_in_speaker_text
3196,5740,2,occurs_in_speaker_text
3107,5740,1,occurs_in_speaker_text
1331,5740,1,occurs_in_speaker_text
811,5740,5,occurs_in_speaker_text
3635,5740,1,occurs_in_speaker_text
216,5740,1,occurs_in_speaker_text
2032,5740,1,occurs_in_speaker_text
1431,5740,2,occurs_in_speaker_text
2512,5740,1,occurs_in_speaker_text
2269,5740,1,occurs_in_speaker_text
1396,5740,1,occurs_in_speaker_text
2485,5740,2,occurs_in_speaker_text
1687,5740,3,occurs_in_speaker_text
4626,5740,1,occurs_in_speaker_text
234,5740,1,occurs_in_speaker_text
139,5740,1,occurs_in_speaker_text
1725,5740,1,occurs_in_speaker_text
3890,5740,2,occurs_in_speaker_text
696,5740,1,occurs_in_speaker_text
593,5740,1,occurs_in_speaker_text
1445,5741,9,occurs_in_speaker_text
3698,5741,1,occurs_in_speaker_text
3079,5741,1,occurs_in_speaker_text
1331,5741,2,occurs_in_speaker_text
2289,5741,1,occurs_in_speaker_text
3526,5741,1,occurs_in_speaker_text
3460,5741,1,occurs_in_speaker_text
3635,5741,3,occurs_in_speaker_text
4368,5741,1,occurs_in_speaker_text
1999,5741,1,occurs_in_speaker_text
2910,5741,2,occurs_in_speaker_text
2554,5741,1,occurs_in_speaker_text
2485,5741,2,occurs_in_speaker_text
4114,5741,1,occurs_in_speaker_text
850,5741,1,occurs_in_speaker_text
758,5741,1,occurs_in_speaker_text
4878,5741,2,occurs_in_speaker_text
3724,5741,1,occurs_in_speaker_text
4003,5741,1,occurs_in_speaker_text
740,5741,1,occurs_in_speaker_text
3850,5741,1,occurs_in_speaker_text
80,5741,1,occurs_in_speaker_text
1144,5741,1,occurs_in_speaker_text
4731,5741,1,occurs_in_speaker_text
3613,5742,1,occurs_in_speaker_text
1759,5742,6,occurs_in_speaker_text
2976,5742,1,occurs_in_speaker_text
2972,5742,3,occurs_in_speaker_text
3234,5742,1,occurs_in_speaker_text
2750,5742,4,occurs_in_speaker_text
4003,5742,1,occurs_in_speaker_text
4194,5742,1,occurs_in_speaker_text
1754,5742,2,occurs_in_speaker_text
4492,5743,1,occurs_in_speaker_text
1431,5743,3,occurs_in_speaker_text
629,5743,2,occurs_in_speaker_text
4003,5743,1,occurs_in_speaker_text
3962,5743,3,occurs_in_speaker_text
234,5743,1,occurs_in_speaker_text
4256,5743,1,occurs_in_speaker_text
3500,5743,1,occurs_in_speaker_text
1536,5743,1,occurs_in_speaker_text
780,5743,1,occurs_in_speaker_text
1725,5743,1,occurs_in_speaker_text
4855,5743,1,occurs_in_speaker_text
4096,5743,1,occurs_in_speaker_text
1331,5743,1,occurs_in_speaker_text
2750,5743,1,occurs_in_speaker_text
2072,5743,1,occurs_in_speaker_text
4398,5743,1,occurs_in_speaker_text
811,5743,2,occurs_in_speaker_text
2538,5743,1,occurs_in_speaker_text
4887,5743,1,occurs_in_speaker_text
2485,5743,1,occurs_in_speaker_text
1618,5743,2,occurs_in_speaker_text
1994,5743,1,occurs_in_speaker_text
3219,5743,1,occurs_in_speaker_text
424,5744,1,occurs_in_speaker_text
942,5744,3,occurs_in_speaker_text
2868,5744,1,occurs_in_speaker_text
2505,5744,1,occurs_in_speaker_text
3635,5744,4,occurs_in_speaker_text
3487,5744,1,occurs_in_speaker_text
4595,5744,1,occurs_in_speaker_text
1431,5744,2,occurs_in_speaker_text
811,5744,2,occurs_in_speaker_text
1331,5744,5,occurs_in_speaker_text
1339,5744,1,occurs_in_speaker_text
1742,5744,1,occurs_in_speaker_text
4505,5744,1,occurs_in_speaker_text
3522,5744,2,occurs_in_speaker_text
5008,5744,1,occurs_in_speaker_text
907,5744,1,occurs_in_speaker_text
4930,5744,1,occurs_in_speaker_text
463,5744,1,occurs_in_speaker_text
2240,5744,1,occurs_in_speaker_text
43,5744,2,occurs_in_speaker_text
3855,5744,1,occurs_in_speaker_text
2538,5744,3,occurs_in_speaker_text
4003,5744,2,occurs_in_speaker_text
455,5744,1,occurs_in_speaker_text
275,5744,3,occurs_in_speaker_text
1131,5744,1,occurs_in_speaker_text
4556,5744,1,occurs_in_speaker_text
341,5744,1,occurs_in_speaker_text
4724,5744,2,occurs_in_speaker_text
294,5744,6,occurs_in_speaker_text
4398,5744,3,occurs_in_speaker_text
4624,5744,3,occurs_in_speaker_text
2485,5744,1,occurs_in_speaker_text
2765,5744,1,occurs_in_speaker_text
2660,5744,1,occurs_in_speaker_text
3222,5744,1,occurs_in_speaker_text
1459,5744,1,occurs_in_speaker_text
949,5744,1,occurs_in_speaker_text
3141,5744,1,occurs_in_speaker_text
3128,5744,1,occurs_in_speaker_text
960,5744,1,occurs_in_speaker_text
2437,5744,1,occurs_in_speaker_text
33,5744,1,occurs_in_speaker_text
76,5744,1,occurs_in_speaker_text
1933,5744,1,occurs_in_speaker_text
1632,5744,1,occurs_in_speaker_text
46,5744,2,occurs_in_speaker_text
564,5744,1,occurs_in_speaker_text
2155,5744,1,occurs_in_speaker_text
3981,5744,1,occurs_in_speaker_text
1949,5744,1,occurs_in_speaker_text
3279,5744,1,occurs_in_speaker_text
683,5744,1,occurs_in_speaker_text
567,5744,1,occurs_in_speaker_text
4368,5744,1,occurs_in_speaker_text
2136,5744,8,occurs_in_speaker_text
2848,5744,1,occurs_in_speaker_text
4177,5744,1,occurs_in_speaker_text
4575,5744,1,occurs_in_speaker_text
641,5744,1,occurs_in_speaker_text
75,5744,1,occurs_in_speaker_text
162,5744,2,occurs_in_speaker_text
3637,5744,1,occurs_in_speaker_text
1457,5744,1,occurs_in_speaker_text
3797,5744,1,occurs_in_speaker_text
2748,5744,1,occurs_in_speaker_text
29,5744,1,occurs_in_speaker_text
2577,5744,1,occurs_in_speaker_text
2570,5744,1,occurs_in_speaker_text
3189,5744,1,occurs_in_speaker_text
1975,5744,1,occurs_in_speaker_text
3340,5744,1,occurs_in_speaker_text
1844,5744,2,occurs_in_speaker_text
1637,5744,1,occurs_in_speaker_text
3967,5744,1,occurs_in_speaker_text
1536,5744,1,occurs_in_speaker_text
3744,5744,1,occurs_in_speaker_text
2825,5744,1,occurs_in_speaker_text
1320,5744,1,occurs_in_speaker_text
3030,5744,1,occurs_in_speaker_text
4153,5744,1,occurs_in_speaker_text
2498,5744,1,occurs_in_speaker_text
247,5744,1,occurs_in_speaker_text
911,5744,1,occurs_in_speaker_text
297,5744,1,occurs_in_speaker_text
3952,5744,1,occurs_in_speaker_text
1,5744,1,occurs_in_speaker_text
4010,5744,2,occurs_in_speaker_text
4810,5744,1,occurs_in_speaker_text
2891,5744,1,occurs_in_speaker_text
3148,5744,2,occurs_in_speaker_text
3180,5744,1,occurs_in_speaker_text
1650,5744,1,occurs_in_speaker_text
1508,5744,1,occurs_in_speaker_text
1502,5744,1,occurs_in_speaker_text
106,5744,1,occurs_in_speaker_text
2218,5744,1,occurs_in_speaker_text
2259,5745,1,occurs_in_speaker_text
55,5745,3,occurs_in_speaker_text
1931,5745,1,occurs_in_speaker_text
222,5745,1,occurs_in_speaker_text
676,5745,1,occurs_in_speaker_text
1331,5745,1,occurs_in_speaker_text
2773,5745,1,occurs_in_speaker_text
1677,5745,2,occurs_in_speaker_text
243,5745,2,occurs_in_speaker_text
580,5745,1,occurs_in_speaker_text
893,5745,1,occurs_in_speaker_text
299,5745,2,occurs_in_speaker_text
467,5745,1,occurs_in_speaker_text
3569,5745,1,occurs_in_speaker_text
2051,5745,2,occurs_in_speaker_text
2678,5745,1,occurs_in_speaker_text
2972,5745,1,occurs_in_speaker_text
3865,5745,1,occurs_in_speaker_text
863,5745,6,occurs_in_speaker_text
1954,5745,4,occurs_in_speaker_text
811,5745,1,occurs_in_speaker_text
4737,5745,1,occurs_in_speaker_text
3500,5745,1,occurs_in_speaker_text
2736,5745,1,occurs_in_speaker_text
204,5745,1,occurs_in_speaker_text
369,5745,1,occurs_in_speaker_text
3643,5745,1,occurs_in_speaker_text
2632,5745,1,occurs_in_speaker_text
3292,5745,1,occurs_in_speaker_text
198,5745,1,occurs_in_speaker_text
4882,5745,1,occurs_in_speaker_text
3684,5745,1,occurs_in_speaker_text
4664,5745,1,occurs_in_speaker_text
3866,5745,1,occurs_in_speaker_text
4951,5745,1,occurs_in_speaker_text
3212,5745,1,occurs_in_speaker_text
675,5745,1,occurs_in_speaker_text
234,5745,1,occurs_in_speaker_text
1152,5746,1,occurs_in_speaker_text
4559,5746,1,occurs_in_speaker_text
2881,5746,1,occurs_in_speaker_text
2509,5746,1,occurs_in_speaker_text
4368,5746,1,occurs_in_speaker_text
222,5746,3,occurs_in_speaker_text
3635,5746,1,occurs_in_speaker_text
1759,5746,3,occurs_in_speaker_text
510,5746,1,occurs_in_speaker_text
139,5746,1,occurs_in_speaker_text
2312,5746,1,occurs_in_speaker_text
811,5746,1,occurs_in_speaker_text
2970,5747,1,occurs_in_speaker_text
811,5747,2,occurs_in_speaker_text
162,5747,2,occurs_in_speaker_text
3635,5747,1,occurs_in_speaker_text
2328,5747,1,occurs_in_speaker_text
942,5747,1,occurs_in_speaker_text
3943,5747,1,occurs_in_speaker_text
3911,5747,1,occurs_in_speaker_text
4353,5747,1,occurs_in_speaker_text
3099,5747,2,occurs_in_speaker_text
3712,5747,2,occurs_in_speaker_text
222,5747,1,occurs_in_speaker_text
3754,5747,1,occurs_in_speaker_text
4309,5747,1,occurs_in_speaker_text
577,5747,2,occurs_in_speaker_text
4003,5747,5,occurs_in_speaker_text
1331,5747,2,occurs_in_speaker_text
2256,5747,2,occurs_in_speaker_text
277,5747,1,occurs_in_speaker_text
698,5747,1,occurs_in_speaker_text
763,5747,1,occurs_in_speaker_text
234,5747,1,occurs_in_speaker_text
2402,5747,1,occurs_in_speaker_text
407,5747,1,occurs_in_speaker_text
243,5747,1,occurs_in_speaker_text
146,5747,1,occurs_in_speaker_text
2822,5747,1,occurs_in_speaker_text
4622,5747,1,occurs_in_speaker_text
315,5747,1,occurs_in_speaker_text
1386,5747,1,occurs_in_speaker_text
349,5747,1,occurs_in_speaker_text
2321,5747,1,occurs_in_speaker_text
4718,5747,1,occurs_in_speaker_text
1232,5747,1,occurs_in_speaker_text
1637,5747,1,occurs_in_speaker_text
3500,5747,1,occurs_in_speaker_text
2896,5747,1,occurs_in_speaker_text
1346,5747,1,occurs_in_speaker_text
139,5747,1,occurs_in_speaker_text
4350,5747,1,occurs_in_speaker_text
133,5747,1,occurs_in_speaker_text
1144,5747,2,occurs_in_speaker_text
4880,5747,1,occurs_in_speaker_text
2163,5747,1,occurs_in_speaker_text
4502,5747,1,occurs_in_speaker_text
4143,5747,1,occurs_in_speaker_text
4144,5747,1,occurs_in_speaker_text
2485,5748,8,occurs_in_speaker_text
3500,5748,1,occurs_in_speaker_text
3323,5748,1,occurs_in_speaker_text
2461,5748,1,occurs_in_speaker_text
5045,5748,5,occurs_in_speaker_text
4724,5748,6,occurs_in_speaker_text
3739,5748,1,occurs_in_speaker_text
1768,5748,1,occurs_in_speaker_text
2778,5748,1,occurs_in_speaker_text
2761,5748,1,occurs_in_speaker_text
2824,5748,2,occurs_in_speaker_text
1640,5748,1,occurs_in_speaker_text
2351,5748,1,occurs_in_speaker_text
4040,5748,1,occurs_in_speaker_text
1812,5748,1,occurs_in_speaker_text
863,5748,1,occurs_in_speaker_text
2289,5748,1,occurs_in_speaker_text
3635,5748,1,occurs_in_speaker_text
3526,5748,1,occurs_in_speaker_text
1999,5748,1,occurs_in_speaker_text
3814,5748,1,occurs_in_speaker_text
4878,5748,2,occurs_in_speaker_text
4398,5748,2,occurs_in_speaker_text
3712,5748,1,occurs_in_speaker_text
507,5748,1,occurs_in_speaker_text
4119,5748,1,occurs_in_speaker_text
1384,5748,2,occurs_in_speaker_text
4184,5748,1,occurs_in_speaker_text
1747,5749,17,occurs_in_speaker_text
1331,5749,1,occurs_in_speaker_text
2219,5749,2,occurs_in_speaker_text
3815,5749,1,occurs_in_speaker_text
357,5749,3,occurs_in_speaker_text
3361,5749,1,occurs_in_speaker_text
3910,5749,1,occurs_in_speaker_text
3150,5749,6,occurs_in_speaker_text
2910,5749,1,occurs_in_speaker_text
2290,5749,2,occurs_in_speaker_text
4865,5749,1,occurs_in_speaker_text
2485,5749,2,occurs_in_speaker_text
2160,5749,1,occurs_in_speaker_text
3903,5749,2,occurs_in_speaker_text
2256,5749,4,occurs_in_speaker_text
85,5749,1,occurs_in_speaker_text
1714,5749,1,occurs_in_speaker_text
275,5749,1,occurs_in_speaker_text
4576,5749,1,occurs_in_speaker_text
4003,5749,2,occurs_in_speaker_text
4392,5749,1,occurs_in_speaker_text
4822,5749,3,occurs_in_speaker_text
156,5749,1,occurs_in_speaker_text
2289,5749,2,occurs_in_speaker_text
2852,5749,1,occurs_in_speaker_text
4643,5749,1,occurs_in_speaker_text
144,5749,1,occurs_in_speaker_text
2053,5749,1,occurs_in_speaker_text
3323,5749,1,occurs_in_speaker_text
4368,5749,1,occurs_in_speaker_text
2507,5749,1,occurs_in_speaker_text
4775,5749,2,occurs_in_speaker_text
2892,5749,1,occurs_in_speaker_text
2445,5749,1,occurs_in_speaker_text
3562,5750,3,occurs_in_speaker_text
2750,5750,1,occurs_in_speaker_text
2795,5750,1,occurs_in_speaker_text
2511,5750,1,occurs_in_speaker_text
1024,5750,1,occurs_in_speaker_text
101,5750,1,occurs_in_speaker_text
278,5750,1,occurs_in_speaker_text
3635,5750,2,occurs_in_speaker_text
613,5750,1,occurs_in_speaker_text
3024,5750,2,occurs_in_speaker_text
2485,5750,4,occurs_in_speaker_text
4487,5750,1,occurs_in_speaker_text
3538,5750,1,occurs_in_speaker_text
1515,5750,1,occurs_in_speaker_text
4368,5750,1,occurs_in_speaker_text
1331,5750,2,occurs_in_speaker_text
2549,5750,1,occurs_in_speaker_text
3022,5750,1,occurs_in_speaker_text
5045,5750,1,occurs_in_speaker_text
210,5750,1,occurs_in_speaker_text
1232,5750,1,occurs_in_speaker_text
1999,5750,1,occurs_in_speaker_text
4974,5750,1,occurs_in_speaker_text
1687,5750,1,occurs_in_speaker_text
3688,5750,1,occurs_in_speaker_text
1617,5750,1,occurs_in_speaker_text
139,5750,2,occurs_in_speaker_text
3112,5750,1,occurs_in_speaker_text
1640,5751,1,occurs_in_speaker_text
2380,5751,1,occurs_in_speaker_text
868,5751,1,occurs_in_speaker_text
2256,5751,1,occurs_in_speaker_text
1714,5751,1,occurs_in_speaker_text
2702,5751,1,occurs_in_speaker_text
1331,5751,1,occurs_in_speaker_text
384,5751,1,occurs_in_speaker_text
1999,5751,5,occurs_in_speaker_text
1459,5751,3,occurs_in_speaker_text
3010,5751,1,occurs_in_speaker_text
156,5751,1,occurs_in_speaker_text
1599,5751,1,occurs_in_speaker_text
44,5751,2,occurs_in_speaker_text
3372,5751,2,occurs_in_speaker_text
2999,5751,1,occurs_in_speaker_text
2478,5751,1,occurs_in_speaker_text
222,5751,1,occurs_in_speaker_text
811,5751,1,occurs_in_speaker_text
4522,5751,1,occurs_in_speaker_text
4986,5751,1,occurs_in_speaker_text
4398,5751,1,occurs_in_speaker_text
108,5751,1,occurs_in_speaker_text
1637,5751,1,occurs_in_speaker_text
4219,5751,1,occurs_in_speaker_text
2789,5751,1,occurs_in_speaker_text
2795,5751,1,occurs_in_speaker_text
4362,5751,1,occurs_in_speaker_text
4576,5751,1,occurs_in_speaker_text
1331,5752,1,occurs_in_speaker_text
4031,5752,1,occurs_in_speaker_text
4259,5752,1,occurs_in_speaker_text
1687,5752,1,occurs_in_speaker_text
4714,5752,1,occurs_in_speaker_text
1448,5752,2,occurs_in_speaker_text
1232,5752,1,occurs_in_speaker_text
1818,5752,1,occurs_in_speaker_text
1270,5752,1,occurs_in_speaker_text
1431,5753,1,occurs_in_speaker_text
4124,5753,2,occurs_in_speaker_text
308,5753,1,occurs_in_speaker_text
4003,5753,1,occurs_in_speaker_text
2256,5753,2,occurs_in_speaker_text
2629,5753,1,occurs_in_speaker_text
1637,5754,1,occurs_in_speaker_text
1725,5754,1,occurs_in_speaker_text
1536,5754,1,occurs_in_speaker_text
2289,5754,1,occurs_in_speaker_text
2230,5754,1,occurs_in_speaker_text
3967,5754,1,occurs_in_speaker_text
4964,5754,1,occurs_in_speaker_text
3345,5754,1,occurs_in_speaker_text
5048,5754,1,occurs_in_speaker_text
1549,5754,1,occurs_in_speaker_text
4317,5754,1,occurs_in_speaker_text
3635,5754,1,occurs_in_speaker_text
1114,5754,4,occurs_in_speaker_text
4556,5754,1,occurs_in_speaker_text
772,5754,3,occurs_in_speaker_text
1881,5754,1,occurs_in_speaker_text
2421,5754,1,occurs_in_speaker_text
2485,5754,2,occurs_in_speaker_text
3348,5754,1,occurs_in_speaker_text
629,5754,1,occurs_in_speaker_text
505,5754,1,occurs_in_speaker_text
987,5754,1,occurs_in_speaker_text
234,5754,1,occurs_in_speaker_text
2434,5754,1,occurs_in_speaker_text
1859,5754,1,occurs_in_speaker_text
1899,5755,1,occurs_in_speaker_text
2477,5755,1,occurs_in_speaker_text
618,5755,1,occurs_in_speaker_text
3512,5755,1,occurs_in_speaker_text
3651,5755,1,occurs_in_speaker_text
4618,5755,1,occurs_in_speaker_text
4724,5755,1,occurs_in_speaker_text
4143,5755,1,occurs_in_speaker_text
3943,5755,1,occurs_in_speaker_text
2105,5755,1,occurs_in_speaker_text
4974,5755,1,occurs_in_speaker_text
3111,5755,1,occurs_in_speaker_text
4046,5755,1,occurs_in_speaker_text
2209,5755,1,occurs_in_speaker_text
629,5755,2,occurs_in_speaker_text
277,5755,1,occurs_in_speaker_text
2485,5755,4,occurs_in_speaker_text
3234,5755,1,occurs_in_speaker_text
3753,5755,1,occurs_in_speaker_text
4594,5755,1,occurs_in_speaker_text
1687,5755,2,occurs_in_speaker_text
2963,5755,2,occurs_in_speaker_text
2333,5755,1,occurs_in_speaker_text
2720,5755,2,occurs_in_speaker_text
4448,5755,1,occurs_in_speaker_text
42,5755,1,occurs_in_speaker_text
1331,5756,1,occurs_in_speaker_text
1637,5756,1,occurs_in_speaker_text
103,5757,1,occurs_in_speaker_text
4878,5757,1,occurs_in_speaker_text
2538,5757,1,occurs_in_speaker_text
308,5757,1,occurs_in_speaker_text
3299,5757,1,occurs_in_speaker_text
2485,5757,4,occurs_in_speaker_text
1201,5757,1,occurs_in_speaker_text
4876,5758,2,occurs_in_speaker_text
3526,5758,9,occurs_in_speaker_text
256,5758,2,occurs_in_speaker_text
2485,5758,13,occurs_in_speaker_text
308,5758,3,occurs_in_speaker_text
863,5758,6,occurs_in_speaker_text
4658,5758,2,occurs_in_speaker_text
3724,5758,2,occurs_in_speaker_text
4896,5758,2,occurs_in_speaker_text
4035,5758,2,occurs_in_speaker_text
4657,5758,1,occurs_in_speaker_text
2961,5758,2,occurs_in_speaker_text
4377,5758,1,occurs_in_speaker_text
733,5758,1,occurs_in_speaker_text
1331,5758,6,occurs_in_speaker_text
3021,5758,2,occurs_in_speaker_text
1227,5758,1,occurs_in_speaker_text
4798,5758,2,occurs_in_speaker_text
2482,5758,1,occurs_in_speaker_text
4196,5758,3,occurs_in_speaker_text
234,5758,1,occurs_in_speaker_text
5061,5758,1,occurs_in_speaker_text
1637,5758,2,occurs_in_speaker_text
1101,5758,1,occurs_in_speaker_text
4134,5758,1,occurs_in_speaker_text
4878,5758,2,occurs_in_speaker_text
4993,5758,2,occurs_in_speaker_text
3870,5758,1,occurs_in_speaker_text
3957,5758,1,occurs_in_speaker_text
4091,5758,3,occurs_in_speaker_text
5045,5758,1,occurs_in_speaker_text
3842,5758,1,occurs_in_speaker_text
5072,5758,1,occurs_in_speaker_text
1144,5758,1,occurs_in_speaker_text
1050,5758,1,occurs_in_speaker_text
3661,5758,1,occurs_in_speaker_text
1291,5758,1,occurs_in_speaker_text
464,5758,1,occurs_in_speaker_text
3514,5758,1,occurs_in_speaker_text
1431,5758,1,occurs_in_speaker_text
1695,5758,1,occurs_in_speaker_text
4358,5758,1,occurs_in_speaker_text
2854,5758,2,occurs_in_speaker_text
4398,5758,1,occurs_in_speaker_text
4571,5758,1,occurs_in_speaker_text
4104,5758,1,occurs_in_speaker_text
4096,5759,2,occurs_in_speaker_text
4724,5759,10,occurs_in_speaker_text
3099,5759,1,occurs_in_speaker_text
1859,5759,4,occurs_in_speaker_text
4119,5759,1,occurs_in_speaker_text
2660,5759,1,occurs_in_speaker_text
3787,5759,1,occurs_in_speaker_text
507,5759,2,occurs_in_speaker_text
1640,5759,5,occurs_in_speaker_text
275,5759,2,occurs_in_speaker_text
2410,5759,1,occurs_in_speaker_text
177,5759,1,occurs_in_speaker_text
1331,5759,2,occurs_in_speaker_text
3008,5759,1,occurs_in_speaker_text
1464,5759,1,occurs_in_speaker_text
3708,5759,1,occurs_in_speaker_text
4124,5759,1,occurs_in_speaker_text
4576,5759,3,occurs_in_speaker_text
2485,5759,1,occurs_in_speaker_text
3562,5759,1,occurs_in_speaker_text
859,5759,1,occurs_in_speaker_text
3923,5759,1,occurs_in_speaker_text
863,5759,1,occurs_in_speaker_text
5045,5759,1,occurs_in_speaker_text
3204,5759,3,occurs_in_speaker_text
2289,5759,2,occurs_in_speaker_text
1677,5759,1,occurs_in_speaker_text
1687,5759,15,occurs_in_speaker_text
4332,5759,2,occurs_in_speaker_text
1714,5759,1,occurs_in_speaker_text
4209,5759,1,occurs_in_speaker_text
4796,5759,1,occurs_in_speaker_text
4143,5759,1,occurs_in_speaker_text
2773,5759,1,occurs_in_speaker_text
4622,5759,1,occurs_in_speaker_text
4638,5759,1,occurs_in_speaker_text
3635,5759,1,occurs_in_speaker_text
929,5759,1,occurs_in_speaker_text
3842,5759,1,occurs_in_speaker_text
3320,5759,1,occurs_in_speaker_text
1393,5759,1,occurs_in_speaker_text
3717,5759,1,occurs_in_speaker_text
1637,5759,1,occurs_in_speaker_text
2538,5759,1,occurs_in_speaker_text
413,5759,1,occurs_in_speaker_text
4261,5759,1,occurs_in_speaker_text
4229,5759,1,occurs_in_speaker_text
1999,5759,2,occurs_in_speaker_text
4097,5759,1,occurs_in_speaker_text
4798,5759,1,occurs_in_speaker_text
3500,5759,1,occurs_in_speaker_text
4358,5759,1,occurs_in_speaker_text
3101,5759,1,occurs_in_speaker_text
4041,5760,1,occurs_in_speaker_text
1824,5760,1,occurs_in_speaker_text
2799,5760,1,occurs_in_speaker_text
2629,5760,3,occurs_in_speaker_text
139,5760,2,occurs_in_speaker_text
1483,5760,1,occurs_in_speaker_text
893,5760,1,occurs_in_speaker_text
4003,5760,4,occurs_in_speaker_text
3323,5760,1,occurs_in_speaker_text
1999,5760,2,occurs_in_speaker_text
2485,5760,2,occurs_in_speaker_text
1478,5760,1,occurs_in_speaker_text
5045,5760,1,occurs_in_speaker_text
2461,5760,1,occurs_in_speaker_text
1029,5760,1,occurs_in_speaker_text
2538,5760,2,occurs_in_speaker_text
1681,5760,1,occurs_in_speaker_text
2365,5760,1,occurs_in_speaker_text
811,5760,1,occurs_in_speaker_text
863,5760,1,occurs_in_speaker_text
1831,5760,1,occurs_in_speaker_text
4795,5760,1,occurs_in_speaker_text
2010,5760,1,occurs_in_speaker_text
3724,5760,1,occurs_in_speaker_text
3573,5760,1,occurs_in_speaker_text
1331,5760,1,occurs_in_speaker_text
1999,5761,19,occurs_in_speaker_text
5077,5761,8,occurs_in_speaker_text
1706,5761,24,occurs_in_speaker_text
4859,5761,1,occurs_in_speaker_text
1246,5761,1,occurs_in_speaker_text
4124,5761,19,occurs_in_speaker_text
1714,5761,5,occurs_in_speaker_text
1462,5761,1,occurs_in_speaker_text
2465,5761,1,occurs_in_speaker_text
3176,5761,1,occurs_in_speaker_text
262,5761,1,occurs_in_speaker_text
2402,5761,3,occurs_in_speaker_text
1232,5761,9,occurs_in_speaker_text
3449,5761,1,occurs_in_speaker_text
3882,5761,1,occurs_in_speaker_text
4368,5761,2,occurs_in_speaker_text
4884,5761,2,occurs_in_speaker_text
811,5761,6,occurs_in_speaker_text
942,5761,4,occurs_in_speaker_text
2868,5761,1,occurs_in_speaker_text
4358,5761,4,occurs_in_speaker_text
4006,5761,2,occurs_in_speaker_text
4876,5761,9,occurs_in_speaker_text
2511,5761,3,occurs_in_speaker_text
524,5761,1,occurs_in_speaker_text
3099,5761,29,occurs_in_speaker_text
1754,5761,12,occurs_in_speaker_text
2240,5761,1,occurs_in_speaker_text
1401,5761,1,occurs_in_speaker_text
3526,5761,40,occurs_in_speaker_text
1747,5761,1,occurs_in_speaker_text
2288,5761,1,occurs_in_speaker_text
4823,5761,1,occurs_in_speaker_text
3840,5761,1,occurs_in_speaker_text
139,5761,2,occurs_in_speaker_text
2580,5761,1,occurs_in_speaker_text
5024,5761,1,occurs_in_speaker_text
275,5761,1,occurs_in_speaker_text
2992,5761,1,occurs_in_speaker_text
4144,5761,13,occurs_in_speaker_text
4780,5761,8,occurs_in_speaker_text
507,5761,2,occurs_in_speaker_text
1331,5761,8,occurs_in_speaker_text
1604,5761,1,occurs_in_speaker_text
1795,5761,1,occurs_in_speaker_text
2839,5761,2,occurs_in_speaker_text
370,5761,1,occurs_in_speaker_text
2910,5761,29,occurs_in_speaker_text
3319,5761,1,occurs_in_speaker_text
4339,5761,1,occurs_in_speaker_text
863,5761,13,occurs_in_speaker_text
3904,5761,16,occurs_in_speaker_text
100,5761,1,occurs_in_speaker_text
566,5761,4,occurs_in_speaker_text
2072,5761,2,occurs_in_speaker_text
3341,5761,2,occurs_in_speaker_text
4286,5761,12,occurs_in_speaker_text
31,5761,5,occurs_in_speaker_text
1093,5761,1,occurs_in_speaker_text
2897,5761,5,occurs_in_speaker_text
2549,5761,1,occurs_in_speaker_text
1859,5761,16,occurs_in_speaker_text
2365,5761,8,occurs_in_speaker_text
1397,5761,2,occurs_in_speaker_text
2059,5761,2,occurs_in_speaker_text
1645,5761,2,occurs_in_speaker_text
3909,5761,13,occurs_in_speaker_text
3021,5761,1,occurs_in_speaker_text
916,5761,1,occurs_in_speaker_text
491,5761,3,occurs_in_speaker_text
2319,5761,1,occurs_in_speaker_text
2677,5761,1,occurs_in_speaker_text
3772,5761,1,occurs_in_speaker_text
2795,5761,6,occurs_in_speaker_text
2289,5761,3,occurs_in_speaker_text
523,5761,1,occurs_in_speaker_text
3605,5761,1,occurs_in_speaker_text
516,5761,1,occurs_in_speaker_text
3993,5761,1,occurs_in_speaker_text
4890,5761,1,occurs_in_speaker_text
2266,5761,2,occurs_in_speaker_text
414,5761,1,occurs_in_speaker_text
464,5761,2,occurs_in_speaker_text
5045,5761,15,occurs_in_speaker_text
5038,5761,2,occurs_in_speaker_text
4440,5761,1,occurs_in_speaker_text
4878,5761,7,occurs_in_speaker_text
3500,5761,3,occurs_in_speaker_text
3323,5761,4,occurs_in_speaker_text
4506,5761,1,occurs_in_speaker_text
1456,5761,1,occurs_in_speaker_text
360,5761,3,occurs_in_speaker_text
4134,5761,5,occurs_in_speaker_text
3150,5761,1,occurs_in_speaker_text
3724,5761,15,occurs_in_speaker_text
4444,5761,1,occurs_in_speaker_text
3775,5761,10,occurs_in_speaker_text
4398,5761,6,occurs_in_speaker_text
1536,5761,7,occurs_in_speaker_text
3826,5761,1,occurs_in_speaker_text
2312,5761,4,occurs_in_speaker_text
1189,5761,2,occurs_in_speaker_text
2538,5761,14,occurs_in_speaker_text
222,5761,1,occurs_in_speaker_text
4051,5761,2,occurs_in_speaker_text
4380,5761,1,occurs_in_speaker_text
4809,5761,1,occurs_in_speaker_text
2416,5761,3,occurs_in_speaker_text
1748,5761,3,occurs_in_speaker_text
2766,5761,2,occurs_in_speaker_text
2554,5761,5,occurs_in_speaker_text
4974,5761,1,occurs_in_speaker_text
353,5761,1,occurs_in_speaker_text
4653,5761,1,occurs_in_speaker_text
4421,5761,2,occurs_in_speaker_text
586,5761,2,occurs_in_speaker_text
4469,5761,1,occurs_in_speaker_text
2820,5761,1,occurs_in_speaker_text
1693,5761,1,occurs_in_speaker_text
2853,5761,1,occurs_in_speaker_text
4194,5761,11,occurs_in_speaker_text
1640,5761,3,occurs_in_speaker_text
3925,5761,1,occurs_in_speaker_text
2485,5761,3,occurs_in_speaker_text
987,5761,1,occurs_in_speaker_text
4119,5761,7,occurs_in_speaker_text
1066,5761,1,occurs_in_speaker_text
1386,5761,1,occurs_in_speaker_text
1637,5761,1,occurs_in_speaker_text
4185,5761,1,occurs_in_speaker_text
3427,5761,1,occurs_in_speaker_text
2008,5761,1,occurs_in_speaker_text
1431,5761,3,occurs_in_speaker_text
146,5761,1,occurs_in_speaker_text
749,5761,2,occurs_in_speaker_text
4140,5761,1,occurs_in_speaker_text
4003,5761,4,occurs_in_speaker_text
5029,5761,1,occurs_in_speaker_text
1257,5761,1,occurs_in_speaker_text
3855,5761,1,occurs_in_speaker_text
4112,5761,1,occurs_in_speaker_text
3394,5761,1,occurs_in_speaker_text
3562,5761,2,occurs_in_speaker_text
659,5761,1,occurs_in_speaker_text
1328,5761,1,occurs_in_speaker_text
2935,5761,2,occurs_in_speaker_text
2660,5761,2,occurs_in_speaker_text
4549,5761,1,occurs_in_speaker_text
1008,5761,2,occurs_in_speaker_text
3010,5761,2,occurs_in_speaker_text
2799,5761,1,occurs_in_speaker_text
2389,5761,2,occurs_in_speaker_text
3635,5761,5,occurs_in_speaker_text
690,5761,1,occurs_in_speaker_text
3618,5761,1,occurs_in_speaker_text
4282,5761,1,occurs_in_speaker_text
4724,5761,2,occurs_in_speaker_text
2750,5761,2,occurs_in_speaker_text
4097,5761,3,occurs_in_speaker_text
2130,5761,1,occurs_in_speaker_text
3762,5761,1,occurs_in_speaker_text
740,5761,1,occurs_in_speaker_text
1988,5761,1,occurs_in_speaker_text
2386,5761,8,occurs_in_speaker_text
680,5761,1,occurs_in_speaker_text
3810,5761,1,occurs_in_speaker_text
4217,5761,1,occurs_in_speaker_text
1009,5761,1,occurs_in_speaker_text
234,5761,1,occurs_in_speaker_text
4105,5761,1,occurs_in_speaker_text
4096,5761,1,occurs_in_speaker_text
1312,5761,1,occurs_in_speaker_text
162,5761,3,occurs_in_speaker_text
4490,5761,1,occurs_in_speaker_text
5057,5761,2,occurs_in_speaker_text
3708,5761,1,occurs_in_speaker_text
1916,5761,1,occurs_in_speaker_text
4847,5761,1,occurs_in_speaker_text
826,5761,1,occurs_in_speaker_text
4576,5761,3,occurs_in_speaker_text
780,5761,1,occurs_in_speaker_text
800,5761,2,occurs_in_speaker_text
1982,5761,1,occurs_in_speaker_text
639,5761,1,occurs_in_speaker_text
601,5761,3,occurs_in_speaker_text
2209,5761,1,occurs_in_speaker_text
2720,5761,4,occurs_in_speaker_text
18,5761,1,occurs_in_speaker_text
759,5761,1,occurs_in_speaker_text
4168,5761,1,occurs_in_speaker_text
2982,5761,1,occurs_in_speaker_text
2322,5761,1,occurs_in_speaker_text
3254,5761,1,occurs_in_speaker_text
3284,5761,1,occurs_in_speaker_text
2723,5761,1,occurs_in_speaker_text
209,5761,1,occurs_in_speaker_text
1564,5761,1,occurs_in_speaker_text
2447,5761,1,occurs_in_speaker_text
1371,5761,1,occurs_in_speaker_text
4271,5761,2,occurs_in_speaker_text
2675,5761,2,occurs_in_speaker_text
4443,5761,1,occurs_in_speaker_text
3535,5761,1,occurs_in_speaker_text
1695,5761,1,occurs_in_speaker_text
1248,5761,1,occurs_in_speaker_text
2521,5761,1,occurs_in_speaker_text
1372,5761,1,occurs_in_speaker_text
2886,5761,4,occurs_in_speaker_text
4767,5761,1,occurs_in_speaker_text
4497,5761,1,occurs_in_speaker_text
4325,5761,1,occurs_in_speaker_text
4143,5761,1,occurs_in_speaker_text
4055,5761,3,occurs_in_speaker_text
629,5761,1,occurs_in_speaker_text
4154,5761,1,occurs_in_speaker_text
3812,5761,1,occurs_in_speaker_text
705,5761,1,occurs_in_speaker_text
1438,5761,1,occurs_in_speaker_text
83,5761,1,occurs_in_speaker_text
3589,5761,1,occurs_in_speaker_text
2809,5761,1,occurs_in_speaker_text
2905,5761,1,occurs_in_speaker_text
1084,5761,1,occurs_in_speaker_text
570,5761,1,occurs_in_speaker_text
103,5761,1,occurs_in_speaker_text
2457,5761,1,occurs_in_speaker_text
2499,5761,1,occurs_in_speaker_text
3726,5761,1,occurs_in_speaker_text
898,5761,1,occurs_in_speaker_text
458,5761,2,occurs_in_speaker_text
3175,5761,1,occurs_in_speaker_text
3642,5761,1,occurs_in_speaker_text
4785,5761,1,occurs_in_speaker_text
3789,5761,1,occurs_in_speaker_text
2505,5761,1,occurs_in_speaker_text
2770,5761,1,occurs_in_speaker_text
2870,5761,1,occurs_in_speaker_text
1459,5761,2,occurs_in_speaker_text
3136,5761,1,occurs_in_speaker_text
330,5761,1,occurs_in_speaker_text
5089,5761,1,occurs_in_speaker_text
4583,5761,1,occurs_in_speaker_text
549,5761,1,occurs_in_speaker_text
2551,5761,7,occurs_in_speaker_text
1466,5761,1,occurs_in_speaker_text
4875,5761,2,occurs_in_speaker_text
3520,5761,1,occurs_in_speaker_text
1024,5761,1,occurs_in_speaker_text
160,5761,1,occurs_in_speaker_text
952,5761,1,occurs_in_speaker_text
4849,5761,1,occurs_in_speaker_text
2172,5761,1,occurs_in_speaker_text
1232,5762,1,occurs_in_speaker_text
3739,5762,1,occurs_in_speaker_text
696,5762,1,occurs_in_speaker_text
4286,5762,1,occurs_in_speaker_text
2358,5762,1,occurs_in_speaker_text
2554,5762,1,occurs_in_speaker_text
1698,5762,1,occurs_in_speaker_text
4993,5762,2,occurs_in_speaker_text
2197,5762,1,occurs_in_speaker_text
253,5762,1,occurs_in_speaker_text
5077,5762,1,occurs_in_speaker_text
1687,5762,1,occurs_in_speaker_text
3107,5762,2,occurs_in_speaker_text
2321,5762,1,occurs_in_speaker_text
3900,5762,1,occurs_in_speaker_text
3635,5762,1,occurs_in_speaker_text
2574,5763,1,occurs_in_speaker_text
3526,5763,7,occurs_in_speaker_text
2974,5763,3,occurs_in_speaker_text
2485,5763,5,occurs_in_speaker_text
2240,5763,2,occurs_in_speaker_text
2506,5763,1,occurs_in_speaker_text
1167,5763,1,occurs_in_speaker_text
1687,5763,1,occurs_in_speaker_text
34,5763,1,occurs_in_speaker_text
3661,5763,1,occurs_in_speaker_text
4003,5763,1,occurs_in_speaker_text
1331,5763,2,occurs_in_speaker_text
4144,5763,1,occurs_in_speaker_text
1640,5763,1,occurs_in_speaker_text
4261,5763,1,occurs_in_speaker_text
487,5763,1,occurs_in_speaker_text
2289,5763,1,occurs_in_speaker_text
2761,5763,1,occurs_in_speaker_text
2972,5763,1,occurs_in_speaker_text
2773,5764,1,occurs_in_speaker_text
4003,5764,6,occurs_in_speaker_text
957,5764,2,occurs_in_speaker_text
3922,5764,1,occurs_in_speaker_text
942,5764,4,occurs_in_speaker_text
2771,5764,1,occurs_in_speaker_text
4974,5764,1,occurs_in_speaker_text
4325,5764,2,occurs_in_speaker_text
3864,5764,1,occurs_in_speaker_text
3107,5764,1,occurs_in_speaker_text
234,5764,1,occurs_in_speaker_text
2731,5764,1,occurs_in_speaker_text
3021,5764,1,occurs_in_speaker_text
2917,5764,1,occurs_in_speaker_text
2986,5764,1,occurs_in_speaker_text
2105,5764,1,occurs_in_speaker_text
811,5764,1,occurs_in_speaker_text
4576,5764,1,occurs_in_speaker_text
423,5764,2,occurs_in_speaker_text
1999,5764,10,occurs_in_speaker_text
4859,5764,1,occurs_in_speaker_text
3323,5764,1,occurs_in_speaker_text
3793,5764,1,occurs_in_speaker_text
4273,5764,1,occurs_in_speaker_text
2209,5764,2,occurs_in_speaker_text
1558,5764,2,occurs_in_speaker_text
2840,5764,1,occurs_in_speaker_text
2757,5764,1,occurs_in_speaker_text
2744,5764,1,occurs_in_speaker_text
1143,5764,1,occurs_in_speaker_text
1536,5764,1,occurs_in_speaker_text
3325,5764,1,occurs_in_speaker_text
2538,5764,1,occurs_in_speaker_text
5077,5764,1,occurs_in_speaker_text
2371,5765,2,occurs_in_speaker_text
1331,5765,1,occurs_in_speaker_text
4146,5765,1,occurs_in_speaker_text
3182,5765,1,occurs_in_speaker_text
275,5765,1,occurs_in_speaker_text
3808,5765,2,occurs_in_speaker_text
3635,5765,3,occurs_in_speaker_text
3255,5765,1,occurs_in_speaker_text
1536,5765,1,occurs_in_speaker_text
504,5765,1,occurs_in_speaker_text
2289,5765,1,occurs_in_speaker_text
3567,5766,1,occurs_in_speaker_text
2972,5766,1,occurs_in_speaker_text
2346,5767,1,occurs_in_speaker_text
1859,5767,2,occurs_in_speaker_text
2485,5767,2,occurs_in_speaker_text
2610,5767,1,occurs_in_speaker_text
1220,5767,1,occurs_in_speaker_text
3526,5767,2,occurs_in_speaker_text
4686,5767,1,occurs_in_speaker_text
5045,5767,9,occurs_in_speaker_text
2210,5767,1,occurs_in_speaker_text
498,5767,1,occurs_in_speaker_text
1157,5767,1,occurs_in_speaker_text
507,5767,1,occurs_in_speaker_text
365,5767,1,occurs_in_speaker_text
4398,5767,1,occurs_in_speaker_text
1536,5767,2,occurs_in_speaker_text
2802,5767,1,occurs_in_speaker_text
2778,5767,1,occurs_in_speaker_text
1350,5767,1,occurs_in_speaker_text
917,5767,1,occurs_in_speaker_text
1974,5767,1,occurs_in_speaker_text
3562,5767,1,occurs_in_speaker_text
1448,5767,1,occurs_in_speaker_text
234,5767,1,occurs_in_speaker_text
103,5767,1,occurs_in_speaker_text
2660,5767,1,occurs_in_speaker_text
4876,5767,1,occurs_in_speaker_text
3635,5767,2,occurs_in_speaker_text
139,5767,1,occurs_in_speaker_text
2574,5767,1,occurs_in_speaker_text
4878,5767,1,occurs_in_speaker_text
870,5767,1,occurs_in_speaker_text
1999,5767,1,occurs_in_speaker_text
4003,5767,2,occurs_in_speaker_text
4620,5767,1,occurs_in_speaker_text
1566,5767,1,occurs_in_speaker_text
1725,5767,1,occurs_in_speaker_text
1331,5767,1,occurs_in_speaker_text
2997,5768,1,occurs_in_speaker_text
811,5768,2,occurs_in_speaker_text
1754,5768,1,occurs_in_speaker_text
3976,5768,1,occurs_in_speaker_text
893,5768,1,occurs_in_speaker_text
952,5768,1,occurs_in_speaker_text
625,5768,1,occurs_in_speaker_text
4003,5768,1,occurs_in_speaker_text
870,5768,1,occurs_in_speaker_text
2209,5768,1,occurs_in_speaker_text
4298,5768,1,occurs_in_speaker_text
4576,5768,1,occurs_in_speaker_text
915,5768,1,occurs_in_speaker_text
142,5768,1,occurs_in_speaker_text
831,5768,1,occurs_in_speaker_text
4486,5768,1,occurs_in_speaker_text
3010,5768,1,occurs_in_speaker_text
1024,5768,1,occurs_in_speaker_text
3635,5768,1,occurs_in_speaker_text
1677,5768,2,occurs_in_speaker_text
1232,5768,1,occurs_in_speaker_text
101,5768,1,occurs_in_speaker_text
3770,5768,1,occurs_in_speaker_text
1530,5768,1,occurs_in_speaker_text
1157,5768,1,occurs_in_speaker_text
4898,5768,1,occurs_in_speaker_text
1306,5768,1,occurs_in_speaker_text
3187,5768,1,occurs_in_speaker_text
629,5768,1,occurs_in_speaker_text
1999,5768,1,occurs_in_speaker_text
657,5768,1,occurs_in_speaker_text
2870,5769,1,occurs_in_speaker_text
219,5769,1,occurs_in_speaker_text
2914,5769,1,occurs_in_speaker_text
1477,5769,1,occurs_in_speaker_text
2485,5769,1,occurs_in_speaker_text
790,5769,1,occurs_in_speaker_text
2910,5769,1,occurs_in_speaker_text
854,5769,1,occurs_in_speaker_text
685,5769,1,occurs_in_speaker_text
5066,5769,1,occurs_in_speaker_text
308,5770,3,occurs_in_speaker_text
2773,5770,1,occurs_in_speaker_text
3661,5770,2,occurs_in_speaker_text
2972,5770,1,occurs_in_speaker_text
2485,5770,1,occurs_in_speaker_text
1018,5770,1,occurs_in_speaker_text
