Id,Label,Type
0,satyros,Lebensraum-Lemma
1,fryhling,Lebensraum-Lemma
2,felsenpaß,Lebensraum-Lemma
3,sandwüst,Lebensraum-Lemma
4,waldecke,Lebensraum-Lemma
5,wasgau,Lebensraum-Lemma
6,pazifischen,Lebensraum-Lemma
7,erdenschoß,Lebensraum-Lemma
8,todesthal,Lebensraum-Lemma
9,trübsal,Lebensraum-Lemma
10,blumental,Lebensraum-Lemma
11,terrasse,Lebensraum-Lemma
12,esplanat,Lebensraum-Lemma
13,niederbruch,Lebensraum-Lemma
14,täler,Lebensraum-Lemma
15,bismarckeiche,Lebensraum-Lemma
16,bergquell,Lebensraum-Lemma
17,salut,Lebensraum-Lemma
18,höllengeld,Lebensraum-Lemma
19,blüthenland,Lebensraum-Lemma
20,volksgarten,Lebensraum-Lemma
21,landstraßgraben,Lebensraum-Lemma
22,windeise,Lebensraum-Lemma
23,mondenschein,Lebensraum-Lemma
24,bergspitz,Lebensraum-Lemma
25,ostseestrand,Lebensraum-Lemma
26,gebirgswände,Lebensraum-Lemma
27,pflug,Lebensraum-Lemma
28,pferdehuf,Lebensraum-Lemma
29,land-volck,Lebensraum-Lemma
30,rheinfall,Lebensraum-Lemma
31,meeresgrund,Lebensraum-Lemma
32,goldfelder,Lebensraum-Lemma
33,nadroj,Lebensraum-Lemma
34,alpensaum,Lebensraum-Lemma
35,pyrenäenbäder,Lebensraum-Lemma
36,bergvorsprunge,Lebensraum-Lemma
37,olympus,Lebensraum-Lemma
38,inn,Lebensraum-Lemma
39,borne,Lebensraum-Lemma
40,rasenplatz,Lebensraum-Lemma
41,aetna,Lebensraum-Lemma
42,waldgewässer,Lebensraum-Lemma
43,baumstümpf,Lebensraum-Lemma
44,antinous,Lebensraum-Lemma
45,meergestatt,Lebensraum-Lemma
46,hald,Lebensraum-Lemma
47,flora,Lebensraum-Lemma
48,hüttchen,Lebensraum-Lemma
49,zittergruß,Lebensraum-Lemma
50,grenzland,Lebensraum-Lemma
51,taxushecken,Lebensraum-Lemma
52,wüst,Lebensraum-Lemma
53,weißdornhecke,Lebensraum-Lemma
54,geklüft,Lebensraum-Lemma
55,atlantis,Lebensraum-Lemma
56,hundsleiche,Lebensraum-Lemma
57,fiebergegenden,Lebensraum-Lemma
58,rabenstein,Lebensraum-Lemma
59,lebenstopf,Lebensraum-Lemma
60,gartenthür,Lebensraum-Lemma
61,zwischenreich,Lebensraum-Lemma
62,vorgrund,Lebensraum-Lemma
63,vintschgau,Lebensraum-Lemma
64,amazonen,Lebensraum-Lemma
65,gartenthüre,Lebensraum-Lemma
66,schlüfte,Lebensraum-Lemma
67,paradiesesland,Lebensraum-Lemma
68,föhrenwalde,Lebensraum-Lemma
69,felsborn,Lebensraum-Lemma
70,sumpfwege,Lebensraum-Lemma
71,eisgebirg,Lebensraum-Lemma
72,waldl,Lebensraum-Lemma
73,geheg,Lebensraum-Lemma
74,vesuve,Lebensraum-Lemma
75,brennern,Lebensraum-Lemma
76,felsenfeld,Lebensraum-Lemma
77,geheule,Lebensraum-Lemma
78,maienfeld,Lebensraum-Lemma
79,trudchen,Lebensraum-Lemma
80,weinsberg,Lebensraum-Lemma
81,weihr,Lebensraum-Lemma
82,west,Lebensraum-Lemma
83,landarmee,Lebensraum-Lemma
84,kiesplatz,Lebensraum-Lemma
85,eispol,Lebensraum-Lemma
86,felsgegend,Lebensraum-Lemma
87,heiligenkreuzerwald,Lebensraum-Lemma
88,schäferweide,Lebensraum-Lemma
89,ösel,Lebensraum-Lemma
90,lebensraum,Lebensraum-Lemma
91,meeresarm,Lebensraum-Lemma
92,rüben,Lebensraum-Lemma
93,rasend,Lebensraum-Lemma
94,füß,Lebensraum-Lemma
95,bälge,Lebensraum-Lemma
96,kanebee,Lebensraum-Lemma
97,seebald,Lebensraum-Lemma
98,languedoc,Lebensraum-Lemma
99,hühnerei,Lebensraum-Lemma
100,eisschollen,Lebensraum-Lemma
101,hochher,Lebensraum-Lemma
102,schilf,Lebensraum-Lemma
103,schilfgeräusch,Lebensraum-Lemma
104,lautenberg,Lebensraum-Lemma
105,rheinweinsäufer,Lebensraum-Lemma
106,landg'richt,Lebensraum-Lemma
107,bäum,Lebensraum-Lemma
108,land-pachter,Lebensraum-Lemma
109,grat,Lebensraum-Lemma
110,sternenmeere,Lebensraum-Lemma
111,schlangentödter,Lebensraum-Lemma
112,garte,Lebensraum-Lemma
113,mohrenland,Lebensraum-Lemma
114,himmelsbach,Lebensraum-Lemma
115,schweizerseen,Lebensraum-Lemma
116,weigenand,Lebensraum-Lemma
117,ostmark,Lebensraum-Lemma
118,thalie,Lebensraum-Lemma
119,schlünd,Lebensraum-Lemma
120,eisgebirge,Lebensraum-Lemma
121,landschade,Lebensraum-Lemma
122,weide,Lebensraum-Lemma
123,fließes,Lebensraum-Lemma
124,kristallsee,Lebensraum-Lemma
125,schafgrabe,Lebensraum-Lemma
126,aecker,Lebensraum-Lemma
127,märchenland,Lebensraum-Lemma
128,arnswalde,Lebensraum-Lemma
129,fruchtgärt,Lebensraum-Lemma
130,himmelreich,Lebensraum-Lemma
131,arbeet,Lebensraum-Lemma
132,ackerfurch,Lebensraum-Lemma
133,uferhöhl,Lebensraum-Lemma
134,base,Lebensraum-Lemma
135,urwald,Lebensraum-Lemma
136,becken,Lebensraum-Lemma
137,meerdrach,Lebensraum-Lemma
138,gräflich,Lebensraum-Lemma
139,kreyß,Lebensraum-Lemma
140,myrtenwäldche,Lebensraum-Lemma
141,seegestade,Lebensraum-Lemma
142,wälschland,Lebensraum-Lemma
143,maifelde,Lebensraum-Lemma
144,achill,Lebensraum-Lemma
145,waldessaum,Lebensraum-Lemma
146,traufe,Lebensraum-Lemma
147,äffch,Lebensraum-Lemma
148,schulzenfeld,Lebensraum-Lemma
149,lausitz,Lebensraum-Lemma
150,spangarheid,Lebensraum-Lemma
151,grasweide,Lebensraum-Lemma
152,karpfenteich,Lebensraum-Lemma
153,neustädter,Lebensraum-Lemma
154,waldschnepf,Lebensraum-Lemma
155,lappalie,Lebensraum-Lemma
156,götterwelt,Lebensraum-Lemma
157,bergabhäng,Lebensraum-Lemma
158,teiche,Lebensraum-Lemma
159,sonnenküst,Lebensraum-Lemma
160,seel,Lebensraum-Lemma
161,talgebirg,Lebensraum-Lemma
162,meeresflut,Lebensraum-Lemma
163,pelops-insel,Lebensraum-Lemma
164,büsche,Lebensraum-Lemma
165,donauthal,Lebensraum-Lemma
166,waldflötche,Lebensraum-Lemma
167,silberstrom,Lebensraum-Lemma
168,schlucht,Lebensraum-Lemma
169,auberge,Lebensraum-Lemma
170,wellenreich,Lebensraum-Lemma
171,weihern,Lebensraum-Lemma
172,land-guthe,Lebensraum-Lemma
173,aase,Lebensraum-Lemma
174,weidenbach,Lebensraum-Lemma
175,erdball,Lebensraum-Lemma
176,sau,Lebensraum-Lemma
177,heuschober,Lebensraum-Lemma
178,schafott,Lebensraum-Lemma
179,laubengang,Lebensraum-Lemma
180,kernwald,Lebensraum-Lemma
181,kuchelgart,Lebensraum-Lemma
182,mittelländschen,Lebensraum-Lemma
183,südsee,Lebensraum-Lemma
184,salzzug,Lebensraum-Lemma
185,parnassus,Lebensraum-Lemma
186,pfaffenjoch,Lebensraum-Lemma
187,ölberge,Lebensraum-Lemma
188,montblancs,Lebensraum-Lemma
189,wein,Lebensraum-Lemma
190,mittelthür,Lebensraum-Lemma
191,merenberg,Lebensraum-Lemma
192,schwarzenau,Lebensraum-Lemma
193,wildling,Lebensraum-Lemma
194,douglas,Lebensraum-Lemma
195,weltescher,Lebensraum-Lemma
196,steinberg,Lebensraum-Lemma
197,eisblock,Lebensraum-Lemma
198,alpenflur,Lebensraum-Lemma
199,thyrsosstab,Lebensraum-Lemma
200,urgebirge,Lebensraum-Lemma
201,obstgart,Lebensraum-Lemma
202,cherub,Lebensraum-Lemma
203,heidgrund,Lebensraum-Lemma
204,druidenhain,Lebensraum-Lemma
205,ungarlande,Lebensraum-Lemma
206,haid,Lebensraum-Lemma
207,moorgrund,Lebensraum-Lemma
208,golf,Lebensraum-Lemma
209,hochwälder,Lebensraum-Lemma
210,bärenhöhle,Lebensraum-Lemma
211,niflungenland,Lebensraum-Lemma
212,glantz-berge,Lebensraum-Lemma
213,weltkreis,Lebensraum-Lemma
214,oertchen,Lebensraum-Lemma
215,roche,Lebensraum-Lemma
216,lecharjow,Lebensraum-Lemma
217,vogelbeiz,Lebensraum-Lemma
218,bäumg,Lebensraum-Lemma
219,livree,Lebensraum-Lemma
220,pyrenäen,Lebensraum-Lemma
221,meerstadt,Lebensraum-Lemma
222,garten,Lebensraum-Lemma
223,heubodn,Lebensraum-Lemma
224,weideplätzen,Lebensraum-Lemma
225,montblanc,Lebensraum-Lemma
226,ried,Lebensraum-Lemma
227,kamönenhain,Lebensraum-Lemma
228,trüherl,Lebensraum-Lemma
229,colberg,Lebensraum-Lemma
230,styx,Lebensraum-Lemma
231,rasenhügel,Lebensraum-Lemma
232,flusse,Lebensraum-Lemma
233,hirschensprung,Lebensraum-Lemma
234,försterei,Lebensraum-Lemma
235,vogelzug,Lebensraum-Lemma
236,atlantischen,Lebensraum-Lemma
237,felsufer,Lebensraum-Lemma
238,wiesen-aussicht,Lebensraum-Lemma
239,seewasser,Lebensraum-Lemma
240,sandfel,Lebensraum-Lemma
241,au,Lebensraum-Lemma
242,kanarischen,Lebensraum-Lemma
243,hoch,Lebensraum-Lemma
244,aun,Lebensraum-Lemma
245,wass,Lebensraum-Lemma
246,lebensmeer,Lebensraum-Lemma
247,brauen,Lebensraum-Lemma
248,wiesengrunds,Lebensraum-Lemma
249,landsgemeinde,Lebensraum-Lemma
250,eiseswall,Lebensraum-Lemma
251,rival,Lebensraum-Lemma
252,mist,Lebensraum-Lemma
253,weizenfeld,Lebensraum-Lemma
254,wolga,Lebensraum-Lemma
255,hochlande,Lebensraum-Lemma
256,felsenfuß,Lebensraum-Lemma
257,hochaltärum,Lebensraum-Lemma
258,bucht,Lebensraum-Lemma
259,cocht,Lebensraum-Lemma
260,waldrande,Lebensraum-Lemma
261,spreeflußbezirklicher,Lebensraum-Lemma
262,odoardo,Lebensraum-Lemma
263,bauernweib,Lebensraum-Lemma
264,forste,Lebensraum-Lemma
265,wolfsgrube,Lebensraum-Lemma
266,erdboden,Lebensraum-Lemma
267,lüffte,Lebensraum-Lemma
268,heiligthume,Lebensraum-Lemma
269,wiesengrund,Lebensraum-Lemma
270,hortense,Lebensraum-Lemma
271,plantagenet,Lebensraum-Lemma
272,kieselberg,Lebensraum-Lemma
273,hyänenwald,Lebensraum-Lemma
274,gemeindewald,Lebensraum-Lemma
275,jammerthal,Lebensraum-Lemma
276,zuckerplantage,Lebensraum-Lemma
277,bärenhatz,Lebensraum-Lemma
278,flur.–,Lebensraum-Lemma
279,nordmeer,Lebensraum-Lemma
280,wies,Lebensraum-Lemma
281,wiesenquelle,Lebensraum-Lemma
282,schneefeld,Lebensraum-Lemma
283,bauernhof,Lebensraum-Lemma
284,mittelwiese,Lebensraum-Lemma
285,wasserbach,Lebensraum-Lemma
286,korinth,Lebensraum-Lemma
287,wasserflüsse,Lebensraum-Lemma
288,pflanzengarte,Lebensraum-Lemma
289,reuter,Lebensraum-Lemma
290,oberländler,Lebensraum-Lemma
291,don,Lebensraum-Lemma
292,hochtals,Lebensraum-Lemma
293,ries,Lebensraum-Lemma
294,felsenbett,Lebensraum-Lemma
295,ufersand,Lebensraum-Lemma
296,hundsgrabe,Lebensraum-Lemma
297,wahia,Lebensraum-Lemma
298,freithof,Lebensraum-Lemma
299,woldemar,Lebensraum-Lemma
300,sylbe,Lebensraum-Lemma
301,wasserberge,Lebensraum-Lemma
302,land-lebe,Lebensraum-Lemma
303,dörenschlucht,Lebensraum-Lemma
304,lindengang,Lebensraum-Lemma
305,landschlacht,Lebensraum-Lemma
306,fischwaß,Lebensraum-Lemma
307,klaus,Lebensraum-Lemma
308,saver,Lebensraum-Lemma
309,halligpaster,Lebensraum-Lemma
310,felsensee,Lebensraum-Lemma
311,felshang,Lebensraum-Lemma
312,landschaft,Lebensraum-Lemma
313,nil,Lebensraum-Lemma
314,sieg,Lebensraum-Lemma
315,alt-wälder,Lebensraum-Lemma
316,vogelkehle,Lebensraum-Lemma
317,lichtung,Lebensraum-Lemma
318,gartenplätzchen,Lebensraum-Lemma
319,isel,Lebensraum-Lemma
320,erdwall,Lebensraum-Lemma
321,knoche,Lebensraum-Lemma
322,brunnengarte,Lebensraum-Lemma
323,gestillter,Lebensraum-Lemma
324,murmle,Lebensraum-Lemma
325,ann,Lebensraum-Lemma
326,birkenwäldchen,Lebensraum-Lemma
327,goldbach,Lebensraum-Lemma
328,nebeltal,Lebensraum-Lemma
329,erdtrich,Lebensraum-Lemma
330,stromesriesenwunder,Lebensraum-Lemma
331,weltteil,Lebensraum-Lemma
332,maulwurfshügel,Lebensraum-Lemma
333,harzwald,Lebensraum-Lemma
334,dohlennester,Lebensraum-Lemma
335,ostraum,Lebensraum-Lemma
336,poort,Lebensraum-Lemma
337,herenwald,Lebensraum-Lemma
338,rasenfläche,Lebensraum-Lemma
339,tannenwäld,Lebensraum-Lemma
340,karst,Lebensraum-Lemma
341,erdschollen,Lebensraum-Lemma
342,kampanische,Lebensraum-Lemma
343,freibad,Lebensraum-Lemma
344,pflanzgärt,Lebensraum-Lemma
345,geisterscheckel,Lebensraum-Lemma
346,grabesstein,Lebensraum-Lemma
347,erlenbach,Lebensraum-Lemma
348,sinai,Lebensraum-Lemma
349,geishügel,Lebensraum-Lemma
350,mulde,Lebensraum-Lemma
351,hieb,Lebensraum-Lemma
352,rasenteppichen,Lebensraum-Lemma
353,horst,Lebensraum-Lemma
354,erdensand,Lebensraum-Lemma
355,damm,Lebensraum-Lemma
356,hafen,Lebensraum-Lemma
357,waldespracht,Lebensraum-Lemma
358,erdenkluft,Lebensraum-Lemma
359,graupen-gas,Lebensraum-Lemma
360,aegisth,Lebensraum-Lemma
361,parthen,Lebensraum-Lemma
362,blumenbank,Lebensraum-Lemma
363,fähndrich,Lebensraum-Lemma
364,eisgeklüft,Lebensraum-Lemma
365,erdendinge,Lebensraum-Lemma
366,eichenwald,Lebensraum-Lemma
367,vögerl,Lebensraum-Lemma
368,wintergart,Lebensraum-Lemma
369,ageld,Lebensraum-Lemma
370,hühnerstall,Lebensraum-Lemma
371,stygischen,Lebensraum-Lemma
372,priem,Lebensraum-Lemma
373,tyger,Lebensraum-Lemma
374,albe,Lebensraum-Lemma
375,sonnenwiese,Lebensraum-Lemma
376,steinfeld,Lebensraum-Lemma
377,lavameer,Lebensraum-Lemma
378,talglichter,Lebensraum-Lemma
379,waldstätte,Lebensraum-Lemma
380,sandhügel,Lebensraum-Lemma
381,po,Lebensraum-Lemma
382,weltmeer,Lebensraum-Lemma
383,nils,Lebensraum-Lemma
384,oel,Lebensraum-Lemma
385,geisterhain,Lebensraum-Lemma
386,hügelchen,Lebensraum-Lemma
387,olivenhaines,Lebensraum-Lemma
388,bergeshöhn,Lebensraum-Lemma
389,freide,Lebensraum-Lemma
390,saatenflur,Lebensraum-Lemma
391,vulkane,Lebensraum-Lemma
392,hügelsthron,Lebensraum-Lemma
393,waldgestrüpp,Lebensraum-Lemma
394,halbinsel,Lebensraum-Lemma
395,morgenland,Lebensraum-Lemma
396,coulis,Lebensraum-Lemma
397,isaranlagen,Lebensraum-Lemma
398,kuhställ,Lebensraum-Lemma
399,nestche,Lebensraum-Lemma
400,felsenritz,Lebensraum-Lemma
401,bruckthal,Lebensraum-Lemma
402,bonaparte'sche,Lebensraum-Lemma
403,felsengegend,Lebensraum-Lemma
404,geisterwelt,Lebensraum-Lemma
405,feuerinsel,Lebensraum-Lemma
406,ehgemal,Lebensraum-Lemma
407,serviljanische,Lebensraum-Lemma
408,rübezahl,Lebensraum-Lemma
409,strande,Lebensraum-Lemma
410,buggisgrat,Lebensraum-Lemma
411,zauberstrand,Lebensraum-Lemma
412,werder,Lebensraum-Lemma
413,perleberger,Lebensraum-Lemma
414,berlebeck,Lebensraum-Lemma
415,liebesmeer,Lebensraum-Lemma
416,uferzug,Lebensraum-Lemma
417,anhöhe,Lebensraum-Lemma
418,wasserwüsten,Lebensraum-Lemma
419,silberarm,Lebensraum-Lemma
420,zauberwald,Lebensraum-Lemma
421,oertlein,Lebensraum-Lemma
422,speiskatt,Lebensraum-Lemma
423,oog,Lebensraum-Lemma
424,hohenasperg,Lebensraum-Lemma
425,moose,Lebensraum-Lemma
426,heidezug,Lebensraum-Lemma
427,elysium,Lebensraum-Lemma
428,landstadt,Lebensraum-Lemma
429,weiheruf,Lebensraum-Lemma
430,neste,Lebensraum-Lemma
431,baumgarte,Lebensraum-Lemma
432,meeresenge,Lebensraum-Lemma
433,fischteich,Lebensraum-Lemma
434,fels-,Lebensraum-Lemma
435,kirchfelder,Lebensraum-Lemma
436,aehrenfeld,Lebensraum-Lemma
437,steig,Lebensraum-Lemma
438,landsiz,Lebensraum-Lemma
439,kiesgewässer,Lebensraum-Lemma
440,ostseeküste,Lebensraum-Lemma
441,saurau,Lebensraum-Lemma
442,kallidalsche,Lebensraum-Lemma
443,jura,Lebensraum-Lemma
444,tal,Lebensraum-Lemma
445,natur,Lebensraum-Lemma
446,meerwunder,Lebensraum-Lemma
447,nester,Lebensraum-Lemma
448,weinberl,Lebensraum-Lemma
449,felsenhöhle,Lebensraum-Lemma
450,kastanienwald,Lebensraum-Lemma
451,mittelrhein,Lebensraum-Lemma
452,peleïda,Lebensraum-Lemma
453,gotthard,Lebensraum-Lemma
454,seitengäßchen,Lebensraum-Lemma
455,priestrin,Lebensraum-Lemma
456,schullengrieperee,Lebensraum-Lemma
457,minschenseel,Lebensraum-Lemma
458,trope,Lebensraum-Lemma
459,frauenberg,Lebensraum-Lemma
460,heuböd,Lebensraum-Lemma
461,wendelstein,Lebensraum-Lemma
462,wupper,Lebensraum-Lemma
463,schbital,Lebensraum-Lemma
464,yonne,Lebensraum-Lemma
465,blumenspiel,Lebensraum-Lemma
466,taubenschlage,Lebensraum-Lemma
467,eurotas,Lebensraum-Lemma
468,lustgarten,Lebensraum-Lemma
469,wölfe,Lebensraum-Lemma
470,vestale,Lebensraum-Lemma
471,landsguts,Lebensraum-Lemma
472,weltall,Lebensraum-Lemma
473,frühlingswiese,Lebensraum-Lemma
474,ufers,Lebensraum-Lemma
475,granitkolonn,Lebensraum-Lemma
476,bäschlein,Lebensraum-Lemma
477,erdenwelt,Lebensraum-Lemma
478,rasenwalles,Lebensraum-Lemma
479,goldwelt,Lebensraum-Lemma
480,kap,Lebensraum-Lemma
481,wespennest,Lebensraum-Lemma
482,tränenweide,Lebensraum-Lemma
483,überfluß,Lebensraum-Lemma
484,gartenhaus,Lebensraum-Lemma
485,weingart,Lebensraum-Lemma
486,trichterfeld,Lebensraum-Lemma
487,jägerhorn,Lebensraum-Lemma
488,grundstück,Lebensraum-Lemma
489,rachen,Lebensraum-Lemma
490,waßer,Lebensraum-Lemma
491,gartenterras,Lebensraum-Lemma
492,lorbeerwälder,Lebensraum-Lemma
493,amazonenreiche,Lebensraum-Lemma
494,waldesecke,Lebensraum-Lemma
495,vieh,Lebensraum-Lemma
496,graßmeidt,Lebensraum-Lemma
497,bergesgipfel,Lebensraum-Lemma
498,argonaut,Lebensraum-Lemma
499,talggrube,Lebensraum-Lemma
500,angeln,Lebensraum-Lemma
501,martergeld,Lebensraum-Lemma
502,rhein'schen,Lebensraum-Lemma
503,drat,Lebensraum-Lemma
504,plan,Lebensraum-Lemma
505,norderland,Lebensraum-Lemma
506,kastanienallee,Lebensraum-Lemma
507,morgenthau,Lebensraum-Lemma
508,hainesdunkel,Lebensraum-Lemma
509,wogenschwall,Lebensraum-Lemma
510,waldhöhe,Lebensraum-Lemma
511,heumarkt,Lebensraum-Lemma
512,titani,Lebensraum-Lemma
513,weinstock,Lebensraum-Lemma
514,brezeliand,Lebensraum-Lemma
515,blümche,Lebensraum-Lemma
516,baaren,Lebensraum-Lemma
517,waldenfels,Lebensraum-Lemma
518,jauerfelde,Lebensraum-Lemma
519,pinienhain,Lebensraum-Lemma
520,pfalz,Lebensraum-Lemma
521,waldgebüscher,Lebensraum-Lemma
522,grisaldo,Lebensraum-Lemma
523,tigris,Lebensraum-Lemma
524,sandmeer,Lebensraum-Lemma
525,waldung,Lebensraum-Lemma
526,mächte,Lebensraum-Lemma
527,tiberufer,Lebensraum-Lemma
528,ausweg,Lebensraum-Lemma
529,bergschotte,Lebensraum-Lemma
530,menschenland,Lebensraum-Lemma
531,waldquell,Lebensraum-Lemma
532,päss,Lebensraum-Lemma
533,silberschoß,Lebensraum-Lemma
534,gäßche,Lebensraum-Lemma
535,zot,Lebensraum-Lemma
536,pfütze,Lebensraum-Lemma
537,wäldchen,Lebensraum-Lemma
538,daubensee,Lebensraum-Lemma
539,krim,Lebensraum-Lemma
540,eliser-feld,Lebensraum-Lemma
541,hufe,Lebensraum-Lemma
542,diamentfelder,Lebensraum-Lemma
543,garten-brunn,Lebensraum-Lemma
544,hundstäg,Lebensraum-Lemma
545,blüthenhain,Lebensraum-Lemma
546,riesenhügel,Lebensraum-Lemma
547,roß-gart,Lebensraum-Lemma
548,grott,Lebensraum-Lemma
549,forellenbach,Lebensraum-Lemma
550,heilsarmee,Lebensraum-Lemma
551,montan,Lebensraum-Lemma
552,hohenstaufen,Lebensraum-Lemma
553,bälder,Lebensraum-Lemma
554,helga,Lebensraum-Lemma
555,feenreich,Lebensraum-Lemma
556,sonnenberge,Lebensraum-Lemma
557,erdenjoch,Lebensraum-Lemma
558,zerschmölz,Lebensraum-Lemma
559,adrast,Lebensraum-Lemma
560,ostseewelle,Lebensraum-Lemma
561,heid,Lebensraum-Lemma
562,kalvarienberg,Lebensraum-Lemma
563,alpenrund,Lebensraum-Lemma
564,nadelwald,Lebensraum-Lemma
565,gletscherregion,Lebensraum-Lemma
566,wasserwall,Lebensraum-Lemma
567,g'strüpp,Lebensraum-Lemma
568,traube,Lebensraum-Lemma
569,themseufer,Lebensraum-Lemma
570,krautfeld,Lebensraum-Lemma
571,felsenthal,Lebensraum-Lemma
572,talerwein,Lebensraum-Lemma
573,waldesrand,Lebensraum-Lemma
574,kinderland,Lebensraum-Lemma
575,lag,Lebensraum-Lemma
576,blättermeer,Lebensraum-Lemma
577,erdreich,Lebensraum-Lemma
578,nebenfluss,Lebensraum-Lemma
579,alb,Lebensraum-Lemma
580,bergessaume,Lebensraum-Lemma
581,canut,Lebensraum-Lemma
582,tals,Lebensraum-Lemma
583,waldwiese,Lebensraum-Lemma
584,seebad,Lebensraum-Lemma
585,sunde,Lebensraum-Lemma
586,angel,Lebensraum-Lemma
587,gemüsegarten,Lebensraum-Lemma
588,hubeland,Lebensraum-Lemma
589,bey,Lebensraum-Lemma
590,reede,Lebensraum-Lemma
591,haidestrand,Lebensraum-Lemma
592,gestrüppe,Lebensraum-Lemma
593,uferweide,Lebensraum-Lemma
594,wüsteneien,Lebensraum-Lemma
595,felsentron,Lebensraum-Lemma
596,saatfeld,Lebensraum-Lemma
597,pferdegesichter,Lebensraum-Lemma
598,riesenpark,Lebensraum-Lemma
599,schoose,Lebensraum-Lemma
600,ilsenstein,Lebensraum-Lemma
601,eisberge,Lebensraum-Lemma
602,fesengrund,Lebensraum-Lemma
603,taygetos,Lebensraum-Lemma
604,wildnissen,Lebensraum-Lemma
605,schär,Lebensraum-Lemma
606,auerstier,Lebensraum-Lemma
607,münstertal,Lebensraum-Lemma
608,waldesel,Lebensraum-Lemma
609,neckar,Lebensraum-Lemma
610,umgegend,Lebensraum-Lemma
611,buchenhain,Lebensraum-Lemma
612,sühnaltar,Lebensraum-Lemma
613,säulenwald,Lebensraum-Lemma
614,frühlingsgärt,Lebensraum-Lemma
615,ölberg,Lebensraum-Lemma
616,insel,Lebensraum-Lemma
617,urstrom,Lebensraum-Lemma
618,viereck,Lebensraum-Lemma
619,pouf,Lebensraum-Lemma
620,alpenrücken,Lebensraum-Lemma
621,wildbach,Lebensraum-Lemma
622,up,Lebensraum-Lemma
623,erdn,Lebensraum-Lemma
624,thränenthal,Lebensraum-Lemma
625,täufer,Lebensraum-Lemma
626,traubstock,Lebensraum-Lemma
627,ocean,Lebensraum-Lemma
628,kapetal,Lebensraum-Lemma
629,lustgärt,Lebensraum-Lemma
630,landschloß,Lebensraum-Lemma
631,distelwald,Lebensraum-Lemma
632,pamin,Lebensraum-Lemma
633,wiesengrün,Lebensraum-Lemma
634,vordergrundallee,Lebensraum-Lemma
635,ems,Lebensraum-Lemma
636,ourdal,Lebensraum-Lemma
637,vogelfreie,Lebensraum-Lemma
638,paß,Lebensraum-Lemma
639,föhrenwald,Lebensraum-Lemma
640,waal-grabe,Lebensraum-Lemma
641,landsitz,Lebensraum-Lemma
642,tiergarten,Lebensraum-Lemma
643,hechtenteich,Lebensraum-Lemma
644,felsenbucht,Lebensraum-Lemma
645,paradieswiesen,Lebensraum-Lemma
646,siegsstein,Lebensraum-Lemma
647,del,Lebensraum-Lemma
648,seitenhügel,Lebensraum-Lemma
649,fließ,Lebensraum-Lemma
650,seene,Lebensraum-Lemma
651,qualmsumpf,Lebensraum-Lemma
652,dichterinsel,Lebensraum-Lemma
653,hügelkette,Lebensraum-Lemma
654,sperlingsnest,Lebensraum-Lemma
655,ritornel,Lebensraum-Lemma
656,dickichte,Lebensraum-Lemma
657,löwenhöhle,Lebensraum-Lemma
658,areals,Lebensraum-Lemma
659,circen-strand,Lebensraum-Lemma
660,zitronenwäldchen,Lebensraum-Lemma
661,sandfläche,Lebensraum-Lemma
662,talma,Lebensraum-Lemma
663,rain,Lebensraum-Lemma
664,landlümmel,Lebensraum-Lemma
665,donaustrand,Lebensraum-Lemma
666,land,Lebensraum-Lemma
667,wüste,Lebensraum-Lemma
668,oder,Lebensraum-Lemma
669,hifthorn,Lebensraum-Lemma
670,wall,Lebensraum-Lemma
671,bergveste,Lebensraum-Lemma
672,puechberg,Lebensraum-Lemma
673,spitzberge,Lebensraum-Lemma
674,schluchsee,Lebensraum-Lemma
675,himmelsgegende,Lebensraum-Lemma
676,vogelhäusel,Lebensraum-Lemma
677,allee,Lebensraum-Lemma
678,talgrund,Lebensraum-Lemma
679,schneidmühl,Lebensraum-Lemma
680,berghöhe,Lebensraum-Lemma
681,marsch,Lebensraum-Lemma
682,thürm,Lebensraum-Lemma
683,sabinerfeld,Lebensraum-Lemma
684,süd,Lebensraum-Lemma
685,altweiberspinnstuwwe,Lebensraum-Lemma
686,rockschoß,Lebensraum-Lemma
687,ove,Lebensraum-Lemma
688,mittagshöhe,Lebensraum-Lemma
689,kucheldrach,Lebensraum-Lemma
690,landeng,Lebensraum-Lemma
691,nordland,Lebensraum-Lemma
692,meerstier,Lebensraum-Lemma
693,nestes,Lebensraum-Lemma
694,großhafmester,Lebensraum-Lemma
695,alraune,Lebensraum-Lemma
696,niblungenhort,Lebensraum-Lemma
697,marn,Lebensraum-Lemma
698,hirschgrund,Lebensraum-Lemma
699,erdteil,Lebensraum-Lemma
700,todesinsel,Lebensraum-Lemma
701,perleninsel,Lebensraum-Lemma
702,gräbenrieder,Lebensraum-Lemma
703,donaustrom,Lebensraum-Lemma
704,hügelraum,Lebensraum-Lemma
705,morgenländer,Lebensraum-Lemma
706,rheinufer,Lebensraum-Lemma
707,weizenhügel,Lebensraum-Lemma
708,schafberg,Lebensraum-Lemma
709,waldeselinn,Lebensraum-Lemma
710,erdt,Lebensraum-Lemma
711,saunest,Lebensraum-Lemma
712,bachanal,Lebensraum-Lemma
713,schooßes,Lebensraum-Lemma
714,volksseele,Lebensraum-Lemma
715,reisfelder,Lebensraum-Lemma
716,hange,Lebensraum-Lemma
717,wildbret,Lebensraum-Lemma
718,blumenhain,Lebensraum-Lemma
719,thränen-bach,Lebensraum-Lemma
720,ebne,Lebensraum-Lemma
721,paria,Lebensraum-Lemma
722,heide,Lebensraum-Lemma
723,mutterschooß,Lebensraum-Lemma
724,felsenquelle,Lebensraum-Lemma
725,vice-roy,Lebensraum-Lemma
726,flesch,Lebensraum-Lemma
727,wasserflach,Lebensraum-Lemma
728,wasserkluft,Lebensraum-Lemma
729,alptrift,Lebensraum-Lemma
730,mittelmeeres,Lebensraum-Lemma
731,düne,Lebensraum-Lemma
732,blutmeer,Lebensraum-Lemma
733,schlund,Lebensraum-Lemma
734,tempelhain,Lebensraum-Lemma
735,amperbach,Lebensraum-Lemma
736,thal',Lebensraum-Lemma
737,stalle,Lebensraum-Lemma
738,rosenhügel,Lebensraum-Lemma
739,eselein,Lebensraum-Lemma
740,aars,Lebensraum-Lemma
741,guldberg,Lebensraum-Lemma
742,beete,Lebensraum-Lemma
743,meeresfest,Lebensraum-Lemma
744,bergjoche,Lebensraum-Lemma
745,dorngestrüpp,Lebensraum-Lemma
746,atlantermeer,Lebensraum-Lemma
747,macdonald,Lebensraum-Lemma
748,wasser-fall,Lebensraum-Lemma
749,tyberstrom,Lebensraum-Lemma
750,eichenplatz,Lebensraum-Lemma
751,zauberhainen,Lebensraum-Lemma
752,meer,Lebensraum-Lemma
753,landplag,Lebensraum-Lemma
754,manzanare,Lebensraum-Lemma
755,lilienwald,Lebensraum-Lemma
756,water,Lebensraum-Lemma
757,biß,Lebensraum-Lemma
758,waldfei,Lebensraum-Lemma
759,wütrich,Lebensraum-Lemma
760,seewald,Lebensraum-Lemma
761,grüneiche,Lebensraum-Lemma
762,forcht,Lebensraum-Lemma
763,hügelerhöhung,Lebensraum-Lemma
764,laufgraben,Lebensraum-Lemma
765,krummholz,Lebensraum-Lemma
766,hammerbach,Lebensraum-Lemma
767,heuchler,Lebensraum-Lemma
768,ufermoos,Lebensraum-Lemma
769,goldmeer,Lebensraum-Lemma
770,donna,Lebensraum-Lemma
771,rosenberge,Lebensraum-Lemma
772,nachtgebiet,Lebensraum-Lemma
773,baumgang,Lebensraum-Lemma
774,gartenstock,Lebensraum-Lemma
775,talöffnung,Lebensraum-Lemma
776,garonne,Lebensraum-Lemma
777,lüd,Lebensraum-Lemma
778,sichel,Lebensraum-Lemma
779,zaubersee,Lebensraum-Lemma
780,schoß,Lebensraum-Lemma
781,dünste,Lebensraum-Lemma
782,forellbäche,Lebensraum-Lemma
783,dohlennest,Lebensraum-Lemma
784,flachswald,Lebensraum-Lemma
785,lehmkloß,Lebensraum-Lemma
786,blachfelde,Lebensraum-Lemma
787,mittelländischen,Lebensraum-Lemma
788,noh,Lebensraum-Lemma
789,trift,Lebensraum-Lemma
790,terebinthenthal,Lebensraum-Lemma
791,gebirgtal,Lebensraum-Lemma
792,nebelmeer,Lebensraum-Lemma
793,lakey,Lebensraum-Lemma
794,pomeranzenwalde,Lebensraum-Lemma
795,zaubergärt,Lebensraum-Lemma
796,dick,Lebensraum-Lemma
797,frühlingsgewässer,Lebensraum-Lemma
798,priel,Lebensraum-Lemma
799,weichsel,Lebensraum-Lemma
800,sandberg,Lebensraum-Lemma
801,pomeranzen-wälder,Lebensraum-Lemma
802,gräberschlucht,Lebensraum-Lemma
803,steene,Lebensraum-Lemma
804,quellenden,Lebensraum-Lemma
805,hochgebirge,Lebensraum-Lemma
806,schweinskopf,Lebensraum-Lemma
807,beene,Lebensraum-Lemma
808,region,Lebensraum-Lemma
809,böswichter,Lebensraum-Lemma
810,zriny,Lebensraum-Lemma
811,finkenbrut,Lebensraum-Lemma
812,horebs,Lebensraum-Lemma
813,feldfrucht,Lebensraum-Lemma
814,hellespont,Lebensraum-Lemma
815,südseeinseln,Lebensraum-Lemma
816,blumenhügel,Lebensraum-Lemma
817,hafi,Lebensraum-Lemma
818,eifel,Lebensraum-Lemma
819,blumenarme,Lebensraum-Lemma
820,vecht,Lebensraum-Lemma
821,joche,Lebensraum-Lemma
822,meerpolyp,Lebensraum-Lemma
823,inntal,Lebensraum-Lemma
824,grunewald,Lebensraum-Lemma
825,gouv,Lebensraum-Lemma
826,felberstaudn,Lebensraum-Lemma
827,kaulbach,Lebensraum-Lemma
828,azalee,Lebensraum-Lemma
829,sauerlande,Lebensraum-Lemma
830,rauhe,Lebensraum-Lemma
831,jammertal,Lebensraum-Lemma
832,ocean's,Lebensraum-Lemma
833,felskamm,Lebensraum-Lemma
834,lindenallee,Lebensraum-Lemma
835,taube,Lebensraum-Lemma
836,orangengart,Lebensraum-Lemma
837,pelide,Lebensraum-Lemma
838,burgwall,Lebensraum-Lemma
839,schattenthal,Lebensraum-Lemma
840,alp,Lebensraum-Lemma
841,waldszene,Lebensraum-Lemma
842,marmormeer,Lebensraum-Lemma
843,heyden,Lebensraum-Lemma
844,drau,Lebensraum-Lemma
845,adriatischen,Lebensraum-Lemma
846,seegel,Lebensraum-Lemma
847,waldlandschaft,Lebensraum-Lemma
848,bachleit'n,Lebensraum-Lemma
849,huld,Lebensraum-Lemma
850,wüstenei,Lebensraum-Lemma
851,orient,Lebensraum-Lemma
852,erzgebirg,Lebensraum-Lemma
853,scholl',Lebensraum-Lemma
854,wasserwüste,Lebensraum-Lemma
855,grenzländ,Lebensraum-Lemma
856,flur,Lebensraum-Lemma
857,river,Lebensraum-Lemma
858,weinrausch,Lebensraum-Lemma
859,bachwasser,Lebensraum-Lemma
860,springborn,Lebensraum-Lemma
861,kiesgrube,Lebensraum-Lemma
862,ahbeeter,Lebensraum-Lemma
863,sohnwald,Lebensraum-Lemma
864,fluss,Lebensraum-Lemma
865,fluth,Lebensraum-Lemma
866,jordan-fluß,Lebensraum-Lemma
867,parkgeheg,Lebensraum-Lemma
868,hühnersteige,Lebensraum-Lemma
869,gewässer,Lebensraum-Lemma
870,tyrannenjoch,Lebensraum-Lemma
871,niger,Lebensraum-Lemma
872,waldeshöhn,Lebensraum-Lemma
873,vogelsing,Lebensraum-Lemma
874,seeufer,Lebensraum-Lemma
875,weinschenke,Lebensraum-Lemma
876,gräßlicher,Lebensraum-Lemma
877,dolabella-gart,Lebensraum-Lemma
878,weltrummel,Lebensraum-Lemma
879,hühnerhofe,Lebensraum-Lemma
880,sund,Lebensraum-Lemma
881,alm,Lebensraum-Lemma
882,westgewölk,Lebensraum-Lemma
883,falkenberg,Lebensraum-Lemma
884,lungarno,Lebensraum-Lemma
885,bebuschter,Lebensraum-Lemma
886,wildenbruch,Lebensraum-Lemma
887,wendelborn,Lebensraum-Lemma
888,wüsteneyen,Lebensraum-Lemma
889,kuhländchen,Lebensraum-Lemma
890,steinthal,Lebensraum-Lemma
891,gegend,Lebensraum-Lemma
892,finga,Lebensraum-Lemma
893,rattental,Lebensraum-Lemma
894,kattwald,Lebensraum-Lemma
895,feuerseel,Lebensraum-Lemma
896,wetterfernkogel,Lebensraum-Lemma
897,ooge,Lebensraum-Lemma
898,hartensgrund,Lebensraum-Lemma
899,ätna,Lebensraum-Lemma
900,hecht,Lebensraum-Lemma
901,thränenweide,Lebensraum-Lemma
902,baar,Lebensraum-Lemma
903,jahrmarktsbude,Lebensraum-Lemma
904,felsenbach,Lebensraum-Lemma
905,schlachtfeldes,Lebensraum-Lemma
906,kontinent,Lebensraum-Lemma
907,blumennähe,Lebensraum-Lemma
908,meerfluth,Lebensraum-Lemma
909,odenwald,Lebensraum-Lemma
910,lüneburger,Lebensraum-Lemma
911,mittelsessel,Lebensraum-Lemma
912,meißnerland,Lebensraum-Lemma
913,bergeshöhle,Lebensraum-Lemma
914,süßwasserpolyp,Lebensraum-Lemma
915,weissen,Lebensraum-Lemma
916,hof,Lebensraum-Lemma
917,waldströmen,Lebensraum-Lemma
918,erdenthal,Lebensraum-Lemma
919,weserstroms,Lebensraum-Lemma
920,nachbarland,Lebensraum-Lemma
921,tien,Lebensraum-Lemma
922,riff,Lebensraum-Lemma
923,waldesschranken,Lebensraum-Lemma
924,schleierwand,Lebensraum-Lemma
925,calle,Lebensraum-Lemma
926,olivenhain,Lebensraum-Lemma
927,strahlenfel,Lebensraum-Lemma
928,speeren,Lebensraum-Lemma
929,hofgarte,Lebensraum-Lemma
930,landry,Lebensraum-Lemma
931,elephante,Lebensraum-Lemma
932,quelle,Lebensraum-Lemma
933,tierreich,Lebensraum-Lemma
934,marianen-inseln,Lebensraum-Lemma
935,oderstrom,Lebensraum-Lemma
936,elsaß,Lebensraum-Lemma
937,bählamm,Lebensraum-Lemma
938,meerstrom,Lebensraum-Lemma
939,weife,Lebensraum-Lemma
940,riß,Lebensraum-Lemma
941,marston,Lebensraum-Lemma
942,bila,Lebensraum-Lemma
943,mohrenstrand,Lebensraum-Lemma
944,pferdl,Lebensraum-Lemma
945,inselburg,Lebensraum-Lemma
946,erdkreis,Lebensraum-Lemma
947,eitelfritz,Lebensraum-Lemma
948,bergeshöh,Lebensraum-Lemma
949,sandbank,Lebensraum-Lemma
950,mündung,Lebensraum-Lemma
951,üchtland,Lebensraum-Lemma
952,völkerfluch,Lebensraum-Lemma
953,tannendickicht,Lebensraum-Lemma
954,eisfeldern,Lebensraum-Lemma
955,rosenabgrund,Lebensraum-Lemma
956,spiegelmeer,Lebensraum-Lemma
957,costa,Lebensraum-Lemma
958,hauptsach,Lebensraum-Lemma
959,felsriff,Lebensraum-Lemma
960,wiesenfläch,Lebensraum-Lemma
961,weite,Lebensraum-Lemma
962,riesenländer,Lebensraum-Lemma
963,lagunenschlamme,Lebensraum-Lemma
964,hintergrunde,Lebensraum-Lemma
965,rinderhorn,Lebensraum-Lemma
966,pleise,Lebensraum-Lemma
967,proteus-delphin,Lebensraum-Lemma
968,uferstauden,Lebensraum-Lemma
969,mühlgraben,Lebensraum-Lemma
970,thalgrund,Lebensraum-Lemma
971,qualenwiese,Lebensraum-Lemma
972,walhalla,Lebensraum-Lemma
973,feuermeere,Lebensraum-Lemma
974,stiftsgart,Lebensraum-Lemma
975,zauberland,Lebensraum-Lemma
976,makronenland,Lebensraum-Lemma
977,stromes,Lebensraum-Lemma
978,rhone,Lebensraum-Lemma
979,alpenhorn,Lebensraum-Lemma
980,diwan,Lebensraum-Lemma
981,hain,Lebensraum-Lemma
982,wiesenplan,Lebensraum-Lemma
983,amazonenstrom,Lebensraum-Lemma
984,gletscherberge,Lebensraum-Lemma
985,schoos,Lebensraum-Lemma
986,färinsel,Lebensraum-Lemma
987,berglüüt,Lebensraum-Lemma
988,amu,Lebensraum-Lemma
989,wetterhorn,Lebensraum-Lemma
990,schloßteich,Lebensraum-Lemma
991,stille,Lebensraum-Lemma
992,schneegebirge,Lebensraum-Lemma
993,totental,Lebensraum-Lemma
994,hohenstauf,Lebensraum-Lemma
995,friedensthal,Lebensraum-Lemma
996,weltreich,Lebensraum-Lemma
997,wolck,Lebensraum-Lemma
998,stük,Lebensraum-Lemma
999,graben,Lebensraum-Lemma
1000,busch,Lebensraum-Lemma
1001,kiesel,Lebensraum-Lemma
1002,erdenklüfte,Lebensraum-Lemma
1003,wasserfall,Lebensraum-Lemma
1004,abgrunde,Lebensraum-Lemma
1005,schönberg,Lebensraum-Lemma
1006,feuerberges,Lebensraum-Lemma
1007,hörselberg,Lebensraum-Lemma
1008,norderwelt,Lebensraum-Lemma
1009,cedernwalde,Lebensraum-Lemma
1010,talpatsch,Lebensraum-Lemma
1011,thermen,Lebensraum-Lemma
1012,rheinweinleiche,Lebensraum-Lemma
1013,oest'reichisch,Lebensraum-Lemma
1014,pflanzenreich,Lebensraum-Lemma
1015,ticino,Lebensraum-Lemma
1016,steinbruche,Lebensraum-Lemma
1017,rheinberg,Lebensraum-Lemma
1018,odyssee,Lebensraum-Lemma
1019,unterholz,Lebensraum-Lemma
1020,stadtpark,Lebensraum-Lemma
1021,gipfelwald,Lebensraum-Lemma
1022,weisen,Lebensraum-Lemma
1023,waldstrom,Lebensraum-Lemma
1024,mythenstein,Lebensraum-Lemma
1025,brünnhildenstein,Lebensraum-Lemma
1026,fuchsbalg,Lebensraum-Lemma
1027,neue,Lebensraum-Lemma
1028,agrippinische,Lebensraum-Lemma
1029,heyde,Lebensraum-Lemma
1030,eichenhain,Lebensraum-Lemma
1031,herrngarten,Lebensraum-Lemma
1032,einfaltspinsel,Lebensraum-Lemma
1033,felsbank,Lebensraum-Lemma
1034,welt,Lebensraum-Lemma
1035,kuhstall,Lebensraum-Lemma
1036,amazone,Lebensraum-Lemma
1037,murrkopf,Lebensraum-Lemma
1038,felsenhain,Lebensraum-Lemma
1039,einöden,Lebensraum-Lemma
1040,gruft,Lebensraum-Lemma
1041,dolomiter,Lebensraum-Lemma
1042,gemüs,Lebensraum-Lemma
1043,waldesfrei,Lebensraum-Lemma
1044,silbersee,Lebensraum-Lemma
1045,meerschos,Lebensraum-Lemma
1046,rebenhügel,Lebensraum-Lemma
1047,talleyrand'schen,Lebensraum-Lemma
1048,fährinsel,Lebensraum-Lemma
1049,eliseischen,Lebensraum-Lemma
1050,meer's,Lebensraum-Lemma
1051,feld,Lebensraum-Lemma
1052,lorbeerwald,Lebensraum-Lemma
1053,engen-lande,Lebensraum-Lemma
1054,landflücht'gen,Lebensraum-Lemma
1055,sumpfwiesen,Lebensraum-Lemma
1056,landmark,Lebensraum-Lemma
1057,wedder,Lebensraum-Lemma
1058,sel'g,Lebensraum-Lemma
1059,froschteich,Lebensraum-Lemma
1060,aarm,Lebensraum-Lemma
1061,zillertal,Lebensraum-Lemma
1062,haselwald,Lebensraum-Lemma
1063,tiergar,Lebensraum-Lemma
1064,darja,Lebensraum-Lemma
1065,mittelmeerländer,Lebensraum-Lemma
1066,bergwass,Lebensraum-Lemma
1067,sundainsel,Lebensraum-Lemma
1068,parasoll,Lebensraum-Lemma
1069,frühlingswelt,Lebensraum-Lemma
1070,feuerberg,Lebensraum-Lemma
1071,hasenberg,Lebensraum-Lemma
1072,gelände,Lebensraum-Lemma
1073,eisrinde,Lebensraum-Lemma
1074,altan,Lebensraum-Lemma
1075,alpenpaß,Lebensraum-Lemma
1076,krautgart,Lebensraum-Lemma
1077,röhricht,Lebensraum-Lemma
1078,schooss,Lebensraum-Lemma
1079,böhmerwald,Lebensraum-Lemma
1080,rübenacker,Lebensraum-Lemma
1081,matterhorn,Lebensraum-Lemma
1082,flüche,Lebensraum-Lemma
1083,felstal,Lebensraum-Lemma
1084,arkadi,Lebensraum-Lemma
1085,pflanzenbeet,Lebensraum-Lemma
1086,föhrengrunde,Lebensraum-Lemma
1087,pomeranze,Lebensraum-Lemma
1088,eigelstein,Lebensraum-Lemma
1089,wahnwitz,Lebensraum-Lemma
1090,murgenland,Lebensraum-Lemma
1091,uferbucht,Lebensraum-Lemma
1092,erdenstrich,Lebensraum-Lemma
1093,hohenstaufe,Lebensraum-Lemma
1094,blachfeld,Lebensraum-Lemma
1095,thäler,Lebensraum-Lemma
1096,bauerweiber,Lebensraum-Lemma
1097,bassin,Lebensraum-Lemma
1098,bergweg,Lebensraum-Lemma
1099,totenberg,Lebensraum-Lemma
1100,wintergegend,Lebensraum-Lemma
1101,werra,Lebensraum-Lemma
1102,phasis,Lebensraum-Lemma
1103,koppel,Lebensraum-Lemma
1104,kluft,Lebensraum-Lemma
1105,beym,Lebensraum-Lemma
1106,inselbucht,Lebensraum-Lemma
1107,landguth,Lebensraum-Lemma
1108,bosporus,Lebensraum-Lemma
1109,kohlgärt,Lebensraum-Lemma
1110,myrte,Lebensraum-Lemma
1111,strandende,Lebensraum-Lemma
1112,sonnenhügel,Lebensraum-Lemma
1113,rath,Lebensraum-Lemma
1114,wienerwald,Lebensraum-Lemma
1115,mosel,Lebensraum-Lemma
1116,tragheim,Lebensraum-Lemma
1117,wilde,Lebensraum-Lemma
1118,mirabellgarter,Lebensraum-Lemma
1119,aeter,Lebensraum-Lemma
1120,erdspalt,Lebensraum-Lemma
1121,abweidend,Lebensraum-Lemma
1122,weinhöhe,Lebensraum-Lemma
1123,dünenland,Lebensraum-Lemma
1124,talweg,Lebensraum-Lemma
1125,werdenberg,Lebensraum-Lemma
1126,wasserwild,Lebensraum-Lemma
1127,helmbusch,Lebensraum-Lemma
1128,blummenbeet,Lebensraum-Lemma
1129,schweinestall,Lebensraum-Lemma
1130,gebüsche,Lebensraum-Lemma
1131,felsstück,Lebensraum-Lemma
1132,lippstrom,Lebensraum-Lemma
1133,main,Lebensraum-Lemma
1134,soliman,Lebensraum-Lemma
1135,ostmeer,Lebensraum-Lemma
1136,borde,Lebensraum-Lemma
1137,bahndämmen,Lebensraum-Lemma
1138,rößlein,Lebensraum-Lemma
1139,geh,Lebensraum-Lemma
1140,waldgetös,Lebensraum-Lemma
1141,waldsee,Lebensraum-Lemma
1142,eule,Lebensraum-Lemma
1143,harze,Lebensraum-Lemma
1144,wabe,Lebensraum-Lemma
1145,waldspitze,Lebensraum-Lemma
1146,baltischen,Lebensraum-Lemma
1147,nilus,Lebensraum-Lemma
1148,oberrhein,Lebensraum-Lemma
1149,erzgebirge,Lebensraum-Lemma
1150,gregoriwiese,Lebensraum-Lemma
1151,meeresgstad,Lebensraum-Lemma
1152,schliche,Lebensraum-Lemma
1153,baumloser,Lebensraum-Lemma
1154,dichtergarter,Lebensraum-Lemma
1155,friedensquell,Lebensraum-Lemma
1156,erd,Lebensraum-Lemma
1157,blumenthron,Lebensraum-Lemma
1158,trunke,Lebensraum-Lemma
1159,geier,Lebensraum-Lemma
1160,beeen,Lebensraum-Lemma
1161,hauptgrundes,Lebensraum-Lemma
1162,südmeer,Lebensraum-Lemma
1163,flußsteig,Lebensraum-Lemma
1164,erbarmens,Lebensraum-Lemma
1165,allgau,Lebensraum-Lemma
1166,ström,Lebensraum-Lemma
1167,provence,Lebensraum-Lemma
1168,ackerschorfen,Lebensraum-Lemma
1169,vestibül,Lebensraum-Lemma
1170,limmat,Lebensraum-Lemma
1171,bergle,Lebensraum-Lemma
1172,rhed,Lebensraum-Lemma
1173,lagr,Lebensraum-Lemma
1174,gliglaglu,Lebensraum-Lemma
1175,engelberg,Lebensraum-Lemma
1176,äcker,Lebensraum-Lemma
1177,laubenkolonie,Lebensraum-Lemma
1178,krautland,Lebensraum-Lemma
1179,senegal,Lebensraum-Lemma
1180,meeresfluthen,Lebensraum-Lemma
1181,jaxt,Lebensraum-Lemma
1182,silberinseln,Lebensraum-Lemma
1183,wildenhain,Lebensraum-Lemma
1184,teiches,Lebensraum-Lemma
1185,meeresfelse,Lebensraum-Lemma
1186,blütenstrand,Lebensraum-Lemma
1187,wassergluthe,Lebensraum-Lemma
1188,anwiese,Lebensraum-Lemma
1189,allobrogenland,Lebensraum-Lemma
1190,himmelslabe,Lebensraum-Lemma
1191,pedrillo,Lebensraum-Lemma
1192,bauerngarte,Lebensraum-Lemma
1193,erde,Lebensraum-Lemma
1194,wiese,Lebensraum-Lemma
1195,wirsberg,Lebensraum-Lemma
1196,felsenwald,Lebensraum-Lemma
1197,maisfeld,Lebensraum-Lemma
1198,moore,Lebensraum-Lemma
1199,kartoffelfeld,Lebensraum-Lemma
1200,dreifuß,Lebensraum-Lemma
1201,bienenstock,Lebensraum-Lemma
1202,welt-all,Lebensraum-Lemma
1203,flußwasser,Lebensraum-Lemma
1204,altane,Lebensraum-Lemma
1205,buchenwald,Lebensraum-Lemma
1206,wüthrich,Lebensraum-Lemma
1207,pustertäler,Lebensraum-Lemma
1208,marbod,Lebensraum-Lemma
1209,felsengrund,Lebensraum-Lemma
1210,kornbode,Lebensraum-Lemma
1211,waldschlößchen,Lebensraum-Lemma
1212,gräbe,Lebensraum-Lemma
1213,balcon,Lebensraum-Lemma
1214,vierwaldstätter,Lebensraum-Lemma
1215,gebirgsbach,Lebensraum-Lemma
1216,wolkenberge,Lebensraum-Lemma
1217,landel,Lebensraum-Lemma
1218,dahler,Lebensraum-Lemma
1219,schlängler,Lebensraum-Lemma
1220,wildbachschlucht,Lebensraum-Lemma
1221,vorgebirg,Lebensraum-Lemma
1222,nord,Lebensraum-Lemma
1223,vorweser,Lebensraum-Lemma
1224,grote-oog,Lebensraum-Lemma
1225,hundsrück,Lebensraum-Lemma
1226,thalassio,Lebensraum-Lemma
1227,waldberg,Lebensraum-Lemma
1228,perosapark,Lebensraum-Lemma
1229,moluccas,Lebensraum-Lemma
1230,kraichgau,Lebensraum-Lemma
1231,käficht,Lebensraum-Lemma
1232,sommerwies,Lebensraum-Lemma
1233,börs,Lebensraum-Lemma
1234,hochgrindelberg,Lebensraum-Lemma
1235,alsdorff,Lebensraum-Lemma
1236,ceder,Lebensraum-Lemma
1237,fürstenberg,Lebensraum-Lemma
1238,waldes,Lebensraum-Lemma
1239,hinterthüre,Lebensraum-Lemma
1240,ruhr,Lebensraum-Lemma
1241,reich,Lebensraum-Lemma
1242,wauwau,Lebensraum-Lemma
1243,felsenschooß,Lebensraum-Lemma
1244,beau,Lebensraum-Lemma
1245,horeb,Lebensraum-Lemma
1246,seeheld,Lebensraum-Lemma
1247,amazonenreichs,Lebensraum-Lemma
1248,kolonie,Lebensraum-Lemma
1249,talabhang,Lebensraum-Lemma
1250,see,Lebensraum-Lemma
1251,barnim,Lebensraum-Lemma
1252,friedland,Lebensraum-Lemma
1253,moorgeschlecht,Lebensraum-Lemma
1254,alpentale,Lebensraum-Lemma
1255,meeresufer,Lebensraum-Lemma
1256,springbrunn,Lebensraum-Lemma
1257,tannenhügel,Lebensraum-Lemma
1258,blumenhaine,Lebensraum-Lemma
1259,talnied,Lebensraum-Lemma
1260,acker,Lebensraum-Lemma
1261,tabaksfeld,Lebensraum-Lemma
1262,alpenrunde,Lebensraum-Lemma
1263,wasser,Lebensraum-Lemma
1264,weltjeschichte,Lebensraum-Lemma
1265,erdkugel,Lebensraum-Lemma
1266,bächlein,Lebensraum-Lemma
1267,flamm,Lebensraum-Lemma
1268,wade,Lebensraum-Lemma
1269,ranzau,Lebensraum-Lemma
1270,gebiethe,Lebensraum-Lemma
1271,hörselgrund,Lebensraum-Lemma
1272,landweg,Lebensraum-Lemma
1273,fluur,Lebensraum-Lemma
1274,finnenzelt,Lebensraum-Lemma
1275,revieres,Lebensraum-Lemma
1276,pole,Lebensraum-Lemma
1277,landstraß,Lebensraum-Lemma
1278,bulschffen,Lebensraum-Lemma
1279,tote,Lebensraum-Lemma
1280,rasende,Lebensraum-Lemma
1281,welttheile,Lebensraum-Lemma
1282,brache,Lebensraum-Lemma
1283,geißel,Lebensraum-Lemma
1284,tiefebene,Lebensraum-Lemma
1285,augenweide,Lebensraum-Lemma
1286,pol,Lebensraum-Lemma
1287,gräflein,Lebensraum-Lemma
1288,liebes-garte,Lebensraum-Lemma
1289,pantheon,Lebensraum-Lemma
1290,kahlenberg,Lebensraum-Lemma
1291,meeresstrand,Lebensraum-Lemma
1292,drachenkluft,Lebensraum-Lemma
1293,fluch,Lebensraum-Lemma
1294,hoff,Lebensraum-Lemma
1295,wetterthurme,Lebensraum-Lemma
1296,edenflüssen,Lebensraum-Lemma
1297,basse,Lebensraum-Lemma
1298,gartenland,Lebensraum-Lemma
1299,bett,Lebensraum-Lemma
1300,hasenkopf,Lebensraum-Lemma
1301,flammensee,Lebensraum-Lemma
1302,moorheim,Lebensraum-Lemma
1303,seeweg,Lebensraum-Lemma
1304,nesselwald,Lebensraum-Lemma
1305,kampfmeer,Lebensraum-Lemma
1306,weideplatz,Lebensraum-Lemma
1307,felsgrotte,Lebensraum-Lemma
1308,bergschlucht,Lebensraum-Lemma
1309,heuernt,Lebensraum-Lemma
1310,weltrund,Lebensraum-Lemma
1311,nebelarme,Lebensraum-Lemma
1312,züricher,Lebensraum-Lemma
1313,flut,Lebensraum-Lemma
1314,tümpel,Lebensraum-Lemma
1315,meeresschlund,Lebensraum-Lemma
1316,thal,Lebensraum-Lemma
1317,rheinfluß,Lebensraum-Lemma
1318,griechenmeer,Lebensraum-Lemma
1319,schmollwinkel,Lebensraum-Lemma
1320,pass,Lebensraum-Lemma
1321,dinee,Lebensraum-Lemma
1322,quellenschlucht,Lebensraum-Lemma
1323,landenberg,Lebensraum-Lemma
1324,hellebart,Lebensraum-Lemma
1325,böden,Lebensraum-Lemma
1326,felsenquell,Lebensraum-Lemma
1327,bäumchen,Lebensraum-Lemma
1328,georginenbeet,Lebensraum-Lemma
1329,weinlese,Lebensraum-Lemma
1330,engelländer,Lebensraum-Lemma
1331,asperg,Lebensraum-Lemma
1332,granatenbusch,Lebensraum-Lemma
1333,himmelsland,Lebensraum-Lemma
1334,waldgebüsch,Lebensraum-Lemma
1335,meerschwall,Lebensraum-Lemma
1336,teuffel,Lebensraum-Lemma
1337,vogelnester,Lebensraum-Lemma
1338,brandmark,Lebensraum-Lemma
1339,gehöft,Lebensraum-Lemma
1340,niflungenstamm,Lebensraum-Lemma
1341,friedensinsel,Lebensraum-Lemma
1342,kidron,Lebensraum-Lemma
1343,mondlandschaft,Lebensraum-Lemma
1344,yberfluss,Lebensraum-Lemma
1345,spiegelberg,Lebensraum-Lemma
1346,lilienhügel,Lebensraum-Lemma
1347,meeresstrande,Lebensraum-Lemma
1348,hopfenberge,Lebensraum-Lemma
1349,drangeld,Lebensraum-Lemma
1350,waldsaume,Lebensraum-Lemma
1351,plafond,Lebensraum-Lemma
1352,sumpfesluft,Lebensraum-Lemma
1353,scholle,Lebensraum-Lemma
1354,bauerngut,Lebensraum-Lemma
1355,hannibal,Lebensraum-Lemma
1356,ulm,Lebensraum-Lemma
1357,gebiet,Lebensraum-Lemma
1358,wasserfaß,Lebensraum-Lemma
1359,blocksberg,Lebensraum-Lemma
1360,rasenhang,Lebensraum-Lemma
1361,pferdeschwemm,Lebensraum-Lemma
1362,libanon,Lebensraum-Lemma
1363,süderstrande,Lebensraum-Lemma
1364,rasen,Lebensraum-Lemma
1365,mondsichel,Lebensraum-Lemma
1366,küste,Lebensraum-Lemma
1367,medee,Lebensraum-Lemma
1368,zoologischer,Lebensraum-Lemma
1369,asphodelos-wies,Lebensraum-Lemma
1370,heubod,Lebensraum-Lemma
1371,waldesrande,Lebensraum-Lemma
1372,haines,Lebensraum-Lemma
1373,tropenwelt,Lebensraum-Lemma
1374,sandthal,Lebensraum-Lemma
1375,hegwald,Lebensraum-Lemma
1376,taxusrondell,Lebensraum-Lemma
1377,bois,Lebensraum-Lemma
1378,meerstern,Lebensraum-Lemma
1379,wiesenrande,Lebensraum-Lemma
1380,hundshäuser,Lebensraum-Lemma
1381,merveil,Lebensraum-Lemma
1382,flüg,Lebensraum-Lemma
1383,hexengegend,Lebensraum-Lemma
1384,schlüften,Lebensraum-Lemma
1385,sprudelquelle,Lebensraum-Lemma
1386,murmelbach,Lebensraum-Lemma
1387,aujust,Lebensraum-Lemma
1388,meeresfluth,Lebensraum-Lemma
1389,alpenschnee,Lebensraum-Lemma
1390,riesenseel,Lebensraum-Lemma
1391,bergvorsprung,Lebensraum-Lemma
1392,klause,Lebensraum-Lemma
1393,schif,Lebensraum-Lemma
1394,ravensteinsch,Lebensraum-Lemma
1395,hundeseelen,Lebensraum-Lemma
1396,woasser,Lebensraum-Lemma
1397,kornfelde,Lebensraum-Lemma
1398,wollust,Lebensraum-Lemma
1399,nordpols,Lebensraum-Lemma
1400,thiergart,Lebensraum-Lemma
1401,rasenerhöhung,Lebensraum-Lemma
1402,flußbiegung,Lebensraum-Lemma
1403,wiesenhügel,Lebensraum-Lemma
1404,olymp,Lebensraum-Lemma
1405,jeld,Lebensraum-Lemma
1406,eyfersucht,Lebensraum-Lemma
1407,waldboden,Lebensraum-Lemma
1408,blutbach,Lebensraum-Lemma
1409,weserstrom,Lebensraum-Lemma
1410,amphiktyo,Lebensraum-Lemma
1411,todeshain,Lebensraum-Lemma
1412,lila,Lebensraum-Lemma
1413,fliederhecke,Lebensraum-Lemma
1414,mondesstrahl,Lebensraum-Lemma
1415,hippokampe,Lebensraum-Lemma
1416,zitronenwäld,Lebensraum-Lemma
1417,erdenrund,Lebensraum-Lemma
1418,buchenhains,Lebensraum-Lemma
1419,klippeninsel,Lebensraum-Lemma
1420,canal,Lebensraum-Lemma
1421,hudsonsbay,Lebensraum-Lemma
1422,waldesgrund,Lebensraum-Lemma
1423,zimperliese,Lebensraum-Lemma
1424,albthal,Lebensraum-Lemma
1425,saône,Lebensraum-Lemma
1426,runenhügel,Lebensraum-Lemma
1427,pfuhl,Lebensraum-Lemma
1428,landstras,Lebensraum-Lemma
1429,zauberinsel,Lebensraum-Lemma
1430,wildprat,Lebensraum-Lemma
1431,landkolonien,Lebensraum-Lemma
1432,siegstein,Lebensraum-Lemma
1433,threnen-bäche,Lebensraum-Lemma
1434,arche,Lebensraum-Lemma
1435,finsterniß,Lebensraum-Lemma
1436,tempe,Lebensraum-Lemma
1437,blumengärte,Lebensraum-Lemma
1438,wurstberg,Lebensraum-Lemma
1439,tibermündung,Lebensraum-Lemma
1440,paradeisgarten,Lebensraum-Lemma
1441,vogelnest,Lebensraum-Lemma
1442,waldgeräusch,Lebensraum-Lemma
1443,urwelt,Lebensraum-Lemma
1444,adlerhorst,Lebensraum-Lemma
1445,gegendeil,Lebensraum-Lemma
1446,talerstück,Lebensraum-Lemma
1447,feld-herz,Lebensraum-Lemma
1448,walddunkel,Lebensraum-Lemma
1449,nordnordost,Lebensraum-Lemma
1450,bäuche,Lebensraum-Lemma
1451,rattennest,Lebensraum-Lemma
1452,stromgürtel,Lebensraum-Lemma
1453,athioperwüste,Lebensraum-Lemma
1454,kies,Lebensraum-Lemma
1455,ozeane,Lebensraum-Lemma
1456,wintergarten,Lebensraum-Lemma
1457,rheinfeld,Lebensraum-Lemma
1458,eiland,Lebensraum-Lemma
1459,suippe,Lebensraum-Lemma
1460,marter,Lebensraum-Lemma
1461,mittelgipfel,Lebensraum-Lemma
1462,atlantische,Lebensraum-Lemma
1463,felsenrand,Lebensraum-Lemma
1464,wild,Lebensraum-Lemma
1465,krämerstraßen,Lebensraum-Lemma
1466,hügelrand,Lebensraum-Lemma
1467,schloßgaß,Lebensraum-Lemma
1468,gewächshäuser,Lebensraum-Lemma
1469,landparzelln,Lebensraum-Lemma
1470,kleefeld,Lebensraum-Lemma
1471,deitschland,Lebensraum-Lemma
1472,bergesklüft,Lebensraum-Lemma
1473,dickigt,Lebensraum-Lemma
1474,havelstrom,Lebensraum-Lemma
1475,seelche,Lebensraum-Lemma
1476,gartenbeet,Lebensraum-Lemma
1477,waldbach,Lebensraum-Lemma
1478,meernixe,Lebensraum-Lemma
1479,musje,Lebensraum-Lemma
1480,höhn,Lebensraum-Lemma
1481,herd,Lebensraum-Lemma
1482,berghöhl,Lebensraum-Lemma
1483,wasserrand,Lebensraum-Lemma
1484,wiesen's,Lebensraum-Lemma
1485,dolabella,Lebensraum-Lemma
1486,erntefeld,Lebensraum-Lemma
1487,landesstrich,Lebensraum-Lemma
1488,berggeklüft,Lebensraum-Lemma
1489,felseninsel,Lebensraum-Lemma
1490,landnatur,Lebensraum-Lemma
1491,felsentalo,Lebensraum-Lemma
1492,buchtgestad,Lebensraum-Lemma
1493,baal,Lebensraum-Lemma
1494,sumpfteich,Lebensraum-Lemma
1495,huisum,Lebensraum-Lemma
1496,schafherde,Lebensraum-Lemma
1497,vintschgau's,Lebensraum-Lemma
1498,südpol,Lebensraum-Lemma
1499,vnglück,Lebensraum-Lemma
1500,kalvarienberge,Lebensraum-Lemma
1501,sumpfe,Lebensraum-Lemma
1502,wildhinstürmende,Lebensraum-Lemma
1503,tajo,Lebensraum-Lemma
1504,ramee,Lebensraum-Lemma
1505,wassersucht,Lebensraum-Lemma
1506,siegsfeld,Lebensraum-Lemma
1507,judenstein,Lebensraum-Lemma
1508,alpenkoppe,Lebensraum-Lemma
1509,floß,Lebensraum-Lemma
1510,egmont,Lebensraum-Lemma
1511,see-ottern,Lebensraum-Lemma
1512,dünengipfel,Lebensraum-Lemma
1513,zone,Lebensraum-Lemma
1514,jagdgehege,Lebensraum-Lemma
1515,talhügel,Lebensraum-Lemma
1516,waldgebirge,Lebensraum-Lemma
1517,gründ,Lebensraum-Lemma
1518,gerümpel,Lebensraum-Lemma
1519,katarakt,Lebensraum-Lemma
1520,marsche,Lebensraum-Lemma
1521,abhang,Lebensraum-Lemma
1522,moor,Lebensraum-Lemma
1523,holm,Lebensraum-Lemma
1524,colorado-river,Lebensraum-Lemma
1525,habeland,Lebensraum-Lemma
1526,wüstensand,Lebensraum-Lemma
1527,stalaktitenhöhl,Lebensraum-Lemma
1528,oberwelt,Lebensraum-Lemma
1529,fleck,Lebensraum-Lemma
1530,myrten-wald,Lebensraum-Lemma
1531,dieterich,Lebensraum-Lemma
1532,plötzensee,Lebensraum-Lemma
1533,geßler,Lebensraum-Lemma
1534,gröningseck,Lebensraum-Lemma
1535,himalaja,Lebensraum-Lemma
1536,oberland,Lebensraum-Lemma
1537,hindergrund,Lebensraum-Lemma
1538,rosenberg,Lebensraum-Lemma
1539,dungreiche,Lebensraum-Lemma
1540,parrthorn,Lebensraum-Lemma
1541,pallast,Lebensraum-Lemma
1542,kossee,Lebensraum-Lemma
1543,drachennest,Lebensraum-Lemma
1544,horn,Lebensraum-Lemma
1545,wilddieb,Lebensraum-Lemma
1546,mansfeld,Lebensraum-Lemma
1547,kiefernwald,Lebensraum-Lemma
1548,seeg,Lebensraum-Lemma
1549,erdkreises,Lebensraum-Lemma
1550,bayerland,Lebensraum-Lemma
1551,thaue,Lebensraum-Lemma
1552,waldnest,Lebensraum-Lemma
1553,keller,Lebensraum-Lemma
1554,kloake,Lebensraum-Lemma
1555,nestbrut,Lebensraum-Lemma
1556,neckarthal,Lebensraum-Lemma
1557,kanals,Lebensraum-Lemma
1558,tales,Lebensraum-Lemma
1559,palmwäldche,Lebensraum-Lemma
1560,schlierseer,Lebensraum-Lemma
1561,funkelbach,Lebensraum-Lemma
1562,totenhügel,Lebensraum-Lemma
1563,naturfel,Lebensraum-Lemma
1564,schlachtfeld,Lebensraum-Lemma
1565,helgafluß,Lebensraum-Lemma
1566,alpental,Lebensraum-Lemma
1567,o,Lebensraum-Lemma
1568,springinsfeld,Lebensraum-Lemma
1569,meeresstrom,Lebensraum-Lemma
1570,birkenhügel,Lebensraum-Lemma
1571,bergschacht,Lebensraum-Lemma
1572,abendgart,Lebensraum-Lemma
1573,myrtengärten,Lebensraum-Lemma
1574,sünd'ngeld,Lebensraum-Lemma
1575,rasengrund,Lebensraum-Lemma
1576,dickicht,Lebensraum-Lemma
1577,kesselberg,Lebensraum-Lemma
1578,themi,Lebensraum-Lemma
1579,felsgipfel,Lebensraum-Lemma
1580,burggarten,Lebensraum-Lemma
1581,äckern,Lebensraum-Lemma
1582,waldbach's,Lebensraum-Lemma
1583,rosenwasserfall,Lebensraum-Lemma
1584,hallig,Lebensraum-Lemma
1585,march,Lebensraum-Lemma
1586,rauentaler,Lebensraum-Lemma
1587,been,Lebensraum-Lemma
1588,guineer,Lebensraum-Lemma
1589,bäschen,Lebensraum-Lemma
1590,krater,Lebensraum-Lemma
1591,fels,Lebensraum-Lemma
1592,kahn,Lebensraum-Lemma
1593,talleyrand,Lebensraum-Lemma
1594,felsenklüft,Lebensraum-Lemma
1595,bärengrube,Lebensraum-Lemma
1596,valere,Lebensraum-Lemma
1597,meernetz,Lebensraum-Lemma
1598,hackelgrund,Lebensraum-Lemma
1599,todte,Lebensraum-Lemma
1600,pflanzschule,Lebensraum-Lemma
1601,weln,Lebensraum-Lemma
1602,waldabgrund,Lebensraum-Lemma
1603,talmud,Lebensraum-Lemma
1604,thalwald,Lebensraum-Lemma
1605,weltgrund,Lebensraum-Lemma
1606,tose,Lebensraum-Lemma
1607,waldesgrün,Lebensraum-Lemma
1608,felsengebirg,Lebensraum-Lemma
1609,ackergenist,Lebensraum-Lemma
1610,rosengärt,Lebensraum-Lemma
1611,fluß,Lebensraum-Lemma
1612,labyrinth,Lebensraum-Lemma
1613,staude,Lebensraum-Lemma
1614,hohenlohe,Lebensraum-Lemma
1615,harz,Lebensraum-Lemma
1616,riviera,Lebensraum-Lemma
1617,lotterieloos,Lebensraum-Lemma
1618,bard,Lebensraum-Lemma
1619,landguts,Lebensraum-Lemma
1620,uferlose,Lebensraum-Lemma
1621,waldestal,Lebensraum-Lemma
1622,ebro,Lebensraum-Lemma
1623,aß,Lebensraum-Lemma
1624,zuckerplantag,Lebensraum-Lemma
1625,freiersfuß,Lebensraum-Lemma
1626,frühlingslandschaft,Lebensraum-Lemma
1627,riesenberg,Lebensraum-Lemma
1628,gebirgsstück,Lebensraum-Lemma
1629,bergknappe,Lebensraum-Lemma
1630,canapé,Lebensraum-Lemma
1631,gebirges,Lebensraum-Lemma
1632,klüft,Lebensraum-Lemma
1633,petersbergerl,Lebensraum-Lemma
1634,spessart,Lebensraum-Lemma
1635,waldeck,Lebensraum-Lemma
1636,pegnitz,Lebensraum-Lemma
1637,innr,Lebensraum-Lemma
1638,gute,Lebensraum-Lemma
1639,landwehrkanale,Lebensraum-Lemma
1640,tantalus,Lebensraum-Lemma
1641,alpen,Lebensraum-Lemma
1642,schatzgraben,Lebensraum-Lemma
1643,nordertann,Lebensraum-Lemma
1644,felsenhange,Lebensraum-Lemma
1645,maas,Lebensraum-Lemma
1646,haslacher,Lebensraum-Lemma
1647,feldgeschreis,Lebensraum-Lemma
1648,aquarium,Lebensraum-Lemma
1649,beest,Lebensraum-Lemma
1650,najadenarmen,Lebensraum-Lemma
1651,nee,Lebensraum-Lemma
1652,altau,Lebensraum-Lemma
1653,cheruskerlands,Lebensraum-Lemma
1654,fischtrog,Lebensraum-Lemma
1655,eggert,Lebensraum-Lemma
1656,walde,Lebensraum-Lemma
1657,blutmoore,Lebensraum-Lemma
1658,bergwand,Lebensraum-Lemma
1659,maur,Lebensraum-Lemma
1660,schatt,Lebensraum-Lemma
1661,geiß,Lebensraum-Lemma
1662,ursach,Lebensraum-Lemma
1663,dreispitz,Lebensraum-Lemma
1664,gipfelche,Lebensraum-Lemma
1665,furie,Lebensraum-Lemma
1666,meeresfrische,Lebensraum-Lemma
1667,fuchsgraben,Lebensraum-Lemma
1668,streu,Lebensraum-Lemma
1669,waldgrund,Lebensraum-Lemma
1670,bergkegel,Lebensraum-Lemma
1671,hinterland,Lebensraum-Lemma
1672,länderei,Lebensraum-Lemma
1673,weinberg,Lebensraum-Lemma
1674,waldeinsamkeit,Lebensraum-Lemma
1675,wildwasser,Lebensraum-Lemma
1676,furt,Lebensraum-Lemma
1677,pastorgart,Lebensraum-Lemma
1678,bergtal,Lebensraum-Lemma
1679,breter,Lebensraum-Lemma
1680,gebiethers,Lebensraum-Lemma
1681,schelde,Lebensraum-Lemma
1682,ach,Lebensraum-Lemma
1683,waldspitz,Lebensraum-Lemma
1684,poilu,Lebensraum-Lemma
1685,grasbank,Lebensraum-Lemma
1686,ladogasees,Lebensraum-Lemma
1687,veigerl,Lebensraum-Lemma
1688,port,Lebensraum-Lemma
1689,winterlandschaft,Lebensraum-Lemma
1690,meeresgrenze,Lebensraum-Lemma
1691,ufergebüsch,Lebensraum-Lemma
1692,burgrath,Lebensraum-Lemma
1693,archipel,Lebensraum-Lemma
1694,argonnen,Lebensraum-Lemma
1695,meeresgarten,Lebensraum-Lemma
1696,muotta,Lebensraum-Lemma
1697,galeer,Lebensraum-Lemma
1698,himmelsstrich,Lebensraum-Lemma
1699,valois,Lebensraum-Lemma
1700,bäter,Lebensraum-Lemma
1701,felsenabhange,Lebensraum-Lemma
1702,baßton,Lebensraum-Lemma
1703,kurpark,Lebensraum-Lemma
1704,sumpf,Lebensraum-Lemma
1705,table,Lebensraum-Lemma
1706,landsgefälle,Lebensraum-Lemma
1707,kiöl,Lebensraum-Lemma
1708,erdenscholle,Lebensraum-Lemma
1709,noe,Lebensraum-Lemma
1710,wasserstein,Lebensraum-Lemma
1711,landstreicher,Lebensraum-Lemma
1712,topase,Lebensraum-Lemma
1713,garteneiland,Lebensraum-Lemma
1714,bayerlands,Lebensraum-Lemma
1715,bockshorn,Lebensraum-Lemma
1716,gebüschen,Lebensraum-Lemma
1717,krämerinsel,Lebensraum-Lemma
1718,comer,Lebensraum-Lemma
1719,kalykidno,Lebensraum-Lemma
1720,ackergaul,Lebensraum-Lemma
1721,promenade,Lebensraum-Lemma
1722,nestlein,Lebensraum-Lemma
1723,festland,Lebensraum-Lemma
1724,elster,Lebensraum-Lemma
1725,chaiselongue,Lebensraum-Lemma
1726,südfrucht,Lebensraum-Lemma
1727,tuilerien,Lebensraum-Lemma
1728,schafot,Lebensraum-Lemma
1729,rave,Lebensraum-Lemma
1730,buchenthaler,Lebensraum-Lemma
1731,see'n,Lebensraum-Lemma
1732,höhle,Lebensraum-Lemma
1733,bergstrom,Lebensraum-Lemma
1734,meeresklippe,Lebensraum-Lemma
1735,tartarus,Lebensraum-Lemma
1736,ostseeprovinz,Lebensraum-Lemma
1737,osterland,Lebensraum-Lemma
1738,vogelweid,Lebensraum-Lemma
1739,schlammgraben,Lebensraum-Lemma
1740,waldkarpathen,Lebensraum-Lemma
1741,feldchen,Lebensraum-Lemma
1742,meertreff,Lebensraum-Lemma
1743,elisäischen,Lebensraum-Lemma
1744,zwergseel,Lebensraum-Lemma
1745,schwarzwald,Lebensraum-Lemma
1746,bacherl,Lebensraum-Lemma
1747,zauberhain,Lebensraum-Lemma
1748,badegarten,Lebensraum-Lemma
1749,spree,Lebensraum-Lemma
1750,baader,Lebensraum-Lemma
1751,havelland,Lebensraum-Lemma
1752,jugendland,Lebensraum-Lemma
1753,landgüter,Lebensraum-Lemma
1754,haarwaldung,Lebensraum-Lemma
1755,mondscheinlandschaft,Lebensraum-Lemma
1756,mittelländische,Lebensraum-Lemma
1757,almes,Lebensraum-Lemma
1758,flammen-see,Lebensraum-Lemma
1759,marstall,Lebensraum-Lemma
1760,silberquelle,Lebensraum-Lemma
1761,kastanienwäldchen,Lebensraum-Lemma
1762,hall,Lebensraum-Lemma
1763,meeresküst,Lebensraum-Lemma
1764,felsrande,Lebensraum-Lemma
1765,heidenland,Lebensraum-Lemma
1766,bergpfad,Lebensraum-Lemma
1767,goldland,Lebensraum-Lemma
1768,niederlande,Lebensraum-Lemma
1769,umwelt,Lebensraum-Lemma
1770,gebieterin,Lebensraum-Lemma
1771,hanfsucht,Lebensraum-Lemma
1772,waldhöh,Lebensraum-Lemma
1773,lust-garte,Lebensraum-Lemma
1774,reisfeld,Lebensraum-Lemma
1775,orangenwälder,Lebensraum-Lemma
1776,bergfläche,Lebensraum-Lemma
1777,gartenweg,Lebensraum-Lemma
1778,eb'ne,Lebensraum-Lemma
1779,see's,Lebensraum-Lemma
1780,bergeshöhl,Lebensraum-Lemma
1781,meeresnebel,Lebensraum-Lemma
1782,schœne,Lebensraum-Lemma
1783,rheinstrom,Lebensraum-Lemma
1784,triangel,Lebensraum-Lemma
1785,grelloog,Lebensraum-Lemma
1786,abgrund,Lebensraum-Lemma
1787,lichtwelt,Lebensraum-Lemma
1788,zaubergart,Lebensraum-Lemma
1789,flußmündung,Lebensraum-Lemma
1790,mühlberg,Lebensraum-Lemma
1791,landesnatur,Lebensraum-Lemma
1792,marchfeld,Lebensraum-Lemma
1793,erdrund,Lebensraum-Lemma
1794,stoppelfeld,Lebensraum-Lemma
1795,sentenz,Lebensraum-Lemma
1796,akazienallee,Lebensraum-Lemma
1797,valer,Lebensraum-Lemma
1798,wildenstein,Lebensraum-Lemma
1799,mittelgrund,Lebensraum-Lemma
1800,wasserlauf,Lebensraum-Lemma
1801,gipfel,Lebensraum-Lemma
1802,ehstands-garte,Lebensraum-Lemma
1803,eis-meer,Lebensraum-Lemma
1804,schwitz,Lebensraum-Lemma
1805,nestge,Lebensraum-Lemma
1806,jenseitsstrande,Lebensraum-Lemma
1807,henkerbeil,Lebensraum-Lemma
1808,okzident,Lebensraum-Lemma
1809,qvarde,Lebensraum-Lemma
1810,meerab,Lebensraum-Lemma
1811,tanzwiese,Lebensraum-Lemma
1812,roßhuf,Lebensraum-Lemma
1813,erdenwinkel,Lebensraum-Lemma
1814,mistbeet,Lebensraum-Lemma
1815,weidwerk,Lebensraum-Lemma
1816,klostergart,Lebensraum-Lemma
1817,goldfischteich,Lebensraum-Lemma
1818,uferrand,Lebensraum-Lemma
1819,landesfülle,Lebensraum-Lemma
1820,uferland,Lebensraum-Lemma
1821,garten-corridor,Lebensraum-Lemma
1822,waldgegend,Lebensraum-Lemma
1823,ufer,Lebensraum-Lemma
1824,cap,Lebensraum-Lemma
1825,wienland,Lebensraum-Lemma
1826,hagene,Lebensraum-Lemma
1827,sommerfrische,Lebensraum-Lemma
1828,vfer,Lebensraum-Lemma
1829,fläche,Lebensraum-Lemma
1830,weltgemüsegarte,Lebensraum-Lemma
1831,erdscholle,Lebensraum-Lemma
1832,marsfelde,Lebensraum-Lemma
1833,felsgeheg,Lebensraum-Lemma
1834,fluh,Lebensraum-Lemma
1835,talschlucht,Lebensraum-Lemma
1836,haideland,Lebensraum-Lemma
1837,ährenfelder,Lebensraum-Lemma
1838,jagdgeheg,Lebensraum-Lemma
1839,felsenblocke,Lebensraum-Lemma
1840,frühlingsgart,Lebensraum-Lemma
1841,grab,Lebensraum-Lemma
1842,felsenküste,Lebensraum-Lemma
1843,hochland,Lebensraum-Lemma
1844,boddem,Lebensraum-Lemma
1845,schlachtensee,Lebensraum-Lemma
1846,bushy,Lebensraum-Lemma
1847,gräßlichen,Lebensraum-Lemma
1848,jammerthale,Lebensraum-Lemma
1849,sein,Lebensraum-Lemma
1850,wasserstrom,Lebensraum-Lemma
1851,rheinquell,Lebensraum-Lemma
1852,vorwelt,Lebensraum-Lemma
1853,schaaf,Lebensraum-Lemma
1854,freudenberg,Lebensraum-Lemma
1855,rebgart,Lebensraum-Lemma
1856,flußbett,Lebensraum-Lemma
1857,bergrat,Lebensraum-Lemma
1858,eselsfuße,Lebensraum-Lemma
1859,rinnstein,Lebensraum-Lemma
1860,ueberfluß,Lebensraum-Lemma
1861,isarstadt,Lebensraum-Lemma
1862,cheruskerland,Lebensraum-Lemma
1863,morgn,Lebensraum-Lemma
1864,schützengart,Lebensraum-Lemma
1865,winfeld,Lebensraum-Lemma
1866,meerwasser,Lebensraum-Lemma
1867,wässerlein,Lebensraum-Lemma
1868,ward,Lebensraum-Lemma
1869,cheruskawald,Lebensraum-Lemma
1870,steg,Lebensraum-Lemma
1871,tale,Lebensraum-Lemma
1872,gehöfte,Lebensraum-Lemma
1873,furche,Lebensraum-Lemma
1874,galeere,Lebensraum-Lemma
1875,etsch,Lebensraum-Lemma
1876,gebirge,Lebensraum-Lemma
1877,landschafft,Lebensraum-Lemma
1878,kohlgart,Lebensraum-Lemma
1879,eisesfelder,Lebensraum-Lemma
1880,reuß,Lebensraum-Lemma
1881,huttbee,Lebensraum-Lemma
1882,felsritze,Lebensraum-Lemma
1883,schindanger,Lebensraum-Lemma
1884,rasensitz,Lebensraum-Lemma
1885,lethefluß,Lebensraum-Lemma
1886,wodan,Lebensraum-Lemma
1887,feld-baw-kunst,Lebensraum-Lemma
1888,sonnenland,Lebensraum-Lemma
1889,löwensprunge,Lebensraum-Lemma
1890,muränenteich,Lebensraum-Lemma
1891,orangerie,Lebensraum-Lemma
1892,indus,Lebensraum-Lemma
1893,grenzgebiete,Lebensraum-Lemma
1894,riva,Lebensraum-Lemma
1895,grünleit,Lebensraum-Lemma
1896,meergrund,Lebensraum-Lemma
1897,iselberg,Lebensraum-Lemma
1898,pistolle,Lebensraum-Lemma
1899,blumenbeete,Lebensraum-Lemma
1900,aw,Lebensraum-Lemma
1901,arboga,Lebensraum-Lemma
1902,hartig,Lebensraum-Lemma
1903,berghäupter,Lebensraum-Lemma
1904,sigurd,Lebensraum-Lemma
1905,elbstrom,Lebensraum-Lemma
1906,vesuv,Lebensraum-Lemma
1907,saleph,Lebensraum-Lemma
1908,grass,Lebensraum-Lemma
1909,eisglätscher,Lebensraum-Lemma
1910,waben,Lebensraum-Lemma
1911,quellenrand,Lebensraum-Lemma
1912,hochwild,Lebensraum-Lemma
1913,rheine,Lebensraum-Lemma
1914,felsenschlucht,Lebensraum-Lemma
1915,rindergäßchen,Lebensraum-Lemma
1916,fink,Lebensraum-Lemma
1917,gesträuch,Lebensraum-Lemma
1918,haide,Lebensraum-Lemma
1919,tiergattung,Lebensraum-Lemma
1920,löwengrube,Lebensraum-Lemma
1921,bassa,Lebensraum-Lemma
1922,grals,Lebensraum-Lemma
1923,ostseestrande,Lebensraum-Lemma
1924,beet,Lebensraum-Lemma
1925,anhöh,Lebensraum-Lemma
1926,lands,Lebensraum-Lemma
1927,paradiesgärtlein,Lebensraum-Lemma
1928,küritag,Lebensraum-Lemma
1929,märchenstrand,Lebensraum-Lemma
1930,talg,Lebensraum-Lemma
1931,aeßch,Lebensraum-Lemma
1932,sternenmeer,Lebensraum-Lemma
1933,windalm,Lebensraum-Lemma
1934,klippe,Lebensraum-Lemma
1935,tanes,Lebensraum-Lemma
1936,sauerwald,Lebensraum-Lemma
1937,weinchen,Lebensraum-Lemma
1938,felsentäler,Lebensraum-Lemma
1939,moosfel,Lebensraum-Lemma
1940,felsschlucht,Lebensraum-Lemma
1941,vogelsang,Lebensraum-Lemma
1942,ölgart,Lebensraum-Lemma
1943,waldburg,Lebensraum-Lemma
1944,blocksberge,Lebensraum-Lemma
1945,herzensweide,Lebensraum-Lemma
1946,weißland,Lebensraum-Lemma
1947,hasenfuß,Lebensraum-Lemma
1948,jochimsthal,Lebensraum-Lemma
1949,caracalla,Lebensraum-Lemma
1950,seefluth,Lebensraum-Lemma
1951,erdenkugel,Lebensraum-Lemma
1952,kraam,Lebensraum-Lemma
1953,uferrande,Lebensraum-Lemma
1954,weltteile,Lebensraum-Lemma
1955,garten-thüre,Lebensraum-Lemma
1956,friedensreis,Lebensraum-Lemma
1957,au'n,Lebensraum-Lemma
1958,ährenfeld,Lebensraum-Lemma
1959,drachenfel,Lebensraum-Lemma
1960,bergstock,Lebensraum-Lemma
1961,milzsucht,Lebensraum-Lemma
1962,landwehr,Lebensraum-Lemma
1963,todeshaines,Lebensraum-Lemma
1964,lepoldiberg,Lebensraum-Lemma
1965,landt,Lebensraum-Lemma
1966,goldfluß,Lebensraum-Lemma
1967,ackerfeld,Lebensraum-Lemma
1968,felsenstrand,Lebensraum-Lemma
1969,gebirgswald,Lebensraum-Lemma
1970,schoot,Lebensraum-Lemma
1971,pfau,Lebensraum-Lemma
1972,weißdorn,Lebensraum-Lemma
1973,stelle,Lebensraum-Lemma
1974,rheines,Lebensraum-Lemma
1975,araspe,Lebensraum-Lemma
1976,neideck,Lebensraum-Lemma
1977,darsena,Lebensraum-Lemma
1978,erdenkloß,Lebensraum-Lemma
1979,gartenstückche,Lebensraum-Lemma
1980,levante,Lebensraum-Lemma
1981,bock,Lebensraum-Lemma
1982,pyrenäenbäd,Lebensraum-Lemma
1983,alpenfeld,Lebensraum-Lemma
1984,nordsee,Lebensraum-Lemma
1985,pferderücko,Lebensraum-Lemma
1986,rheingestad,Lebensraum-Lemma
1987,champagne,Lebensraum-Lemma
1988,ozean,Lebensraum-Lemma
1989,saum,Lebensraum-Lemma
1990,göttin,Lebensraum-Lemma
1991,naturwelt,Lebensraum-Lemma
1992,enn,Lebensraum-Lemma
1993,granatwald,Lebensraum-Lemma
1994,oos,Lebensraum-Lemma
1995,zungenheld,Lebensraum-Lemma
1996,venusberg,Lebensraum-Lemma
1997,hintertrab,Lebensraum-Lemma
1998,dalberg,Lebensraum-Lemma
1999,gräberthal,Lebensraum-Lemma
2000,moseltore,Lebensraum-Lemma
2001,matt,Lebensraum-Lemma
2002,jägerweib,Lebensraum-Lemma
2003,weltgebieterei,Lebensraum-Lemma
2004,cordillera,Lebensraum-Lemma
2005,tierwelt,Lebensraum-Lemma
2006,marskanal,Lebensraum-Lemma
2007,eulennest,Lebensraum-Lemma
2008,blumenfeld,Lebensraum-Lemma
2009,frei'n,Lebensraum-Lemma
2010,meergötter,Lebensraum-Lemma
2011,wieselch,Lebensraum-Lemma
2012,palmenwälder,Lebensraum-Lemma
2013,eisbruch,Lebensraum-Lemma
2014,rettungsküste,Lebensraum-Lemma
2015,flammberg,Lebensraum-Lemma
2016,bergsteig,Lebensraum-Lemma
2017,taubenschlag,Lebensraum-Lemma
2018,waldweg,Lebensraum-Lemma
2019,arno,Lebensraum-Lemma
2020,donaugrenze,Lebensraum-Lemma
2021,pflugfeld,Lebensraum-Lemma
2022,rosenbeet,Lebensraum-Lemma
2023,oiter,Lebensraum-Lemma
2024,weltgegend,Lebensraum-Lemma
2025,erdengrund,Lebensraum-Lemma
2026,passeier,Lebensraum-Lemma
2027,terrain,Lebensraum-Lemma
2028,prärie,Lebensraum-Lemma
2029,falkenstein,Lebensraum-Lemma
2030,häng,Lebensraum-Lemma
2031,urgebirg,Lebensraum-Lemma
2032,sandinsel,Lebensraum-Lemma
2033,halde,Lebensraum-Lemma
2034,landgut,Lebensraum-Lemma
2035,nestel,Lebensraum-Lemma
2036,blumenzwinger,Lebensraum-Lemma
2037,bergforst,Lebensraum-Lemma
2038,wüstenrande,Lebensraum-Lemma
2039,blumengrab,Lebensraum-Lemma
2040,heunenlande,Lebensraum-Lemma
2041,nachtwiese,Lebensraum-Lemma
2042,moldau,Lebensraum-Lemma
2043,greu'l,Lebensraum-Lemma
2044,kaiser,Lebensraum-Lemma
2045,erdgrund,Lebensraum-Lemma
2046,felsenhang,Lebensraum-Lemma
2047,eisbeene,Lebensraum-Lemma
2048,viehnatur,Lebensraum-Lemma
2049,romanenheld,Lebensraum-Lemma
2050,auen,Lebensraum-Lemma
2051,bergeshang,Lebensraum-Lemma
2052,landgebiet,Lebensraum-Lemma
2053,felsengipfel,Lebensraum-Lemma
2054,südsee-insel,Lebensraum-Lemma
2055,aest,Lebensraum-Lemma
2056,ural,Lebensraum-Lemma
2057,nettelbeck,Lebensraum-Lemma
2058,aue,Lebensraum-Lemma
2059,peterschkerchhof,Lebensraum-Lemma
2060,schweiz,Lebensraum-Lemma
2061,burgundionen,Lebensraum-Lemma
2062,südpols,Lebensraum-Lemma
2063,höllerkogel,Lebensraum-Lemma
2064,tiefe,Lebensraum-Lemma
2065,froschgrabe,Lebensraum-Lemma
2066,gartenwäldchen,Lebensraum-Lemma
2067,apennin,Lebensraum-Lemma
2068,rinstrom,Lebensraum-Lemma
2069,vogelheerd,Lebensraum-Lemma
2070,vögelwelt,Lebensraum-Lemma
2071,schwämergeist,Lebensraum-Lemma
2072,waldvögelein,Lebensraum-Lemma
2073,schollenrecht,Lebensraum-Lemma
2074,erdgründen,Lebensraum-Lemma
2075,wespen-nest,Lebensraum-Lemma
2076,gebüsch,Lebensraum-Lemma
2077,aas,Lebensraum-Lemma
2078,schindergrube,Lebensraum-Lemma
2079,provinz,Lebensraum-Lemma
2080,freit,Lebensraum-Lemma
2081,eloge,Lebensraum-Lemma
2082,blüthen,Lebensraum-Lemma
2083,else,Lebensraum-Lemma
2084,hart,Lebensraum-Lemma
2085,orion,Lebensraum-Lemma
2086,schloßberg,Lebensraum-Lemma
2087,gral,Lebensraum-Lemma
2088,kozytus,Lebensraum-Lemma
2089,moosgrund,Lebensraum-Lemma
2090,bergesschatt,Lebensraum-Lemma
2091,korallenriff,Lebensraum-Lemma
2092,weserufer,Lebensraum-Lemma
2093,klamm,Lebensraum-Lemma
2094,sonnenfel,Lebensraum-Lemma
2095,strom,Lebensraum-Lemma
2096,meertor,Lebensraum-Lemma
2097,krancker,Lebensraum-Lemma
2098,mansfelder,Lebensraum-Lemma
2099,negerkral,Lebensraum-Lemma
2100,erdschooß,Lebensraum-Lemma
2101,tannenberg,Lebensraum-Lemma
2102,waldverderber,Lebensraum-Lemma
2103,eichwald,Lebensraum-Lemma
2104,berg'l,Lebensraum-Lemma
2105,bergspitze,Lebensraum-Lemma
2106,laubenbogenallee,Lebensraum-Lemma
2107,büschen,Lebensraum-Lemma
2108,höhe,Lebensraum-Lemma
2109,senne,Lebensraum-Lemma
2110,oolsch,Lebensraum-Lemma
2111,garn,Lebensraum-Lemma
2112,rütli,Lebensraum-Lemma
2113,morastg,Lebensraum-Lemma
2114,lakedämon,Lebensraum-Lemma
2115,dünn,Lebensraum-Lemma
2116,bälde,Lebensraum-Lemma
2117,bergescene,Lebensraum-Lemma
2118,wildniß,Lebensraum-Lemma
2119,lilienblumenwalde,Lebensraum-Lemma
2120,aar,Lebensraum-Lemma
2121,landeigentum,Lebensraum-Lemma
2122,ährenmeer,Lebensraum-Lemma
2123,treibhaus,Lebensraum-Lemma
2124,jauer,Lebensraum-Lemma
2125,lilienarmen,Lebensraum-Lemma
2126,cantelberg,Lebensraum-Lemma
2127,parthorn,Lebensraum-Lemma
2128,insellande,Lebensraum-Lemma
2129,hochgebirg,Lebensraum-Lemma
2130,erduld,Lebensraum-Lemma
2131,felsgebirg,Lebensraum-Lemma
2132,wiesental,Lebensraum-Lemma
2133,gartenidylle,Lebensraum-Lemma
2134,teich,Lebensraum-Lemma
2135,euphrat,Lebensraum-Lemma
2136,thränenweiden,Lebensraum-Lemma
2137,toten,Lebensraum-Lemma
2138,rübsenfelder,Lebensraum-Lemma
2139,inselfestung,Lebensraum-Lemma
2140,wüstenthor,Lebensraum-Lemma
2141,pustertal,Lebensraum-Lemma
2142,stall,Lebensraum-Lemma
2143,feindseel'gen,Lebensraum-Lemma
2144,meersupp,Lebensraum-Lemma
2145,weltchen,Lebensraum-Lemma
2146,rheinbergs,Lebensraum-Lemma
2147,kanoe,Lebensraum-Lemma
2148,garten-concert,Lebensraum-Lemma
2149,erbsen-felder,Lebensraum-Lemma
2150,kapua,Lebensraum-Lemma
2151,tropenland,Lebensraum-Lemma
2152,fischergegend,Lebensraum-Lemma
2153,zinninseln,Lebensraum-Lemma
2154,meeresöde,Lebensraum-Lemma
2155,mult,Lebensraum-Lemma
2156,paradieses,Lebensraum-Lemma
2157,thales,Lebensraum-Lemma
2158,hayne,Lebensraum-Lemma
2159,nachtthau,Lebensraum-Lemma
2160,strandes,Lebensraum-Lemma
2161,bergwald,Lebensraum-Lemma
2162,meernixen,Lebensraum-Lemma
2163,bäder,Lebensraum-Lemma
2164,comersee,Lebensraum-Lemma
2165,weser,Lebensraum-Lemma
2166,kellergrund,Lebensraum-Lemma
2167,tiber,Lebensraum-Lemma
2168,bruckengasse,Lebensraum-Lemma
2169,jagdgetös,Lebensraum-Lemma
2170,spröde,Lebensraum-Lemma
2171,finnenmeer,Lebensraum-Lemma
2172,alpheus,Lebensraum-Lemma
2173,waldesschatten,Lebensraum-Lemma
2174,brandt,Lebensraum-Lemma
2175,hügelzug,Lebensraum-Lemma
2176,luftmeer,Lebensraum-Lemma
2177,schooß,Lebensraum-Lemma
2178,inselt,Lebensraum-Lemma
2179,roßtrapp,Lebensraum-Lemma
2180,meereswasser,Lebensraum-Lemma
2181,gartenzaun,Lebensraum-Lemma
2182,place,Lebensraum-Lemma
2183,aehren,Lebensraum-Lemma
2184,brühl,Lebensraum-Lemma
2185,parkgrundstück,Lebensraum-Lemma
2186,erdhügel,Lebensraum-Lemma
2187,weltgewässer,Lebensraum-Lemma
2188,wasserreich,Lebensraum-Lemma
2189,platz,Lebensraum-Lemma
2190,hußbergerin,Lebensraum-Lemma
2191,grabhügel,Lebensraum-Lemma
2192,zedernwald,Lebensraum-Lemma
2193,weiher,Lebensraum-Lemma
2194,seraphseel,Lebensraum-Lemma
2195,dore,Lebensraum-Lemma
2196,spessar-wald,Lebensraum-Lemma
2197,nachtrabe,Lebensraum-Lemma
2198,oele,Lebensraum-Lemma
2199,hudsons-bay,Lebensraum-Lemma
2200,lagunenstaat,Lebensraum-Lemma
2201,paradieseswelt,Lebensraum-Lemma
2202,tierritzen,Lebensraum-Lemma
2203,erdenwüste,Lebensraum-Lemma
2204,terschka,Lebensraum-Lemma
2205,alpe,Lebensraum-Lemma
2206,maium,Lebensraum-Lemma
2207,bannberg,Lebensraum-Lemma
2208,parvenu,Lebensraum-Lemma
2209,rasenbank,Lebensraum-Lemma
2210,feinderück,Lebensraum-Lemma
2211,tälerch,Lebensraum-Lemma
2212,phantomes,Lebensraum-Lemma
2213,müggelsee,Lebensraum-Lemma
2214,rasenden,Lebensraum-Lemma
2215,menschenbeef,Lebensraum-Lemma
2216,erdenraum,Lebensraum-Lemma
2217,ostsee,Lebensraum-Lemma
2218,blumensaum,Lebensraum-Lemma
2219,sümmchen,Lebensraum-Lemma
2220,johannisberg,Lebensraum-Lemma
2221,born,Lebensraum-Lemma
2222,blumenstrand,Lebensraum-Lemma
2223,gaß,Lebensraum-Lemma
2224,landstreicherin,Lebensraum-Lemma
2225,gothland,Lebensraum-Lemma
2226,uferfelse,Lebensraum-Lemma
2227,pappelstromes,Lebensraum-Lemma
2228,grund,Lebensraum-Lemma
2229,talgstumpf,Lebensraum-Lemma
2230,gartentürch,Lebensraum-Lemma
2231,uferraum,Lebensraum-Lemma
2232,parnasses,Lebensraum-Lemma
2233,envoyé,Lebensraum-Lemma
2234,mühlbach,Lebensraum-Lemma
2235,jordan,Lebensraum-Lemma
2236,hochpaß,Lebensraum-Lemma
2237,fischlein,Lebensraum-Lemma
2238,obst,Lebensraum-Lemma
2239,scherfenberg,Lebensraum-Lemma
2240,weltseel,Lebensraum-Lemma
2241,ackergrund,Lebensraum-Lemma
2242,schneegipfel,Lebensraum-Lemma
2243,ägäische,Lebensraum-Lemma
2244,löwe,Lebensraum-Lemma
2245,ostland,Lebensraum-Lemma
2246,vogelscheu,Lebensraum-Lemma
2247,estrad,Lebensraum-Lemma
2248,stadtbach,Lebensraum-Lemma
2249,landpartie,Lebensraum-Lemma
2250,sümpfe,Lebensraum-Lemma
2251,garden,Lebensraum-Lemma
2252,eisscholle,Lebensraum-Lemma
2253,sonnsfeld,Lebensraum-Lemma
2254,paradiese,Lebensraum-Lemma
2255,gewinsel,Lebensraum-Lemma
2256,festlande,Lebensraum-Lemma
2257,alpenthron,Lebensraum-Lemma
2258,gränze,Lebensraum-Lemma
2259,thier-garte,Lebensraum-Lemma
2260,scholl,Lebensraum-Lemma
2261,kocytus,Lebensraum-Lemma
2262,heurigengart,Lebensraum-Lemma
2263,park,Lebensraum-Lemma
2264,weltraum,Lebensraum-Lemma
2265,lauwin,Lebensraum-Lemma
2266,gletscher,Lebensraum-Lemma
2267,melonenbeet,Lebensraum-Lemma
2268,bergesader,Lebensraum-Lemma
2269,botanischen,Lebensraum-Lemma
2270,rheinsturz,Lebensraum-Lemma
2271,schloßgraben,Lebensraum-Lemma
2272,mædch,Lebensraum-Lemma
2273,baugrund,Lebensraum-Lemma
2274,unterwelt,Lebensraum-Lemma
2275,marienthurm,Lebensraum-Lemma
2276,strom's,Lebensraum-Lemma
2277,abendwiese,Lebensraum-Lemma
2278,felsengrotte,Lebensraum-Lemma
2279,caspische,Lebensraum-Lemma
2280,blumenbeet,Lebensraum-Lemma
2281,heerde,Lebensraum-Lemma
2282,arde,Lebensraum-Lemma
2283,wellenschild,Lebensraum-Lemma
2284,wortlandschafte,Lebensraum-Lemma
2285,sahara,Lebensraum-Lemma
2286,schwoger,Lebensraum-Lemma
2287,feuerfluß,Lebensraum-Lemma
2288,donaukanal,Lebensraum-Lemma
2289,cimbernküst,Lebensraum-Lemma
2290,blumenrand,Lebensraum-Lemma
2291,palmentale,Lebensraum-Lemma
2292,schlachtthal,Lebensraum-Lemma
2293,abendlandschaft,Lebensraum-Lemma
2294,himmelstrichen,Lebensraum-Lemma
2295,straußberg,Lebensraum-Lemma
2296,himalaya,Lebensraum-Lemma
2297,sümpfen,Lebensraum-Lemma
2298,mooshügel,Lebensraum-Lemma
2299,feuerbächen,Lebensraum-Lemma
2300,valla,Lebensraum-Lemma
2301,inselland,Lebensraum-Lemma
2302,vulkan,Lebensraum-Lemma
2303,erdenschooß,Lebensraum-Lemma
2304,wassergrab,Lebensraum-Lemma
2305,themse,Lebensraum-Lemma
2306,pagode,Lebensraum-Lemma
2307,valeria,Lebensraum-Lemma
2308,gartengschirr,Lebensraum-Lemma
2309,meerschaum,Lebensraum-Lemma
2310,schilfe,Lebensraum-Lemma
2311,antilibanon,Lebensraum-Lemma
2312,spreewald,Lebensraum-Lemma
2313,uferstrand,Lebensraum-Lemma
2314,felsgeklüft,Lebensraum-Lemma
2315,hollstall,Lebensraum-Lemma
2316,murmler,Lebensraum-Lemma
2317,hügelhang,Lebensraum-Lemma
2318,blumenhag,Lebensraum-Lemma
2319,hühnerställe,Lebensraum-Lemma
2320,talgstümpfchen,Lebensraum-Lemma
2321,oliven,Lebensraum-Lemma
2322,dünenhügel,Lebensraum-Lemma
2323,reusse,Lebensraum-Lemma
2324,wiesenraum,Lebensraum-Lemma
2325,gewächshaus,Lebensraum-Lemma
2326,berghang,Lebensraum-Lemma
2327,pegasus,Lebensraum-Lemma
2328,forst,Lebensraum-Lemma
2329,grenze,Lebensraum-Lemma
2330,moselufer,Lebensraum-Lemma
2331,meersgrund,Lebensraum-Lemma
2332,waldessaume,Lebensraum-Lemma
2333,kirchhove,Lebensraum-Lemma
2334,buschdawe,Lebensraum-Lemma
2335,laubgegitter,Lebensraum-Lemma
2336,adda,Lebensraum-Lemma
2337,grenzbusch,Lebensraum-Lemma
2338,brachfeld,Lebensraum-Lemma
2339,mittelberge,Lebensraum-Lemma
2340,inselsberg,Lebensraum-Lemma
2341,zephirgekose,Lebensraum-Lemma
2342,erdenballe,Lebensraum-Lemma
2343,frühlingstal,Lebensraum-Lemma
2344,wiesenfläche,Lebensraum-Lemma
2345,marsches,Lebensraum-Lemma
2346,donau,Lebensraum-Lemma
2347,ottilienberg,Lebensraum-Lemma
2348,meereswoge,Lebensraum-Lemma
2349,englisch,Lebensraum-Lemma
2350,dardanelle,Lebensraum-Lemma
2351,rädchen,Lebensraum-Lemma
2352,steppenland,Lebensraum-Lemma
2353,walddekoration,Lebensraum-Lemma
2354,waldhorn,Lebensraum-Lemma
2355,hauswiese,Lebensraum-Lemma
2356,mälar,Lebensraum-Lemma
2357,isar,Lebensraum-Lemma
2358,edelwild,Lebensraum-Lemma
2359,acherusischen,Lebensraum-Lemma
2360,berg,Lebensraum-Lemma
2361,sturzbach,Lebensraum-Lemma
2362,brünnlein,Lebensraum-Lemma
2363,lebensflächen,Lebensraum-Lemma
2364,plantage,Lebensraum-Lemma
2365,naseby,Lebensraum-Lemma
2366,felstale,Lebensraum-Lemma
2367,sauerteig,Lebensraum-Lemma
2368,niederrhein,Lebensraum-Lemma
2369,zaubertal,Lebensraum-Lemma
2370,steppensand,Lebensraum-Lemma
2371,seege,Lebensraum-Lemma
2372,bergast,Lebensraum-Lemma
2373,alsterbach,Lebensraum-Lemma
2374,bäsche,Lebensraum-Lemma
2375,wiesfleck,Lebensraum-Lemma
2376,flund,Lebensraum-Lemma
2377,aether,Lebensraum-Lemma
2378,weihestein,Lebensraum-Lemma
2379,geigenstrich,Lebensraum-Lemma
2380,gebirg,Lebensraum-Lemma
2381,innre,Lebensraum-Lemma
2382,buchte,Lebensraum-Lemma
2383,wangenroth,Lebensraum-Lemma
2384,eyland,Lebensraum-Lemma
2385,westminstersquare,Lebensraum-Lemma
2386,pomeranzenhain,Lebensraum-Lemma
2387,seee,Lebensraum-Lemma
2388,rosengart,Lebensraum-Lemma
2389,waldschatten,Lebensraum-Lemma
2390,rheintöchter,Lebensraum-Lemma
2391,paradies,Lebensraum-Lemma
2392,wundersee,Lebensraum-Lemma
2393,ebene,Lebensraum-Lemma
2394,küstenland,Lebensraum-Lemma
2395,gräntz,Lebensraum-Lemma
2396,waldesdunkel,Lebensraum-Lemma
2397,tannenwäldche,Lebensraum-Lemma
2398,halligfischeroolsch,Lebensraum-Lemma
2399,meeres-einsamkeit,Lebensraum-Lemma
2400,schafstall,Lebensraum-Lemma
2401,dämmerwiesen,Lebensraum-Lemma
2402,läger,Lebensraum-Lemma
2403,erdkloß,Lebensraum-Lemma
2404,spessar,Lebensraum-Lemma
2405,frühlingslüft,Lebensraum-Lemma
2406,erdballr,Lebensraum-Lemma
2407,urwalde,Lebensraum-Lemma
2408,petersberg,Lebensraum-Lemma
2409,felsspalte,Lebensraum-Lemma
2410,schlagflusses,Lebensraum-Lemma
2411,sumpfbode,Lebensraum-Lemma
2412,strand,Lebensraum-Lemma
2413,erdenparadiese,Lebensraum-Lemma
2414,feder-see,Lebensraum-Lemma
2415,feldmark,Lebensraum-Lemma
2416,mountain,Lebensraum-Lemma
2417,meereswallen,Lebensraum-Lemma
2418,federbüsche,Lebensraum-Lemma
2419,felsterras,Lebensraum-Lemma
2420,gülden,Lebensraum-Lemma
2421,brauser,Lebensraum-Lemma
2422,vaas,Lebensraum-Lemma
2423,anger,Lebensraum-Lemma
2424,nehmerlaune,Lebensraum-Lemma
2425,nagerlstock,Lebensraum-Lemma
2426,mühlteich,Lebensraum-Lemma
2427,gestrüpp,Lebensraum-Lemma
2428,quelles,Lebensraum-Lemma
2429,gärtnerei,Lebensraum-Lemma
2430,wiesel,Lebensraum-Lemma
2431,germanischen,Lebensraum-Lemma
2432,wolkengebirg,Lebensraum-Lemma
2433,graß,Lebensraum-Lemma
2434,ehstandsjoch,Lebensraum-Lemma
2435,waldbär,Lebensraum-Lemma
2436,fischreichen,Lebensraum-Lemma
2437,merenberge,Lebensraum-Lemma
2438,mittelmeer,Lebensraum-Lemma
2439,felskluft,Lebensraum-Lemma
2440,margherita-baches,Lebensraum-Lemma
2441,felsgrund,Lebensraum-Lemma
2442,moors,Lebensraum-Lemma
2443,laubwald,Lebensraum-Lemma
2444,houwald,Lebensraum-Lemma
2445,vatterland,Lebensraum-Lemma
2446,übersee,Lebensraum-Lemma
2447,aaß,Lebensraum-Lemma
2448,tiberstrom,Lebensraum-Lemma
2449,inselch,Lebensraum-Lemma
2450,rotkehlchen,Lebensraum-Lemma
2451,hundeseel,Lebensraum-Lemma
2452,rhein's,Lebensraum-Lemma
2453,und,Lebensraum-Lemma
2454,salzfaß,Lebensraum-Lemma
2455,steinfelder,Lebensraum-Lemma
2456,kieselstein,Lebensraum-Lemma
2457,nebelberge,Lebensraum-Lemma
2458,meereswell,Lebensraum-Lemma
2459,südländer,Lebensraum-Lemma
2460,seehundskliff,Lebensraum-Lemma
2461,felsental,Lebensraum-Lemma
2462,felsenforst,Lebensraum-Lemma
2463,walid,Lebensraum-Lemma
2464,weiberreich,Lebensraum-Lemma
2465,fliedertee,Lebensraum-Lemma
2466,tantal,Lebensraum-Lemma
2467,ameishaufen,Lebensraum-Lemma
2468,nordmeers,Lebensraum-Lemma
2469,passarge,Lebensraum-Lemma
2470,binsenwiese,Lebensraum-Lemma
2471,brunn,Lebensraum-Lemma
2472,rasenplan,Lebensraum-Lemma
2473,rosenparadies,Lebensraum-Lemma
2474,aremberg,Lebensraum-Lemma
2475,wellenthal,Lebensraum-Lemma
2476,gottesacker,Lebensraum-Lemma
2477,wald,Lebensraum-Lemma
2478,vehenwiese,Lebensraum-Lemma
2479,wonnemeer,Lebensraum-Lemma
2480,berggipfel,Lebensraum-Lemma
2481,küchengart,Lebensraum-Lemma
2482,jagdgrund,Lebensraum-Lemma
2483,halensee,Lebensraum-Lemma
2484,spreen,Lebensraum-Lemma
2485,steiß,Lebensraum-Lemma
2486,elchwild,Lebensraum-Lemma
2487,rhabarberland,Lebensraum-Lemma
2488,girolamo,Lebensraum-Lemma
2489,peruque,Lebensraum-Lemma
2490,baumgruppe,Lebensraum-Lemma
2491,burggraben,Lebensraum-Lemma
2492,joch,Lebensraum-Lemma
2493,wüstensaum,Lebensraum-Lemma
2494,liebesarme,Lebensraum-Lemma
2495,rheingau,Lebensraum-Lemma
2496,bürgerweiben,Lebensraum-Lemma
2497,heuschreckeninsel,Lebensraum-Lemma
2498,uferstraße,Lebensraum-Lemma
2499,wilder,Lebensraum-Lemma
2500,lautenberge,Lebensraum-Lemma
2501,guttenberg,Lebensraum-Lemma
2502,affengesichet,Lebensraum-Lemma
2503,blüthendasein,Lebensraum-Lemma
2504,nebenfluß,Lebensraum-Lemma
2505,nachttau,Lebensraum-Lemma
2506,kornfeld,Lebensraum-Lemma
2507,schloßgarten,Lebensraum-Lemma
2508,wiesenthal,Lebensraum-Lemma
2509,rhynfluß,Lebensraum-Lemma
2510,platane,Lebensraum-Lemma
2511,ebenwald,Lebensraum-Lemma
2512,thierwelt,Lebensraum-Lemma
2513,meerstrand,Lebensraum-Lemma
2514,umgebung,Lebensraum-Lemma
2515,gießbach,Lebensraum-Lemma
2516,flüßche,Lebensraum-Lemma
2517,ardennerwald,Lebensraum-Lemma
2518,bach,Lebensraum-Lemma
2519,geroll,Lebensraum-Lemma
2520,morgenlandes,Lebensraum-Lemma
2521,roncalsch,Lebensraum-Lemma
2522,moosbachl,Lebensraum-Lemma
2523,muschelgrotte,Lebensraum-Lemma
2524,schattenland,Lebensraum-Lemma
2525,forstes,Lebensraum-Lemma
2526,einöd,Lebensraum-Lemma
2527,urwälder,Lebensraum-Lemma
2528,eiseswüsten,Lebensraum-Lemma
2529,sulz,Lebensraum-Lemma
2530,steppe,Lebensraum-Lemma
2531,waldgebirg,Lebensraum-Lemma
2532,nachtschooß,Lebensraum-Lemma
2533,bäche,Lebensraum-Lemma
2534,strandeszung,Lebensraum-Lemma
2535,pachthof,Lebensraum-Lemma
2536,eismeer,Lebensraum-Lemma
2537,adlersnase,Lebensraum-Lemma
2538,baum,Lebensraum-Lemma
2539,einöde,Lebensraum-Lemma
2540,belt,Lebensraum-Lemma
2541,hechtzung,Lebensraum-Lemma
2542,bleichsucht,Lebensraum-Lemma
2543,steeger,Lebensraum-Lemma
2544,lautensteg,Lebensraum-Lemma
2545,moräst,Lebensraum-Lemma
2546,rosental,Lebensraum-Lemma
2547,waldrevier,Lebensraum-Lemma
2548,gegenden,Lebensraum-Lemma
2549,heulbase,Lebensraum-Lemma
2550,scheelsucht,Lebensraum-Lemma
2551,moderhügel,Lebensraum-Lemma
2552,rand,Lebensraum-Lemma
2553,friedensgegend,Lebensraum-Lemma
2554,wildnis,Lebensraum-Lemma
2555,buchenwalde,Lebensraum-Lemma
2556,täuff,Lebensraum-Lemma
2557,wachau,Lebensraum-Lemma
2558,auslo'sweg,Lebensraum-Lemma
2559,felsenufer,Lebensraum-Lemma
2560,gartenplatz,Lebensraum-Lemma
2561,rigiberge,Lebensraum-Lemma
2562,welttheil,Lebensraum-Lemma
2563,feuerhaine,Lebensraum-Lemma
2564,havelseeufer,Lebensraum-Lemma
2565,talbot,Lebensraum-Lemma
2566,tierkreis,Lebensraum-Lemma
2567,palmenhain,Lebensraum-Lemma
2568,caledonischen,Lebensraum-Lemma
2569,stadtwald,Lebensraum-Lemma
2570,lavarind,Lebensraum-Lemma
2571,eden,Lebensraum-Lemma
2572,landstrich,Lebensraum-Lemma
2573,haarstrang,Lebensraum-Lemma
2574,gutsteich,Lebensraum-Lemma
2575,bergsaum,Lebensraum-Lemma
2576,kaplan,Lebensraum-Lemma
2577,mars,Lebensraum-Lemma
2578,fichtenwald,Lebensraum-Lemma
2579,paradieslandschaft,Lebensraum-Lemma
2580,buchtgestade,Lebensraum-Lemma
2581,aal,Lebensraum-Lemma
2582,getreidefeld,Lebensraum-Lemma
2583,grotte,Lebensraum-Lemma
2584,erdstreif,Lebensraum-Lemma
2585,marmorberg,Lebensraum-Lemma
2586,eichenwäld,Lebensraum-Lemma
2587,peloponne,Lebensraum-Lemma
2588,bodengrund,Lebensraum-Lemma
2589,zitronenwald,Lebensraum-Lemma
2590,gartenpfort,Lebensraum-Lemma
2591,bleizuckergebirg,Lebensraum-Lemma
2592,krabat,Lebensraum-Lemma
2593,gemmialpe,Lebensraum-Lemma
2594,pocal,Lebensraum-Lemma
2595,balleseich,Lebensraum-Lemma
2596,landstiefel,Lebensraum-Lemma
2597,land's,Lebensraum-Lemma
2598,seitental,Lebensraum-Lemma
2599,landläuffern,Lebensraum-Lemma
2600,humboldthain,Lebensraum-Lemma
2601,brachen,Lebensraum-Lemma
2602,blumengart,Lebensraum-Lemma
2603,verdek,Lebensraum-Lemma
2604,boden,Lebensraum-Lemma
2605,hohenbühler,Lebensraum-Lemma
2606,sumpfs,Lebensraum-Lemma
2607,föhrenwäld,Lebensraum-Lemma
2608,löwenklau,Lebensraum-Lemma
2609,bergkuppe,Lebensraum-Lemma
2610,höh,Lebensraum-Lemma
2611,lech,Lebensraum-Lemma
2612,pferdestall,Lebensraum-Lemma
2613,tiefsee,Lebensraum-Lemma
2614,bannfluch,Lebensraum-Lemma
2615,gestade,Lebensraum-Lemma
2616,savage,Lebensraum-Lemma
2617,goldenthal,Lebensraum-Lemma
2618,waldweise,Lebensraum-Lemma
2619,feuermeer,Lebensraum-Lemma
2620,koog,Lebensraum-Lemma
2621,landständ,Lebensraum-Lemma
2622,judenwiese,Lebensraum-Lemma
2623,wolf,Lebensraum-Lemma
2624,fichtenwälder,Lebensraum-Lemma
2625,steineichen,Lebensraum-Lemma
2626,schächental,Lebensraum-Lemma
2627,wasserpol,Lebensraum-Lemma
2628,revierum,Lebensraum-Lemma
2629,schattenreich,Lebensraum-Lemma
2630,mondberg,Lebensraum-Lemma
2631,libussa,Lebensraum-Lemma
2632,lofot,Lebensraum-Lemma
2633,rhein,Lebensraum-Lemma
2634,jrunewald,Lebensraum-Lemma
2635,heunenland,Lebensraum-Lemma
2636,bergesrand,Lebensraum-Lemma
2637,ländchen,Lebensraum-Lemma
2638,platzl,Lebensraum-Lemma
2639,wessel-hoff,Lebensraum-Lemma
2640,gebiether,Lebensraum-Lemma
2641,wütherich,Lebensraum-Lemma
2642,silberbänd,Lebensraum-Lemma
2643,hang,Lebensraum-Lemma
2644,schooße,Lebensraum-Lemma
2645,azoren,Lebensraum-Lemma
2646,blumenreich,Lebensraum-Lemma
2647,kerschbeem,Lebensraum-Lemma
2648,eis,Lebensraum-Lemma
2649,fittig,Lebensraum-Lemma
2650,elbe,Lebensraum-Lemma
2651,waldwasser,Lebensraum-Lemma
2652,oase,Lebensraum-Lemma
2653,schuttberge,Lebensraum-Lemma
2654,stößel,Lebensraum-Lemma
2655,landen,Lebensraum-Lemma
2656,rothkehlchen,Lebensraum-Lemma
2657,landenberger,Lebensraum-Lemma
2658,schwalbennest,Lebensraum-Lemma
2659,weltwüste,Lebensraum-Lemma
2660,stieglitz,Lebensraum-Lemma
2661,anwald,Lebensraum-Lemma
2662,blumenwiese,Lebensraum-Lemma
2663,oever,Lebensraum-Lemma
2664,lippe,Lebensraum-Lemma
2665,landstände,Lebensraum-Lemma
2666,mansanares,Lebensraum-Lemma
2667,gartenhause,Lebensraum-Lemma
2668,viehhof,Lebensraum-Lemma
2669,brocken,Lebensraum-Lemma
2670,rio,Lebensraum-Lemma
2671,waldsaum,Lebensraum-Lemma
2672,dache,Lebensraum-Lemma
2673,wied'n,Lebensraum-Lemma
2674,steintal,Lebensraum-Lemma
2675,edelwiesen,Lebensraum-Lemma
2676,tiergartenstraße,Lebensraum-Lemma
2677,tauris,Lebensraum-Lemma
2678,gräslein,Lebensraum-Lemma
2679,capitol,Lebensraum-Lemma
2680,schächentals,Lebensraum-Lemma
2681,stromesbett,Lebensraum-Lemma
2682,nordlicht,Lebensraum-Lemma
2683,okeano,Lebensraum-Lemma
2684,nordpol,Lebensraum-Lemma
2685,erblande,Lebensraum-Lemma
2686,bäumche,Lebensraum-Lemma
2687,grüntal,Lebensraum-Lemma
2688,kamm,Lebensraum-Lemma
2689,sonneneinfluß,Lebensraum-Lemma
2690,feld-herzns,Lebensraum-Lemma
2691,schwanenweiher,Lebensraum-Lemma
2692,felsengrunde,Lebensraum-Lemma
2693,alexis,Lebensraum-Lemma
2694,samum,Lebensraum-Lemma
2695,talglicht,Lebensraum-Lemma
2696,baß,Lebensraum-Lemma
2697,wildreich,Lebensraum-Lemma
2698,fichtenhöhen,Lebensraum-Lemma
2699,vulkanen,Lebensraum-Lemma
2700,wiesch,Lebensraum-Lemma
2701,felsjoche,Lebensraum-Lemma
2702,urgrund,Lebensraum-Lemma
2703,deich,Lebensraum-Lemma
2704,adria's,Lebensraum-Lemma
2705,nachtigalleninsel,Lebensraum-Lemma
2706,dünen,Lebensraum-Lemma
2707,zauberberg,Lebensraum-Lemma
2708,pfefferland,Lebensraum-Lemma
2709,ätolier,Lebensraum-Lemma
2710,vorgebirge,Lebensraum-Lemma
2711,kaspisch,Lebensraum-Lemma
2712,saar,Lebensraum-Lemma
2713,wiesenpfade,Lebensraum-Lemma
2714,nachtgebüschen,Lebensraum-Lemma
2715,nachtviolenbeet,Lebensraum-Lemma
2716,hackelbüsch,Lebensraum-Lemma
2717,moosbank,Lebensraum-Lemma
2718,schwedenküste,Lebensraum-Lemma
2719,schächen,Lebensraum-Lemma
2720,grün,Lebensraum-Lemma
2721,gartenkies,Lebensraum-Lemma
2722,niederung,Lebensraum-Lemma
2723,islām,Lebensraum-Lemma
2724,coullisse,Lebensraum-Lemma
2725,vorwerk,Lebensraum-Lemma
2726,berges-höhle,Lebensraum-Lemma
2727,meeresbad,Lebensraum-Lemma
2728,himmelstrich,Lebensraum-Lemma
2729,erdengau,Lebensraum-Lemma
2730,see-capitain,Lebensraum-Lemma
2731,seefischeree,Lebensraum-Lemma
2732,scheffel,Lebensraum-Lemma
2733,dachsloch,Lebensraum-Lemma
2734,akusios,Lebensraum-Lemma
2735,rot,Lebensraum-Lemma
2736,himmelsschoß,Lebensraum-Lemma
2737,ampezzaner,Lebensraum-Lemma
2738,kukuruzfelder,Lebensraum-Lemma
2739,rusca,Lebensraum-Lemma
2740,walddickicht,Lebensraum-Lemma
2741,friedhof,Lebensraum-Lemma
2742,grenzschenk,Lebensraum-Lemma
2743,himel,Lebensraum-Lemma
2744,friedrichspark,Lebensraum-Lemma
2745,gebirgsdörfern,Lebensraum-Lemma
2746,pein,Lebensraum-Lemma
2747,skamandro,Lebensraum-Lemma
2748,flüß'gen,Lebensraum-Lemma
2749,bergsee,Lebensraum-Lemma
2750,tempelgärt,Lebensraum-Lemma
2751,rialto,Lebensraum-Lemma
2752,tann,Lebensraum-Lemma
2753,arkadierheld,Lebensraum-Lemma
2754,alpenfirst,Lebensraum-Lemma
2755,grabberg,Lebensraum-Lemma
2756,trauerweide,Lebensraum-Lemma
2757,jungfernheide,Lebensraum-Lemma
2758,garteng'schirrl,Lebensraum-Lemma
2759,bocke,Lebensraum-Lemma
2760,senfkorn,Lebensraum-Lemma
2761,thalschlucht,Lebensraum-Lemma
2762,fuchsloch,Lebensraum-Lemma
2763,busche,Lebensraum-Lemma
2764,bergjoch,Lebensraum-Lemma
2765,landgute,Lebensraum-Lemma
2766,gallert,Lebensraum-Lemma
2767,rachefurien,Lebensraum-Lemma
2768,schlunde,Lebensraum-Lemma
2769,streberich,Lebensraum-Lemma
2770,padischach,Lebensraum-Lemma
2771,felsenhöhlenreich,Lebensraum-Lemma
2772,mutterschoß,Lebensraum-Lemma
2773,wehmuth,Lebensraum-Lemma
2774,alma,Lebensraum-Lemma
2775,wiesenrain,Lebensraum-Lemma
2776,planet,Lebensraum-Lemma
2777,dämm'rung,Lebensraum-Lemma
2778,korallenwald,Lebensraum-Lemma
2779,valet,Lebensraum-Lemma
2780,anio,Lebensraum-Lemma
2781,vogelscheuche,Lebensraum-Lemma
2782,kranich,Lebensraum-Lemma
2783,teichen,Lebensraum-Lemma
2784,weltäone,Lebensraum-Lemma
2785,spelunke,Lebensraum-Lemma
2786,lagunen,Lebensraum-Lemma
2787,seeberg,Lebensraum-Lemma
2788,schtraße,Lebensraum-Lemma
2789,morcheltunke,Lebensraum-Lemma
2790,grüne,Lebensraum-Lemma
2791,vogelkäfig,Lebensraum-Lemma
2792,averner,Lebensraum-Lemma
2793,welschland,Lebensraum-Lemma
2794,teppich,Lebensraum-Lemma
2795,leade,Lebensraum-Lemma
2796,meeressand,Lebensraum-Lemma
2797,berginnere,Lebensraum-Lemma
2798,walfischrück,Lebensraum-Lemma
2799,gartenrand,Lebensraum-Lemma
2800,banke,Lebensraum-Lemma
2801,dorfbach,Lebensraum-Lemma
2802,hügelein,Lebensraum-Lemma
2803,norderthore,Lebensraum-Lemma
2804,landwehrkanal,Lebensraum-Lemma
2805,hügel,Lebensraum-Lemma
2806,landvogt,Lebensraum-Lemma
2807,wildbahn,Lebensraum-Lemma
2808,märchenwald,Lebensraum-Lemma
2809,tuileriengart,Lebensraum-Lemma
2810,sternengebirge,Lebensraum-Lemma
2811,peneus,Lebensraum-Lemma
2812,wiesenstück,Lebensraum-Lemma
2813,wonnenmeer,Lebensraum-Lemma
2814,bergeshauch,Lebensraum-Lemma
2815,felsklippe,Lebensraum-Lemma
2816,waldplatz,Lebensraum-Lemma
2817,wäldche,Lebensraum-Lemma
2818,cheruskerheer,Lebensraum-Lemma
2819,schneelandschaft,Lebensraum-Lemma
2820,kaukasus,Lebensraum-Lemma
2821,goll,Lebensraum-Lemma
2822,schmelz,Lebensraum-Lemma
2823,hort,Lebensraum-Lemma
2824,alpenspitze,Lebensraum-Lemma
2825,zaubergrund,Lebensraum-Lemma
2826,donauufer,Lebensraum-Lemma
2827,kaneel,Lebensraum-Lemma
2828,lavastrom,Lebensraum-Lemma
2829,ackerland,Lebensraum-Lemma
2830,palmenwald,Lebensraum-Lemma
2831,irtysch,Lebensraum-Lemma
2832,piedestal,Lebensraum-Lemma
2833,berges-abhang,Lebensraum-Lemma
2834,biberpelz,Lebensraum-Lemma
2835,mühl,Lebensraum-Lemma
2836,weingärt,Lebensraum-Lemma
2837,hag,Lebensraum-Lemma
2838,wüstenland,Lebensraum-Lemma
2839,waldgeheg,Lebensraum-Lemma
2840,morast,Lebensraum-Lemma
2841,kothurnenheld,Lebensraum-Lemma
2842,weltenreiche,Lebensraum-Lemma
2843,seitenallee,Lebensraum-Lemma
2844,bergkuppen,Lebensraum-Lemma
2845,tauberich,Lebensraum-Lemma
2846,landläufer,Lebensraum-Lemma
2847,eisflur,Lebensraum-Lemma
2848,blumenwies,Lebensraum-Lemma
2849,flußgeroll,Lebensraum-Lemma
2850,maneg,Lebensraum-Lemma
2851,san,Lebensraum-Lemma
2852,southwell,Lebensraum-Lemma
2853,ilefeld,Lebensraum-Lemma
2854,steinkogel,Lebensraum-Lemma
2855,mark,Lebensraum-Lemma
2856,kamp,Lebensraum-Lemma
2857,stadtgraben,Lebensraum-Lemma
2858,alpenlüft,Lebensraum-Lemma
2859,blüthe,Lebensraum-Lemma
2860,mittelgebirg,Lebensraum-Lemma
2861,niflungenstreit,Lebensraum-Lemma
2862,hühnerhof,Lebensraum-Lemma
2863,lagune,Lebensraum-Lemma
2864,seecharte,Lebensraum-Lemma
2865,halß,Lebensraum-Lemma
2866,kotillonheide,Lebensraum-Lemma
2867,harzgebirge,Lebensraum-Lemma
2868,vicedom,Lebensraum-Lemma
2869,parnaß,Lebensraum-Lemma
2870,weltbalkon,Lebensraum-Lemma
2871,efeuwand,Lebensraum-Lemma
2872,tannenwald,Lebensraum-Lemma
2873,heideland,Lebensraum-Lemma
2874,blumenberg,Lebensraum-Lemma
2875,ebernburg,Lebensraum-Lemma
2876,meeresschaum,Lebensraum-Lemma
2877,himmelsstriche,Lebensraum-Lemma
2878,nest,Lebensraum-Lemma
2879,gestad,Lebensraum-Lemma
2880,waldquelle,Lebensraum-Lemma
2881,eselsburgertal,Lebensraum-Lemma
2882,karrngaul,Lebensraum-Lemma
2883,weid,Lebensraum-Lemma
2884,gebirgsgegend,Lebensraum-Lemma
2885,thau,Lebensraum-Lemma
2886,waldstätt,Lebensraum-Lemma
2887,landsknaicht,Lebensraum-Lemma
2888,gehäg,Lebensraum-Lemma
2889,kartoffelseele,Lebensraum-Lemma
2890,eichenhaine,Lebensraum-Lemma
2891,riesenwelt,Lebensraum-Lemma
2892,bäch,Lebensraum-Lemma
2893,leitha,Lebensraum-Lemma
2894,terebinthe,Lebensraum-Lemma
2895,nachtmeer,Lebensraum-Lemma
2896,rock,Lebensraum-Lemma
2897,wolfsberg,Lebensraum-Lemma
2898,kornböde,Lebensraum-Lemma
2899,kiölgebirge,Lebensraum-Lemma
2900,terraß,Lebensraum-Lemma
2901,gräbenried,Lebensraum-Lemma
2902,westegegend,Lebensraum-Lemma
2903,meeresgrunde,Lebensraum-Lemma
2904,myrtenhaine,Lebensraum-Lemma
2905,wasserfäll,Lebensraum-Lemma
2906,blasebalg,Lebensraum-Lemma
2907,gang,Lebensraum-Lemma
2908,ow,Lebensraum-Lemma
2909,avernerland,Lebensraum-Lemma
2910,ackernde,Lebensraum-Lemma
2911,waldrand,Lebensraum-Lemma
2912,cedernwald,Lebensraum-Lemma
2913,wolfsschlucht,Lebensraum-Lemma
2914,engpaß,Lebensraum-Lemma
2915,erdkreiß,Lebensraum-Lemma
2916,christenthume,Lebensraum-Lemma
2917,schloßpark,Lebensraum-Lemma
2918,wildfang,Lebensraum-Lemma
2919,felsennest,Lebensraum-Lemma
2920,nachtrab,Lebensraum-Lemma
2921,niflungen-schlachtfeld,Lebensraum-Lemma
2922,hügelkreis,Lebensraum-Lemma
2923,rabengebirg,Lebensraum-Lemma
2924,weißbuchenplatz,Lebensraum-Lemma
2925,gartenbank,Lebensraum-Lemma
2926,fuchshöhle,Lebensraum-Lemma
2927,zoologischen,Lebensraum-Lemma
2928,waldsteig,Lebensraum-Lemma
2929,obstgarten,Lebensraum-Lemma
2930,brenner,Lebensraum-Lemma
2931,apenninen,Lebensraum-Lemma
2932,tanganjika-see,Lebensraum-Lemma
2933,bußpsalm,Lebensraum-Lemma
2934,blumengeländ,Lebensraum-Lemma
2935,heurathgut,Lebensraum-Lemma
2936,gau,Lebensraum-Lemma
2937,wiesenmahd,Lebensraum-Lemma
2938,ölfeld,Lebensraum-Lemma
2939,schlachtfelde,Lebensraum-Lemma
2940,norde,Lebensraum-Lemma
2941,völser,Lebensraum-Lemma
2942,lämmergaß,Lebensraum-Lemma
2943,traugenoß,Lebensraum-Lemma
2944,struensee,Lebensraum-Lemma
2945,hallt,Lebensraum-Lemma
2946,rosengärtchen,Lebensraum-Lemma
2947,atlas,Lebensraum-Lemma
2948,festwiese,Lebensraum-Lemma
2949,herab,Lebensraum-Lemma
2950,tierl,Lebensraum-Lemma
2951,alpenland,Lebensraum-Lemma
2952,hasenheide,Lebensraum-Lemma
2953,fischernest,Lebensraum-Lemma
2954,gartenpförtche,Lebensraum-Lemma
2955,revier,Lebensraum-Lemma
2956,alpenwasser,Lebensraum-Lemma
2957,hinterthor,Lebensraum-Lemma
2958,salzkammergut,Lebensraum-Lemma
2959,lethe,Lebensraum-Lemma
2960,molo,Lebensraum-Lemma
2961,rinnsal,Lebensraum-Lemma
2962,parklandschaft,Lebensraum-Lemma
2963,mühn,Lebensraum-Lemma
2964,götterhain,Lebensraum-Lemma
2965,bay,Lebensraum-Lemma
2966,lago,Lebensraum-Lemma
2967,moskwa,Lebensraum-Lemma
2968,blumenpfad,Lebensraum-Lemma
2969,gartengeschirr,Lebensraum-Lemma
2970,rheinstroms,Lebensraum-Lemma
2971,kirchhof,Lebensraum-Lemma
2972,weiße,Lebensraum-Lemma
2973,marmorbassin,Lebensraum-Lemma
2974,laharpe,Lebensraum-Lemma
2975,berghöh,Lebensraum-Lemma
2976,blanc,Lebensraum-Lemma
2977,wahn,Lebensraum-Lemma
2978,schattengründen,Lebensraum-Lemma
2979,erdrinde,Lebensraum-Lemma
2980,alpenwand,Lebensraum-Lemma
2981,fontan,Lebensraum-Lemma
2982,sonnenberg,Lebensraum-Lemma
2983,waldner,Lebensraum-Lemma
2984,höllenabgrund,Lebensraum-Lemma
2985,oarme,Lebensraum-Lemma
2986,niblung,Lebensraum-Lemma
2987,zillerthal,Lebensraum-Lemma
2988,wonnegart,Lebensraum-Lemma
2989,levee,Lebensraum-Lemma
2990,marwood,Lebensraum-Lemma
2991,waldschnee,Lebensraum-Lemma
2992,teutoburger,Lebensraum-Lemma
2993,rheingegend,Lebensraum-Lemma
2994,sandwüste,Lebensraum-Lemma
2995,gebietherin,Lebensraum-Lemma
2996,feldt,Lebensraum-Lemma
2997,dünenwall,Lebensraum-Lemma
2998,marduff,Lebensraum-Lemma
2999,quell,Lebensraum-Lemma
3000,kiölgebirg,Lebensraum-Lemma
3001,erdenkloße,Lebensraum-Lemma
3002,hundstall,Lebensraum-Lemma
3003,waldhörndl,Lebensraum-Lemma
3004,lerchenfelderausbruch,Lebensraum-Lemma
3005,silberlilie,Lebensraum-Lemma
3006,zither,Lebensraum-Lemma
3007,jagdtroß,Lebensraum-Lemma
3008,maranhon,Lebensraum-Lemma
3009,chechen,Lebensraum-Lemma
3010,auken,Lebensraum-Lemma
3011,schreckensöde,Lebensraum-Lemma
3012,gebiet'ger,Lebensraum-Lemma
3013,ens,Lebensraum-Lemma
3014,bergan,Lebensraum-Lemma
3015,steinbruch,Lebensraum-Lemma
3016,schweinstall,Lebensraum-Lemma
3017,gehölz,Lebensraum-Lemma
3018,aemtersatte,Lebensraum-Lemma
3019,todtengarten,Lebensraum-Lemma
3020,sonnental,Lebensraum-Lemma
3021,noht,Lebensraum-Lemma
3022,loire,Lebensraum-Lemma
3023,lärchtann,Lebensraum-Lemma
3024,schwabengebirge,Lebensraum-Lemma
3025,blume,Lebensraum-Lemma
3026,blumenhöhe,Lebensraum-Lemma
3027,lavafelde,Lebensraum-Lemma
3028,riesenberge,Lebensraum-Lemma
3029,ankergrunde,Lebensraum-Lemma
3030,vberfluß,Lebensraum-Lemma
3031,jonschen,Lebensraum-Lemma
3032,buchengang,Lebensraum-Lemma
3033,humber,Lebensraum-Lemma
3034,meerflut,Lebensraum-Lemma
3035,libe,Lebensraum-Lemma
3036,blumengas,Lebensraum-Lemma
3037,pulverweiden,Lebensraum-Lemma
3038,lebensufer,Lebensraum-Lemma
3039,roßberg,Lebensraum-Lemma
3040,kuppe,Lebensraum-Lemma
3041,golfstrom,Lebensraum-Lemma
3042,klostergarten,Lebensraum-Lemma
3043,froschpfütze,Lebensraum-Lemma
3044,lauff,Lebensraum-Lemma
3045,grube,Lebensraum-Lemma
3046,waldkämme,Lebensraum-Lemma
3047,sündfluth,Lebensraum-Lemma
3048,innes,Lebensraum-Lemma
3049,alpentrift,Lebensraum-Lemma
3050,hifthorns,Lebensraum-Lemma
3051,vogelsberg,Lebensraum-Lemma
3052,popanz,Lebensraum-Lemma
3053,morawiese,Lebensraum-Lemma
3054,buchwaldgrund,Lebensraum-Lemma
3055,silberbach,Lebensraum-Lemma
3056,trauerweiden,Lebensraum-Lemma
3057,eumenidenhöhle,Lebensraum-Lemma
3058,klüst,Lebensraum-Lemma
3059,mississippi,Lebensraum-Lemma
3060,waldhaus,Lebensraum-Lemma
3061,norderthurm,Lebensraum-Lemma
3062,waldgras,Lebensraum-Lemma
3063,blüthenmeer,Lebensraum-Lemma
3064,wirthsgart,Lebensraum-Lemma
3065,havel,Lebensraum-Lemma
3066,gräschen,Lebensraum-Lemma
3067,sturmwald,Lebensraum-Lemma
3068,sumpfwasser,Lebensraum-Lemma
3069,nordgebirg,Lebensraum-Lemma
3070,rapell,Lebensraum-Lemma
3071,noah,Lebensraum-Lemma
3072,gräßlein,Lebensraum-Lemma
3073,waldpfad,Lebensraum-Lemma
3074,oali,Lebensraum-Lemma
3075,mont,Lebensraum-Lemma
3076,wundergart,Lebensraum-Lemma
3077,felsenriff,Lebensraum-Lemma
3078,volksmeer,Lebensraum-Lemma
3079,futteral,Lebensraum-Lemma
3080,jagdgründ,Lebensraum-Lemma
3081,kanal,Lebensraum-Lemma
3082,ouell,Lebensraum-Lemma
3083,plätzchen,Lebensraum-Lemma
3084,rebenland,Lebensraum-Lemma
3085,taler,Lebensraum-Lemma
3086,aurikelbeet,Lebensraum-Lemma
3087,innstrom,Lebensraum-Lemma
3088,oede,Lebensraum-Lemma
3089,wüstes,Lebensraum-Lemma
3090,federmeer,Lebensraum-Lemma
3091,strauß-see,Lebensraum-Lemma
3092,haine,Lebensraum-Lemma
3093,sent,Lebensraum-Lemma
3094,feldes,Lebensraum-Lemma
3095,kreiß,Lebensraum-Lemma
3096,meeres,Lebensraum-Lemma
3097,quellchen,Lebensraum-Lemma
3098,see-wasser,Lebensraum-Lemma
3099,brandungsschaum,Lebensraum-Lemma
3100,schnitzler-anatol.xml,Text
3101,hofmannsthal-die-frau-im-fenster.xml,Text
3102,nestroy-der-boese-geist-lumpazivagabundus.xml,Text
3103,hofmannsthal-ariadne-auf-naxos.xml,Text
3104,scheerbart-der-wetterfuerst.xml,Text
3105,baeuerle-die-buerger-in-wien.xml,Text
3106,sudermann-heimat.xml,Text
3107,kleist-der-zerbrochene-krug.xml,Text
3108,fock-cili-cohrs.xml,Text
3109,hebbel-gyges-und-sein-ring.xml,Text
3110,scheerbart-das-dumme-luder.xml,Text
3111,weissenthurn-die-schwestern-st-janvier.xml,Text
3112,wedekind-musik.xml,Text
3113,pelzel-apolls-gericht-oder-das-bestrafte-vorurtheil-vindebonens.xml,Text
3114,raimund-der-barometermacher-auf-der-zauberinsel.xml,Text
3115,spiess-klara-von-hoheneichen.xml,Text
3116,bunge-der-trompeter-von-saekkingen.xml,Text
3117,ayrer-fassnachtspil-wie-einem-weib-jhr-eygener-mann.xml,Text
3118,gryphius-catharina-von-georgien.xml,Text
3119,achat-ein-april-scherz.xml,Text
3120,nestroy-einen-jux-will-er-sich-machen.xml,Text
3121,lenz-die-freunde-machen-den-philosophen.xml,Text
3122,schiller-kabale-und-liebe.xml,Text
3123,wildgans-armut.xml,Text
3124,schnitzler-das-weite-land.xml,Text
3125,ernst-die-groesste-suende.xml,Text
3126,ludwig-die-makkabaeer.xml,Text
3127,muehsam-staatsraeson.xml,Text
3128,niebergall-datterich.xml,Text
3129,muellner-die-schuld.xml,Text
3130,wedekind-der-kammersaenger.xml,Text
3131,laube-gottsched-und-gellert.xml,Text
3132,raimund-der-diamant-des-geisterkoenigs.xml,Text
3133,martini-rhynsolt-und-sapphira.xml,Text
3134,babo-arno.xml,Text
3135,lessing-miss-sara-sampson.xml,Text
3136,hofmannsthal-der-rosenkavalier.xml,Text
3137,ertler-anna-iwanowna.xml,Text
3138,ebner-eschenbach-am-ende.xml,Text
3139,schink-hanswurst-von-salzburg-mit-dem-hoelzernen-gat.xml,Text
3140,holz-jerschke-traumulus.xml,Text
3141,wedekind-die-buechse-der-pandora.xml,Text
3142,chlumberg-die-fuehrer.xml,Text
3143,leisewitz-die-pfandung.xml,Text
3144,nestroy-der-talisman.xml,Text
3145,klopstock-der-tod-abels.xml,Text
3146,brandes-ariadne-auf-naxos.xml,Text
3147,weissenthurn-das-manuscript.xml,Text
3148,dauthendey-die-spielereien-einer-kaiserin.xml,Text
3149,klinger-prinz-seiden-wurm-der-reformator.xml,Text
3150,iffland-das-erbtheil-des-vaters.xml,Text
3151,hauptmann-carl-die-armseligen-besenbinder.xml,Text
3152,holz-sonnenfinsternis.xml,Text
3153,krueger-die-geistlichen-auf-dem-lande.xml,Text
3154,raupach-der-degen.xml,Text
3155,hasenclever-der-sohn.xml,Text
3156,moser-krieg-oder-frieden.xml,Text
3157,stavenhagen-mudder-mews.xml,Text
3158,klinger-simsone-grisaldo.xml,Text
3159,goethe-die-mitschuldigen.xml,Text
3160,lessing-der-freigeist.xml,Text
3161,schoenthan-der-raub-der-sabinerinnen.xml,Text
3162,hauptmann-gabriel-schillings-flucht.xml,Text
3163,gutzkow-uriel-acosta.xml,Text
3164,heyse-don-juans-ende.xml,Text
3165,grillparzer-des-meeres-und-der-liebe-wellen.xml,Text
3166,holz-schlaf-die-familie-selicke.xml,Text
3167,chezy-euryanthe.xml,Text
3168,hebbel-judith.xml,Text
3169,goethe-iphigenie-auf-tauris.xml,Text
3170,wieland-alceste.xml,Text
3171,krueger-die-candidaten.xml,Text
3172,kotzebue-die-alten-liebschaften.xml,Text
3173,buechner-dantons-tod.xml,Text
3174,koch-die-maennerfeindin.xml,Text
3175,kleist-die-hermannsschlacht.xml,Text
3176,hauptmann-carl-im-goldenen-tempel-buche-verzeichnet.xml,Text
3177,sudermann-die-ehre.xml,Text
3178,herzenskron-hoang-puff.xml,Text
3179,weissenthurn-johann-herzog-von-finnland.xml,Text
3180,kotzebue-die-deutschen-kleinstaedter.xml,Text
3181,nestroy-das-haus-der-temperamente.xml,Text
3182,ruederer-die-fahnenweihe.xml,Text
3183,kupelwieser-fierrabras.xml,Text
3184,panizza-das-liebeskonzil.xml,Text
3185,benedix-johanna-sebus.xml,Text
3186,ebner-eschenbach-bettelbriefe.xml,Text
3187,heym-atalanta-oder-die-angst.xml,Text
3188,gronemann-hamans-flucht.xml,Text
3189,lessing-die-juden.xml,Text
3190,larronge-mein-leopold.xml,Text
3191,schouwaert-die-ueberschwemmung.xml,Text
3192,gemmingen-hornberg-der-deutsche-hausvater.xml,Text
3193,freytag-graf-waldemar.xml,Text
3194,anzengruber-der-gwissenswurm.xml,Text
3195,stramm-sancta-susanna.xml,Text
3196,benedix-die-hochzeitsreise.xml,Text
3197,nestroy-das-maedl-aus-der-vorstadt.xml,Text
3198,wedekind-erdgeist.xml,Text
3199,wedekind-koenig-nicolo.xml,Text
3200,goentgen-anna-bell.xml,Text
3201,heiseler-die-kinder-godunofs.xml,Text
3202,lessing-philotas.xml,Text
3203,gellert-die-zaertlichen-schwestern.xml,Text
3204,lessing-der-misogyn.xml,Text
3205,hofmannsthal-der-turm.xml,Text
3206,klabund-der-kreidekreis.xml,Text
3207,benedix-eigensinn.xml,Text
3208,uhland-ludwig-der-bayer.xml,Text
3209,neuber-die-beschuetzte-schauspielkunst.xml,Text
3210,hagemann-ludwig-der-springer.xml,Text
3211,wildgans-in-ewigkeit-amen.xml,Text
3212,scheerbart-der-regierungswechsel.xml,Text
3213,hebbel-der-diamant.xml,Text
3214,nestroy-der-unbedeutende.xml,Text
3215,kleist-das-kaethchen-von-heilbronn.xml,Text
3216,grabbe-napoleon.xml,Text
3217,dohm-vom-stamm-der-asra.xml,Text
3218,weidmann-johann-faust.xml,Text
3219,immermann-eudoxia.xml,Text
3220,avenarius-faust.xml,Text
3221,goethe-faust-in-urspruenglicher-gestalt.xml,Text
3222,stramm-die-haidebraut.xml,Text
3223,scheerbart-die-wurzeln-der-wohlhabenheit.xml,Text
3224,kotzebue-der-verschwiegene-wider-willen.xml,Text
3225,busoni-turandot.xml,Text
3226,eichendorff-die-freier.xml,Text
3227,hauptmann-carl-gaukler-tod-und-juwelier.xml,Text
3228,klopstock-hermanns-schlacht.xml,Text
3229,kotzebue-die-beiden-klingsberg.xml,Text
3230,wohlbrueck-der-vampyr.xml,Text
3231,weisse-atreus-und-thyest.xml,Text
3232,lautensack-die-pfarrhauskomoedie.xml,Text
3233,tieck-die-verkehrte-welt.xml,Text
3234,kaiser-die-schule-des-armen.xml,Text
3235,schiller-wilhelm-tell.xml,Text
3236,heiseler-peter-und-alexej.xml,Text
3237,benkowitz-die-jubelfeier-der-hoelle.xml,Text
3238,birch-pfeiffer-pfeffer-roesel.xml,Text
3239,dehmel-michel-michael.xml,Text
3240,hauptmann-die-ratten.xml,Text
3241,wagner-goetterdaemmerung.xml,Text
3242,kaltneker-das-bergwerk.xml,Text
3243,horvath-kasimir-und-karoline.xml,Text
3244,klingemann-faust.xml,Text
3245,ganghofer-der-herrgottschnitzer-von-ammergau.xml,Text
3246,roeber-koenig-manfred.xml,Text
3247,hebbel-trauerspiel-in-sizilien.xml,Text
3248,thoma-magdalena.xml,Text
3249,grohmann-wohlthat-fuer-wohlthat.xml,Text
3250,schober-alfonso-und-estrella.xml,Text
3251,gryphius-leo-armenius-oder-fuersten-mord.xml,Text
3252,kotzebue-das-unsichtbare-maedchen.xml,Text
3253,wieland-klementina-von-porretta.xml,Text
3254,pfeffel-serena.xml,Text
3255,kleist-die-familie-schroffenstein.xml,Text
3256,schiller-wallensteins-tod.xml,Text
3257,tieck-der-gestiefelte-kater.xml,Text
3258,hartleben-die-sittliche-forderung.xml,Text
3259,hofmannsthal-jedermann.xml,Text
3260,scheerbart-der-schornsteinfeger.xml,Text
3261,hauptmann-florian-geyer.xml,Text
3262,wieland-lady-johanna-gray.xml,Text
3263,wagner-die-walkuere.xml,Text
3264,raimund-die-unheilbringende-zauberkrone.xml,Text
3265,schlegel-die-entfuehrte-dose.xml,Text
3266,lessing-damon.xml,Text
3267,werner-der-vierundzwanzigste-februar.xml,Text
3268,scheerbart-ruebezahl.xml,Text
3269,gottschedin-die-pietisterey-im-fischbein-rocke.xml,Text
3270,ertler-belian-und-marpalye.xml,Text
3271,grohmann-gioconda-oder-weiberrache-kennt-keine-grenzen.xml,Text
3272,lessing-nathan-der-weise.xml,Text
3273,lautensack-hahnenkampf.xml,Text
3274,gryphius-cardenio-und-celinde.xml,Text
3275,frank-sturm-im-wasserglas.xml,Text
3276,weise-masaniello.xml,Text
3277,schiller-don-carlos-infant-von-spanien.xml,Text
3278,lautensack-medusa.xml,Text
3279,hafner-maegera-die-foerchterliche-hexe.xml,Text
3280,scheerbart-lachende-gespenster.xml,Text
3281,anonym-die-gespenster.xml,Text
3282,schlegel-die-stumme-schoenheit.xml,Text
3283,eckardt-die-vergiftete-traube.xml,Text
3284,wagner-der-fliegende-hollaender.xml,Text
3285,iffland-liebe-und-wille.xml,Text
3286,grillparzer-sappho.xml,Text
3287,ayrenhoff-virginia.xml,Text
3288,ludwig-der-erbfoerster.xml,Text
3289,rache-belsazar.xml,Text
3290,essig-ueberteufel.xml,Text
3291,weissenthurn-welche-ist-die-braut.xml,Text
3292,thoma-erster-klasse.xml,Text
3293,widmann-maikaefer-komoedie.xml,Text
3294,scheerbart-die-lustigen-raeuber.xml,Text
3295,grillparzer-ein-bruderzwist-in-habsburg.xml,Text
3296,anonym-die-weiber-list.xml,Text
3297,reuter-l-honnete-femme-oder-die-ehrliche-frau-zu-plissine.xml,Text
3298,stephanie-der-schauspieldirektor.xml,Text
3299,anonym-das-urtheil-des-paris.xml,Text
3300,grabbe-die-hermannsschlacht.xml,Text
3301,nestroy-freiheit-in-kraehwinkel.xml,Text
3302,scheerbart-das-mirakel.xml,Text
3303,hofmannsthal-der-schwierige.xml,Text
3304,cronegk-codrus.xml,Text
3305,hofmannsthal-die-frau-ohne-schatten.xml,Text
3306,gehe-jessonda.xml,Text
3307,wedekind-hidalla.xml,Text
3308,leisewitz-julius-von-tarent.xml,Text
3309,ebner-eschenbach-ihre-schwester.xml,Text
3310,neuber-die-verehrung-der-vollkommenheit.xml,Text
3311,birch-pfeiffer-die-walpurgisnacht.xml,Text
3312,wagner-die-reue-nach-der-that.xml,Text
3313,blumenthal-im-weissen-roessl.xml,Text
3314,gottsched-der-sterbende-cato.xml,Text
3315,cronegk-der-misstrauische.xml,Text
3316,lasker-schueler-die-wupper.xml,Text
3317,schiller-die-raeuber.xml,Text
3318,zschokke-abellino.xml,Text
3319,grabbe-kaiser-heinrich-der-sechste.xml,Text
3320,gryphius-verlibtes-gespenste-die-gelibte-dornrose.xml,Text
3321,wagner-die-kindermoerderin.xml,Text
3322,hebbel-kriemhilds-rache.xml,Text
3323,kurz-prinzessin-pumphia.xml,Text
3324,eichendorff-das-incognito.xml,Text
3325,gerstenberg-ugolino.xml,Text
3326,schiller-die-verschwoerung-des-fiesco-zu-genua.xml,Text
3327,anzengruber-der-meineidbauer.xml,Text
3328,stramm-erwachen.xml,Text
3329,thoma-moral.xml,Text
3330,birch-pfeiffer-vatersorgen.xml,Text
3331,frech-von-ehrimfeld-die-gefahr.xml,Text
3332,reinhardt-die-braut-des-echos.xml,Text
3333,ebner-eschenbach-die-veilchen.xml,Text
3334,alberti-brot.xml,Text
3335,schlegel-alarcos.xml,Text
3336,schikaneder-die-zauberfloete.xml,Text
3337,kaiser-stadt-und-land.xml,Text
3338,collin-coriolan.xml,Text
3339,schiller-die-piccolomini.xml,Text
3340,kotzebue-wer-weiss-wozu-das-gut-ist.xml,Text
3341,anzengruber-die-kreuzelschreiber.xml,Text
3342,platen-die-verhaengnisvolle-gabel.xml,Text
3343,lessing-der-junge-gelehrte.xml,Text
3344,goethe-der-buergergeneral.xml,Text
3345,raimund-der-verschwender.xml,Text
3346,neuber-das-schaeferfest.xml,Text
3347,waldvogl-die-falschen-banknoten.xml,Text
3348,kafka-der-gruftwaechter.xml,Text
3349,schnitzler-die-letzten-masken.xml,Text
3350,devrient-die-gunst-des-augenblicks.xml,Text
3351,weidmann-der-selbstmord-oder-der-unglueckliche-lottospieler.xml,Text
3352,gotter-der-dorfjahrmarkt.xml,Text
3353,fouque-sigurds-rache.xml,Text
3354,chezy-der-neue-narziss.xml,Text
3355,schlegel-dueval-und-charmille.xml,Text
3356,goethe-der-triumph-der-empfindsamkeit.xml,Text
3357,goethe-der-grosskophta.xml,Text
3358,lenz-pandaemonium-germanicum.xml,Text
3359,hofmannsthal-das-bergwerk-zu-falun.xml,Text
3360,grabbe-don-juan-und-faust.xml,Text
3361,schnitzler-der-gruene-kakadu.xml,Text
3362,eckartshausen-der-pudelhund.xml,Text
3363,maler-mueller-golo-und-genovefa.xml,Text
3364,schnitzler-liebelei.xml,Text
3365,goethe-torquato-tasso.xml,Text
3366,kotzebue-der-schutzgeist.xml,Text
3367,kotzebue-der-freimaurer.xml,Text
3368,rosenow-die-im-schatten-leben.xml,Text
3369,gryphius-absurda-comica-oder-herr-peter-squentz.xml,Text
3370,herzl-der-fluechtling.xml,Text
3371,benedix-doctor-wespe.xml,Text
3372,lassalle-franz-von-sickingen.xml,Text
3373,grabbe-hannibal.xml,Text
3374,wagner-siegfried.xml,Text
3375,gessner-evander-und-alcimna.xml,Text
3376,hebbel-maria-magdalene.xml,Text
3377,schnitzler-komtesse-mizzi.xml,Text
3378,dery-die-selige-insel.xml,Text
3379,musil-die-schwaermer.xml,Text
3380,gutzkow-das-urbild-des-tartueffe.xml,Text
3381,bauernfeld-industrie-und-herz.xml,Text
3382,sander-die-hoftrauer-oder-das-testament.xml,Text
3383,reinick-genoveva.xml,Text
3384,bahr-das-phantom.xml,Text
3385,scheerbart-der-herr-vom-jenseits.xml,Text
3386,hartleben-rosenmontag.xml,Text
3387,anonym-das-lustlager.xml,Text
3388,sudermann-stein-unter-steinen.xml,Text
3389,goethe-proserpina.xml,Text
3390,hebbel-agnes-bernauer.xml,Text
3391,thoma-die-lokalbahn.xml,Text
3392,goethe-faust-der-tragoedie-zweiter-teil.xml,Text
3393,meisl-orpheus-und-euridice.xml,Text
3394,nestroy-judith-und-holofernes.xml,Text
3395,guenderode-udohla.xml,Text
3396,kotzebue-die-indianer-in-england.xml,Text
3397,hofmannsthal-der-abenteurer-und-die-saengerin.xml,Text
3398,grillparzer-medea.xml,Text
3399,rubiner-die-gewaltlosen.xml,Text
3400,halm-der-sohn-der-wildnis.xml,Text
3401,sorge-der-bettler.xml,Text
3402,dohm-der-seelenretter.xml,Text
3403,goethe-die-wette.xml,Text
3404,gutzkow-zopf-und-schwert.xml,Text
3405,birch-pfeiffer-johannes-gutenberg.xml,Text
3406,houwald-die-freistatt.xml,Text
3407,laube-struensee.xml,Text
3408,scheerbart-der-fanatische-buergermeister.xml,Text
3409,beyer-der-hausherr-in-der-klemme.xml,Text
3410,gasser-ramirus.xml,Text
3411,prutz-die-politische-wochenstube.xml,Text
3412,hensler-der-schornsteinfeger.xml,Text
3413,brandes-ino.xml,Text
3414,berg-kalisch-berlin-wie-es-weint-und-lacht.xml,Text
3415,laufs-jacoby-pension-schoeller.xml,Text
3416,kotzebue-der-wirrwarr.xml,Text
3417,lessing-die-alte-jungfer.xml,Text
3418,schnitzler-der-puppenspieler.xml,Text
3419,hofmannsthal-alkestis.xml,Text
3420,goethe-erwin-und-elmire.xml,Text
3421,beer-der-paria.xml,Text
3422,kannengiesser-die-vierbeinigten-philosophen.xml,Text
3423,gottsched-atalanta.xml,Text
3424,richter-eumenides-duester.xml,Text
3425,holz-sozialaristokraten.xml,Text
3426,thoma-die-medaille.xml,Text
3427,klopstock-der-tod-adams.xml,Text
3428,schnitzler-literatur.xml,Text
3429,ayrer-comedia-von-zweyen-bruedern-auss-syracusa.xml,Text
3430,stephanie-doktor-und-apotheker.xml,Text
3431,nestroy-der-zerrissene.xml,Text
3432,bleibtreu-weltgericht.xml,Text
3433,lessing-der-schatz.xml,Text
3434,mosenthal-die-koenigin-von-saba.xml,Text
3435,stephanie-die-entfuehrung-aus-dem-serail.xml,Text
3436,hauptmann-carl-frau-nadja-bielew.xml,Text
3437,haffner-die-fledermaus.xml,Text
3438,kotzebue-graf-benjowsky.xml,Text
3439,wildgans-dies-irae.xml,Text
3440,benedix-die-luegnerin.xml,Text
3441,klinger-die-zwillinge.xml,Text
3442,hebbel-demetrius.xml,Text
3443,borchert-draussen-vor-der-tuer.xml,Text
3444,raimund-moisasurs-zauberfluch.xml,Text
3445,schnitzler-der-einsame-weg.xml,Text
3446,kaiser-die-koralle.xml,Text
3447,arnim-das-loch.xml,Text
3448,hebbel-der-gehoernte-siegfried.xml,Text
3449,schnitzler-professor-bernhardi.xml,Text
3450,zedlitz-liebe-findet-ihre-wege.xml,Text
3451,goethe-die-laune-des-verliebten.xml,Text
3452,birch-pfeiffer-die-grille.xml,Text
3453,rosenow-kater-lampe.xml,Text
3454,weisse-die-jagd.xml,Text
3455,delpons-der-ahnherr.xml,Text
3456,meisl-der-lustige-fritz.xml,Text
3457,mosenthal-die-lustigen-weiber-von-windsor.xml,Text
3458,ball-die-nase-des-michelangelo.xml,Text
3459,zedlitz-herr-und-sklave.xml,Text
3460,engel-der-edelknabe.xml,Text
3461,platen-der-romantische-oedipus.xml,Text
3462,kobell-der-roaga.xml,Text
3463,scheerbart-das-gift.xml,Text
3464,koller-der-zauberstein.xml,Text
3465,guenderode-magie-und-schicksal.xml,Text
3466,ebner-eschenbach-doctor-ritter.xml,Text
3467,reuter-der-ehrlichen-frau-schlampampe-krankheit-und-tod.xml,Text
3468,schaefer-faustine-der-weibliche-faust.xml,Text
3469,bauernfeld-grossjaehrig.xml,Text
3470,lenz-die-soldaten.xml,Text
3471,guenderode-nikator.xml,Text
3472,hofmannsthal-der-unbestechliche.xml,Text
3473,sonnleithner-dir-wie-mir.xml,Text
3474,hofmannsthal-arabella.xml,Text
3475,holtei-die-kalkbrenner.xml,Text
3476,hebbel-siegfrieds-tod.xml,Text
3477,wolfram-faust.xml,Text
3478,wedekind-die-zensur.xml,Text
3479,gerhaeuser-der-moloch.xml,Text
3480,sudermann-der-bettler-von-syrakus.xml,Text
3481,laddey-maentelchen-nach-dem-winde.xml,Text
3482,grillparzer-die-argonauten.xml,Text
3483,heyne-der-stammbaum.xml,Text
3484,hippel-der-mann-nach-der-uhr.xml,Text
3485,kleist-amphitryon.xml,Text
3486,iffland-der-spieler.xml,Text
3487,engelke-wala.xml,Text
3488,heine-william-ratcliff.xml,Text
3489,goethe-des-epimenides-erwachen.xml,Text
3490,arnim-halle.xml,Text
3491,nestroy-eulenspiegel.xml,Text
3492,klemm-der-auf-den-parnass-versetzte-gruene-hut.xml,Text
3493,uhland-ernst-herzog-von-schwaben.xml,Text
3494,goethe-egmont.xml,Text
3495,grillparzer-libussa.xml,Text
3496,weidmann-der-dorfbarbier.xml,Text
3497,auenbrugger-der-rauchfangkehrer.xml,Text
3498,hofmannsthal-oedipus-und-die-sphinx.xml,Text
3499,sessa-unser-verkehr.xml,Text
3500,scheerbart-herr-kammerdiener-kneetschke.xml,Text
3501,gleim-philotas.xml,Text
3502,kotzebue-das-koestlichste.xml,Text
3503,sievers-die-schatzgraeber.xml,Text
3504,hofmannsthal-elektra.xml,Text
3505,schrader-der-hohlweg.xml,Text
3506,pfeil-lucie-woodvil.xml,Text
3507,boesenberg-die-amerikanische-waise.xml,Text
3508,kotzebue-der-hyperboreische-esel.xml,Text
3509,wildenbruch-die-haubenlerche.xml,Text
3510,bueschel-die-neue-messaline.xml,Text
3511,arnim-jerusalem.xml,Text
3512,anonym-die-grands-von-frankreich-in-ihrer-wahren-gestalt.xml,Text
3513,bossdorf-bahnmeister-dood.xml,Text
3514,wildenbruch-die-karolinger.xml,Text
3515,hafner-der-furchtsame.xml,Text
3516,gotter-medea.xml,Text
3517,voss-faust.xml,Text
3518,babo-das-winterquartier-in-amerika.xml,Text
3519,bleibtreu-ein-faust-der-that.xml,Text
3520,raupach-kritik-und-antikritik.xml,Text
3521,thoma-lottchens-geburtstag.xml,Text
3522,freisleben-der-weihnachtstag.xml,Text
3523,sternheim-der-snob.xml,Text
3524,soden-doktor-faust.xml,Text
3525,treitschke-das-bauerngut.xml,Text
3526,hauptmann-carl-ephraims-breite.xml,Text
3527,bodmer-polytimet.xml,Text
3528,goethe-goetz-von-berlichingen-mit-der-eisernen-hand.xml,Text
3529,raupach-der-versiegelte-burgemeister.xml,Text
3530,seemann-dulk-die-waende.xml,Text
3531,sorge-der-sieg-des-christos.xml,Text
3532,bauernfeld-buergerlich-und-romantisch.xml,Text
3533,wedekind-tod-und-teufel.xml,Text
3534,rilke-ohne-gegenwart.xml,Text
3535,kraus-traumstueck.xml,Text
3536,anzengruber-der-pfarrer-von-kirchfeld.xml,Text
3537,collin-balboa.xml,Text
3538,hofmannsthal-der-tor-und-der-tod.xml,Text
3539,kleist-prinz-friedrich-von-homburg.xml,Text
3540,schlegel-der-triumph-der-guten-frauen.xml,Text
3541,grillparzer-weh-dem-der-luegt.xml,Text
3542,dehmel-die-menschenfreunde.xml,Text
3543,gryphius-carolus-stuardus.xml,Text
3544,schnitzler-komoedie-der-verfuehrung.xml,Text
3545,panizza-nero.xml,Text
3546,schiller-die-jungfrau-von-orleans.xml,Text
3547,koerner-die-blumen.xml,Text
3548,kotzebue-die-spanier-in-peru.xml,Text
3549,moser-das-stiftungsfest.xml,Text
3550,herzl-das-neue-ghetto.xml,Text
3551,stramm-rudimentaer.xml,Text
3552,horvath-geschichten-aus-dem-wiener-wald.xml,Text
3553,wagner-voltaire-am-abend-seiner-apotheose.xml,Text
3554,dovsky-mona-lisa.xml,Text
3555,sachs-ein-comedi-von-dem-reichen-sterbenden-menschen-der-hecastus-genannt.xml,Text
3556,immermann-das-gericht-von-st-petersburg.xml,Text
3557,schlegel-der-geschaeftige-muessiggaenger.xml,Text
3558,klinger-die-neue-arria.xml,Text
3559,laube-die-karlsschueler.xml,Text
3560,schoenherr-der-weibsteufel.xml,Text
3561,cornelius-der-barbier-von-bagdad.xml,Text
3562,heine-almansor.xml,Text
3563,goethe-faust-eine-tragoedie.xml,Text
3564,kotzebue-pagenstreiche.xml,Text
3565,schnitzler-zum-grossen-wurstel.xml,Text
3566,scheerbart-die-welt-geht-unter.xml,Text
3567,scheerbart-der-vornehme-raeuberhauptmann.xml,Text
3568,freytag-der-gelehrte.xml,Text
3569,bredow-goerne-der-lauf-der-welt.xml,Text
3570,schnitzler-anatols-groessenwahn.xml,Text
3571,immermann-die-bojaren.xml,Text
3572,schnitzler-die-frau-mit-dem-dolche.xml,Text
3573,wedekind-fruehlings-erwachen.xml,Text
3574,goethe-pandora.xml,Text
3575,buechner-woyzeck.xml,Text
3576,hofmannsthal-der-tod-des-tizian.xml,Text
3577,goethe-das-jahrmarktsfest-zu-plundersweilern.xml,Text
3578,wilbrandt-gracchus-der-volkstribun.xml,Text
3579,brachvogel-narziss.xml,Text
3580,heyne-die-beiden-billets.xml,Text
3581,stramm-geschehen.xml,Text
3582,kotzebue-der-weibliche-jacobiner-clubb.xml,Text
3583,mylius-die-schaeferinsel.xml,Text
3584,bretzner-belmont-und-constanze.xml,Text
3585,alberti-im-suff.xml,Text
3586,moeser-die-tugend-auf-der-schaubuehne.xml,Text
3587,schildbach-glueck-durch-unglueck.xml,Text
3588,baggesen-der-vollendete-faust.xml,Text
3589,lortzing-der-wildschuetz.xml,Text
3590,schiller-maria-stuart.xml,Text
3591,wagner-das-rheingold.xml,Text
3592,ebner-eschenbach-das-waldfraeulein.xml,Text
3593,wagner-tannhaeuser.xml,Text
3594,huber-die-torte.xml,Text
3595,hillern-guten-abend.xml,Text
3596,schnitzler-der-tapfere-cassian.xml,Text
3597,tieck-prinz-zerbino.xml,Text
3598,toerring-agnes-bernauerin.xml,Text
3599,hauptmann-vor-sonnenaufgang.xml,Text
3600,holtei-ein-trauerspiel-in-berlin.xml,Text
3601,schlegel-jon.xml,Text
3602,wagner-lohengrin.xml,Text
3603,stramm-kraefte.xml,Text
3604,lortzing-zar-und-zimmermann.xml,Text
3605,schink-der-neue-doktor-faust.xml,Text
3606,iffland-figaro-in-deutschland.xml,Text
3607,anonym-die-verhandelte-braut.xml,Text
3608,wagner-parsifal.xml,Text
3609,riese-martha.xml,Text
3610,scheerbart-die-puppe-und-die-dauerwurst.xml,Text
3611,barlach-der-blaue-boll.xml,Text
3612,iffland-verbrechen-aus-ehrsucht.xml,Text
3613,angely-prinz-tu-ta-tu.xml,Text
3614,sachs-das-kaelberbrueten.xml,Text
3615,wedekind-fritz-schwigerling.xml,Text
3616,hauptmann-carl-musik.xml,Text
3617,ayrer-comedia-von-der-schoenen-sidea.xml,Text
3618,wagner-die-meistersinger-von-nuernberg.xml,Text
3619,grillparzer-der-gastfreund.xml,Text
3620,borkenstein-der-bookesbeutel.xml,Text
3621,schlegel-canut.xml,Text
3622,schuetz-die-katze-laesst-das-mausen-nicht.xml,Text
3623,devrient-hans-heiling.xml,Text
3624,muehsam-judas.xml,Text
3625,bossdorf-de-rode-uennerrock.xml,Text
3626,wedekind-der-marquis-von-keith.xml,Text
3627,wildenbruch-die-quitzows.xml,Text
3628,holz-ignorabimus.xml,Text
3629,braun-mutter-maria.xml,Text
3630,gengenbach-der-nollhart.xml,Text
3631,laube-monaldeschi.xml,Text
3632,malss-die-jungfern-koechinnen.xml,Text
3633,pfeffel-vorspiel-ueber-die-buergerliche-tragoedie.xml,Text
3634,essig-der-frauenmut.xml,Text
3635,andre-der-comoedienfeind.xml,Text
3636,raimund-das-maedchen-aus-der-feenwelt.xml,Text
3637,grabbe-herzog-theodor-von-gothland.xml,Text
3638,hauptmann-carl-der-antiquar.xml,Text
3639,lortzing-der-waffenschmied.xml,Text
3640,grohmann-der-physiognomist-oder-keine-regel-ohn-ausnahme.xml,Text
3641,lachmann-salome.xml,Text
3642,steltzer-franziska-montenegro.xml,Text
3643,quistorp-der-hypochondrist.xml,Text
3644,neuber-ein-deutsches-vorspiel.xml,Text
3645,leisewitz-der-besuch-um-mitternacht.xml,Text
3646,nestroy-zu-ebener-erde-und-erster-stock.xml,Text
3647,goethe-clavigo.xml,Text
3648,hauptmann-carl-tobias-buntschuh.xml,Text
3649,anonym-das-muenchner-spiel-vom-sterbenden-menschen.xml,Text
3650,tieck-ritter-blaubart.xml,Text
3651,solbrig-die-dorfschule.xml,Text
3652,ebner-eschenbach-maennertreue.xml,Text
3653,kotzebue-maedchenfreundschaft.xml,Text
3654,grillparzer-die-ahnfrau.xml,Text
3655,castelli-jeitteles-der-schicksalsstrumpf.xml,Text
3656,braun-von-braunthal-das-nachtlager-von-granada.xml,Text
3657,schiller-die-braut-von-messina.xml,Text
3658,hartleben-hanna-jagert.xml,Text
3659,kleist-penthesilea.xml,Text
3660,iffland-die-jaeger.xml,Text
3661,ayrer-tragedia-thesei.xml,Text
3662,sturz-julie.xml,Text
3663,kotzebue-ueble-laune.xml,Text
3664,engel-eid-und-pflicht.xml,Text
3665,klabund-xyz.xml,Text
3666,baeuerle-doktor-fausts-mantel.xml,Text
3667,wilbrandt-der-meister-von-palmyra.xml,Text
3668,raupach-der-platzregen-als-eheprokurator.xml,Text
3669,muellner-der-neun-und-zwanzigste-februar.xml,Text
3670,sachs-eulenspiegel-mit-dem-blauen-hosentuch.xml,Text
3671,hebbel-der-rubin.xml,Text
3672,kotzebue-menschenhass-und-reue.xml,Text
3673,anonym-die-gedruckten-theater-regeln.xml,Text
3674,lenz-der-neue-menoza.xml,Text
3675,goethe-die-natuerliche-tochter.xml,Text
3676,zedlitz-cabinets-intriguen.xml,Text
3677,platen-berengar.xml,Text
3678,guenderode-der-kanonenschlag.xml,Text
3679,wedekind-franziska.xml,Text
3680,benedix-das-bemooste-haupt.xml,Text
3681,lessing-emilia-galotti.xml,Text
3682,brawe-der-freygeist.xml,Text
3683,preusse-herzmutterchen.xml,Text
3684,anonym-emilie-oder-die-philosophisch-verliebten.xml,Text
3685,brentano-ponce-de-leon.xml,Text
3686,eichendorff-der-letzte-held-von-marienburg.xml,Text
3687,bahr-das-konzert.xml,Text
3688,anzengruber-das-vierte-gebot.xml,Text
3689,lenz-der-englaender.xml,Text
3690,tieck-leben-und-tod-der-heiligen-genoveva.xml,Text
3691,goethe-stella.xml,Text
3692,klinger-sturm-und-drang.xml,Text
3693,widmann-der-widerspenstigen-zaehmung.xml,Text
3694,schroeder-der-vetter-in-lissabon.xml,Text
3695,sonnleithner-fidelio.xml,Text
3696,kotzebue-sultan-wampum.xml,Text
3697,mosenthal-das-goldene-kreuz.xml,Text
3698,fouque-aslauga.xml,Text
3699,gellert-die-betschwester.xml,Text
3700,dohm-die-ritter-vom-goldenen-kalb.xml,Text
3701,weissenthurn-welcher-ist-der-braeutigam.xml,Text
3702,brawe-brutus.xml,Text
3703,wolf-cyankali.xml,Text
3704,bernard-faust.xml,Text
3705,scheerbart-es-lebe-europa.xml,Text
3706,gotter-die-geisterinsel.xml,Text
3707,freytag-die-journalisten.xml,Text
3708,droste-huelshoff-perdu.xml,Text
3709,koerner-zriny.xml,Text
3710,koerner-die-braut.xml,Text
3711,hebbel-genoveva.xml,Text
3712,grabbe-kaiser-friedrich-barbarossa.xml,Text
3713,wolf-professor-mamlock.xml,Text
3714,lessing-minna-von-barnhelm.xml,Text
3715,scheerbart-der-alte-petrus.xml,Text
3716,raimund-der-alpenkoenig-und-der-menschenfeind.xml,Text
3717,grillparzer-die-juedin-von-toledo.xml,Text
3718,wagner-tristan-und-isolde.xml,Text
3719,lenz-der-hofmeister.xml,Text
3720,anzengruber-heimgfunden.xml,Text
3721,malss-der-alte-buerger-capitain.xml,Text
3722,vischer-faust.xml,Text
3723,muellner-koenig-yngurd.xml,Text
3724,immermann-merlin.xml,Text
3725,hebbel-herodes-und-mariamne.xml,Text
3726,sorge-odysseus.xml,Text
3727,wette-haensel-und-gretel.xml,Text
3728,gottschedin-das-testament.xml,Text
3729,scheerbart-die-urgrossmutter.xml,Text
3730,goethe-goetter-helden-und-wieland.xml,Text
3731,ayrenhoff-der-postzug.xml,Text
3732,gleich-der-eheteufel-auf-reisen.xml,Text
3733,larronge-hasemanns-toechter.xml,Text
3734,schiller-wallensteins-lager.xml,Text
3735,kaltneker-die-opferung.xml,Text
3736,hensler-die-teufelsmuehle-am-wienerberg.xml,Text
3737,gryphius-papinianus.xml,Text
3738,beer-struensee.xml,Text
3739,kind-der-freischuetz.xml,Text
3740,arnim-marino-caboga.xml,Text
3741,schlosser-die-maskerade.xml,Text
3742,buechner-leonce-und-lena.xml,Text
3743,kotzebue-das-posthaus-in-treuenbrietzen.xml,Text
3744,may-babel-und-bibel.xml,Text
3745,grillparzer-der-traum-ein-leben.xml,Text
3746,adolph-am-ersten-mai.xml,Text
3747,moritz-blunt-oder-der-gast.xml,Text
3748,heyse-colberg.xml,Text
3749,klinger-das-leidende-weib.xml,Text
3750,grillparzer-ein-treuer-diener-seines-herrn.xml,Text
3751,schnitzler-reigen.xml,Text
3752,chlumberg-wunder-um-verdun.xml,Text
3753,gryphius-horribilicribrifax-teutsch.xml,Text
3754,simrock-doctor-johannes-faust.xml,Text
3755,scheerbart-okurirasuna.xml,Text
3756,braun-von-braunthal-faust.xml,Text
3757,grillparzer-koenig-ottokars-glueck-und-ende.xml,Text
3758,sudermann-die-schmetterlingsschlacht.xml,Text
3759,gutzkow-richard-savage.xml,Text
3760,goethe-satyros.xml,Text
3761,dohm-ein-schuss-ins-schwarze.xml,Text
3762,raupach-der-bettler.xml,Text
3763,birch-pfeiffer-in-der-heimath.xml,Text
3764,schnitzer-der-zigeunerbaron.xml,Text
3765,ebner-eschenbach-es-wandelt-niemand-ungestraft-unter-palmen.xml,Text
3766,ebner-eschenbach-die-selbstsuechtigen.xml,Text
3767,fouque-sigurd-der-schlangentoedter.xml,Text
3768,raimund-die-gefesselte-phantasie.xml,Text
3769,hofmannsthal-das-salzburger-grosse-welttheater.xml,Text
3770,brentano-die-gruendung-prags.xml,Text
3771,reil-der-erste-may.xml,Text
3772,tieck-karl-von-berneck.xml,Text
3773,schlaf-meister-oelze.xml,Text
3774,kaffka-der-transport.xml,Text
3775,schnitzler-lebendige-stunden.xml,Text
3776,immermann-andreas-hofer.xml,Text
3777,ertler-das-spiel-von-doktor-faust.xml,Text
3778,bodmer-odoardo-galotti-vater-der-emilia.xml,Text
3779,tieck-die-theegesellschaft.xml,Text
