Source,Target,Weight,Type
2727,3320,2,occurs_in_speaker_text
3261,3320,15,occurs_in_speaker_text
1445,3320,1,occurs_in_speaker_text
770,3320,2,occurs_in_speaker_text
2211,3320,1,occurs_in_speaker_text
611,3320,1,occurs_in_speaker_text
1833,3320,1,occurs_in_speaker_text
2250,3320,1,occurs_in_speaker_text
3220,3320,1,occurs_in_speaker_text
3001,3320,4,occurs_in_speaker_text
196,3320,3,occurs_in_speaker_text
153,3320,1,occurs_in_speaker_text
885,3320,1,occurs_in_speaker_text
1205,3320,1,occurs_in_speaker_text
2854,3320,1,occurs_in_speaker_text
3210,3321,1,occurs_in_speaker_text
116,3321,1,occurs_in_speaker_text
2960,3321,2,occurs_in_speaker_text
2078,3321,1,occurs_in_speaker_text
345,3321,1,occurs_in_speaker_text
2727,3321,7,occurs_in_speaker_text
770,3321,5,occurs_in_speaker_text
1656,3321,1,occurs_in_speaker_text
2870,3321,2,occurs_in_speaker_text
1837,3321,3,occurs_in_speaker_text
2645,3321,1,occurs_in_speaker_text
2079,3321,1,occurs_in_speaker_text
3020,3321,1,occurs_in_speaker_text
766,3321,1,occurs_in_speaker_text
2841,3321,1,occurs_in_speaker_text
2235,3321,3,occurs_in_speaker_text
611,3321,1,occurs_in_speaker_text
1406,3321,1,occurs_in_speaker_text
2240,3321,3,occurs_in_speaker_text
1018,3321,2,occurs_in_speaker_text
65,3321,1,occurs_in_speaker_text
3261,3321,8,occurs_in_speaker_text
2423,3321,1,occurs_in_speaker_text
1176,3321,1,occurs_in_speaker_text
2755,3321,1,occurs_in_speaker_text
547,3321,1,occurs_in_speaker_text
1955,3321,1,occurs_in_speaker_text
3029,3321,1,occurs_in_speaker_text
2095,3321,1,occurs_in_speaker_text
395,3321,1,occurs_in_speaker_text
2025,3321,1,occurs_in_speaker_text
243,3321,1,occurs_in_speaker_text
2885,3321,1,occurs_in_speaker_text
2204,3321,3,occurs_in_speaker_text
3050,3321,1,occurs_in_speaker_text
196,3321,1,occurs_in_speaker_text
1845,3321,1,occurs_in_speaker_text
3281,3321,1,occurs_in_speaker_text
1308,3321,1,occurs_in_speaker_text
257,3322,1,occurs_in_speaker_text
752,3322,1,occurs_in_speaker_text
2568,3322,5,occurs_in_speaker_text
2105,3322,1,occurs_in_speaker_text
1002,3322,2,occurs_in_speaker_text
1174,3322,1,occurs_in_speaker_text
770,3322,1,occurs_in_speaker_text
2460,3322,1,occurs_in_speaker_text
2727,3322,1,occurs_in_speaker_text
66,3322,1,occurs_in_speaker_text
1885,3322,1,occurs_in_speaker_text
1720,3322,1,occurs_in_speaker_text
2727,3323,1,occurs_in_speaker_text
770,3323,3,occurs_in_speaker_text
1098,3323,1,occurs_in_speaker_text
2397,3323,1,occurs_in_speaker_text
989,3325,1,occurs_in_speaker_text
1841,3325,1,occurs_in_speaker_text
1055,3325,6,occurs_in_speaker_text
196,3325,6,occurs_in_speaker_text
111,3325,1,occurs_in_speaker_text
1391,3325,1,occurs_in_speaker_text
824,3325,1,occurs_in_speaker_text
2704,3325,1,occurs_in_speaker_text
2855,3325,1,occurs_in_speaker_text
2466,3325,1,occurs_in_speaker_text
2690,3325,1,occurs_in_speaker_text
699,3325,1,occurs_in_speaker_text
2977,3325,1,occurs_in_speaker_text
1443,3326,1,occurs_in_speaker_text
3261,3326,7,occurs_in_speaker_text
1564,3326,1,occurs_in_speaker_text
1886,3326,1,occurs_in_speaker_text
414,3326,1,occurs_in_speaker_text
256,3326,1,occurs_in_speaker_text
1423,3326,1,occurs_in_speaker_text
2499,3326,1,occurs_in_speaker_text
2476,3326,1,occurs_in_speaker_text
2849,3326,1,occurs_in_speaker_text
3044,3326,1,occurs_in_speaker_text
611,3326,1,occurs_in_speaker_text
153,3326,2,occurs_in_speaker_text
2093,3326,1,occurs_in_speaker_text
3232,3327,2,occurs_in_speaker_text
1018,3327,1,occurs_in_speaker_text
1780,3327,2,occurs_in_speaker_text
2079,3327,1,occurs_in_speaker_text
3143,3327,1,occurs_in_speaker_text
770,3327,2,occurs_in_speaker_text
940,3327,1,occurs_in_speaker_text
2515,3327,1,occurs_in_speaker_text
2915,3327,1,occurs_in_speaker_text
500,3327,1,occurs_in_speaker_text
2960,3327,1,occurs_in_speaker_text
3281,3327,1,occurs_in_speaker_text
196,3327,1,occurs_in_speaker_text
2676,3327,1,occurs_in_speaker_text
556,3327,2,occurs_in_speaker_text
1051,3327,1,occurs_in_speaker_text
2732,3327,1,occurs_in_speaker_text
1908,3327,1,occurs_in_speaker_text
1313,3327,1,occurs_in_speaker_text
952,3327,4,occurs_in_speaker_text
2977,3327,1,occurs_in_speaker_text
331,3327,1,occurs_in_speaker_text
2727,3327,1,occurs_in_speaker_text
2568,3328,2,occurs_in_speaker_text
3005,3328,1,occurs_in_speaker_text
2841,3329,5,occurs_in_speaker_text
2166,3329,1,occurs_in_speaker_text
3261,3329,3,occurs_in_speaker_text
2727,3329,5,occurs_in_speaker_text
1833,3329,1,occurs_in_speaker_text
115,3329,1,occurs_in_speaker_text
1804,3329,1,occurs_in_speaker_text
2728,3329,1,occurs_in_speaker_text
2849,3329,1,occurs_in_speaker_text
1837,3329,1,occurs_in_speaker_text
616,3329,3,occurs_in_speaker_text
196,3329,1,occurs_in_speaker_text
2833,3329,1,occurs_in_speaker_text
2371,3329,1,occurs_in_speaker_text
1406,3329,1,occurs_in_speaker_text
2391,3329,2,occurs_in_speaker_text
1175,3329,1,occurs_in_speaker_text
1398,3329,1,occurs_in_speaker_text
153,3329,2,occurs_in_speaker_text
201,3329,1,occurs_in_speaker_text
2738,3329,1,occurs_in_speaker_text
3237,3329,1,occurs_in_speaker_text
2652,3329,2,occurs_in_speaker_text
1018,3329,1,occurs_in_speaker_text
1699,3329,1,occurs_in_speaker_text
1111,3329,1,occurs_in_speaker_text
2755,3329,2,occurs_in_speaker_text
2402,3329,1,occurs_in_speaker_text
2989,3329,1,occurs_in_speaker_text
2235,3329,1,occurs_in_speaker_text
3125,3331,3,occurs_in_speaker_text
781,3331,1,occurs_in_speaker_text
626,3331,1,occurs_in_speaker_text
3232,3331,2,occurs_in_speaker_text
352,3331,1,occurs_in_speaker_text
658,3331,1,occurs_in_speaker_text
2235,3331,1,occurs_in_speaker_text
1833,3331,1,occurs_in_speaker_text
2841,3331,2,occurs_in_speaker_text
413,3331,2,occurs_in_speaker_text
378,3331,3,occurs_in_speaker_text
3044,3331,2,occurs_in_speaker_text
1707,3331,1,occurs_in_speaker_text
770,3331,2,occurs_in_speaker_text
1429,3331,1,occurs_in_speaker_text
2727,3331,3,occurs_in_speaker_text
153,3331,1,occurs_in_speaker_text
2231,3331,1,occurs_in_speaker_text
1098,3331,1,occurs_in_speaker_text
3020,3331,1,occurs_in_speaker_text
756,3331,1,occurs_in_speaker_text
1691,3331,1,occurs_in_speaker_text
2833,3331,1,occurs_in_speaker_text
1425,3331,1,occurs_in_speaker_text
2261,3331,1,occurs_in_speaker_text
532,3332,1,occurs_in_speaker_text
2706,3332,1,occurs_in_speaker_text
770,3332,1,occurs_in_speaker_text
2727,3332,2,occurs_in_speaker_text
153,3332,1,occurs_in_speaker_text
3261,3332,3,occurs_in_speaker_text
2755,3332,2,occurs_in_speaker_text
2704,3332,1,occurs_in_speaker_text
2235,3333,1,occurs_in_speaker_text
1710,3334,1,occurs_in_speaker_text
1895,3334,1,occurs_in_speaker_text
153,3334,1,occurs_in_speaker_text
3182,3334,1,occurs_in_speaker_text
2972,3334,1,occurs_in_speaker_text
1827,3334,1,occurs_in_speaker_text
1967,3334,1,occurs_in_speaker_text
1489,3334,1,occurs_in_speaker_text
468,3334,1,occurs_in_speaker_text
2235,3334,4,occurs_in_speaker_text
1607,3334,1,occurs_in_speaker_text
1261,3334,3,occurs_in_speaker_text
541,3334,1,occurs_in_speaker_text
770,3334,1,occurs_in_speaker_text
54,3334,1,occurs_in_speaker_text
821,3334,1,occurs_in_speaker_text
151,3334,1,occurs_in_speaker_text
3103,3334,1,occurs_in_speaker_text
291,3334,1,occurs_in_speaker_text
3029,3334,1,occurs_in_speaker_text
990,3334,14,occurs_in_speaker_text
1851,3334,1,occurs_in_speaker_text
509,3334,1,occurs_in_speaker_text
2727,3334,2,occurs_in_speaker_text
3278,3334,1,occurs_in_speaker_text
2521,3335,1,occurs_in_speaker_text
2433,3335,1,occurs_in_speaker_text
1833,3335,1,occurs_in_speaker_text
2612,3335,1,occurs_in_speaker_text
2727,3335,2,occurs_in_speaker_text
2120,3335,1,occurs_in_speaker_text
196,3335,1,occurs_in_speaker_text
3299,3335,1,occurs_in_speaker_text
3020,3335,1,occurs_in_speaker_text
2235,3335,3,occurs_in_speaker_text
1837,3335,2,occurs_in_speaker_text
153,3335,1,occurs_in_speaker_text
854,3335,1,occurs_in_speaker_text
946,3335,1,occurs_in_speaker_text
3281,3335,1,occurs_in_speaker_text
624,3335,1,occurs_in_speaker_text
3234,3335,1,occurs_in_speaker_text
770,3335,1,occurs_in_speaker_text
2241,3336,1,occurs_in_speaker_text
1018,3336,2,occurs_in_speaker_text
1652,3336,1,occurs_in_speaker_text
2491,3336,1,occurs_in_speaker_text
1501,3336,2,occurs_in_speaker_text
1440,3336,1,occurs_in_speaker_text
3254,3336,1,occurs_in_speaker_text
557,3336,1,occurs_in_speaker_text
2261,3336,2,occurs_in_speaker_text
196,3336,4,occurs_in_speaker_text
3007,3336,1,occurs_in_speaker_text
420,3336,1,occurs_in_speaker_text
1414,3336,3,occurs_in_speaker_text
1429,3336,1,occurs_in_speaker_text
3234,3336,1,occurs_in_speaker_text
1974,3336,1,occurs_in_speaker_text
1833,3336,1,occurs_in_speaker_text
3261,3336,1,occurs_in_speaker_text
2418,3336,1,occurs_in_speaker_text
622,3336,1,occurs_in_speaker_text
770,3336,2,occurs_in_speaker_text
761,3336,1,occurs_in_speaker_text
2694,3336,1,occurs_in_speaker_text
153,3336,2,occurs_in_speaker_text
956,3336,1,occurs_in_speaker_text
702,3337,1,occurs_in_speaker_text
497,3337,1,occurs_in_speaker_text
2744,3337,1,occurs_in_speaker_text
1482,3337,1,occurs_in_speaker_text
402,3337,1,occurs_in_speaker_text
1261,3337,1,occurs_in_speaker_text
1501,3338,2,occurs_in_speaker_text
209,3338,1,occurs_in_speaker_text
2224,3338,1,occurs_in_speaker_text
1845,3338,1,occurs_in_speaker_text
2059,3338,1,occurs_in_speaker_text
3261,3338,3,occurs_in_speaker_text
770,3338,1,occurs_in_speaker_text
153,3338,5,occurs_in_speaker_text
1018,3338,6,occurs_in_speaker_text
2286,3338,1,occurs_in_speaker_text
2450,3338,1,occurs_in_speaker_text
2841,3338,2,occurs_in_speaker_text
2449,3338,1,occurs_in_speaker_text
2970,3338,1,occurs_in_speaker_text
2487,3338,1,occurs_in_speaker_text
1099,3338,1,occurs_in_speaker_text
1360,3338,2,occurs_in_speaker_text
854,3338,1,occurs_in_speaker_text
2235,3338,10,occurs_in_speaker_text
1024,3338,5,occurs_in_speaker_text
2261,3338,1,occurs_in_speaker_text
3316,3338,1,occurs_in_speaker_text
2766,3338,1,occurs_in_speaker_text
631,3338,1,occurs_in_speaker_text
1537,3338,1,occurs_in_speaker_text
257,3338,1,occurs_in_speaker_text
1429,3338,2,occurs_in_speaker_text
1699,3338,1,occurs_in_speaker_text
1781,3338,1,occurs_in_speaker_text
2776,3338,2,occurs_in_speaker_text
1515,3338,1,occurs_in_speaker_text
2727,3338,1,occurs_in_speaker_text
2802,3338,1,occurs_in_speaker_text
3315,3338,1,occurs_in_speaker_text
645,3338,1,occurs_in_speaker_text
3278,3338,1,occurs_in_speaker_text
2732,3338,1,occurs_in_speaker_text
197,3338,1,occurs_in_speaker_text
1320,3338,1,occurs_in_speaker_text
1008,3338,1,occurs_in_speaker_text
2367,3338,1,occurs_in_speaker_text
2774,3338,1,occurs_in_speaker_text
153,3339,1,occurs_in_speaker_text
1398,3339,1,occurs_in_speaker_text
3261,3339,1,occurs_in_speaker_text
1456,3339,1,occurs_in_speaker_text
1771,3339,1,occurs_in_speaker_text
2424,3339,1,occurs_in_speaker_text
2833,3339,1,occurs_in_speaker_text
3254,3339,1,occurs_in_speaker_text
1600,3339,1,occurs_in_speaker_text
2076,3339,1,occurs_in_speaker_text
2999,3340,2,occurs_in_speaker_text
1982,3340,15,occurs_in_speaker_text
698,3340,1,occurs_in_speaker_text
291,3340,1,occurs_in_speaker_text
3149,3340,1,occurs_in_speaker_text
1581,3340,1,occurs_in_speaker_text
61,3340,1,occurs_in_speaker_text
953,3340,1,occurs_in_speaker_text
2849,3340,2,occurs_in_speaker_text
1757,3340,1,occurs_in_speaker_text
510,3340,1,occurs_in_speaker_text
2969,3340,1,occurs_in_speaker_text
2952,3340,1,occurs_in_speaker_text
100,3340,1,occurs_in_speaker_text
3278,3341,1,occurs_in_speaker_text
2916,3341,1,occurs_in_speaker_text
1812,3341,1,occurs_in_speaker_text
2203,3341,1,occurs_in_speaker_text
1804,3341,1,occurs_in_speaker_text
3261,3341,1,occurs_in_speaker_text
2127,3341,1,occurs_in_speaker_text
770,3341,1,occurs_in_speaker_text
1033,3341,1,occurs_in_speaker_text
153,3341,1,occurs_in_speaker_text
1018,3341,1,occurs_in_speaker_text
2235,3341,1,occurs_in_speaker_text
265,3342,1,occurs_in_speaker_text
3061,3342,1,occurs_in_speaker_text
142,3342,1,occurs_in_speaker_text
557,3342,1,occurs_in_speaker_text
1812,3342,1,occurs_in_speaker_text
3261,3342,2,occurs_in_speaker_text
1072,3342,2,occurs_in_speaker_text
501,3342,1,occurs_in_speaker_text
2082,3342,1,occurs_in_speaker_text
1501,3342,1,occurs_in_speaker_text
2667,3342,1,occurs_in_speaker_text
615,3342,1,occurs_in_speaker_text
450,3342,1,occurs_in_speaker_text
439,3342,1,occurs_in_speaker_text
2704,3342,1,occurs_in_speaker_text
2577,3342,1,occurs_in_speaker_text
1142,3342,1,occurs_in_speaker_text
1837,3342,1,occurs_in_speaker_text
81,3342,1,occurs_in_speaker_text
3261,3343,8,occurs_in_speaker_text
2977,3343,1,occurs_in_speaker_text
1615,3343,1,occurs_in_speaker_text
281,3343,1,occurs_in_speaker_text
2666,3343,1,occurs_in_speaker_text
196,3343,1,occurs_in_speaker_text
163,3343,1,occurs_in_speaker_text
2841,3343,1,occurs_in_speaker_text
3022,3343,1,occurs_in_speaker_text
3269,3343,1,occurs_in_speaker_text
857,3343,1,occurs_in_speaker_text
1316,3343,1,occurs_in_speaker_text
2727,3343,1,occurs_in_speaker_text
3104,3343,1,occurs_in_speaker_text
259,3343,1,occurs_in_speaker_text
2801,3344,1,occurs_in_speaker_text
153,3344,1,occurs_in_speaker_text
3232,3344,1,occurs_in_speaker_text
2991,3344,1,occurs_in_speaker_text
425,3344,5,occurs_in_speaker_text
2727,3344,4,occurs_in_speaker_text
2995,3344,1,occurs_in_speaker_text
359,3344,16,occurs_in_speaker_text
249,3344,2,occurs_in_speaker_text
2833,3344,1,occurs_in_speaker_text
1140,3344,1,occurs_in_speaker_text
2686,3344,1,occurs_in_speaker_text
770,3344,3,occurs_in_speaker_text
1793,3344,1,occurs_in_speaker_text
1537,3344,1,occurs_in_speaker_text
2704,3345,1,occurs_in_speaker_text
1837,3345,1,occurs_in_speaker_text
2755,3345,1,occurs_in_speaker_text
447,3345,1,occurs_in_speaker_text
2855,3345,1,occurs_in_speaker_text
1770,3345,1,occurs_in_speaker_text
3070,3345,1,occurs_in_speaker_text
2796,3345,1,occurs_in_speaker_text
1710,3345,1,occurs_in_speaker_text
3278,3345,1,occurs_in_speaker_text
3020,3346,1,occurs_in_speaker_text
2261,3346,2,occurs_in_speaker_text
3234,3346,3,occurs_in_speaker_text
2732,3346,2,occurs_in_speaker_text
1111,3346,1,occurs_in_speaker_text
3308,3346,1,occurs_in_speaker_text
378,3346,1,occurs_in_speaker_text
2534,3346,1,occurs_in_speaker_text
700,3346,1,occurs_in_speaker_text
990,3346,1,occurs_in_speaker_text
2235,3346,2,occurs_in_speaker_text
2727,3346,3,occurs_in_speaker_text
3123,3346,1,occurs_in_speaker_text
2425,3346,1,occurs_in_speaker_text
2289,3346,1,occurs_in_speaker_text
196,3346,1,occurs_in_speaker_text
2738,3346,1,occurs_in_speaker_text
450,3346,1,occurs_in_speaker_text
2841,3346,2,occurs_in_speaker_text
1370,3346,1,occurs_in_speaker_text
1018,3346,2,occurs_in_speaker_text
1429,3346,1,occurs_in_speaker_text
3315,3346,1,occurs_in_speaker_text
343,3346,1,occurs_in_speaker_text
3044,3346,1,occurs_in_speaker_text
528,3346,1,occurs_in_speaker_text
2457,3346,1,occurs_in_speaker_text
2299,3346,1,occurs_in_speaker_text
524,3346,1,occurs_in_speaker_text
2775,3346,1,occurs_in_speaker_text
611,3346,1,occurs_in_speaker_text
2727,3347,3,occurs_in_speaker_text
3261,3347,2,occurs_in_speaker_text
2778,3347,1,occurs_in_speaker_text
661,3347,1,occurs_in_speaker_text
257,3348,1,occurs_in_speaker_text
2568,3348,2,occurs_in_speaker_text
1341,3348,1,occurs_in_speaker_text
277,3348,1,occurs_in_speaker_text
1598,3348,1,occurs_in_speaker_text
196,3348,1,occurs_in_speaker_text
2452,3348,34,occurs_in_speaker_text
239,3348,1,occurs_in_speaker_text
1831,3348,2,occurs_in_speaker_text
1935,3348,1,occurs_in_speaker_text
2533,3348,1,occurs_in_speaker_text
437,3348,1,occurs_in_speaker_text
2261,3348,1,occurs_in_speaker_text
1295,3348,1,occurs_in_speaker_text
852,3348,1,occurs_in_speaker_text
3005,3348,1,occurs_in_speaker_text
58,3348,1,occurs_in_speaker_text
173,3348,1,occurs_in_speaker_text
2076,3348,1,occurs_in_speaker_text
2713,3348,1,occurs_in_speaker_text
770,3348,1,occurs_in_speaker_text
655,3348,1,occurs_in_speaker_text
770,3349,1,occurs_in_speaker_text
2142,3349,2,occurs_in_speaker_text
3232,3349,1,occurs_in_speaker_text
2727,3349,2,occurs_in_speaker_text
928,3349,1,occurs_in_speaker_text
1837,3349,1,occurs_in_speaker_text
3210,3349,1,occurs_in_speaker_text
2261,3349,1,occurs_in_speaker_text
1537,3349,1,occurs_in_speaker_text
2235,3349,1,occurs_in_speaker_text
2863,3349,1,occurs_in_speaker_text
2072,3349,1,occurs_in_speaker_text
2491,3349,1,occurs_in_speaker_text
904,3349,3,occurs_in_speaker_text
3261,3349,1,occurs_in_speaker_text
352,3349,1,occurs_in_speaker_text
2833,3349,1,occurs_in_speaker_text
1429,3349,1,occurs_in_speaker_text
299,3349,1,occurs_in_speaker_text
153,3349,1,occurs_in_speaker_text
3261,3350,4,occurs_in_speaker_text
153,3350,3,occurs_in_speaker_text
657,3350,1,occurs_in_speaker_text
1084,3350,1,occurs_in_speaker_text
1550,3350,1,occurs_in_speaker_text
2727,3352,9,occurs_in_speaker_text
770,3352,1,occurs_in_speaker_text
2841,3352,10,occurs_in_speaker_text
509,3352,1,occurs_in_speaker_text
3261,3352,5,occurs_in_speaker_text
1453,3352,1,occurs_in_speaker_text
1837,3352,1,occurs_in_speaker_text
291,3352,1,occurs_in_speaker_text
1210,3352,1,occurs_in_speaker_text
3314,3352,3,occurs_in_speaker_text
2235,3352,1,occurs_in_speaker_text
1002,3352,1,occurs_in_speaker_text
1174,3352,1,occurs_in_speaker_text
129,3352,1,occurs_in_speaker_text
2079,3352,1,occurs_in_speaker_text
153,3352,2,occurs_in_speaker_text
2425,3352,1,occurs_in_speaker_text
1229,3352,1,occurs_in_speaker_text
3278,3353,1,occurs_in_speaker_text
1072,3354,1,occurs_in_speaker_text
990,3354,1,occurs_in_speaker_text
2425,3354,1,occurs_in_speaker_text
792,3354,1,occurs_in_speaker_text
2190,3354,1,occurs_in_speaker_text
2086,3354,1,occurs_in_speaker_text
1710,3355,1,occurs_in_speaker_text
611,3355,1,occurs_in_speaker_text
2235,3355,1,occurs_in_speaker_text
2821,3355,1,occurs_in_speaker_text
2286,3355,1,occurs_in_speaker_text
904,3355,1,occurs_in_speaker_text
1798,3356,1,occurs_in_speaker_text
153,3356,15,occurs_in_speaker_text
3143,3356,2,occurs_in_speaker_text
3126,3356,1,occurs_in_speaker_text
1188,3356,1,occurs_in_speaker_text
1195,3356,1,occurs_in_speaker_text
2234,3356,1,occurs_in_speaker_text
59,3356,1,occurs_in_speaker_text
231,3356,1,occurs_in_speaker_text
2535,3356,1,occurs_in_speaker_text
153,3357,21,occurs_in_speaker_text
3261,3357,2,occurs_in_speaker_text
2727,3357,1,occurs_in_speaker_text
770,3357,3,occurs_in_speaker_text
611,3357,4,occurs_in_speaker_text
2368,3357,1,occurs_in_speaker_text
1903,3357,1,occurs_in_speaker_text
844,3357,1,occurs_in_speaker_text
2780,3357,1,occurs_in_speaker_text
2472,3357,3,occurs_in_speaker_text
2235,3357,2,occurs_in_speaker_text
3065,3357,1,occurs_in_speaker_text
1018,3357,1,occurs_in_speaker_text
990,3357,1,occurs_in_speaker_text
520,3357,1,occurs_in_speaker_text
3027,3357,1,occurs_in_speaker_text
3143,3357,1,occurs_in_speaker_text
1073,3357,1,occurs_in_speaker_text
885,3357,1,occurs_in_speaker_text
196,3357,1,occurs_in_speaker_text
2186,3357,1,occurs_in_speaker_text
1343,3357,1,occurs_in_speaker_text
770,3358,1,occurs_in_speaker_text
1837,3358,1,occurs_in_speaker_text
1537,3358,1,occurs_in_speaker_text
2933,3358,1,occurs_in_speaker_text
2727,3359,6,occurs_in_speaker_text
1340,3359,1,occurs_in_speaker_text
2704,3359,2,occurs_in_speaker_text
2060,3359,1,occurs_in_speaker_text
1662,3359,1,occurs_in_speaker_text
2624,3359,1,occurs_in_speaker_text
2070,3359,1,occurs_in_speaker_text
2497,3359,1,occurs_in_speaker_text
2568,3359,1,occurs_in_speaker_text
2235,3359,1,occurs_in_speaker_text
2841,3359,1,occurs_in_speaker_text
101,3359,1,occurs_in_speaker_text
196,3359,1,occurs_in_speaker_text
2260,3359,2,occurs_in_speaker_text
1431,3359,1,occurs_in_speaker_text
1020,3359,1,occurs_in_speaker_text
1567,3359,1,occurs_in_speaker_text
3280,3359,1,occurs_in_speaker_text
153,3359,3,occurs_in_speaker_text
2843,3359,1,occurs_in_speaker_text
557,3359,2,occurs_in_speaker_text
1501,3359,1,occurs_in_speaker_text
3220,3359,2,occurs_in_speaker_text
1650,3359,1,occurs_in_speaker_text
2693,3359,1,occurs_in_speaker_text
1496,3359,1,occurs_in_speaker_text
2345,3359,1,occurs_in_speaker_text
3033,3360,1,occurs_in_speaker_text
153,3360,4,occurs_in_speaker_text
3261,3360,2,occurs_in_speaker_text
1659,3360,1,occurs_in_speaker_text
2457,3360,2,occurs_in_speaker_text
2525,3360,1,occurs_in_speaker_text
2412,3360,1,occurs_in_speaker_text
1869,3360,1,occurs_in_speaker_text
1782,3360,1,occurs_in_speaker_text
1809,3360,1,occurs_in_speaker_text
1011,3360,1,occurs_in_speaker_text
615,3360,1,occurs_in_speaker_text
2569,3361,1,occurs_in_speaker_text
977,3361,1,occurs_in_speaker_text
1845,3361,1,occurs_in_speaker_text
3118,3361,1,occurs_in_speaker_text
3085,3361,1,occurs_in_speaker_text
2798,3361,1,occurs_in_speaker_text
1018,3361,1,occurs_in_speaker_text
1785,3361,1,occurs_in_speaker_text
2841,3361,1,occurs_in_speaker_text
298,3361,1,occurs_in_speaker_text
2704,3362,1,occurs_in_speaker_text
312,3362,1,occurs_in_speaker_text
1388,3362,1,occurs_in_speaker_text
1710,3362,1,occurs_in_speaker_text
3261,3364,4,occurs_in_speaker_text
153,3364,2,occurs_in_speaker_text
3208,3364,1,occurs_in_speaker_text
1072,3364,1,occurs_in_speaker_text
2597,3364,1,occurs_in_speaker_text
1425,3364,1,occurs_in_speaker_text
494,3364,1,occurs_in_speaker_text
2931,3364,1,occurs_in_speaker_text
1391,3364,1,occurs_in_speaker_text
3297,3364,3,occurs_in_speaker_text
2753,3364,1,occurs_in_speaker_text
2770,3364,1,occurs_in_speaker_text
611,3364,1,occurs_in_speaker_text
1448,3364,1,occurs_in_speaker_text
2457,3364,4,occurs_in_speaker_text
2960,3364,3,occurs_in_speaker_text
34,3364,13,occurs_in_speaker_text
2235,3364,1,occurs_in_speaker_text
2149,3364,1,occurs_in_speaker_text
3254,3364,1,occurs_in_speaker_text
1792,3364,1,occurs_in_speaker_text
1077,3364,1,occurs_in_speaker_text
1498,3364,1,occurs_in_speaker_text
231,3364,1,occurs_in_speaker_text
2649,3364,1,occurs_in_speaker_text
1845,3365,1,occurs_in_speaker_text
2849,3365,2,occurs_in_speaker_text
2841,3365,1,occurs_in_speaker_text
3261,3365,2,occurs_in_speaker_text
767,3365,1,occurs_in_speaker_text
2732,3365,2,occurs_in_speaker_text
3278,3365,1,occurs_in_speaker_text
2851,3366,1,occurs_in_speaker_text
2403,3367,1,occurs_in_speaker_text
2599,3367,1,occurs_in_speaker_text
770,3367,5,occurs_in_speaker_text
1142,3367,1,occurs_in_speaker_text
2378,3367,1,occurs_in_speaker_text
3261,3367,5,occurs_in_speaker_text
153,3367,4,occurs_in_speaker_text
162,3367,1,occurs_in_speaker_text
1057,3367,1,occurs_in_speaker_text
710,3367,2,occurs_in_speaker_text
196,3367,1,occurs_in_speaker_text
2491,3367,1,occurs_in_speaker_text
7,3367,1,occurs_in_speaker_text
2992,3367,1,occurs_in_speaker_text
1018,3367,2,occurs_in_speaker_text
1812,3367,1,occurs_in_speaker_text
2849,3367,1,occurs_in_speaker_text
1969,3367,1,occurs_in_speaker_text
1710,3367,1,occurs_in_speaker_text
1440,3367,1,occurs_in_speaker_text
1763,3367,1,occurs_in_speaker_text
531,3368,1,occurs_in_speaker_text
2704,3368,7,occurs_in_speaker_text
3314,3368,8,occurs_in_speaker_text
1463,3368,1,occurs_in_speaker_text
196,3368,4,occurs_in_speaker_text
201,3368,1,occurs_in_speaker_text
298,3368,3,occurs_in_speaker_text
2640,3368,1,occurs_in_speaker_text
504,3368,7,occurs_in_speaker_text
3005,3368,1,occurs_in_speaker_text
3041,3368,1,occurs_in_speaker_text
308,3368,1,occurs_in_speaker_text
1947,3368,1,occurs_in_speaker_text
532,3368,1,occurs_in_speaker_text
1239,3368,1,occurs_in_speaker_text
2062,3368,1,occurs_in_speaker_text
2856,3368,1,occurs_in_speaker_text
72,3368,1,occurs_in_speaker_text
139,3368,1,occurs_in_speaker_text
616,3368,2,occurs_in_speaker_text
2909,3368,1,occurs_in_speaker_text
2125,3368,1,occurs_in_speaker_text
770,3368,2,occurs_in_speaker_text
1300,3368,1,occurs_in_speaker_text
2727,3368,1,occurs_in_speaker_text
3261,3369,4,occurs_in_speaker_text
3143,3369,1,occurs_in_speaker_text
1111,3369,3,occurs_in_speaker_text
1117,3369,1,occurs_in_speaker_text
153,3369,4,occurs_in_speaker_text
1812,3369,1,occurs_in_speaker_text
2849,3369,1,occurs_in_speaker_text
904,3369,1,occurs_in_speaker_text
2263,3369,1,occurs_in_speaker_text
299,3369,1,occurs_in_speaker_text
885,3369,2,occurs_in_speaker_text
1837,3369,1,occurs_in_speaker_text
2842,3369,1,occurs_in_speaker_text
929,3369,1,occurs_in_speaker_text
1807,3369,1,occurs_in_speaker_text
196,3370,2,occurs_in_speaker_text
1501,3370,1,occurs_in_speaker_text
2147,3370,1,occurs_in_speaker_text
1631,3370,1,occurs_in_speaker_text
2727,3370,1,occurs_in_speaker_text
3005,3370,2,occurs_in_speaker_text
1845,3370,1,occurs_in_speaker_text
1498,3370,1,occurs_in_speaker_text
3234,3370,1,occurs_in_speaker_text
1072,3370,1,occurs_in_speaker_text
3261,3371,4,occurs_in_speaker_text
2135,3371,2,occurs_in_speaker_text
2447,3371,1,occurs_in_speaker_text
2003,3371,1,occurs_in_speaker_text
874,3371,1,occurs_in_speaker_text
2193,3371,4,occurs_in_speaker_text
3061,3371,1,occurs_in_speaker_text
1845,3371,2,occurs_in_speaker_text
138,3371,1,occurs_in_speaker_text
2348,3371,1,occurs_in_speaker_text
2704,3371,3,occurs_in_speaker_text
298,3371,3,occurs_in_speaker_text
770,3371,1,occurs_in_speaker_text
2117,3371,2,occurs_in_speaker_text
1720,3371,1,occurs_in_speaker_text
443,3371,1,occurs_in_speaker_text
1081,3371,1,occurs_in_speaker_text
974,3371,1,occurs_in_speaker_text
3112,3371,3,occurs_in_speaker_text
2142,3371,1,occurs_in_speaker_text
603,3371,1,occurs_in_speaker_text
971,3371,2,occurs_in_speaker_text
379,3371,1,occurs_in_speaker_text
2983,3371,1,occurs_in_speaker_text
78,3371,2,occurs_in_speaker_text
2577,3371,2,occurs_in_speaker_text
195,3371,1,occurs_in_speaker_text
2235,3371,1,occurs_in_speaker_text
3314,3371,7,occurs_in_speaker_text
1656,3371,4,occurs_in_speaker_text
196,3371,1,occurs_in_speaker_text
2727,3371,1,occurs_in_speaker_text
1330,3371,1,occurs_in_speaker_text
1400,3372,1,occurs_in_speaker_text
278,3372,1,occurs_in_speaker_text
230,3372,1,occurs_in_speaker_text
2864,3372,1,occurs_in_speaker_text
1213,3372,2,occurs_in_speaker_text
1964,3372,1,occurs_in_speaker_text
2975,3372,1,occurs_in_speaker_text
3210,3372,1,occurs_in_speaker_text
526,3372,1,occurs_in_speaker_text
153,3372,13,occurs_in_speaker_text
2131,3372,1,occurs_in_speaker_text
3261,3372,6,occurs_in_speaker_text
3026,3372,1,occurs_in_speaker_text
3232,3372,1,occurs_in_speaker_text
2117,3372,1,occurs_in_speaker_text
946,3372,1,occurs_in_speaker_text
2727,3372,2,occurs_in_speaker_text
3153,3372,1,occurs_in_speaker_text
1084,3372,1,occurs_in_speaker_text
611,3372,2,occurs_in_speaker_text
770,3372,1,occurs_in_speaker_text
2977,3373,3,occurs_in_speaker_text
15,3373,1,occurs_in_speaker_text
1420,3373,1,occurs_in_speaker_text
3141,3373,1,occurs_in_speaker_text
2915,3373,2,occurs_in_speaker_text
2160,3373,1,occurs_in_speaker_text
1710,3373,2,occurs_in_speaker_text
1425,3373,2,occurs_in_speaker_text
237,3373,1,occurs_in_speaker_text
3316,3373,1,occurs_in_speaker_text
699,3373,1,occurs_in_speaker_text
1204,3373,1,occurs_in_speaker_text
616,3373,1,occurs_in_speaker_text
3297,3373,2,occurs_in_speaker_text
617,3373,2,occurs_in_speaker_text
783,3374,1,occurs_in_speaker_text
1720,3374,1,occurs_in_speaker_text
1574,3374,2,occurs_in_speaker_text
1833,3375,2,occurs_in_speaker_text
591,3375,1,occurs_in_speaker_text
2727,3375,5,occurs_in_speaker_text
3261,3375,1,occurs_in_speaker_text
2240,3375,1,occurs_in_speaker_text
1812,3375,1,occurs_in_speaker_text
49,3375,1,occurs_in_speaker_text
153,3375,5,occurs_in_speaker_text
1018,3375,1,occurs_in_speaker_text
12,3375,1,occurs_in_speaker_text
2992,3375,1,occurs_in_speaker_text
3278,3375,1,occurs_in_speaker_text
770,3375,3,occurs_in_speaker_text
1810,3375,1,occurs_in_speaker_text
2235,3375,1,occurs_in_speaker_text
2105,3376,1,occurs_in_speaker_text
1291,3376,2,occurs_in_speaker_text
1416,3376,1,occurs_in_speaker_text
3176,3376,1,occurs_in_speaker_text
3063,3377,1,occurs_in_speaker_text
107,3377,5,occurs_in_speaker_text
2146,3377,3,occurs_in_speaker_text
1939,3377,4,occurs_in_speaker_text
3296,3377,1,occurs_in_speaker_text
1044,3377,1,occurs_in_speaker_text
2915,3377,1,occurs_in_speaker_text
1081,3377,3,occurs_in_speaker_text
803,3377,1,occurs_in_speaker_text
2577,3377,2,occurs_in_speaker_text
2716,3377,1,occurs_in_speaker_text
2392,3377,2,occurs_in_speaker_text
2855,3377,2,occurs_in_speaker_text
2668,3377,1,occurs_in_speaker_text
3005,3377,1,occurs_in_speaker_text
3278,3378,2,occurs_in_speaker_text
1766,3378,4,occurs_in_speaker_text
196,3378,1,occurs_in_speaker_text
2291,3378,1,occurs_in_speaker_text
3254,3378,1,occurs_in_speaker_text
2959,3378,1,occurs_in_speaker_text
3261,3378,5,occurs_in_speaker_text
611,3378,1,occurs_in_speaker_text
3020,3378,2,occurs_in_speaker_text
371,3378,1,occurs_in_speaker_text
3050,3378,1,occurs_in_speaker_text
1833,3378,3,occurs_in_speaker_text
504,3378,1,occurs_in_speaker_text
1387,3378,2,occurs_in_speaker_text
163,3378,4,occurs_in_speaker_text
2727,3378,2,occurs_in_speaker_text
2294,3378,5,occurs_in_speaker_text
1652,3378,1,occurs_in_speaker_text
1111,3378,1,occurs_in_speaker_text
3115,3378,2,occurs_in_speaker_text
153,3378,5,occurs_in_speaker_text
3297,3378,1,occurs_in_speaker_text
346,3378,1,occurs_in_speaker_text
1501,3378,1,occurs_in_speaker_text
1018,3378,1,occurs_in_speaker_text
641,3378,1,occurs_in_speaker_text
2949,3378,1,occurs_in_speaker_text
2324,3378,1,occurs_in_speaker_text
2366,3378,1,occurs_in_speaker_text
1142,3378,1,occurs_in_speaker_text
1807,3378,1,occurs_in_speaker_text
356,3378,1,occurs_in_speaker_text
727,3378,2,occurs_in_speaker_text
1203,3378,1,occurs_in_speaker_text
2945,3378,1,occurs_in_speaker_text
2079,3378,1,occurs_in_speaker_text
2568,3378,1,occurs_in_speaker_text
2568,3379,1,occurs_in_speaker_text
2079,3379,1,occurs_in_speaker_text
1448,3379,1,occurs_in_speaker_text
2891,3380,1,occurs_in_speaker_text
3261,3380,1,occurs_in_speaker_text
2960,3380,1,occurs_in_speaker_text
3143,3380,1,occurs_in_speaker_text
770,3381,6,occurs_in_speaker_text
3261,3381,3,occurs_in_speaker_text
365,3381,1,occurs_in_speaker_text
557,3381,2,occurs_in_speaker_text
153,3381,6,occurs_in_speaker_text
1959,3381,5,occurs_in_speaker_text
2467,3381,1,occurs_in_speaker_text
2563,3381,2,occurs_in_speaker_text
2998,3381,1,occurs_in_speaker_text
2577,3381,1,occurs_in_speaker_text
176,3381,1,occurs_in_speaker_text
1411,3381,1,occurs_in_speaker_text
1845,3381,1,occurs_in_speaker_text
1688,3381,1,occurs_in_speaker_text
263,3382,1,occurs_in_speaker_text
2060,3382,1,occurs_in_speaker_text
2568,3382,1,occurs_in_speaker_text
2920,3382,1,occurs_in_speaker_text
418,3382,1,occurs_in_speaker_text
1845,3382,1,occurs_in_speaker_text
2286,3382,1,occurs_in_speaker_text
1720,3382,1,occurs_in_speaker_text
2261,3383,1,occurs_in_speaker_text
3261,3383,15,occurs_in_speaker_text
1896,3383,1,occurs_in_speaker_text
616,3383,1,occurs_in_speaker_text
3123,3383,1,occurs_in_speaker_text
700,3383,1,occurs_in_speaker_text
1845,3383,1,occurs_in_speaker_text
618,3383,1,occurs_in_speaker_text
1537,3383,1,occurs_in_speaker_text
2855,3383,1,occurs_in_speaker_text
3297,3383,1,occurs_in_speaker_text
1501,3383,1,occurs_in_speaker_text
1710,3383,2,occurs_in_speaker_text
1654,3383,1,occurs_in_speaker_text
789,3383,1,occurs_in_speaker_text
2788,3383,1,occurs_in_speaker_text
163,3383,1,occurs_in_speaker_text
2992,3383,2,occurs_in_speaker_text
451,3383,1,occurs_in_speaker_text
1087,3383,1,occurs_in_speaker_text
2841,3383,1,occurs_in_speaker_text
885,3383,1,occurs_in_speaker_text
1074,3383,1,occurs_in_speaker_text
153,3383,1,occurs_in_speaker_text
2862,3383,1,occurs_in_speaker_text
582,3383,1,occurs_in_speaker_text
2451,3383,1,occurs_in_speaker_text
1524,3384,1,occurs_in_speaker_text
1678,3384,1,occurs_in_speaker_text
2235,3384,2,occurs_in_speaker_text
203,3384,1,occurs_in_speaker_text
781,3384,1,occurs_in_speaker_text
196,3384,1,occurs_in_speaker_text
2516,3384,1,occurs_in_speaker_text
3261,3384,2,occurs_in_speaker_text
616,3384,1,occurs_in_speaker_text
2274,3384,1,occurs_in_speaker_text
2755,3384,1,occurs_in_speaker_text
1561,3384,1,occurs_in_speaker_text
2141,3384,1,occurs_in_speaker_text
1854,3384,3,occurs_in_speaker_text
2727,3384,2,occurs_in_speaker_text
532,3384,1,occurs_in_speaker_text
153,3384,7,occurs_in_speaker_text
1155,3384,1,occurs_in_speaker_text
1018,3384,1,occurs_in_speaker_text
1930,3384,1,occurs_in_speaker_text
1546,3384,1,occurs_in_speaker_text
1474,3384,1,occurs_in_speaker_text
509,3384,1,occurs_in_speaker_text
3261,3385,6,occurs_in_speaker_text
79,3385,1,occurs_in_speaker_text
153,3385,2,occurs_in_speaker_text
3183,3385,1,occurs_in_speaker_text
2654,3385,1,occurs_in_speaker_text
2261,3385,3,occurs_in_speaker_text
2609,3385,1,occurs_in_speaker_text
1111,3385,2,occurs_in_speaker_text
1537,3385,2,occurs_in_speaker_text
3062,3385,1,occurs_in_speaker_text
1489,3385,1,occurs_in_speaker_text
608,3385,1,occurs_in_speaker_text
163,3385,4,occurs_in_speaker_text
865,3385,1,occurs_in_speaker_text
893,3385,1,occurs_in_speaker_text
786,3385,1,occurs_in_speaker_text
2014,3385,1,occurs_in_speaker_text
2073,3385,1,occurs_in_speaker_text
1812,3385,1,occurs_in_speaker_text
1699,3385,1,occurs_in_speaker_text
278,3385,1,occurs_in_speaker_text
375,3385,1,occurs_in_speaker_text
2864,3385,1,occurs_in_speaker_text
1833,3385,1,occurs_in_speaker_text
3121,3385,1,occurs_in_speaker_text
2870,3385,1,occurs_in_speaker_text
2294,3385,1,occurs_in_speaker_text
1501,3385,2,occurs_in_speaker_text
2240,3385,1,occurs_in_speaker_text
2584,3385,1,occurs_in_speaker_text
866,3385,1,occurs_in_speaker_text
2501,3385,1,occurs_in_speaker_text
2727,3385,1,occurs_in_speaker_text
509,3385,1,occurs_in_speaker_text
2235,3385,1,occurs_in_speaker_text
1845,3385,1,occurs_in_speaker_text
2855,3385,1,occurs_in_speaker_text
770,3385,2,occurs_in_speaker_text
3232,3385,3,occurs_in_speaker_text
2841,3385,9,occurs_in_speaker_text
912,3385,1,occurs_in_speaker_text
1199,3385,1,occurs_in_speaker_text
241,3385,1,occurs_in_speaker_text
2118,3385,1,occurs_in_speaker_text
1398,3385,1,occurs_in_speaker_text
2960,3386,6,occurs_in_speaker_text
1081,3386,1,occurs_in_speaker_text
513,3386,1,occurs_in_speaker_text
904,3386,1,occurs_in_speaker_text
2515,3386,1,occurs_in_speaker_text
108,3386,1,occurs_in_speaker_text
2727,3386,7,occurs_in_speaker_text
1948,3386,1,occurs_in_speaker_text
1445,3386,1,occurs_in_speaker_text
1631,3387,1,occurs_in_speaker_text
3261,3387,4,occurs_in_speaker_text
3246,3387,1,occurs_in_speaker_text
3217,3387,2,occurs_in_speaker_text
153,3387,8,occurs_in_speaker_text
3210,3387,1,occurs_in_speaker_text
1537,3387,1,occurs_in_speaker_text
1812,3387,1,occurs_in_speaker_text
611,3387,5,occurs_in_speaker_text
904,3387,5,occurs_in_speaker_text
3044,3387,1,occurs_in_speaker_text
1864,3387,1,occurs_in_speaker_text
584,3387,1,occurs_in_speaker_text
116,3387,2,occurs_in_speaker_text
397,3387,1,occurs_in_speaker_text
2420,3387,1,occurs_in_speaker_text
786,3387,1,occurs_in_speaker_text
3005,3388,2,occurs_in_speaker_text
2977,3388,1,occurs_in_speaker_text
3154,3388,5,occurs_in_speaker_text
2746,3388,1,occurs_in_speaker_text
2235,3388,1,occurs_in_speaker_text
1475,3388,1,occurs_in_speaker_text
1529,3388,1,occurs_in_speaker_text
2261,3388,1,occurs_in_speaker_text
1498,3388,1,occurs_in_speaker_text
1837,3388,2,occurs_in_speaker_text
885,3388,1,occurs_in_speaker_text
196,3388,2,occurs_in_speaker_text
3020,3388,1,occurs_in_speaker_text
770,3388,1,occurs_in_speaker_text
2727,3388,1,occurs_in_speaker_text
1812,3388,1,occurs_in_speaker_text
3210,3389,1,occurs_in_speaker_text
2261,3389,4,occurs_in_speaker_text
1429,3389,3,occurs_in_speaker_text
611,3389,1,occurs_in_speaker_text
3261,3389,2,occurs_in_speaker_text
54,3389,1,occurs_in_speaker_text
1810,3389,2,occurs_in_speaker_text
1425,3389,1,occurs_in_speaker_text
2732,3389,1,occurs_in_speaker_text
2235,3389,1,occurs_in_speaker_text
2579,3389,1,occurs_in_speaker_text
1214,3389,1,occurs_in_speaker_text
2727,3389,1,occurs_in_speaker_text
3087,3389,1,occurs_in_speaker_text
2841,3389,2,occurs_in_speaker_text
770,3389,1,occurs_in_speaker_text
3042,3389,1,occurs_in_speaker_text
1718,3389,1,occurs_in_speaker_text
1364,3389,1,occurs_in_speaker_text
1773,3389,1,occurs_in_speaker_text
2371,3390,2,occurs_in_speaker_text
1778,3390,1,occurs_in_speaker_text
904,3390,1,occurs_in_speaker_text
1532,3390,1,occurs_in_speaker_text
2291,3390,1,occurs_in_speaker_text
729,3390,1,occurs_in_speaker_text
79,3390,1,occurs_in_speaker_text
709,3390,1,occurs_in_speaker_text
346,3390,1,occurs_in_speaker_text
209,3390,1,occurs_in_speaker_text
153,3390,1,occurs_in_speaker_text
1304,3390,1,occurs_in_speaker_text
2794,3391,1,occurs_in_speaker_text
703,3391,1,occurs_in_speaker_text
112,3391,2,occurs_in_speaker_text
2704,3391,1,occurs_in_speaker_text
196,3391,1,occurs_in_speaker_text
2977,3391,1,occurs_in_speaker_text
2235,3391,1,occurs_in_speaker_text
2068,3391,1,occurs_in_speaker_text
3071,3391,1,occurs_in_speaker_text
1550,3391,2,occurs_in_speaker_text
601,3391,1,occurs_in_speaker_text
2045,3391,1,occurs_in_speaker_text
2727,3392,15,occurs_in_speaker_text
2235,3392,3,occurs_in_speaker_text
509,3392,3,occurs_in_speaker_text
1637,3392,1,occurs_in_speaker_text
2076,3392,1,occurs_in_speaker_text
1244,3392,1,occurs_in_speaker_text
1714,3392,1,occurs_in_speaker_text
583,3392,1,occurs_in_speaker_text
2977,3392,1,occurs_in_speaker_text
2568,3392,1,occurs_in_speaker_text
3098,3392,1,occurs_in_speaker_text
871,3392,1,occurs_in_speaker_text
78,3393,1,occurs_in_speaker_text
2749,3393,1,occurs_in_speaker_text
2977,3393,1,occurs_in_speaker_text
3261,3393,4,occurs_in_speaker_text
3279,3393,1,occurs_in_speaker_text
3029,3393,1,occurs_in_speaker_text
153,3393,2,occurs_in_speaker_text
244,3393,1,occurs_in_speaker_text
2966,3393,1,occurs_in_speaker_text
2704,3393,1,occurs_in_speaker_text
1176,3393,2,occurs_in_speaker_text
1833,3393,1,occurs_in_speaker_text
1877,3393,1,occurs_in_speaker_text
2918,3393,1,occurs_in_speaker_text
2123,3393,1,occurs_in_speaker_text
891,3393,2,occurs_in_speaker_text
2974,3393,1,occurs_in_speaker_text
1854,3393,1,occurs_in_speaker_text
2732,3393,1,occurs_in_speaker_text
2948,3393,1,occurs_in_speaker_text
500,3393,1,occurs_in_speaker_text
1598,3393,1,occurs_in_speaker_text
320,3393,1,occurs_in_speaker_text
2515,3393,1,occurs_in_speaker_text
1837,3394,3,occurs_in_speaker_text
1398,3394,1,occurs_in_speaker_text
1018,3394,1,occurs_in_speaker_text
447,3394,1,occurs_in_speaker_text
1845,3394,1,occurs_in_speaker_text
1142,3394,1,occurs_in_speaker_text
2727,3394,1,occurs_in_speaker_text
2964,3394,1,occurs_in_speaker_text
3261,3394,1,occurs_in_speaker_text
3044,3394,1,occurs_in_speaker_text
196,3394,1,occurs_in_speaker_text
3210,3395,4,occurs_in_speaker_text
547,3395,1,occurs_in_speaker_text
3020,3395,14,occurs_in_speaker_text
2623,3395,1,occurs_in_speaker_text
3234,3395,1,occurs_in_speaker_text
2922,3395,2,occurs_in_speaker_text
750,3395,2,occurs_in_speaker_text
1143,3395,1,occurs_in_speaker_text
770,3395,3,occurs_in_speaker_text
113,3395,1,occurs_in_speaker_text
1202,3395,1,occurs_in_speaker_text
1751,3395,1,occurs_in_speaker_text
1231,3395,1,occurs_in_speaker_text
2798,3395,1,occurs_in_speaker_text
1311,3395,1,occurs_in_speaker_text
2240,3395,1,occurs_in_speaker_text
854,3395,1,occurs_in_speaker_text
2261,3395,3,occurs_in_speaker_text
163,3395,1,occurs_in_speaker_text
974,3395,1,occurs_in_speaker_text
1891,3395,1,occurs_in_speaker_text
926,3395,1,occurs_in_speaker_text
2425,3395,1,occurs_in_speaker_text
89,3395,1,occurs_in_speaker_text
1429,3395,1,occurs_in_speaker_text
611,3396,4,occurs_in_speaker_text
1111,3396,1,occurs_in_speaker_text
3210,3396,2,occurs_in_speaker_text
196,3396,1,occurs_in_speaker_text
509,3396,1,occurs_in_speaker_text
2352,3396,1,occurs_in_speaker_text
2294,3396,1,occurs_in_speaker_text
153,3396,1,occurs_in_speaker_text
2491,3396,1,occurs_in_speaker_text
912,3396,1,occurs_in_speaker_text
2606,3396,1,occurs_in_speaker_text
3261,3396,7,occurs_in_speaker_text
1239,3396,1,occurs_in_speaker_text
2235,3396,2,occurs_in_speaker_text
770,3396,3,occurs_in_speaker_text
2810,3396,1,occurs_in_speaker_text
616,3396,1,occurs_in_speaker_text
2727,3396,1,occurs_in_speaker_text
2626,3396,1,occurs_in_speaker_text
735,3396,1,occurs_in_speaker_text
299,3396,1,occurs_in_speaker_text
2895,3396,1,occurs_in_speaker_text
748,3396,1,occurs_in_speaker_text
620,3396,1,occurs_in_speaker_text
2841,3396,1,occurs_in_speaker_text
1084,3396,1,occurs_in_speaker_text
183,3396,1,occurs_in_speaker_text
30,3396,1,occurs_in_speaker_text
904,3396,1,occurs_in_speaker_text
3109,3397,1,occurs_in_speaker_text
833,3397,1,occurs_in_speaker_text
2060,3397,1,occurs_in_speaker_text
1120,3397,1,occurs_in_speaker_text
2491,3397,1,occurs_in_speaker_text
3261,3397,5,occurs_in_speaker_text
2460,3397,1,occurs_in_speaker_text
1513,3397,1,occurs_in_speaker_text
2235,3397,1,occurs_in_speaker_text
3020,3397,1,occurs_in_speaker_text
201,3397,1,occurs_in_speaker_text
1592,3397,1,occurs_in_speaker_text
1631,3397,1,occurs_in_speaker_text
2833,3397,1,occurs_in_speaker_text
1205,3397,1,occurs_in_speaker_text
3315,3397,1,occurs_in_speaker_text
77,3397,1,occurs_in_speaker_text
2727,3397,1,occurs_in_speaker_text
2568,3397,2,occurs_in_speaker_text
990,3397,1,occurs_in_speaker_text
770,3397,1,occurs_in_speaker_text
1684,3398,1,occurs_in_speaker_text
1889,3398,2,occurs_in_speaker_text
813,3398,1,occurs_in_speaker_text
196,3398,1,occurs_in_speaker_text
2235,3398,1,occurs_in_speaker_text
1249,3398,1,occurs_in_speaker_text
2065,3398,1,occurs_in_speaker_text
196,3399,1,occurs_in_speaker_text
2791,3399,1,occurs_in_speaker_text
3261,3399,2,occurs_in_speaker_text
854,3399,1,occurs_in_speaker_text
1440,3399,1,occurs_in_speaker_text
2732,3399,2,occurs_in_speaker_text
1431,3399,1,occurs_in_speaker_text
3020,3399,1,occurs_in_speaker_text
451,3399,1,occurs_in_speaker_text
2727,3399,1,occurs_in_speaker_text
2425,3399,1,occurs_in_speaker_text
1895,3399,1,occurs_in_speaker_text
1429,3399,1,occurs_in_speaker_text
3261,3400,6,occurs_in_speaker_text
511,3400,1,occurs_in_speaker_text
1052,3400,1,occurs_in_speaker_text
675,3400,1,occurs_in_speaker_text
2577,3400,1,occurs_in_speaker_text
3086,3400,1,occurs_in_speaker_text
1849,3400,1,occurs_in_speaker_text
2653,3400,1,occurs_in_speaker_text
2705,3400,1,occurs_in_speaker_text
3073,3400,1,occurs_in_speaker_text
1853,3400,1,occurs_in_speaker_text
2628,3400,1,occurs_in_speaker_text
2977,3400,1,occurs_in_speaker_text
2064,3400,1,occurs_in_speaker_text
3220,3400,1,occurs_in_speaker_text
153,3400,1,occurs_in_speaker_text
1812,3400,2,occurs_in_speaker_text
2568,3400,1,occurs_in_speaker_text
2235,3400,1,occurs_in_speaker_text
595,3400,1,occurs_in_speaker_text
727,3400,1,occurs_in_speaker_text
153,3401,2,occurs_in_speaker_text
2732,3401,1,occurs_in_speaker_text
1837,3401,1,occurs_in_speaker_text
2580,3401,1,occurs_in_speaker_text
356,3401,1,occurs_in_speaker_text
1812,3401,1,occurs_in_speaker_text
3255,3401,1,occurs_in_speaker_text
1062,3402,2,occurs_in_speaker_text
34,3402,3,occurs_in_speaker_text
2142,3402,1,occurs_in_speaker_text
1200,3402,1,occurs_in_speaker_text
616,3402,1,occurs_in_speaker_text
3315,3402,1,occurs_in_speaker_text
540,3402,1,occurs_in_speaker_text
2833,3403,1,occurs_in_speaker_text
378,3403,2,occurs_in_speaker_text
378,3404,1,occurs_in_speaker_text
1456,3404,1,occurs_in_speaker_text
2616,3404,1,occurs_in_speaker_text
2727,3404,2,occurs_in_speaker_text
829,3404,1,occurs_in_speaker_text
532,3404,4,occurs_in_speaker_text
2732,3404,4,occurs_in_speaker_text
1990,3404,1,occurs_in_speaker_text
2568,3404,1,occurs_in_speaker_text
319,3404,1,occurs_in_speaker_text
1876,3405,1,occurs_in_speaker_text
2914,3405,1,occurs_in_speaker_text
3261,3405,1,occurs_in_speaker_text
378,3405,4,occurs_in_speaker_text
2691,3407,1,occurs_in_speaker_text
2235,3407,4,occurs_in_speaker_text
616,3407,1,occurs_in_speaker_text
2727,3407,1,occurs_in_speaker_text
1765,3407,1,occurs_in_speaker_text
3178,3407,1,occurs_in_speaker_text
770,3407,3,occurs_in_speaker_text
509,3407,1,occurs_in_speaker_text
3261,3407,2,occurs_in_speaker_text
153,3407,3,occurs_in_speaker_text
1398,3407,1,occurs_in_speaker_text
2833,3407,1,occurs_in_speaker_text
2617,3407,1,occurs_in_speaker_text
196,3407,1,occurs_in_speaker_text
2977,3407,1,occurs_in_speaker_text
1845,3407,1,occurs_in_speaker_text
611,3407,1,occurs_in_speaker_text
2855,3407,1,occurs_in_speaker_text
1837,3407,1,occurs_in_speaker_text
2568,3407,1,occurs_in_speaker_text
3044,3407,1,occurs_in_speaker_text
450,3407,1,occurs_in_speaker_text
2147,3408,1,occurs_in_speaker_text
581,3409,1,occurs_in_speaker_text
2425,3409,1,occurs_in_speaker_text
3261,3410,1,occurs_in_speaker_text
158,3410,1,occurs_in_speaker_text
2929,3410,1,occurs_in_speaker_text
2727,3410,1,occurs_in_speaker_text
3033,3410,1,occurs_in_speaker_text
2265,3410,1,occurs_in_speaker_text
1454,3410,1,occurs_in_speaker_text
2460,3410,1,occurs_in_speaker_text
783,3410,1,occurs_in_speaker_text
2977,3411,7,occurs_in_speaker_text
1498,3411,1,occurs_in_speaker_text
196,3411,2,occurs_in_speaker_text
1348,3411,2,occurs_in_speaker_text
2047,3411,3,occurs_in_speaker_text
3138,3411,1,occurs_in_speaker_text
2300,3411,2,occurs_in_speaker_text
2782,3411,1,occurs_in_speaker_text
2413,3411,1,occurs_in_speaker_text
2841,3411,1,occurs_in_speaker_text
2704,3411,1,occurs_in_speaker_text
2261,3411,1,occurs_in_speaker_text
2457,3411,2,occurs_in_speaker_text
1951,3411,2,occurs_in_speaker_text
1554,3411,1,occurs_in_speaker_text
2235,3411,2,occurs_in_speaker_text
2568,3411,1,occurs_in_speaker_text
153,3411,4,occurs_in_speaker_text
0,3411,1,occurs_in_speaker_text
1994,3411,1,occurs_in_speaker_text
3071,3411,1,occurs_in_speaker_text
2478,3411,1,occurs_in_speaker_text
2076,3411,1,occurs_in_speaker_text
3143,3411,1,occurs_in_speaker_text
2343,3411,1,occurs_in_speaker_text
3297,3411,1,occurs_in_speaker_text
2727,3412,2,occurs_in_speaker_text
1111,3412,1,occurs_in_speaker_text
2235,3412,2,occurs_in_speaker_text
3044,3412,1,occurs_in_speaker_text
153,3412,1,occurs_in_speaker_text
2864,3413,1,occurs_in_speaker_text
2324,3413,1,occurs_in_speaker_text
2079,3413,1,occurs_in_speaker_text
2534,3413,1,occurs_in_speaker_text
1907,3413,1,occurs_in_speaker_text
3261,3413,3,occurs_in_speaker_text
3297,3413,2,occurs_in_speaker_text
1261,3413,1,occurs_in_speaker_text
2197,3413,1,occurs_in_speaker_text
153,3413,2,occurs_in_speaker_text
3005,3413,1,occurs_in_speaker_text
2123,3413,1,occurs_in_speaker_text
2704,3413,1,occurs_in_speaker_text
1804,3413,2,occurs_in_speaker_text
2727,3413,1,occurs_in_speaker_text
1763,3413,1,occurs_in_speaker_text
256,3413,1,occurs_in_speaker_text
2515,3413,1,occurs_in_speaker_text
2952,3413,1,occurs_in_speaker_text
3215,3413,1,occurs_in_speaker_text
3102,3413,1,occurs_in_speaker_text
2755,3413,1,occurs_in_speaker_text
532,3413,1,occurs_in_speaker_text
2652,3413,1,occurs_in_speaker_text
1425,3413,1,occurs_in_speaker_text
1398,3413,1,occurs_in_speaker_text
611,3413,1,occurs_in_speaker_text
196,3413,1,occurs_in_speaker_text
2235,3413,1,occurs_in_speaker_text
901,3413,1,occurs_in_speaker_text
2754,3413,1,occurs_in_speaker_text
3143,3414,11,occurs_in_speaker_text
186,3414,1,occurs_in_speaker_text
1062,3414,6,occurs_in_speaker_text
933,3414,1,occurs_in_speaker_text
196,3414,2,occurs_in_speaker_text
1967,3414,1,occurs_in_speaker_text
698,3414,1,occurs_in_speaker_text
3006,3414,2,occurs_in_speaker_text
892,3414,1,occurs_in_speaker_text
854,3414,1,occurs_in_speaker_text
2855,3414,1,occurs_in_speaker_text
2849,3414,1,occurs_in_speaker_text
800,3414,1,occurs_in_speaker_text
425,3414,1,occurs_in_speaker_text
2728,3414,2,occurs_in_speaker_text
2099,3414,1,occurs_in_speaker_text
251,3414,1,occurs_in_speaker_text
3136,3414,1,occurs_in_speaker_text
2535,3414,1,occurs_in_speaker_text
611,3415,6,occurs_in_speaker_text
1548,3415,1,occurs_in_speaker_text
1476,3415,1,occurs_in_speaker_text
1336,3415,1,occurs_in_speaker_text
699,3415,2,occurs_in_speaker_text
2841,3415,1,occurs_in_speaker_text
2604,3415,1,occurs_in_speaker_text
2605,3416,1,occurs_in_speaker_text
147,3416,1,occurs_in_speaker_text
1322,3416,1,occurs_in_speaker_text
419,3416,1,occurs_in_speaker_text
3054,3417,1,occurs_in_speaker_text
385,3417,1,occurs_in_speaker_text
1186,3417,1,occurs_in_speaker_text
2886,3417,1,occurs_in_speaker_text
2870,3417,1,occurs_in_speaker_text
2230,3417,1,occurs_in_speaker_text
2235,3417,2,occurs_in_speaker_text
395,3417,1,occurs_in_speaker_text
3261,3417,8,occurs_in_speaker_text
1812,3417,2,occurs_in_speaker_text
1845,3417,1,occurs_in_speaker_text
774,3417,1,occurs_in_speaker_text
2457,3417,1,occurs_in_speaker_text
2238,3417,1,occurs_in_speaker_text
2882,3417,1,occurs_in_speaker_text
1050,3417,1,occurs_in_speaker_text
2251,3417,1,occurs_in_speaker_text
13,3417,1,occurs_in_speaker_text
2187,3417,1,occurs_in_speaker_text
1555,3417,1,occurs_in_speaker_text
602,3417,1,occurs_in_speaker_text
1379,3417,1,occurs_in_speaker_text
2101,3417,1,occurs_in_speaker_text
196,3417,1,occurs_in_speaker_text
2727,3417,5,occurs_in_speaker_text
1603,3417,1,occurs_in_speaker_text
3160,3418,1,occurs_in_speaker_text
198,3418,1,occurs_in_speaker_text
3123,3418,1,occurs_in_speaker_text
3261,3418,5,occurs_in_speaker_text
2235,3418,1,occurs_in_speaker_text
3238,3418,1,occurs_in_speaker_text
661,3418,1,occurs_in_speaker_text
3315,3418,1,occurs_in_speaker_text
1267,3418,1,occurs_in_speaker_text
1699,3418,1,occurs_in_speaker_text
298,3419,1,occurs_in_speaker_text
2841,3419,1,occurs_in_speaker_text
2240,3419,1,occurs_in_speaker_text
770,3419,1,occurs_in_speaker_text
1263,3419,1,occurs_in_speaker_text
1729,3419,2,occurs_in_speaker_text
3143,3419,1,occurs_in_speaker_text
176,3419,2,occurs_in_speaker_text
2972,3419,1,occurs_in_speaker_text
2704,3419,2,occurs_in_speaker_text
2261,3419,1,occurs_in_speaker_text
2833,3419,1,occurs_in_speaker_text
2857,3419,1,occurs_in_speaker_text
1845,3419,1,occurs_in_speaker_text
3044,3419,1,occurs_in_speaker_text
2208,3420,1,occurs_in_speaker_text
2855,3421,1,occurs_in_speaker_text
1837,3421,1,occurs_in_speaker_text
770,3421,2,occurs_in_speaker_text
2727,3421,3,occurs_in_speaker_text
2756,3421,1,occurs_in_speaker_text
2235,3421,2,occurs_in_speaker_text
2841,3421,4,occurs_in_speaker_text
832,3421,1,occurs_in_speaker_text
2069,3421,1,occurs_in_speaker_text
1301,3421,1,occurs_in_speaker_text
1329,3421,1,occurs_in_speaker_text
2584,3421,1,occurs_in_speaker_text
2235,3422,2,occurs_in_speaker_text
885,3422,2,occurs_in_speaker_text
1142,3422,1,occurs_in_speaker_text
974,3422,1,occurs_in_speaker_text
2833,3422,1,occurs_in_speaker_text
611,3422,1,occurs_in_speaker_text
2235,3423,2,occurs_in_speaker_text
321,3423,1,occurs_in_speaker_text
1052,3424,2,occurs_in_speaker_text
1914,3424,1,occurs_in_speaker_text
507,3424,1,occurs_in_speaker_text
1933,3425,1,occurs_in_speaker_text
2535,3425,1,occurs_in_speaker_text
2453,3425,1,occurs_in_speaker_text
2568,3425,10,occurs_in_speaker_text
2853,3425,2,occurs_in_speaker_text
2142,3425,2,occurs_in_speaker_text
1837,3425,2,occurs_in_speaker_text
3184,3425,1,occurs_in_speaker_text
110,3425,1,occurs_in_speaker_text
699,3425,1,occurs_in_speaker_text
1117,3425,2,occurs_in_speaker_text
770,3425,3,occurs_in_speaker_text
2235,3425,2,occurs_in_speaker_text
2977,3425,1,occurs_in_speaker_text
1289,3425,1,occurs_in_speaker_text
1530,3425,1,occurs_in_speaker_text
1440,3425,1,occurs_in_speaker_text
1833,3425,2,occurs_in_speaker_text
2756,3425,1,occurs_in_speaker_text
1825,3425,1,occurs_in_speaker_text
1821,3425,1,occurs_in_speaker_text
1072,3425,1,occurs_in_speaker_text
159,3425,1,occurs_in_speaker_text
2773,3425,1,occurs_in_speaker_text
2704,3425,3,occurs_in_speaker_text
2727,3425,3,occurs_in_speaker_text
3297,3425,1,occurs_in_speaker_text
515,3425,1,occurs_in_speaker_text
3261,3425,1,occurs_in_speaker_text
792,3425,1,occurs_in_speaker_text
1699,3425,1,occurs_in_speaker_text
3143,3425,2,occurs_in_speaker_text
2525,3425,1,occurs_in_speaker_text
1276,3425,1,occurs_in_speaker_text
2075,3425,1,occurs_in_speaker_text
2803,3425,1,occurs_in_speaker_text
2732,3425,1,occurs_in_speaker_text
619,3425,1,occurs_in_speaker_text
378,3425,1,occurs_in_speaker_text
2841,3425,1,occurs_in_speaker_text
318,3425,2,occurs_in_speaker_text
855,3425,1,occurs_in_speaker_text
1845,3425,1,occurs_in_speaker_text
683,3426,1,occurs_in_speaker_text
2235,3426,4,occurs_in_speaker_text
2727,3426,6,occurs_in_speaker_text
2846,3426,1,occurs_in_speaker_text
3196,3426,1,occurs_in_speaker_text
1239,3426,1,occurs_in_speaker_text
2318,3426,2,occurs_in_speaker_text
1523,3426,1,occurs_in_speaker_text
611,3426,7,occurs_in_speaker_text
479,3426,1,occurs_in_speaker_text
116,3426,4,occurs_in_speaker_text
3261,3426,18,occurs_in_speaker_text
738,3426,1,occurs_in_speaker_text
1398,3426,1,occurs_in_speaker_text
589,3426,1,occurs_in_speaker_text
3232,3426,1,occurs_in_speaker_text
2240,3426,1,occurs_in_speaker_text
2250,3426,1,occurs_in_speaker_text
248,3426,1,occurs_in_speaker_text
840,3426,1,occurs_in_speaker_text
803,3426,1,occurs_in_speaker_text
1425,3426,2,occurs_in_speaker_text
3297,3426,1,occurs_in_speaker_text
1712,3426,3,occurs_in_speaker_text
210,3426,5,occurs_in_speaker_text
3278,3426,1,occurs_in_speaker_text
770,3426,2,occurs_in_speaker_text
1839,3426,1,occurs_in_speaker_text
2100,3426,1,occurs_in_speaker_text
3287,3426,1,occurs_in_speaker_text
856,3426,1,occurs_in_speaker_text
858,3426,1,occurs_in_speaker_text
1953,3426,1,occurs_in_speaker_text
1215,3426,1,occurs_in_speaker_text
684,3426,1,occurs_in_speaker_text
294,3426,1,occurs_in_speaker_text
2899,3426,1,occurs_in_speaker_text
3276,3426,1,occurs_in_speaker_text
1648,3428,1,occurs_in_speaker_text
241,3428,1,occurs_in_speaker_text
2727,3428,3,occurs_in_speaker_text
2792,3428,1,occurs_in_speaker_text
1151,3428,1,occurs_in_speaker_text
616,3428,1,occurs_in_speaker_text
1002,3428,1,occurs_in_speaker_text
2021,3428,1,occurs_in_speaker_text
2118,3428,1,occurs_in_speaker_text
3261,3428,2,occurs_in_speaker_text
2960,3428,1,occurs_in_speaker_text
1498,3428,1,occurs_in_speaker_text
78,3428,1,occurs_in_speaker_text
1327,3428,1,occurs_in_speaker_text
2261,3428,3,occurs_in_speaker_text
1652,3428,1,occurs_in_speaker_text
1615,3428,1,occurs_in_speaker_text
1833,3428,2,occurs_in_speaker_text
2841,3428,1,occurs_in_speaker_text
2235,3428,1,occurs_in_speaker_text
1426,3428,1,occurs_in_speaker_text
2992,3428,1,occurs_in_speaker_text
854,3428,1,occurs_in_speaker_text
3261,3429,2,occurs_in_speaker_text
1425,3429,2,occurs_in_speaker_text
3134,3429,1,occurs_in_speaker_text
2642,3429,1,occurs_in_speaker_text
3044,3429,1,occurs_in_speaker_text
3218,3429,1,occurs_in_speaker_text
904,3429,1,occurs_in_speaker_text
2849,3430,1,occurs_in_speaker_text
2676,3430,1,occurs_in_speaker_text
2240,3430,2,occurs_in_speaker_text
334,3430,1,occurs_in_speaker_text
2727,3430,2,occurs_in_speaker_text
1763,3430,1,occurs_in_speaker_text
196,3430,3,occurs_in_speaker_text
2798,3430,1,occurs_in_speaker_text
2945,3430,1,occurs_in_speaker_text
2664,3431,1,occurs_in_speaker_text
1078,3432,7,occurs_in_speaker_text
712,3432,1,occurs_in_speaker_text
1631,3433,1,occurs_in_speaker_text
2727,3433,8,occurs_in_speaker_text
1111,3433,2,occurs_in_speaker_text
2906,3433,1,occurs_in_speaker_text
2930,3433,1,occurs_in_speaker_text
2977,3433,1,occurs_in_speaker_text
904,3433,1,occurs_in_speaker_text
756,3433,1,occurs_in_speaker_text
2568,3433,3,occurs_in_speaker_text
585,3433,1,occurs_in_speaker_text
700,3433,1,occurs_in_speaker_text
3261,3433,2,occurs_in_speaker_text
153,3433,1,occurs_in_speaker_text
2261,3433,3,occurs_in_speaker_text
2476,3433,1,occurs_in_speaker_text
196,3433,1,occurs_in_speaker_text
1117,3433,1,occurs_in_speaker_text
1112,3433,1,occurs_in_speaker_text
1457,3433,1,occurs_in_speaker_text
2348,3433,1,occurs_in_speaker_text
78,3433,1,occurs_in_speaker_text
1825,3433,1,occurs_in_speaker_text
2240,3433,1,occurs_in_speaker_text
1244,3434,1,occurs_in_speaker_text
2240,3434,2,occurs_in_speaker_text
100,3434,1,occurs_in_speaker_text
2560,3434,1,occurs_in_speaker_text
768,3434,1,occurs_in_speaker_text
1257,3434,1,occurs_in_speaker_text
2376,3434,1,occurs_in_speaker_text
1498,3434,1,occurs_in_speaker_text
1406,3434,1,occurs_in_speaker_text
2099,3434,1,occurs_in_speaker_text
732,3434,1,occurs_in_speaker_text
66,3434,1,occurs_in_speaker_text
299,3434,1,occurs_in_speaker_text
1825,3434,1,occurs_in_speaker_text
123,3434,1,occurs_in_speaker_text
2176,3434,1,occurs_in_speaker_text
668,3434,1,occurs_in_speaker_text
2252,3434,1,occurs_in_speaker_text
1620,3435,1,occurs_in_speaker_text
282,3435,1,occurs_in_speaker_text
153,3435,3,occurs_in_speaker_text
3220,3435,1,occurs_in_speaker_text
496,3435,1,occurs_in_speaker_text
3060,3435,1,occurs_in_speaker_text
1136,3435,1,occurs_in_speaker_text
3210,3435,3,occurs_in_speaker_text
3297,3435,1,occurs_in_speaker_text
1751,3435,1,occurs_in_speaker_text
2366,3435,1,occurs_in_speaker_text
1970,3435,2,occurs_in_speaker_text
2261,3435,3,occurs_in_speaker_text
3196,3435,1,occurs_in_speaker_text
325,3435,1,occurs_in_speaker_text
2727,3435,1,occurs_in_speaker_text
2977,3435,2,occurs_in_speaker_text
257,3435,1,occurs_in_speaker_text
2568,3435,3,occurs_in_speaker_text
1112,3435,1,occurs_in_speaker_text
2841,3435,2,occurs_in_speaker_text
81,3435,1,occurs_in_speaker_text
138,3435,1,occurs_in_speaker_text
2409,3435,1,occurs_in_speaker_text
3099,3435,2,occurs_in_speaker_text
1176,3435,1,occurs_in_speaker_text
3020,3435,1,occurs_in_speaker_text
1845,3435,2,occurs_in_speaker_text
2960,3435,1,occurs_in_speaker_text
2235,3435,1,occurs_in_speaker_text
253,3435,4,occurs_in_speaker_text
900,3435,1,occurs_in_speaker_text
461,3435,1,occurs_in_speaker_text
1833,3435,1,occurs_in_speaker_text
2849,3435,1,occurs_in_speaker_text
3261,3435,1,occurs_in_speaker_text
1812,3435,1,occurs_in_speaker_text
1111,3435,1,occurs_in_speaker_text
609,3435,1,occurs_in_speaker_text
2460,3435,1,occurs_in_speaker_text
1780,3435,1,occurs_in_speaker_text
1812,3436,2,occurs_in_speaker_text
1837,3436,1,occurs_in_speaker_text
3261,3436,8,occurs_in_speaker_text
2079,3436,3,occurs_in_speaker_text
309,3436,1,occurs_in_speaker_text
2577,3436,2,occurs_in_speaker_text
950,3436,1,occurs_in_speaker_text
1231,3436,1,occurs_in_speaker_text
1398,3436,10,occurs_in_speaker_text
114,3436,1,occurs_in_speaker_text
854,3436,1,occurs_in_speaker_text
770,3436,4,occurs_in_speaker_text
1530,3436,2,occurs_in_speaker_text
2795,3436,1,occurs_in_speaker_text
1732,3436,1,occurs_in_speaker_text
1480,3436,1,occurs_in_speaker_text
705,3436,1,occurs_in_speaker_text
153,3436,4,occurs_in_speaker_text
1833,3436,1,occurs_in_speaker_text
116,3436,1,occurs_in_speaker_text
532,3436,1,occurs_in_speaker_text
1142,3436,1,occurs_in_speaker_text
2148,3436,1,occurs_in_speaker_text
1845,3436,1,occurs_in_speaker_text
3291,3436,1,occurs_in_speaker_text
2000,3436,1,occurs_in_speaker_text
284,3436,1,occurs_in_speaker_text
608,3436,1,occurs_in_speaker_text
844,3436,1,occurs_in_speaker_text
3018,3436,1,occurs_in_speaker_text
509,3436,1,occurs_in_speaker_text
1471,3436,1,occurs_in_speaker_text
1498,3436,1,occurs_in_speaker_text
122,3436,1,occurs_in_speaker_text
2730,3436,1,occurs_in_speaker_text
1913,3436,1,occurs_in_speaker_text
1004,3436,1,occurs_in_speaker_text
904,3436,1,occurs_in_speaker_text
3020,3436,1,occurs_in_speaker_text
2568,3436,1,occurs_in_speaker_text
295,3436,4,occurs_in_speaker_text
1871,3436,1,occurs_in_speaker_text
2137,3436,1,occurs_in_speaker_text
2833,3436,1,occurs_in_speaker_text
1391,3436,1,occurs_in_speaker_text
3232,3436,1,occurs_in_speaker_text
1111,3436,1,occurs_in_speaker_text
640,3436,1,occurs_in_speaker_text
486,3436,1,occurs_in_speaker_text
1425,3436,1,occurs_in_speaker_text
2039,3436,1,occurs_in_speaker_text
156,3436,1,occurs_in_speaker_text
196,3436,1,occurs_in_speaker_text
1406,3436,1,occurs_in_speaker_text
2728,3436,1,occurs_in_speaker_text
1209,3436,1,occurs_in_speaker_text
716,3436,1,occurs_in_speaker_text
2651,3436,1,occurs_in_speaker_text
3255,3436,2,occurs_in_speaker_text
1615,3436,1,occurs_in_speaker_text
2727,3436,2,occurs_in_speaker_text
2457,3436,1,occurs_in_speaker_text
504,3436,1,occurs_in_speaker_text
1490,3436,1,occurs_in_speaker_text
2798,3436,1,occurs_in_speaker_text
2472,3436,2,occurs_in_speaker_text
2360,3437,1,occurs_in_speaker_text
1111,3437,1,occurs_in_speaker_text
2727,3437,1,occurs_in_speaker_text
806,3437,1,occurs_in_speaker_text
3261,3437,1,occurs_in_speaker_text
904,3437,1,occurs_in_speaker_text
2261,3437,1,occurs_in_speaker_text
1515,3438,1,occurs_in_speaker_text
1736,3438,1,occurs_in_speaker_text
968,3438,1,occurs_in_speaker_text
3261,3438,1,occurs_in_speaker_text
15,3438,1,occurs_in_speaker_text
885,3438,1,occurs_in_speaker_text
1501,3438,1,occurs_in_speaker_text
1406,3438,1,occurs_in_speaker_text
1701,3438,1,occurs_in_speaker_text
447,3438,1,occurs_in_speaker_text
3278,3438,1,occurs_in_speaker_text
1498,3438,1,occurs_in_speaker_text
2441,3439,1,occurs_in_speaker_text
3049,3439,1,occurs_in_speaker_text
3020,3439,1,occurs_in_speaker_text
2841,3439,1,occurs_in_speaker_text
2727,3439,1,occurs_in_speaker_text
447,3439,2,occurs_in_speaker_text
1845,3439,2,occurs_in_speaker_text
1537,3439,1,occurs_in_speaker_text
3278,3439,1,occurs_in_speaker_text
715,3439,1,occurs_in_speaker_text
347,3439,1,occurs_in_speaker_text
1837,3439,1,occurs_in_speaker_text
854,3439,1,occurs_in_speaker_text
88,3439,1,occurs_in_speaker_text
1220,3439,1,occurs_in_speaker_text
2479,3439,1,occurs_in_speaker_text
2599,3439,1,occurs_in_speaker_text
2977,3439,1,occurs_in_speaker_text
257,3440,2,occurs_in_speaker_text
1537,3440,2,occurs_in_speaker_text
1845,3440,1,occurs_in_speaker_text
2727,3440,6,occurs_in_speaker_text
3220,3440,1,occurs_in_speaker_text
28,3440,1,occurs_in_speaker_text
245,3440,1,occurs_in_speaker_text
2732,3440,5,occurs_in_speaker_text
1705,3440,1,occurs_in_speaker_text
3254,3440,1,occurs_in_speaker_text
1917,3440,1,occurs_in_speaker_text
611,3440,1,occurs_in_speaker_text
1842,3440,1,occurs_in_speaker_text
3315,3440,1,occurs_in_speaker_text
1084,3440,1,occurs_in_speaker_text
616,3440,1,occurs_in_speaker_text
1804,3440,1,occurs_in_speaker_text
3261,3440,8,occurs_in_speaker_text
938,3440,1,occurs_in_speaker_text
153,3440,4,occurs_in_speaker_text
3049,3440,7,occurs_in_speaker_text
2442,3440,1,occurs_in_speaker_text
1639,3440,1,occurs_in_speaker_text
1425,3440,2,occurs_in_speaker_text
2079,3440,2,occurs_in_speaker_text
3074,3440,1,occurs_in_speaker_text
1051,3440,1,occurs_in_speaker_text
2992,3440,2,occurs_in_speaker_text
561,3440,1,occurs_in_speaker_text
1190,3440,1,occurs_in_speaker_text
313,3440,1,occurs_in_speaker_text
3158,3440,1,occurs_in_speaker_text
3143,3440,1,occurs_in_speaker_text
1111,3440,1,occurs_in_speaker_text
885,3440,1,occurs_in_speaker_text
971,3440,1,occurs_in_speaker_text
2920,3440,1,occurs_in_speaker_text
2494,3440,1,occurs_in_speaker_text
2364,3440,1,occurs_in_speaker_text
1498,3440,2,occurs_in_speaker_text
2643,3440,1,occurs_in_speaker_text
15,3440,1,occurs_in_speaker_text
206,3440,1,occurs_in_speaker_text
929,3440,1,occurs_in_speaker_text
1825,3440,1,occurs_in_speaker_text
1010,3440,1,occurs_in_speaker_text
1727,3440,1,occurs_in_speaker_text
196,3440,1,occurs_in_speaker_text
2700,3440,1,occurs_in_speaker_text
1398,3440,1,occurs_in_speaker_text
1640,3440,1,occurs_in_speaker_text
546,3440,1,occurs_in_speaker_text
1023,3440,1,occurs_in_speaker_text
2235,3440,4,occurs_in_speaker_text
2242,3440,1,occurs_in_speaker_text
185,3440,1,occurs_in_speaker_text
2499,3440,1,occurs_in_speaker_text
1024,3440,1,occurs_in_speaker_text
974,3440,1,occurs_in_speaker_text
116,3440,1,occurs_in_speaker_text
509,3440,1,occurs_in_speaker_text
834,3440,1,occurs_in_speaker_text
2301,3440,1,occurs_in_speaker_text
2732,3441,1,occurs_in_speaker_text
196,3441,5,occurs_in_speaker_text
770,3441,3,occurs_in_speaker_text
948,3441,1,occurs_in_speaker_text
1159,3441,1,occurs_in_speaker_text
585,3441,1,occurs_in_speaker_text
1710,3441,1,occurs_in_speaker_text
2727,3441,1,occurs_in_speaker_text
2568,3441,4,occurs_in_speaker_text
2980,3441,1,occurs_in_speaker_text
616,3441,2,occurs_in_speaker_text
1024,3441,1,occurs_in_speaker_text
2768,3441,1,occurs_in_speaker_text
1501,3441,1,occurs_in_speaker_text
329,3441,1,occurs_in_speaker_text
504,3441,1,occurs_in_speaker_text
2424,3441,1,occurs_in_speaker_text
906,3441,1,occurs_in_speaker_text
557,3441,1,occurs_in_speaker_text
3261,3441,3,occurs_in_speaker_text
2324,3441,1,occurs_in_speaker_text
2129,3441,1,occurs_in_speaker_text
1833,3442,1,occurs_in_speaker_text
3261,3442,5,occurs_in_speaker_text
153,3442,1,occurs_in_speaker_text
611,3442,1,occurs_in_speaker_text
1098,3442,2,occurs_in_speaker_text
1692,3442,1,occurs_in_speaker_text
1845,3442,1,occurs_in_speaker_text
1945,3444,1,occurs_in_speaker_text
411,3444,3,occurs_in_speaker_text
779,3444,1,occurs_in_speaker_text
504,3445,1,occurs_in_speaker_text
2457,3445,1,occurs_in_speaker_text
1713,3445,1,occurs_in_speaker_text
1757,3445,1,occurs_in_speaker_text
1228,3445,1,occurs_in_speaker_text
1837,3445,4,occurs_in_speaker_text
2261,3445,4,occurs_in_speaker_text
3128,3445,1,occurs_in_speaker_text
611,3445,2,occurs_in_speaker_text
2788,3445,1,occurs_in_speaker_text
2620,3445,1,occurs_in_speaker_text
405,3445,1,occurs_in_speaker_text
3212,3445,1,occurs_in_speaker_text
196,3446,1,occurs_in_speaker_text
1936,3446,2,occurs_in_speaker_text
3210,3446,4,occurs_in_speaker_text
2977,3446,2,occurs_in_speaker_text
1881,3446,1,occurs_in_speaker_text
2443,3446,1,occurs_in_speaker_text
3168,3446,1,occurs_in_speaker_text
2386,3446,1,occurs_in_speaker_text
2881,3446,1,occurs_in_speaker_text
2542,3446,1,occurs_in_speaker_text
1391,3446,1,occurs_in_speaker_text
2727,3446,4,occurs_in_speaker_text
3261,3446,10,occurs_in_speaker_text
2240,3446,3,occurs_in_speaker_text
34,3446,10,occurs_in_speaker_text
574,3446,1,occurs_in_speaker_text
1551,3446,1,occurs_in_speaker_text
2054,3446,1,occurs_in_speaker_text
691,3446,1,occurs_in_speaker_text
3005,3446,1,occurs_in_speaker_text
1812,3446,2,occurs_in_speaker_text
2275,3446,1,occurs_in_speaker_text
2536,3446,1,occurs_in_speaker_text
1997,3446,1,occurs_in_speaker_text
2364,3446,1,occurs_in_speaker_text
2636,3446,1,occurs_in_speaker_text
2755,3446,1,occurs_in_speaker_text
163,3446,1,occurs_in_speaker_text
1833,3446,1,occurs_in_speaker_text
2079,3446,1,occurs_in_speaker_text
1537,3446,1,occurs_in_speaker_text
2849,3446,13,occurs_in_speaker_text
2295,3446,6,occurs_in_speaker_text
2598,3446,3,occurs_in_speaker_text
1526,3446,1,occurs_in_speaker_text
2460,3446,6,occurs_in_speaker_text
2967,3446,1,occurs_in_speaker_text
2345,3446,1,occurs_in_speaker_text
2117,3446,1,occurs_in_speaker_text
770,3446,1,occurs_in_speaker_text
3232,3446,2,occurs_in_speaker_text
241,3446,1,occurs_in_speaker_text
2960,3446,1,occurs_in_speaker_text
1051,3446,1,occurs_in_speaker_text
1590,3446,1,occurs_in_speaker_text
1244,3446,1,occurs_in_speaker_text
1165,3446,1,occurs_in_speaker_text
588,3446,1,occurs_in_speaker_text
1960,3446,1,occurs_in_speaker_text
153,3446,1,occurs_in_speaker_text
882,3446,1,occurs_in_speaker_text
1361,3447,1,occurs_in_speaker_text
1838,3447,1,occurs_in_speaker_text
2629,3447,4,occurs_in_speaker_text
1419,3447,1,occurs_in_speaker_text
450,3447,1,occurs_in_speaker_text
1267,3447,1,occurs_in_speaker_text
241,3447,1,occurs_in_speaker_text
153,3447,41,occurs_in_speaker_text
2060,3447,1,occurs_in_speaker_text
1263,3447,1,occurs_in_speaker_text
1671,3447,1,occurs_in_speaker_text
2087,3447,2,occurs_in_speaker_text
93,3447,1,occurs_in_speaker_text
2977,3447,1,occurs_in_speaker_text
1398,3447,1,occurs_in_speaker_text
2192,3447,1,occurs_in_speaker_text
1825,3447,1,occurs_in_speaker_text
414,3447,1,occurs_in_speaker_text
1152,3447,1,occurs_in_speaker_text
3278,3447,2,occurs_in_speaker_text
633,3447,2,occurs_in_speaker_text
2250,3447,1,occurs_in_speaker_text
1615,3447,1,occurs_in_speaker_text
1432,3447,1,occurs_in_speaker_text
977,3447,1,occurs_in_speaker_text
2864,3447,1,occurs_in_speaker_text
1018,3447,2,occurs_in_speaker_text
2294,3447,1,occurs_in_speaker_text
2047,3447,1,occurs_in_speaker_text
2235,3447,1,occurs_in_speaker_text
509,3447,1,occurs_in_speaker_text
2110,3447,1,occurs_in_speaker_text
2240,3448,4,occurs_in_speaker_text
3232,3448,3,occurs_in_speaker_text
1111,3448,1,occurs_in_speaker_text
2993,3448,2,occurs_in_speaker_text
3261,3448,19,occurs_in_speaker_text
1537,3448,8,occurs_in_speaker_text
1154,3448,1,occurs_in_speaker_text
1837,3448,1,occurs_in_speaker_text
3210,3448,4,occurs_in_speaker_text
1962,3448,1,occurs_in_speaker_text
1730,3448,1,occurs_in_speaker_text
2849,3448,4,occurs_in_speaker_text
1501,3448,1,occurs_in_speaker_text
2841,3448,3,occurs_in_speaker_text
2010,3448,1,occurs_in_speaker_text
3020,3448,20,occurs_in_speaker_text
502,3448,1,occurs_in_speaker_text
2359,3448,6,occurs_in_speaker_text
2142,3448,3,occurs_in_speaker_text
2076,3448,3,occurs_in_speaker_text
1901,3448,2,occurs_in_speaker_text
823,3448,1,occurs_in_speaker_text
2185,3448,1,occurs_in_speaker_text
323,3448,1,occurs_in_speaker_text
163,3448,1,occurs_in_speaker_text
1456,3448,1,occurs_in_speaker_text
2868,3448,1,occurs_in_speaker_text
42,3448,4,occurs_in_speaker_text
3019,3448,1,occurs_in_speaker_text
3188,3448,1,occurs_in_speaker_text
616,3448,1,occurs_in_speaker_text
241,3448,1,occurs_in_speaker_text
908,3448,2,occurs_in_speaker_text
3249,3448,3,occurs_in_speaker_text
360,3448,1,occurs_in_speaker_text
2250,3448,1,occurs_in_speaker_text
2623,3448,1,occurs_in_speaker_text
980,3448,3,occurs_in_speaker_text
704,3448,1,occurs_in_speaker_text
2273,3448,1,occurs_in_speaker_text
2833,3448,1,occurs_in_speaker_text
2922,3448,1,occurs_in_speaker_text
1509,3448,1,occurs_in_speaker_text
1387,3448,1,occurs_in_speaker_text
1176,3448,1,occurs_in_speaker_text
770,3448,1,occurs_in_speaker_text
1521,3448,1,occurs_in_speaker_text
1401,3449,1,occurs_in_speaker_text
588,3449,1,occurs_in_speaker_text
1493,3449,1,occurs_in_speaker_text
78,3449,1,occurs_in_speaker_text
2915,3449,1,occurs_in_speaker_text
2123,3449,1,occurs_in_speaker_text
17,3449,1,occurs_in_speaker_text
1837,3449,1,occurs_in_speaker_text
2428,3449,1,occurs_in_speaker_text
153,3449,2,occurs_in_speaker_text
153,3450,9,occurs_in_speaker_text
2727,3450,3,occurs_in_speaker_text
2898,3450,1,occurs_in_speaker_text
3261,3450,22,occurs_in_speaker_text
2841,3450,1,occurs_in_speaker_text
611,3450,7,occurs_in_speaker_text
2222,3450,9,occurs_in_speaker_text
2666,3450,2,occurs_in_speaker_text
1084,3450,1,occurs_in_speaker_text
414,3450,1,occurs_in_speaker_text
196,3450,6,occurs_in_speaker_text
3232,3450,1,occurs_in_speaker_text
2534,3450,1,occurs_in_speaker_text
904,3450,1,occurs_in_speaker_text
2849,3450,1,occurs_in_speaker_text
616,3450,4,occurs_in_speaker_text
1373,3450,1,occurs_in_speaker_text
899,3450,1,occurs_in_speaker_text
2425,3450,1,occurs_in_speaker_text
1117,3451,1,occurs_in_speaker_text
1845,3451,1,occurs_in_speaker_text
940,3451,1,occurs_in_speaker_text
3050,3451,1,occurs_in_speaker_text
454,3451,1,occurs_in_speaker_text
32,3451,1,occurs_in_speaker_text
3044,3451,2,occurs_in_speaker_text
2235,3451,1,occurs_in_speaker_text
2841,3451,1,occurs_in_speaker_text
1905,3451,2,occurs_in_speaker_text
2261,3451,3,occurs_in_speaker_text
1810,3451,2,occurs_in_speaker_text
667,3451,1,occurs_in_speaker_text
786,3451,1,occurs_in_speaker_text
3278,3451,1,occurs_in_speaker_text
1051,3451,1,occurs_in_speaker_text
2371,3451,1,occurs_in_speaker_text
2704,3451,1,occurs_in_speaker_text
290,3451,1,occurs_in_speaker_text
1278,3451,1,occurs_in_speaker_text
998,3451,1,occurs_in_speaker_text
2870,3452,1,occurs_in_speaker_text
2261,3452,1,occurs_in_speaker_text
178,3452,1,occurs_in_speaker_text
3279,3452,1,occurs_in_speaker_text
2329,3453,1,occurs_in_speaker_text
2720,3453,1,occurs_in_speaker_text
1716,3453,1,occurs_in_speaker_text
116,3453,1,occurs_in_speaker_text
2294,3453,1,occurs_in_speaker_text
2625,3453,1,occurs_in_speaker_text
3020,3453,1,occurs_in_speaker_text
770,3453,1,occurs_in_speaker_text
2727,3453,2,occurs_in_speaker_text
2306,3453,1,occurs_in_speaker_text
2704,3453,2,occurs_in_speaker_text
2649,3453,1,occurs_in_speaker_text
292,3453,1,occurs_in_speaker_text
611,3453,1,occurs_in_speaker_text
3087,3453,1,occurs_in_speaker_text
1501,3453,1,occurs_in_speaker_text
1024,3453,1,occurs_in_speaker_text
2584,3453,1,occurs_in_speaker_text
1785,3453,1,occurs_in_speaker_text
2457,3453,1,occurs_in_speaker_text
3012,3453,1,occurs_in_speaker_text
951,3453,1,occurs_in_speaker_text
904,3453,1,occurs_in_speaker_text
3088,3453,1,occurs_in_speaker_text
153,3453,2,occurs_in_speaker_text
1018,3453,1,occurs_in_speaker_text
1826,3453,1,occurs_in_speaker_text
1425,3453,1,occurs_in_speaker_text
3044,3453,1,occurs_in_speaker_text
319,3453,1,occurs_in_speaker_text
1600,3453,1,occurs_in_speaker_text
364,3453,1,occurs_in_speaker_text
1812,3453,1,occurs_in_speaker_text
1833,3453,1,occurs_in_speaker_text
1652,3453,1,occurs_in_speaker_text
1431,3453,3,occurs_in_speaker_text
770,3454,2,occurs_in_speaker_text
2667,3454,1,occurs_in_speaker_text
1496,3454,1,occurs_in_speaker_text
611,3454,3,occurs_in_speaker_text
3261,3454,6,occurs_in_speaker_text
2235,3454,1,occurs_in_speaker_text
196,3454,1,occurs_in_speaker_text
2977,3454,2,occurs_in_speaker_text
2833,3454,1,occurs_in_speaker_text
1137,3454,1,occurs_in_speaker_text
947,3454,1,occurs_in_speaker_text
391,3454,1,occurs_in_speaker_text
1833,3454,1,occurs_in_speaker_text
2896,3454,1,occurs_in_speaker_text
855,3454,1,occurs_in_speaker_text
2649,3454,1,occurs_in_speaker_text
3232,3454,1,occurs_in_speaker_text
1249,3454,1,occurs_in_speaker_text
116,3455,2,occurs_in_speaker_text
2296,3455,1,occurs_in_speaker_text
3261,3455,3,occurs_in_speaker_text
1314,3455,1,occurs_in_speaker_text
2534,3455,1,occurs_in_speaker_text
1845,3455,2,occurs_in_speaker_text
1696,3455,1,occurs_in_speaker_text
492,3455,1,occurs_in_speaker_text
2977,3455,2,occurs_in_speaker_text
588,3455,5,occurs_in_speaker_text
1949,3455,1,occurs_in_speaker_text
2261,3455,7,occurs_in_speaker_text
2235,3455,4,occurs_in_speaker_text
15,3455,1,occurs_in_speaker_text
3297,3455,1,occurs_in_speaker_text
1221,3455,1,occurs_in_speaker_text
3255,3455,1,occurs_in_speaker_text
1245,3455,1,occurs_in_speaker_text
854,3455,1,occurs_in_speaker_text
2568,3455,1,occurs_in_speaker_text
1837,3455,1,occurs_in_speaker_text
2727,3455,5,occurs_in_speaker_text
1498,3455,1,occurs_in_speaker_text
2704,3455,14,occurs_in_speaker_text
509,3455,1,occurs_in_speaker_text
751,3455,1,occurs_in_speaker_text
820,3455,1,occurs_in_speaker_text
249,3455,1,occurs_in_speaker_text
611,3455,1,occurs_in_speaker_text
253,3455,1,occurs_in_speaker_text
3058,3455,1,occurs_in_speaker_text
1590,3455,1,occurs_in_speaker_text
196,3456,8,occurs_in_speaker_text
3261,3456,1,occurs_in_speaker_text
2568,3456,1,occurs_in_speaker_text
2016,3456,1,occurs_in_speaker_text
1732,3456,1,occurs_in_speaker_text
1501,3456,1,occurs_in_speaker_text
770,3456,5,occurs_in_speaker_text
2977,3456,1,occurs_in_speaker_text
2833,3456,1,occurs_in_speaker_text
2535,3456,2,occurs_in_speaker_text
3044,3456,1,occurs_in_speaker_text
2727,3456,1,occurs_in_speaker_text
1845,3456,1,occurs_in_speaker_text
2286,3457,1,occurs_in_speaker_text
3261,3457,1,occurs_in_speaker_text
1018,3457,3,occurs_in_speaker_text
844,3457,1,occurs_in_speaker_text
2727,3457,4,occurs_in_speaker_text
2177,3457,1,occurs_in_speaker_text
716,3457,1,occurs_in_speaker_text
699,3457,2,occurs_in_speaker_text
595,3457,2,occurs_in_speaker_text
904,3457,1,occurs_in_speaker_text
153,3457,3,occurs_in_speaker_text
318,3457,1,occurs_in_speaker_text
2425,3457,1,occurs_in_speaker_text
1911,3457,1,occurs_in_speaker_text
3278,3457,1,occurs_in_speaker_text
2235,3457,3,occurs_in_speaker_text
770,3457,1,occurs_in_speaker_text
1833,3457,1,occurs_in_speaker_text
1560,3457,1,occurs_in_speaker_text
3261,3458,1,occurs_in_speaker_text
1002,3458,1,occurs_in_speaker_text
2060,3458,1,occurs_in_speaker_text
2043,3458,1,occurs_in_speaker_text
1269,3458,1,occurs_in_speaker_text
1935,3458,1,occurs_in_speaker_text
2757,3458,1,occurs_in_speaker_text
2261,3458,1,occurs_in_speaker_text
2841,3458,1,occurs_in_speaker_text
2235,3458,1,occurs_in_speaker_text
1072,3458,1,occurs_in_speaker_text
1485,3458,1,occurs_in_speaker_text
1556,3458,1,occurs_in_speaker_text
3232,3458,1,occurs_in_speaker_text
1853,3458,1,occurs_in_speaker_text
3020,3458,1,occurs_in_speaker_text
1754,3458,1,occurs_in_speaker_text
2079,3458,2,occurs_in_speaker_text
2420,3458,1,occurs_in_speaker_text
770,3458,1,occurs_in_speaker_text
1111,3458,1,occurs_in_speaker_text
1176,3459,1,occurs_in_speaker_text
487,3459,1,occurs_in_speaker_text
2841,3459,1,occurs_in_speaker_text
1833,3459,1,occurs_in_speaker_text
2727,3459,4,occurs_in_speaker_text
188,3459,1,occurs_in_speaker_text
149,3459,2,occurs_in_speaker_text
2864,3459,1,occurs_in_speaker_text
1614,3459,1,occurs_in_speaker_text
607,3459,1,occurs_in_speaker_text
2732,3459,1,occurs_in_speaker_text
2625,3459,1,occurs_in_speaker_text
163,3459,1,occurs_in_speaker_text
2568,3459,1,occurs_in_speaker_text
616,3459,2,occurs_in_speaker_text
2060,3459,1,occurs_in_speaker_text
1464,3459,1,occurs_in_speaker_text
2235,3459,2,occurs_in_speaker_text
3044,3459,2,occurs_in_speaker_text
1798,3459,1,occurs_in_speaker_text
1837,3459,1,occurs_in_speaker_text
3281,3460,1,occurs_in_speaker_text
3040,3460,1,occurs_in_speaker_text
257,3460,1,occurs_in_speaker_text
2972,3460,1,occurs_in_speaker_text
2499,3460,1,occurs_in_speaker_text
736,3460,1,occurs_in_speaker_text
2150,3460,1,occurs_in_speaker_text
1837,3460,1,occurs_in_speaker_text
259,3460,1,occurs_in_speaker_text
2428,3460,1,occurs_in_speaker_text
2460,3460,1,occurs_in_speaker_text
1334,3460,1,occurs_in_speaker_text
885,3460,1,occurs_in_speaker_text
3205,3460,1,occurs_in_speaker_text
121,3460,1,occurs_in_speaker_text
1548,3460,1,occurs_in_speaker_text
1618,3460,1,occurs_in_speaker_text
1336,3460,1,occurs_in_speaker_text
3232,3460,1,occurs_in_speaker_text
1298,3460,1,occurs_in_speaker_text
2849,3460,1,occurs_in_speaker_text
257,3461,4,occurs_in_speaker_text
1456,3461,2,occurs_in_speaker_text
2261,3461,5,occurs_in_speaker_text
1051,3461,1,occurs_in_speaker_text
1132,3461,1,occurs_in_speaker_text
770,3461,1,occurs_in_speaker_text
2727,3461,1,occurs_in_speaker_text
3212,3461,1,occurs_in_speaker_text
3221,3461,1,occurs_in_speaker_text
2841,3461,1,occurs_in_speaker_text
2932,3461,2,occurs_in_speaker_text
3031,3461,1,occurs_in_speaker_text
2553,3461,1,occurs_in_speaker_text
3314,3461,1,occurs_in_speaker_text
1595,3461,1,occurs_in_speaker_text
2228,3461,1,occurs_in_speaker_text
3261,3461,2,occurs_in_speaker_text
3210,3461,2,occurs_in_speaker_text
2617,3461,1,occurs_in_speaker_text
2945,3461,1,occurs_in_speaker_text
854,3461,1,occurs_in_speaker_text
2261,3462,1,occurs_in_speaker_text
3210,3462,1,occurs_in_speaker_text
1837,3462,1,occurs_in_speaker_text
3044,3462,2,occurs_in_speaker_text
100,3462,1,occurs_in_speaker_text
3261,3462,3,occurs_in_speaker_text
2235,3462,3,occurs_in_speaker_text
1845,3462,1,occurs_in_speaker_text
1381,3462,1,occurs_in_speaker_text
1498,3462,1,occurs_in_speaker_text
1804,3462,1,occurs_in_speaker_text
2841,3463,1,occurs_in_speaker_text
2290,3463,5,occurs_in_speaker_text
153,3463,2,occurs_in_speaker_text
1606,3464,2,occurs_in_speaker_text
1710,3464,2,occurs_in_speaker_text
1359,3464,1,occurs_in_speaker_text
1549,3464,1,occurs_in_speaker_text
3020,3464,1,occurs_in_speaker_text
2235,3464,1,occurs_in_speaker_text
1190,3464,1,occurs_in_speaker_text
1196,3464,2,occurs_in_speaker_text
196,3464,6,occurs_in_speaker_text
2241,3464,2,occurs_in_speaker_text
3143,3464,2,occurs_in_speaker_text
2177,3464,1,occurs_in_speaker_text
1429,3464,1,occurs_in_speaker_text
1142,3464,2,occurs_in_speaker_text
2996,3464,1,occurs_in_speaker_text
153,3464,2,occurs_in_speaker_text
2841,3464,2,occurs_in_speaker_text
885,3464,1,occurs_in_speaker_text
2942,3464,1,occurs_in_speaker_text
3261,3464,1,occurs_in_speaker_text
1425,3464,1,occurs_in_speaker_text
2889,3464,1,occurs_in_speaker_text
184,3465,1,occurs_in_speaker_text
2903,3465,1,occurs_in_speaker_text
1319,3465,1,occurs_in_speaker_text
861,3465,1,occurs_in_speaker_text
807,3465,1,occurs_in_speaker_text
2357,3465,1,occurs_in_speaker_text
2240,3465,1,occurs_in_speaker_text
718,3465,1,occurs_in_speaker_text
310,3465,1,occurs_in_speaker_text
2254,3465,1,occurs_in_speaker_text
3051,3465,1,occurs_in_speaker_text
1261,3465,1,occurs_in_speaker_text
2407,3465,1,occurs_in_speaker_text
1194,3465,1,occurs_in_speaker_text
1845,3465,1,occurs_in_speaker_text
2475,3465,1,occurs_in_speaker_text
419,3465,1,occurs_in_speaker_text
2659,3465,1,occurs_in_speaker_text
714,3465,1,occurs_in_speaker_text
701,3465,1,occurs_in_speaker_text
3143,3465,1,occurs_in_speaker_text
2977,3465,1,occurs_in_speaker_text
1142,3466,2,occurs_in_speaker_text
2727,3466,2,occurs_in_speaker_text
2079,3466,2,occurs_in_speaker_text
2204,3466,1,occurs_in_speaker_text
2822,3466,1,occurs_in_speaker_text
153,3466,4,occurs_in_speaker_text
2235,3466,1,occurs_in_speaker_text
2652,3466,1,occurs_in_speaker_text
3261,3466,1,occurs_in_speaker_text
2932,3466,2,occurs_in_speaker_text
739,3466,1,occurs_in_speaker_text
2428,3467,1,occurs_in_speaker_text
2972,3467,3,occurs_in_speaker_text
1385,3467,1,occurs_in_speaker_text
1245,3467,1,occurs_in_speaker_text
2019,3467,1,occurs_in_speaker_text
196,3467,1,occurs_in_speaker_text
2727,3467,3,occurs_in_speaker_text
3261,3467,2,occurs_in_speaker_text
2290,3467,1,occurs_in_speaker_text
2253,3467,1,occurs_in_speaker_text
616,3467,1,occurs_in_speaker_text
2457,3467,1,occurs_in_speaker_text
955,3468,10,occurs_in_speaker_text
2977,3468,1,occurs_in_speaker_text
2759,3468,1,occurs_in_speaker_text
2855,3468,1,occurs_in_speaker_text
2065,3469,1,occurs_in_speaker_text
2727,3469,2,occurs_in_speaker_text
2133,3469,1,occurs_in_speaker_text
2960,3469,1,occurs_in_speaker_text
1708,3469,1,occurs_in_speaker_text
153,3469,1,occurs_in_speaker_text
3261,3469,2,occurs_in_speaker_text
854,3469,1,occurs_in_speaker_text
626,3469,1,occurs_in_speaker_text
1837,3469,1,occurs_in_speaker_text
3074,3469,1,occurs_in_speaker_text
2841,3469,2,occurs_in_speaker_text
770,3469,1,occurs_in_speaker_text
3020,3469,1,occurs_in_speaker_text
1191,3469,1,occurs_in_speaker_text
3261,3470,2,occurs_in_speaker_text
2992,3470,2,occurs_in_speaker_text
1314,3470,1,occurs_in_speaker_text
2833,3470,1,occurs_in_speaker_text
1669,3470,1,occurs_in_speaker_text
2727,3470,2,occurs_in_speaker_text
2129,3470,1,occurs_in_speaker_text
2276,3472,1,occurs_in_speaker_text
1845,3472,1,occurs_in_speaker_text
3261,3472,1,occurs_in_speaker_text
1398,3472,1,occurs_in_speaker_text
819,3472,1,occurs_in_speaker_text
441,3472,1,occurs_in_speaker_text
904,3472,1,occurs_in_speaker_text
3095,3472,1,occurs_in_speaker_text
2841,3473,1,occurs_in_speaker_text
2586,3473,5,occurs_in_speaker_text
770,3473,1,occurs_in_speaker_text
904,3473,1,occurs_in_speaker_text
2261,3475,6,occurs_in_speaker_text
2704,3475,2,occurs_in_speaker_text
3205,3475,1,occurs_in_speaker_text
78,3475,1,occurs_in_speaker_text
990,3475,1,occurs_in_speaker_text
1569,3475,1,occurs_in_speaker_text
2178,3475,1,occurs_in_speaker_text
1833,3475,1,occurs_in_speaker_text
2457,3475,1,occurs_in_speaker_text
464,3475,1,occurs_in_speaker_text
2727,3475,1,occurs_in_speaker_text
2235,3475,2,occurs_in_speaker_text
1018,3475,1,occurs_in_speaker_text
3261,3475,1,occurs_in_speaker_text
557,3475,1,occurs_in_speaker_text
1804,3475,1,occurs_in_speaker_text
770,3475,2,occurs_in_speaker_text
3020,3475,1,occurs_in_speaker_text
81,3475,1,occurs_in_speaker_text
509,3475,1,occurs_in_speaker_text
195,3475,4,occurs_in_speaker_text
201,3475,4,occurs_in_speaker_text
2841,3475,2,occurs_in_speaker_text
1837,3475,1,occurs_in_speaker_text
1051,3475,1,occurs_in_speaker_text
2967,3475,1,occurs_in_speaker_text
3056,3475,1,occurs_in_speaker_text
3210,3475,1,occurs_in_speaker_text
3048,3475,1,occurs_in_speaker_text
1382,3475,1,occurs_in_speaker_text
2955,3475,1,occurs_in_speaker_text
854,3475,1,occurs_in_speaker_text
153,3475,1,occurs_in_speaker_text
2306,3475,1,occurs_in_speaker_text
2250,3475,1,occurs_in_speaker_text
2425,3475,1,occurs_in_speaker_text
1837,3476,1,occurs_in_speaker_text
2833,3476,2,occurs_in_speaker_text
2235,3476,4,occurs_in_speaker_text
2732,3476,1,occurs_in_speaker_text
2727,3476,1,occurs_in_speaker_text
259,3476,1,occurs_in_speaker_text
770,3476,1,occurs_in_speaker_text
196,3476,1,occurs_in_speaker_text
2841,3476,2,occurs_in_speaker_text
782,3476,1,occurs_in_speaker_text
2261,3476,1,occurs_in_speaker_text
3079,3476,1,occurs_in_speaker_text
2425,3476,2,occurs_in_speaker_text
250,3476,1,occurs_in_speaker_text
1231,3476,1,occurs_in_speaker_text
469,3476,1,occurs_in_speaker_text
2472,3476,1,occurs_in_speaker_text
3261,3476,1,occurs_in_speaker_text
1833,3477,1,occurs_in_speaker_text
2728,3477,1,occurs_in_speaker_text
3205,3477,1,occurs_in_speaker_text
542,3477,1,occurs_in_speaker_text
2060,3477,1,occurs_in_speaker_text
2727,3477,4,occurs_in_speaker_text
1111,3477,4,occurs_in_speaker_text
1918,3477,1,occurs_in_speaker_text
1659,3477,1,occurs_in_speaker_text
3005,3477,1,occurs_in_speaker_text
2855,3477,1,occurs_in_speaker_text
78,3477,1,occurs_in_speaker_text
1498,3477,1,occurs_in_speaker_text
2499,3477,2,occurs_in_speaker_text
2568,3477,1,occurs_in_speaker_text
117,3477,4,occurs_in_speaker_text
1261,3477,1,occurs_in_speaker_text
298,3477,1,occurs_in_speaker_text
153,3478,3,occurs_in_speaker_text
2977,3479,1,occurs_in_speaker_text
616,3479,1,occurs_in_speaker_text
3261,3479,4,occurs_in_speaker_text
1398,3479,1,occurs_in_speaker_text
153,3479,1,occurs_in_speaker_text
1908,3479,1,occurs_in_speaker_text
762,3479,1,occurs_in_speaker_text
2118,3479,1,occurs_in_speaker_text
854,3479,1,occurs_in_speaker_text
196,3479,2,occurs_in_speaker_text
574,3479,1,occurs_in_speaker_text
1812,3479,1,occurs_in_speaker_text
2019,3479,1,occurs_in_speaker_text
2825,3479,1,occurs_in_speaker_text
2062,3479,1,occurs_in_speaker_text
929,3479,1,occurs_in_speaker_text
1650,3479,1,occurs_in_speaker_text
1845,3479,1,occurs_in_speaker_text
1501,3479,1,occurs_in_speaker_text
1425,3481,2,occurs_in_speaker_text
1825,3481,1,occurs_in_speaker_text
130,3481,1,occurs_in_speaker_text
2649,3481,1,occurs_in_speaker_text
2763,3481,1,occurs_in_speaker_text
3044,3481,2,occurs_in_speaker_text
2235,3481,1,occurs_in_speaker_text
1261,3481,2,occurs_in_speaker_text
3005,3481,6,occurs_in_speaker_text
153,3481,2,occurs_in_speaker_text
1012,3481,1,occurs_in_speaker_text
2733,3481,1,occurs_in_speaker_text
196,3481,6,occurs_in_speaker_text
2434,3481,1,occurs_in_speaker_text
616,3481,1,occurs_in_speaker_text
447,3481,1,occurs_in_speaker_text
537,3481,2,occurs_in_speaker_text
694,3481,1,occurs_in_speaker_text
730,3481,1,occurs_in_speaker_text
1744,3481,1,occurs_in_speaker_text
1961,3481,1,occurs_in_speaker_text
2568,3481,2,occurs_in_speaker_text
1482,3481,1,occurs_in_speaker_text
1615,3481,1,occurs_in_speaker_text
116,3481,1,occurs_in_speaker_text
2727,3481,3,occurs_in_speaker_text
2977,3481,1,occurs_in_speaker_text
2001,3481,1,occurs_in_speaker_text
2833,3481,1,occurs_in_speaker_text
2905,3481,1,occurs_in_speaker_text
1122,3481,1,occurs_in_speaker_text
339,3481,1,occurs_in_speaker_text
1430,3481,1,occurs_in_speaker_text
330,3481,1,occurs_in_speaker_text
990,3481,1,occurs_in_speaker_text
1858,3481,1,occurs_in_speaker_text
3244,3481,1,occurs_in_speaker_text
3254,3481,1,occurs_in_speaker_text
1833,3481,1,occurs_in_speaker_text
2076,3481,1,occurs_in_speaker_text
2079,3481,1,occurs_in_speaker_text
885,3482,1,occurs_in_speaker_text
2261,3482,2,occurs_in_speaker_text
3261,3482,2,occurs_in_speaker_text
1429,3482,1,occurs_in_speaker_text
904,3482,1,occurs_in_speaker_text
153,3482,3,occurs_in_speaker_text
1506,3482,1,occurs_in_speaker_text
2151,3482,1,occurs_in_speaker_text
2235,3482,1,occurs_in_speaker_text
2328,3482,1,occurs_in_speaker_text
257,3483,1,occurs_in_speaker_text
811,3483,2,occurs_in_speaker_text
1468,3483,1,occurs_in_speaker_text
3020,3483,1,occurs_in_speaker_text
2261,3483,13,occurs_in_speaker_text
1279,3483,1,occurs_in_speaker_text
1429,3483,2,occurs_in_speaker_text
3221,3483,4,occurs_in_speaker_text
611,3483,1,occurs_in_speaker_text
3261,3483,2,occurs_in_speaker_text
885,3483,1,occurs_in_speaker_text
1188,3483,1,occurs_in_speaker_text
3212,3483,1,occurs_in_speaker_text
3254,3483,1,occurs_in_speaker_text
1132,3483,2,occurs_in_speaker_text
2286,3483,1,occurs_in_speaker_text
2932,3483,13,occurs_in_speaker_text
1501,3483,1,occurs_in_speaker_text
1018,3483,1,occurs_in_speaker_text
1162,3483,1,occurs_in_speaker_text
2235,3483,1,occurs_in_speaker_text
3199,3483,1,occurs_in_speaker_text
2291,3483,1,occurs_in_speaker_text
1456,3483,1,occurs_in_speaker_text
2833,3484,8,occurs_in_speaker_text
1244,3484,1,occurs_in_speaker_text
2727,3484,5,occurs_in_speaker_text
2841,3484,2,occurs_in_speaker_text
756,3484,1,occurs_in_speaker_text
2261,3484,1,occurs_in_speaker_text
1501,3484,1,occurs_in_speaker_text
1090,3484,1,occurs_in_speaker_text
2555,3484,1,occurs_in_speaker_text
2870,3484,1,occurs_in_speaker_text
1623,3484,1,occurs_in_speaker_text
1111,3484,1,occurs_in_speaker_text
515,3484,1,occurs_in_speaker_text
1732,3484,1,occurs_in_speaker_text
2444,3484,1,occurs_in_speaker_text
533,3484,1,occurs_in_speaker_text
2116,3484,2,occurs_in_speaker_text
3020,3484,1,occurs_in_speaker_text
2447,3484,1,occurs_in_speaker_text
1537,3484,1,occurs_in_speaker_text
3044,3484,2,occurs_in_speaker_text
153,3484,7,occurs_in_speaker_text
1627,3484,1,occurs_in_speaker_text
2679,3484,1,occurs_in_speaker_text
727,3484,1,occurs_in_speaker_text
2989,3484,8,occurs_in_speaker_text
3297,3484,1,occurs_in_speaker_text
3261,3484,1,occurs_in_speaker_text
2105,3484,1,occurs_in_speaker_text
2199,3484,1,occurs_in_speaker_text
1833,3484,1,occurs_in_speaker_text
1836,3484,1,occurs_in_speaker_text
2076,3484,1,occurs_in_speaker_text
1072,3484,1,occurs_in_speaker_text
2755,3484,1,occurs_in_speaker_text
1815,3484,1,occurs_in_speaker_text
1872,3484,1,occurs_in_speaker_text
3143,3487,1,occurs_in_speaker_text
770,3487,1,occurs_in_speaker_text
2960,3487,1,occurs_in_speaker_text
2568,3487,1,occurs_in_speaker_text
2977,3487,1,occurs_in_speaker_text
1406,3487,1,occurs_in_speaker_text
196,3487,2,occurs_in_speaker_text
1845,3487,2,occurs_in_speaker_text
1871,3487,1,occurs_in_speaker_text
2855,3487,1,occurs_in_speaker_text
471,3488,2,occurs_in_speaker_text
1440,3488,1,occurs_in_speaker_text
3044,3488,1,occurs_in_speaker_text
257,3488,1,occurs_in_speaker_text
30,3488,2,occurs_in_speaker_text
2727,3488,1,occurs_in_speaker_text
2619,3488,1,occurs_in_speaker_text
3295,3488,1,occurs_in_speaker_text
176,3488,1,occurs_in_speaker_text
116,3488,1,occurs_in_speaker_text
447,3488,1,occurs_in_speaker_text
2568,3488,1,occurs_in_speaker_text
1833,3488,1,occurs_in_speaker_text
1413,3489,1,occurs_in_speaker_text
1470,3489,1,occurs_in_speaker_text
534,3489,1,occurs_in_speaker_text
699,3489,1,occurs_in_speaker_text
2704,3489,1,occurs_in_speaker_text
1507,3489,1,occurs_in_speaker_text
844,3490,1,occurs_in_speaker_text
2568,3490,1,occurs_in_speaker_text
2991,3490,2,occurs_in_speaker_text
153,3490,12,occurs_in_speaker_text
2727,3490,1,occurs_in_speaker_text
1274,3490,1,occurs_in_speaker_text
1748,3490,1,occurs_in_speaker_text
2841,3490,1,occurs_in_speaker_text
2977,3490,1,occurs_in_speaker_text
1630,3490,1,occurs_in_speaker_text
3261,3490,2,occurs_in_speaker_text
2992,3490,1,occurs_in_speaker_text
3020,3490,1,occurs_in_speaker_text
2261,3490,1,occurs_in_speaker_text
2425,3490,1,occurs_in_speaker_text
611,3490,1,occurs_in_speaker_text
1725,3491,2,occurs_in_speaker_text
1837,3491,1,occurs_in_speaker_text
153,3491,2,occurs_in_speaker_text
1415,3491,1,occurs_in_speaker_text
3071,3491,1,occurs_in_speaker_text
746,3491,1,occurs_in_speaker_text
3315,3492,11,occurs_in_speaker_text
758,3492,1,occurs_in_speaker_text
976,3492,1,occurs_in_speaker_text
1108,3492,1,occurs_in_speaker_text
2738,3492,2,occurs_in_speaker_text
2235,3492,1,occurs_in_speaker_text
897,3492,1,occurs_in_speaker_text
2079,3492,2,occurs_in_speaker_text
1051,3492,1,occurs_in_speaker_text
537,3492,1,occurs_in_speaker_text
2732,3492,1,occurs_in_speaker_text
1425,3492,2,occurs_in_speaker_text
3261,3492,4,occurs_in_speaker_text
196,3492,1,occurs_in_speaker_text
1072,3492,1,occurs_in_speaker_text
770,3492,1,occurs_in_speaker_text
2727,3492,1,occurs_in_speaker_text
16,3492,1,occurs_in_speaker_text
1833,3492,1,occurs_in_speaker_text
1440,3492,1,occurs_in_speaker_text
2491,3492,1,occurs_in_speaker_text
513,3492,2,occurs_in_speaker_text
1710,3492,1,occurs_in_speaker_text
1825,3492,1,occurs_in_speaker_text
2568,3493,1,occurs_in_speaker_text
904,3493,1,occurs_in_speaker_text
2167,3493,1,occurs_in_speaker_text
2977,3493,2,occurs_in_speaker_text
611,3493,1,occurs_in_speaker_text
29,3493,1,occurs_in_speaker_text
2577,3493,1,occurs_in_speaker_text
1119,3493,2,occurs_in_speaker_text
1845,3493,1,occurs_in_speaker_text
2727,3493,4,occurs_in_speaker_text
1501,3494,2,occurs_in_speaker_text
2261,3494,5,occurs_in_speaker_text
3278,3494,1,occurs_in_speaker_text
1741,3494,1,occurs_in_speaker_text
611,3494,1,occurs_in_speaker_text
3122,3494,1,occurs_in_speaker_text
1979,3494,1,occurs_in_speaker_text
2243,3494,1,occurs_in_speaker_text
1748,3494,1,occurs_in_speaker_text
854,3494,1,occurs_in_speaker_text
1117,3494,1,occurs_in_speaker_text
2727,3494,1,occurs_in_speaker_text
1304,3494,1,occurs_in_speaker_text
2235,3494,4,occurs_in_speaker_text
3220,3494,1,occurs_in_speaker_text
850,3494,1,occurs_in_speaker_text
153,3494,2,occurs_in_speaker_text
27,3494,1,occurs_in_speaker_text
3261,3494,2,occurs_in_speaker_text
884,3494,1,occurs_in_speaker_text
333,3494,1,occurs_in_speaker_text
2362,3494,1,occurs_in_speaker_text
2679,3494,1,occurs_in_speaker_text
3281,3494,1,occurs_in_speaker_text
1778,3494,1,occurs_in_speaker_text
1807,3494,1,occurs_in_speaker_text
2591,3494,1,occurs_in_speaker_text
2338,3494,1,occurs_in_speaker_text
2079,3494,1,occurs_in_speaker_text
1024,3494,1,occurs_in_speaker_text
2545,3495,2,occurs_in_speaker_text
227,3495,1,occurs_in_speaker_text
3261,3495,2,occurs_in_speaker_text
2590,3495,1,occurs_in_speaker_text
2014,3495,1,occurs_in_speaker_text
2771,3495,1,occurs_in_speaker_text
770,3495,3,occurs_in_speaker_text
2633,3495,1,occurs_in_speaker_text
326,3496,1,occurs_in_speaker_text
990,3496,1,occurs_in_speaker_text
1081,3496,1,occurs_in_speaker_text
2235,3496,4,occurs_in_speaker_text
2568,3496,1,occurs_in_speaker_text
2517,3496,1,occurs_in_speaker_text
2473,3496,1,occurs_in_speaker_text
2732,3496,2,occurs_in_speaker_text
1377,3496,1,occurs_in_speaker_text
1425,3496,1,occurs_in_speaker_text
196,3496,2,occurs_in_speaker_text
2280,3496,1,occurs_in_speaker_text
1845,3496,1,occurs_in_speaker_text
2192,3496,1,occurs_in_speaker_text
796,3496,1,occurs_in_speaker_text
3138,3496,1,occurs_in_speaker_text
3074,3496,1,occurs_in_speaker_text
2404,3496,1,occurs_in_speaker_text
918,3496,1,occurs_in_speaker_text
2484,3496,1,occurs_in_speaker_text
509,3496,1,occurs_in_speaker_text
504,3496,1,occurs_in_speaker_text
3254,3496,1,occurs_in_speaker_text
3020,3496,1,occurs_in_speaker_text
1449,3496,1,occurs_in_speaker_text
116,3496,1,occurs_in_speaker_text
2841,3496,1,occurs_in_speaker_text
1362,3496,1,occurs_in_speaker_text
3302,3497,1,occurs_in_speaker_text
1601,3497,1,occurs_in_speaker_text
3261,3497,4,occurs_in_speaker_text
1440,3497,1,occurs_in_speaker_text
2235,3497,1,occurs_in_speaker_text
1679,3497,1,occurs_in_speaker_text
2734,3497,1,occurs_in_speaker_text
2599,3497,1,occurs_in_speaker_text
770,3497,4,occurs_in_speaker_text
299,3497,1,occurs_in_speaker_text
1398,3497,1,occurs_in_speaker_text
153,3497,2,occurs_in_speaker_text
611,3497,2,occurs_in_speaker_text
2841,3497,1,occurs_in_speaker_text
740,3497,1,occurs_in_speaker_text
1407,3497,1,occurs_in_speaker_text
2849,3497,3,occurs_in_speaker_text
2425,3497,1,occurs_in_speaker_text
2261,3497,1,occurs_in_speaker_text
1932,3497,1,occurs_in_speaker_text
1501,3497,1,occurs_in_speaker_text
3125,3497,1,occurs_in_speaker_text
1482,3497,1,occurs_in_speaker_text
1615,3497,1,occurs_in_speaker_text
1190,3497,1,occurs_in_speaker_text
1996,3499,1,occurs_in_speaker_text
2965,3499,1,occurs_in_speaker_text
2112,3499,1,occurs_in_speaker_text
537,3499,1,occurs_in_speaker_text
3193,3499,1,occurs_in_speaker_text
2065,3499,1,occurs_in_speaker_text
2727,3499,2,occurs_in_speaker_text
2594,3499,1,occurs_in_speaker_text
1061,3499,1,occurs_in_speaker_text
2235,3499,2,occurs_in_speaker_text
2871,3499,2,occurs_in_speaker_text
1943,3499,2,occurs_in_speaker_text
3064,3499,1,occurs_in_speaker_text
291,3499,1,occurs_in_speaker_text
410,3499,1,occurs_in_speaker_text
2105,3499,1,occurs_in_speaker_text
1837,3499,1,occurs_in_speaker_text
1558,3499,1,occurs_in_speaker_text
2727,3500,1,occurs_in_speaker_text
3135,3502,1,occurs_in_speaker_text
3261,3502,3,occurs_in_speaker_text
2235,3502,1,occurs_in_speaker_text
770,3502,1,occurs_in_speaker_text
3239,3503,1,occurs_in_speaker_text
2876,3503,2,occurs_in_speaker_text
359,3503,1,occurs_in_speaker_text
3261,3503,1,occurs_in_speaker_text
1142,3503,1,occurs_in_speaker_text
2192,3503,3,occurs_in_speaker_text
1275,3503,2,occurs_in_speaker_text
1261,3503,1,occurs_in_speaker_text
1797,3503,1,occurs_in_speaker_text
2235,3503,1,occurs_in_speaker_text
2849,3503,7,occurs_in_speaker_text
616,3503,37,occurs_in_speaker_text
1551,3503,1,occurs_in_speaker_text
428,3503,1,occurs_in_speaker_text
2457,3503,1,occurs_in_speaker_text
3261,3504,1,occurs_in_speaker_text
1498,3505,1,occurs_in_speaker_text
2842,3506,1,occurs_in_speaker_text
3050,3506,1,occurs_in_speaker_text
1954,3506,1,occurs_in_speaker_text
2833,3506,4,occurs_in_speaker_text
1224,3506,1,occurs_in_speaker_text
378,3506,1,occurs_in_speaker_text
2199,3506,1,occurs_in_speaker_text
148,3506,1,occurs_in_speaker_text
611,3506,3,occurs_in_speaker_text
2727,3506,3,occurs_in_speaker_text
3044,3506,1,occurs_in_speaker_text
3261,3506,24,occurs_in_speaker_text
770,3506,6,occurs_in_speaker_text
2420,3506,1,occurs_in_speaker_text
3124,3506,1,occurs_in_speaker_text
2700,3506,1,occurs_in_speaker_text
2887,3506,1,occurs_in_speaker_text
153,3506,18,occurs_in_speaker_text
1084,3506,1,occurs_in_speaker_text
2340,3506,15,occurs_in_speaker_text
1833,3506,1,occurs_in_speaker_text
323,3506,1,occurs_in_speaker_text
2665,3506,1,occurs_in_speaker_text
2841,3506,4,occurs_in_speaker_text
557,3506,1,occurs_in_speaker_text
3311,3506,1,occurs_in_speaker_text
3205,3506,1,occurs_in_speaker_text
1686,3506,1,occurs_in_speaker_text
2235,3506,3,occurs_in_speaker_text
1937,3506,1,occurs_in_speaker_text
1465,3506,1,occurs_in_speaker_text
1018,3506,3,occurs_in_speaker_text
2118,3506,1,occurs_in_speaker_text
1429,3506,1,occurs_in_speaker_text
1710,3506,1,occurs_in_speaker_text
2849,3506,1,occurs_in_speaker_text
1837,3506,1,occurs_in_speaker_text
299,3506,1,occurs_in_speaker_text
2261,3506,1,occurs_in_speaker_text
1810,3507,1,occurs_in_speaker_text
2235,3507,3,occurs_in_speaker_text
512,3507,1,occurs_in_speaker_text
3309,3507,1,occurs_in_speaker_text
2030,3507,1,occurs_in_speaker_text
117,3507,1,occurs_in_speaker_text
1397,3507,1,occurs_in_speaker_text
3260,3507,1,occurs_in_speaker_text
1482,3507,1,occurs_in_speaker_text
770,3507,1,occurs_in_speaker_text
2727,3508,9,occurs_in_speaker_text
140,3508,1,occurs_in_speaker_text
1252,3508,1,occurs_in_speaker_text
566,3508,1,occurs_in_speaker_text
3244,3508,1,occurs_in_speaker_text
557,3508,1,occurs_in_speaker_text
1456,3508,1,occurs_in_speaker_text
163,3508,3,occurs_in_speaker_text
2841,3508,2,occurs_in_speaker_text
1845,3508,3,occurs_in_speaker_text
1569,3508,1,occurs_in_speaker_text
116,3508,8,occurs_in_speaker_text
146,3508,1,occurs_in_speaker_text
2755,3508,1,occurs_in_speaker_text
2992,3508,1,occurs_in_speaker_text
1833,3508,3,occurs_in_speaker_text
960,3508,2,occurs_in_speaker_text
1539,3508,2,occurs_in_speaker_text
1176,3508,1,occurs_in_speaker_text
2791,3508,1,occurs_in_speaker_text
640,3508,1,occurs_in_speaker_text
2261,3508,1,occurs_in_speaker_text
2142,3508,4,occurs_in_speaker_text
3297,3508,2,occurs_in_speaker_text
770,3508,1,occurs_in_speaker_text
1331,3508,1,occurs_in_speaker_text
1501,3508,2,occurs_in_speaker_text
2294,3508,1,occurs_in_speaker_text
3261,3508,2,occurs_in_speaker_text
153,3508,1,occurs_in_speaker_text
178,3508,1,occurs_in_speaker_text
2849,3508,2,occurs_in_speaker_text
3020,3508,1,occurs_in_speaker_text
196,3508,3,occurs_in_speaker_text
218,3508,1,occurs_in_speaker_text
1043,3508,1,occurs_in_speaker_text
2425,3508,1,occurs_in_speaker_text
2629,3509,2,occurs_in_speaker_text
611,3509,1,occurs_in_speaker_text
1699,3509,1,occurs_in_speaker_text
3261,3509,2,occurs_in_speaker_text
2235,3509,1,occurs_in_speaker_text
2727,3509,3,occurs_in_speaker_text
1098,3509,1,occurs_in_speaker_text
196,3509,3,occurs_in_speaker_text
1617,3510,1,occurs_in_speaker_text
3297,3510,1,occurs_in_speaker_text
1249,3510,1,occurs_in_speaker_text
2320,3510,1,occurs_in_speaker_text
1753,3510,3,occurs_in_speaker_text
196,3510,1,occurs_in_speaker_text
3261,3510,4,occurs_in_speaker_text
3220,3510,2,occurs_in_speaker_text
540,3510,1,occurs_in_speaker_text
3254,3510,1,occurs_in_speaker_text
1084,3510,1,occurs_in_speaker_text
2727,3510,2,occurs_in_speaker_text
1501,3510,1,occurs_in_speaker_text
2991,3510,3,occurs_in_speaker_text
153,3510,3,occurs_in_speaker_text
1018,3510,2,occurs_in_speaker_text
3232,3510,2,occurs_in_speaker_text
2313,3510,1,occurs_in_speaker_text
1845,3510,1,occurs_in_speaker_text
267,3510,1,occurs_in_speaker_text
1837,3510,2,occurs_in_speaker_text
611,3510,1,occurs_in_speaker_text
1804,3510,1,occurs_in_speaker_text
2388,3510,1,occurs_in_speaker_text
1440,3510,1,occurs_in_speaker_text
685,3510,1,occurs_in_speaker_text
3261,3511,8,occurs_in_speaker_text
770,3511,1,occurs_in_speaker_text
2977,3511,1,occurs_in_speaker_text
1763,3511,1,occurs_in_speaker_text
1748,3511,5,occurs_in_speaker_text
3002,3511,1,occurs_in_speaker_text
1837,3511,1,occurs_in_speaker_text
854,3511,2,occurs_in_speaker_text
195,3511,1,occurs_in_speaker_text
1425,3511,1,occurs_in_speaker_text
1998,3511,1,occurs_in_speaker_text
1812,3511,2,occurs_in_speaker_text
882,3511,2,occurs_in_speaker_text
2548,3511,2,occurs_in_speaker_text
153,3511,2,occurs_in_speaker_text
2002,3511,1,occurs_in_speaker_text
1018,3511,1,occurs_in_speaker_text
2989,3511,1,occurs_in_speaker_text
2704,3511,2,occurs_in_speaker_text
2424,3511,1,occurs_in_speaker_text
1456,3511,1,occurs_in_speaker_text
155,3511,1,occurs_in_speaker_text
1530,3511,1,occurs_in_speaker_text
2189,3511,1,occurs_in_speaker_text
2457,3511,1,occurs_in_speaker_text
783,3511,1,occurs_in_speaker_text
447,3511,3,occurs_in_speaker_text
3069,3511,1,occurs_in_speaker_text
2065,3511,1,occurs_in_speaker_text
3044,3511,1,occurs_in_speaker_text
1710,3511,1,occurs_in_speaker_text
1111,3511,1,occurs_in_speaker_text
2841,3511,2,occurs_in_speaker_text
3020,3511,3,occurs_in_speaker_text
3314,3511,1,occurs_in_speaker_text
157,3511,1,occurs_in_speaker_text
1474,3511,2,occurs_in_speaker_text
1701,3511,1,occurs_in_speaker_text
778,3511,1,occurs_in_speaker_text
2727,3511,1,occurs_in_speaker_text
1440,3511,1,occurs_in_speaker_text
3297,3512,1,occurs_in_speaker_text
3285,3512,1,occurs_in_speaker_text
2445,3512,1,occurs_in_speaker_text
726,3512,1,occurs_in_speaker_text
3143,3512,1,occurs_in_speaker_text
955,3512,1,occurs_in_speaker_text
1018,3513,1,occurs_in_speaker_text
804,3513,1,occurs_in_speaker_text
2727,3513,4,occurs_in_speaker_text
1472,3513,1,occurs_in_speaker_text
116,3513,1,occurs_in_speaker_text
2210,3513,1,occurs_in_speaker_text
3231,3513,1,occurs_in_speaker_text
2906,3513,1,occurs_in_speaker_text
2992,3513,4,occurs_in_speaker_text
946,3513,1,occurs_in_speaker_text
1176,3513,6,occurs_in_speaker_text
52,3513,1,occurs_in_speaker_text
2841,3513,4,occurs_in_speaker_text
2723,3513,1,occurs_in_speaker_text
3255,3513,1,occurs_in_speaker_text
2261,3513,1,occurs_in_speaker_text
1751,3513,1,occurs_in_speaker_text
3210,3513,6,occurs_in_speaker_text
974,3513,1,occurs_in_speaker_text
1501,3513,1,occurs_in_speaker_text
2079,3513,2,occurs_in_speaker_text
2294,3513,1,occurs_in_speaker_text
904,3513,1,occurs_in_speaker_text
2548,3513,1,occurs_in_speaker_text
1366,3513,1,occurs_in_speaker_text
3250,3513,2,occurs_in_speaker_text
1537,3513,3,occurs_in_speaker_text
770,3513,5,occurs_in_speaker_text
1845,3513,2,occurs_in_speaker_text
1336,3513,2,occurs_in_speaker_text
2235,3513,3,occurs_in_speaker_text
177,3513,1,occurs_in_speaker_text
756,3513,1,occurs_in_speaker_text
2057,3513,1,occurs_in_speaker_text
257,3513,1,occurs_in_speaker_text
2634,3513,1,occurs_in_speaker_text
3242,3513,1,occurs_in_speaker_text
303,3513,1,occurs_in_speaker_text
2614,3513,1,occurs_in_speaker_text
3261,3513,1,occurs_in_speaker_text
3044,3513,1,occurs_in_speaker_text
708,3513,1,occurs_in_speaker_text
1111,3513,1,occurs_in_speaker_text
3079,3513,1,occurs_in_speaker_text
488,3513,1,occurs_in_speaker_text
990,3515,1,occurs_in_speaker_text
2261,3515,1,occurs_in_speaker_text
1710,3515,2,occurs_in_speaker_text
885,3515,2,occurs_in_speaker_text
451,3515,1,occurs_in_speaker_text
3297,3515,1,occurs_in_speaker_text
2727,3515,1,occurs_in_speaker_text
2833,3515,1,occurs_in_speaker_text
322,3515,1,occurs_in_speaker_text
1837,3515,3,occurs_in_speaker_text
2943,3515,1,occurs_in_speaker_text
2732,3515,2,occurs_in_speaker_text
2919,3515,1,occurs_in_speaker_text
453,3515,1,occurs_in_speaker_text
450,3515,1,occurs_in_speaker_text
2235,3515,5,occurs_in_speaker_text
2863,3515,1,occurs_in_speaker_text
2841,3515,1,occurs_in_speaker_text
2535,3515,1,occurs_in_speaker_text
3261,3515,1,occurs_in_speaker_text
1111,3515,1,occurs_in_speaker_text
1498,3515,1,occurs_in_speaker_text
2704,3515,1,occurs_in_speaker_text
611,3515,1,occurs_in_speaker_text
1964,3515,1,occurs_in_speaker_text
1804,3515,1,occurs_in_speaker_text
196,3516,4,occurs_in_speaker_text
1198,3517,1,occurs_in_speaker_text
3289,3517,1,occurs_in_speaker_text
3240,3517,1,occurs_in_speaker_text
2804,3517,1,occurs_in_speaker_text
728,3517,1,occurs_in_speaker_text
1437,3517,2,occurs_in_speaker_text
3141,3517,1,occurs_in_speaker_text
2798,3517,1,occurs_in_speaker_text
1550,3517,2,occurs_in_speaker_text
919,3518,1,occurs_in_speaker_text
277,3518,1,occurs_in_speaker_text
1810,3518,1,occurs_in_speaker_text
1203,3518,1,occurs_in_speaker_text
2807,3518,1,occurs_in_speaker_text
904,3518,1,occurs_in_speaker_text
1111,3519,1,occurs_in_speaker_text
2704,3519,2,occurs_in_speaker_text
1663,3520,1,occurs_in_speaker_text
1833,3520,1,occurs_in_speaker_text
1328,3520,1,occurs_in_speaker_text
841,3520,1,occurs_in_speaker_text
1521,3520,1,occurs_in_speaker_text
3020,3520,8,occurs_in_speaker_text
946,3520,2,occurs_in_speaker_text
2977,3520,3,occurs_in_speaker_text
2240,3520,2,occurs_in_speaker_text
770,3520,3,occurs_in_speaker_text
2477,3520,2,occurs_in_speaker_text
1701,3520,1,occurs_in_speaker_text
1325,3520,1,occurs_in_speaker_text
2727,3520,3,occurs_in_speaker_text
153,3520,1,occurs_in_speaker_text
196,3520,1,occurs_in_speaker_text
1806,3520,1,occurs_in_speaker_text
2828,3520,1,occurs_in_speaker_text
1538,3520,1,occurs_in_speaker_text
2261,3520,1,occurs_in_speaker_text
1112,3520,2,occurs_in_speaker_text
762,3520,1,occurs_in_speaker_text
2076,3520,1,occurs_in_speaker_text
2842,3520,1,occurs_in_speaker_text
3235,3520,2,occurs_in_speaker_text
3005,3520,2,occurs_in_speaker_text
2915,3520,2,occurs_in_speaker_text
1228,3520,1,occurs_in_speaker_text
117,3520,1,occurs_in_speaker_text
2455,3520,1,occurs_in_speaker_text
2855,3520,1,occurs_in_speaker_text
78,3520,1,occurs_in_speaker_text
257,3520,1,occurs_in_speaker_text
2121,3520,1,occurs_in_speaker_text
2619,3520,1,occurs_in_speaker_text
1511,3520,1,occurs_in_speaker_text
89,3520,1,occurs_in_speaker_text
770,3521,2,occurs_in_speaker_text
2783,3521,1,occurs_in_speaker_text
66,3521,1,occurs_in_speaker_text
3044,3521,1,occurs_in_speaker_text
2960,3521,1,occurs_in_speaker_text
153,3521,1,occurs_in_speaker_text
147,3523,1,occurs_in_speaker_text
2535,3523,1,occurs_in_speaker_text
3142,3523,1,occurs_in_speaker_text
611,3523,1,occurs_in_speaker_text
2855,3523,1,occurs_in_speaker_text
78,3523,1,occurs_in_speaker_text
100,3523,2,occurs_in_speaker_text
540,3523,2,occurs_in_speaker_text
36,3523,1,occurs_in_speaker_text
25,3523,1,occurs_in_speaker_text
910,3523,1,occurs_in_speaker_text
1804,3523,1,occurs_in_speaker_text
904,3524,12,occurs_in_speaker_text
2261,3524,6,occurs_in_speaker_text
1028,3524,1,occurs_in_speaker_text
3049,3524,1,occurs_in_speaker_text
1326,3524,2,occurs_in_speaker_text
2833,3524,1,occurs_in_speaker_text
2109,3524,4,occurs_in_speaker_text
2436,3524,1,occurs_in_speaker_text
956,3524,1,occurs_in_speaker_text
770,3524,1,occurs_in_speaker_text
153,3524,1,occurs_in_speaker_text
3210,3525,1,occurs_in_speaker_text
2841,3525,1,occurs_in_speaker_text
2409,3525,1,occurs_in_speaker_text
2750,3525,1,occurs_in_speaker_text
65,3525,1,occurs_in_speaker_text
3261,3525,1,occurs_in_speaker_text
854,3525,2,occurs_in_speaker_text
2235,3525,1,occurs_in_speaker_text
2960,3525,2,occurs_in_speaker_text
2644,3525,1,occurs_in_speaker_text
1027,3525,1,occurs_in_speaker_text
1833,3525,3,occurs_in_speaker_text
2727,3525,1,occurs_in_speaker_text
2977,3525,1,occurs_in_speaker_text
153,3526,6,occurs_in_speaker_text
904,3526,1,occurs_in_speaker_text
1314,3526,1,occurs_in_speaker_text
3261,3526,11,occurs_in_speaker_text
3315,3526,1,occurs_in_speaker_text
618,3526,1,occurs_in_speaker_text
2727,3526,1,occurs_in_speaker_text
1833,3526,1,occurs_in_speaker_text
1018,3526,1,occurs_in_speaker_text
770,3526,1,occurs_in_speaker_text
406,3526,1,occurs_in_speaker_text
2992,3526,1,occurs_in_speaker_text
2462,3526,1,occurs_in_speaker_text
1355,3526,1,occurs_in_speaker_text
1160,3526,1,occurs_in_speaker_text
3234,3526,2,occurs_in_speaker_text
904,3527,1,occurs_in_speaker_text
3096,3527,1,occurs_in_speaker_text
2184,3527,1,occurs_in_speaker_text
1618,3527,1,occurs_in_speaker_text
3261,3527,3,occurs_in_speaker_text
1837,3527,1,occurs_in_speaker_text
3044,3527,1,occurs_in_speaker_text
611,3527,1,occurs_in_speaker_text
2302,3527,1,occurs_in_speaker_text
2235,3527,6,occurs_in_speaker_text
2704,3527,1,occurs_in_speaker_text
153,3528,9,occurs_in_speaker_text
2526,3528,1,occurs_in_speaker_text
1375,3528,1,occurs_in_speaker_text
885,3528,1,occurs_in_speaker_text
2235,3528,3,occurs_in_speaker_text
2574,3528,1,occurs_in_speaker_text
2727,3528,1,occurs_in_speaker_text
949,3528,1,occurs_in_speaker_text
3315,3528,3,occurs_in_speaker_text
2142,3528,2,occurs_in_speaker_text
641,3528,1,occurs_in_speaker_text
611,3528,3,occurs_in_speaker_text
969,3528,1,occurs_in_speaker_text
1812,3528,1,occurs_in_speaker_text
1391,3528,2,occurs_in_speaker_text
2118,3528,1,occurs_in_speaker_text
3261,3528,3,occurs_in_speaker_text
2393,3528,1,occurs_in_speaker_text
509,3528,1,occurs_in_speaker_text
1679,3528,1,occurs_in_speaker_text
196,3528,1,occurs_in_speaker_text
3138,3528,1,occurs_in_speaker_text
2855,3528,1,occurs_in_speaker_text
2919,3528,1,occurs_in_speaker_text
608,3528,1,occurs_in_speaker_text
1626,3528,1,occurs_in_speaker_text
1951,3528,1,occurs_in_speaker_text
2261,3528,1,occurs_in_speaker_text
3261,3529,2,occurs_in_speaker_text
904,3530,1,occurs_in_speaker_text
3020,3531,4,occurs_in_speaker_text
1833,3531,1,occurs_in_speaker_text
1933,3531,1,occurs_in_speaker_text
2076,3531,1,occurs_in_speaker_text
2727,3531,2,occurs_in_speaker_text
3044,3531,3,occurs_in_speaker_text
3297,3531,6,occurs_in_speaker_text
1084,3531,1,occurs_in_speaker_text
770,3531,5,occurs_in_speaker_text
2841,3531,4,occurs_in_speaker_text
482,3531,1,occurs_in_speaker_text
2073,3531,2,occurs_in_speaker_text
1429,3531,2,occurs_in_speaker_text
2235,3531,3,occurs_in_speaker_text
2906,3531,1,occurs_in_speaker_text
1142,3531,1,occurs_in_speaker_text
2261,3531,1,occurs_in_speaker_text
299,3531,1,occurs_in_speaker_text
1710,3531,1,occurs_in_speaker_text
2726,3531,1,occurs_in_speaker_text
1281,3531,1,occurs_in_speaker_text
2842,3531,1,occurs_in_speaker_text
196,3531,1,occurs_in_speaker_text
26,3531,1,occurs_in_speaker_text
920,3531,1,occurs_in_speaker_text
1391,3531,1,occurs_in_speaker_text
2246,3531,1,occurs_in_speaker_text
2646,3531,1,occurs_in_speaker_text
2855,3531,3,occurs_in_speaker_text
2960,3531,2,occurs_in_speaker_text
1975,3531,1,occurs_in_speaker_text
2235,3532,1,occurs_in_speaker_text
153,3532,1,occurs_in_speaker_text
362,3532,1,occurs_in_speaker_text
2568,3532,2,occurs_in_speaker_text
3261,3532,1,occurs_in_speaker_text
2767,3532,2,occurs_in_speaker_text
2704,3532,2,occurs_in_speaker_text
2147,3532,1,occurs_in_speaker_text
1720,3532,1,occurs_in_speaker_text
1837,3532,2,occurs_in_speaker_text
783,3532,1,occurs_in_speaker_text
770,3532,1,occurs_in_speaker_text
642,3533,1,occurs_in_speaker_text
3261,3533,8,occurs_in_speaker_text
66,3533,1,occurs_in_speaker_text
2992,3533,1,occurs_in_speaker_text
2727,3533,4,occurs_in_speaker_text
1659,3533,1,occurs_in_speaker_text
1297,3533,1,occurs_in_speaker_text
3058,3533,1,occurs_in_speaker_text
3254,3533,1,occurs_in_speaker_text
3170,3533,1,occurs_in_speaker_text
153,3533,1,occurs_in_speaker_text
971,3533,1,occurs_in_speaker_text
240,3533,1,occurs_in_speaker_text
1833,3533,1,occurs_in_speaker_text
770,3533,3,occurs_in_speaker_text
2841,3533,1,occurs_in_speaker_text
196,3533,1,occurs_in_speaker_text
781,3534,2,occurs_in_speaker_text
1515,3534,1,occurs_in_speaker_text
904,3534,4,occurs_in_speaker_text
2732,3534,2,occurs_in_speaker_text
1807,3534,1,occurs_in_speaker_text
577,3534,2,occurs_in_speaker_text
1096,3534,1,occurs_in_speaker_text
956,3534,1,occurs_in_speaker_text
3071,3535,4,occurs_in_speaker_text
3261,3535,1,occurs_in_speaker_text
196,3535,1,occurs_in_speaker_text
847,3535,1,occurs_in_speaker_text
531,3536,2,occurs_in_speaker_text
2727,3536,1,occurs_in_speaker_text
1259,3536,2,occurs_in_speaker_text
2575,3536,1,occurs_in_speaker_text
285,3536,1,occurs_in_speaker_text
1845,3536,1,occurs_in_speaker_text
2833,3536,1,occurs_in_speaker_text
2704,3536,1,occurs_in_speaker_text
1429,3536,1,occurs_in_speaker_text
2992,3536,1,occurs_in_speaker_text
1983,3536,1,occurs_in_speaker_text
1111,3536,1,occurs_in_speaker_text
3210,3537,1,occurs_in_speaker_text
3020,3537,4,occurs_in_speaker_text
2235,3537,2,occurs_in_speaker_text
426,3537,1,occurs_in_speaker_text
885,3537,1,occurs_in_speaker_text
1135,3537,1,occurs_in_speaker_text
2079,3537,1,occurs_in_speaker_text
1652,3537,1,occurs_in_speaker_text
2105,3537,1,occurs_in_speaker_text
196,3537,4,occurs_in_speaker_text
1578,3537,1,occurs_in_speaker_text
753,3537,1,occurs_in_speaker_text
1501,3537,1,occurs_in_speaker_text
153,3537,5,occurs_in_speaker_text
2167,3537,1,occurs_in_speaker_text
3261,3537,5,occurs_in_speaker_text
2849,3537,1,occurs_in_speaker_text
2064,3537,1,occurs_in_speaker_text
3143,3537,1,occurs_in_speaker_text
1439,3537,1,occurs_in_speaker_text
2577,3537,1,occurs_in_speaker_text
292,3537,1,occurs_in_speaker_text
849,3537,1,occurs_in_speaker_text
2748,3537,1,occurs_in_speaker_text
195,3537,1,occurs_in_speaker_text
537,3537,2,occurs_in_speaker_text
3044,3537,1,occurs_in_speaker_text
2779,3537,1,occurs_in_speaker_text
2977,3537,1,occurs_in_speaker_text
2727,3537,2,occurs_in_speaker_text
2290,3537,1,occurs_in_speaker_text
313,3537,1,occurs_in_speaker_text
2728,3537,1,occurs_in_speaker_text
2142,3537,2,occurs_in_speaker_text
1308,3537,1,occurs_in_speaker_text
2697,3537,1,occurs_in_speaker_text
117,3537,1,occurs_in_speaker_text
2205,3537,1,occurs_in_speaker_text
2833,3537,1,occurs_in_speaker_text
1807,3537,1,occurs_in_speaker_text
1111,3537,1,occurs_in_speaker_text
2250,3537,1,occurs_in_speaker_text
3164,3537,1,occurs_in_speaker_text
439,3537,1,occurs_in_speaker_text
770,3537,1,occurs_in_speaker_text
1833,3537,1,occurs_in_speaker_text
990,3537,1,occurs_in_speaker_text
3079,3537,1,occurs_in_speaker_text
2425,3537,1,occurs_in_speaker_text
2294,3538,1,occurs_in_speaker_text
2235,3538,2,occurs_in_speaker_text
1201,3538,1,occurs_in_speaker_text
153,3538,10,occurs_in_speaker_text
395,3538,1,occurs_in_speaker_text
3261,3538,10,occurs_in_speaker_text
1699,3538,2,occurs_in_speaker_text
2849,3538,3,occurs_in_speaker_text
450,3538,1,occurs_in_speaker_text
611,3538,1,occurs_in_speaker_text
968,3538,1,occurs_in_speaker_text
770,3538,2,occurs_in_speaker_text
2192,3538,2,occurs_in_speaker_text
786,3538,1,occurs_in_speaker_text
1018,3538,4,occurs_in_speaker_text
1537,3538,1,occurs_in_speaker_text
2292,3538,1,occurs_in_speaker_text
3234,3538,1,occurs_in_speaker_text
2125,3538,1,occurs_in_speaker_text
3092,3538,1,occurs_in_speaker_text
509,3538,1,occurs_in_speaker_text
1072,3538,1,occurs_in_speaker_text
2548,3538,1,occurs_in_speaker_text
2044,3538,1,occurs_in_speaker_text
2291,3538,1,occurs_in_speaker_text
1644,3538,1,occurs_in_speaker_text
3140,3538,1,occurs_in_speaker_text
2224,3538,1,occurs_in_speaker_text
756,3538,1,occurs_in_speaker_text
3056,3538,1,occurs_in_speaker_text
1837,3538,2,occurs_in_speaker_text
196,3538,1,occurs_in_speaker_text
2944,3538,1,occurs_in_speaker_text
792,3538,1,occurs_in_speaker_text
292,3538,1,occurs_in_speaker_text
2833,3538,2,occurs_in_speaker_text
288,3538,1,occurs_in_speaker_text
1065,3538,1,occurs_in_speaker_text
1789,3538,1,occurs_in_speaker_text
1537,3539,4,occurs_in_speaker_text
2727,3539,5,occurs_in_speaker_text
1143,3539,1,occurs_in_speaker_text
79,3539,1,occurs_in_speaker_text
3261,3539,13,occurs_in_speaker_text
1180,3539,1,occurs_in_speaker_text
616,3539,3,occurs_in_speaker_text
3315,3539,1,occurs_in_speaker_text
770,3539,7,occurs_in_speaker_text
2204,3539,1,occurs_in_speaker_text
3220,3539,2,occurs_in_speaker_text
1587,3539,1,occurs_in_speaker_text
196,3539,3,occurs_in_speaker_text
1425,3539,1,occurs_in_speaker_text
2714,3539,1,occurs_in_speaker_text
1489,3539,1,occurs_in_speaker_text
3278,3539,1,occurs_in_speaker_text
611,3539,1,occurs_in_speaker_text
3210,3539,1,occurs_in_speaker_text
2261,3539,8,occurs_in_speaker_text
2816,3539,1,occurs_in_speaker_text
1072,3539,1,occurs_in_speaker_text
2277,3539,2,occurs_in_speaker_text
2855,3539,2,occurs_in_speaker_text
2079,3539,1,occurs_in_speaker_text
3074,3539,1,occurs_in_speaker_text
854,3539,1,occurs_in_speaker_text
163,3539,1,occurs_in_speaker_text
1553,3539,1,occurs_in_speaker_text
2294,3539,2,occurs_in_speaker_text
1780,3539,1,occurs_in_speaker_text
3020,3539,3,occurs_in_speaker_text
117,3539,1,occurs_in_speaker_text
2602,3539,1,occurs_in_speaker_text
3236,3539,1,occurs_in_speaker_text
3001,3539,1,occurs_in_speaker_text
1498,3539,1,occurs_in_speaker_text
3044,3539,2,occurs_in_speaker_text
597,3539,2,occurs_in_speaker_text
2841,3539,1,occurs_in_speaker_text
1398,3539,1,occurs_in_speaker_text
1474,3539,1,occurs_in_speaker_text
2309,3539,1,occurs_in_speaker_text
153,3539,2,occurs_in_speaker_text
2314,3539,1,occurs_in_speaker_text
1837,3539,3,occurs_in_speaker_text
2704,3539,1,occurs_in_speaker_text
509,3539,1,occurs_in_speaker_text
96,3539,1,occurs_in_speaker_text
1751,3539,1,occurs_in_speaker_text
2833,3539,2,occurs_in_speaker_text
1844,3539,1,occurs_in_speaker_text
2291,3539,1,occurs_in_speaker_text
2235,3539,3,occurs_in_speaker_text
2502,3539,1,occurs_in_speaker_text
1833,3539,1,occurs_in_speaker_text
1261,3539,1,occurs_in_speaker_text
870,3539,1,occurs_in_speaker_text
1530,3539,1,occurs_in_speaker_text
2701,3539,1,occurs_in_speaker_text
1024,3539,1,occurs_in_speaker_text
2791,3539,1,occurs_in_speaker_text
2182,3539,1,occurs_in_speaker_text
2428,3539,1,occurs_in_speaker_text
2992,3539,1,occurs_in_speaker_text
2271,3539,1,occurs_in_speaker_text
2261,3540,3,occurs_in_speaker_text
196,3540,1,occurs_in_speaker_text
2994,3540,1,occurs_in_speaker_text
3278,3540,4,occurs_in_speaker_text
1916,3540,3,occurs_in_speaker_text
2235,3540,4,occurs_in_speaker_text
1710,3540,1,occurs_in_speaker_text
1739,3540,1,occurs_in_speaker_text
1646,3540,1,occurs_in_speaker_text
104,3540,1,occurs_in_speaker_text
1081,3540,1,occurs_in_speaker_text
1310,3540,1,occurs_in_speaker_text
2701,3540,18,occurs_in_speaker_text
3174,3540,1,occurs_in_speaker_text
3270,3540,7,occurs_in_speaker_text
2504,3540,1,occurs_in_speaker_text
1024,3540,2,occurs_in_speaker_text
423,3540,1,occurs_in_speaker_text
330,3540,1,occurs_in_speaker_text
3171,3540,1,occurs_in_speaker_text
1950,3540,4,occurs_in_speaker_text
1515,3540,1,occurs_in_speaker_text
1148,3540,1,occurs_in_speaker_text
1010,3540,1,occurs_in_speaker_text
1966,3540,1,occurs_in_speaker_text
2142,3540,1,occurs_in_speaker_text
1737,3540,1,occurs_in_speaker_text
659,3540,1,occurs_in_speaker_text
153,3540,1,occurs_in_speaker_text
1000,3540,1,occurs_in_speaker_text
2066,3540,1,occurs_in_speaker_text
2920,3540,1,occurs_in_speaker_text
2688,3540,1,occurs_in_speaker_text
2079,3540,1,occurs_in_speaker_text
212,3540,1,occurs_in_speaker_text
1885,3541,1,occurs_in_speaker_text
1710,3541,1,occurs_in_speaker_text
1728,3541,1,occurs_in_speaker_text
929,3541,2,occurs_in_speaker_text
2076,3541,1,occurs_in_speaker_text
2286,3541,1,occurs_in_speaker_text
3261,3541,1,occurs_in_speaker_text
1147,3541,1,occurs_in_speaker_text
153,3542,4,occurs_in_speaker_text
1668,3542,15,occurs_in_speaker_text
2919,3542,1,occurs_in_speaker_text
3044,3542,1,occurs_in_speaker_text
2607,3542,1,occurs_in_speaker_text
3137,3542,1,occurs_in_speaker_text
89,3542,1,occurs_in_speaker_text
86,3542,1,occurs_in_speaker_text
500,3542,2,occurs_in_speaker_text
1484,3542,1,occurs_in_speaker_text
2855,3542,1,occurs_in_speaker_text
2977,3542,2,occurs_in_speaker_text
1057,3542,1,occurs_in_speaker_text
1812,3542,1,occurs_in_speaker_text
3261,3542,1,occurs_in_speaker_text
770,3542,3,occurs_in_speaker_text
504,3542,1,occurs_in_speaker_text
1002,3542,1,occurs_in_speaker_text
2081,3542,1,occurs_in_speaker_text
1680,3542,1,occurs_in_speaker_text
3020,3542,2,occurs_in_speaker_text
1845,3542,1,occurs_in_speaker_text
2972,3542,1,occurs_in_speaker_text
451,3542,1,occurs_in_speaker_text
3254,3542,1,occurs_in_speaker_text
2798,3542,1,occurs_in_speaker_text
756,3542,1,occurs_in_speaker_text
2728,3542,1,occurs_in_speaker_text
3031,3542,1,occurs_in_speaker_text
2960,3542,1,occurs_in_speaker_text
2261,3542,2,occurs_in_speaker_text
1098,3542,1,occurs_in_speaker_text
904,3543,1,occurs_in_speaker_text
2568,3543,1,occurs_in_speaker_text
2727,3543,1,occurs_in_speaker_text
990,3543,1,occurs_in_speaker_text
780,3543,1,occurs_in_speaker_text
3261,3543,1,occurs_in_speaker_text
44,3543,1,occurs_in_speaker_text
153,3543,1,occurs_in_speaker_text
532,3543,1,occurs_in_speaker_text
2775,3544,1,occurs_in_speaker_text
756,3544,1,occurs_in_speaker_text
2460,3544,1,occurs_in_speaker_text
3232,3544,1,occurs_in_speaker_text
153,3544,1,occurs_in_speaker_text
882,3544,1,occurs_in_speaker_text
770,3544,1,occurs_in_speaker_text
2240,3544,1,occurs_in_speaker_text
3044,3544,1,occurs_in_speaker_text
1833,3544,1,occurs_in_speaker_text
2079,3544,2,occurs_in_speaker_text
1501,3544,1,occurs_in_speaker_text
1845,3544,1,occurs_in_speaker_text
2311,3544,1,occurs_in_speaker_text
3261,3544,1,occurs_in_speaker_text
2727,3544,3,occurs_in_speaker_text
2491,3544,1,occurs_in_speaker_text
2849,3544,1,occurs_in_speaker_text
588,3544,1,occurs_in_speaker_text
611,3544,2,occurs_in_speaker_text
2060,3544,1,occurs_in_speaker_text
2812,3544,1,occurs_in_speaker_text
1002,3544,1,occurs_in_speaker_text
2455,3544,1,occurs_in_speaker_text
2728,3544,1,occurs_in_speaker_text
509,3544,4,occurs_in_speaker_text
3138,3544,1,occurs_in_speaker_text
1471,3544,2,occurs_in_speaker_text
1051,3544,1,occurs_in_speaker_text
1499,3544,1,occurs_in_speaker_text
256,3544,1,occurs_in_speaker_text
3297,3545,1,occurs_in_speaker_text
2446,3545,1,occurs_in_speaker_text
2235,3545,1,occurs_in_speaker_text
196,3545,1,occurs_in_speaker_text
2161,3545,1,occurs_in_speaker_text
992,3545,1,occurs_in_speaker_text
548,3545,1,occurs_in_speaker_text
549,3545,1,occurs_in_speaker_text
898,3545,1,occurs_in_speaker_text
3261,3545,2,occurs_in_speaker_text
2132,3545,1,occurs_in_speaker_text
8,3545,1,occurs_in_speaker_text
1647,3545,1,occurs_in_speaker_text
145,3545,6,occurs_in_speaker_text
1615,3545,2,occurs_in_speaker_text
2977,3545,3,occurs_in_speaker_text
2261,3545,1,occurs_in_speaker_text
3020,3545,1,occurs_in_speaker_text
1051,3545,1,occurs_in_speaker_text
116,3545,1,occurs_in_speaker_text
2568,3545,1,occurs_in_speaker_text
2704,3545,1,occurs_in_speaker_text
257,3545,1,occurs_in_speaker_text
1429,3545,1,occurs_in_speaker_text
1117,3545,1,occurs_in_speaker_text
557,3545,2,occurs_in_speaker_text
506,3546,1,occurs_in_speaker_text
2261,3546,3,occurs_in_speaker_text
1810,3546,1,occurs_in_speaker_text
3222,3546,1,occurs_in_speaker_text
773,3546,1,occurs_in_speaker_text
2551,3546,1,occurs_in_speaker_text
770,3546,4,occurs_in_speaker_text
3020,3546,1,occurs_in_speaker_text
2568,3546,1,occurs_in_speaker_text
990,3546,1,occurs_in_speaker_text
1837,3546,1,occurs_in_speaker_text
2235,3546,2,occurs_in_speaker_text
2499,3546,1,occurs_in_speaker_text
650,3546,1,occurs_in_speaker_text
1740,3546,1,occurs_in_speaker_text
1832,3546,1,occurs_in_speaker_text
3161,3546,2,occurs_in_speaker_text
1031,3546,1,occurs_in_speaker_text
1111,3546,4,occurs_in_speaker_text
2144,3546,1,occurs_in_speaker_text
2960,3547,4,occurs_in_speaker_text
770,3547,1,occurs_in_speaker_text
2041,3547,1,occurs_in_speaker_text
3232,3547,1,occurs_in_speaker_text
153,3547,2,occurs_in_speaker_text
196,3547,2,occurs_in_speaker_text
101,3547,1,occurs_in_speaker_text
1278,3547,1,occurs_in_speaker_text
3246,3547,2,occurs_in_speaker_text
2932,3547,2,occurs_in_speaker_text
2977,3547,1,occurs_in_speaker_text
669,3547,1,occurs_in_speaker_text
3143,3547,1,occurs_in_speaker_text
2960,3549,2,occurs_in_speaker_text
624,3549,1,occurs_in_speaker_text
744,3549,1,occurs_in_speaker_text
1845,3549,1,occurs_in_speaker_text
2996,3550,1,occurs_in_speaker_text
2991,3550,1,occurs_in_speaker_text
303,3550,1,occurs_in_speaker_text
2824,3550,2,occurs_in_speaker_text
2952,3550,1,occurs_in_speaker_text
1037,3550,1,occurs_in_speaker_text
3261,3550,2,occurs_in_speaker_text
1070,3550,1,occurs_in_speaker_text
1082,3550,1,occurs_in_speaker_text
1753,3550,1,occurs_in_speaker_text
3033,3550,1,occurs_in_speaker_text
2704,3550,1,occurs_in_speaker_text
1072,3550,1,occurs_in_speaker_text
2727,3551,4,occurs_in_speaker_text
509,3551,1,occurs_in_speaker_text
2235,3552,1,occurs_in_speaker_text
1833,3552,1,occurs_in_speaker_text
1521,3552,1,occurs_in_speaker_text
2727,3552,1,occurs_in_speaker_text
3261,3552,1,occurs_in_speaker_text
3188,3552,1,occurs_in_speaker_text
2509,3552,1,occurs_in_speaker_text
2841,3552,1,occurs_in_speaker_text
1281,3552,1,occurs_in_speaker_text
3261,3553,4,occurs_in_speaker_text
414,3553,5,occurs_in_speaker_text
1812,3553,7,occurs_in_speaker_text
1383,3553,1,occurs_in_speaker_text
3268,3553,1,occurs_in_speaker_text
2974,3553,1,occurs_in_speaker_text
481,3553,1,occurs_in_speaker_text
1855,3554,1,occurs_in_speaker_text
2855,3554,1,occurs_in_speaker_text
78,3554,2,occurs_in_speaker_text
3220,3554,1,occurs_in_speaker_text
1498,3554,3,occurs_in_speaker_text
117,3554,1,occurs_in_speaker_text
3020,3554,2,occurs_in_speaker_text
2797,3554,1,occurs_in_speaker_text
2833,3554,1,occurs_in_speaker_text
1387,3554,1,occurs_in_speaker_text
1132,3554,1,occurs_in_speaker_text
1810,3554,1,occurs_in_speaker_text
2727,3554,1,occurs_in_speaker_text
606,3554,1,occurs_in_speaker_text
3261,3554,1,occurs_in_speaker_text
770,3554,1,occurs_in_speaker_text
2460,3554,1,occurs_in_speaker_text
153,3554,1,occurs_in_speaker_text
2428,3554,1,occurs_in_speaker_text
3274,3554,1,occurs_in_speaker_text
885,3554,1,occurs_in_speaker_text
1429,3554,1,occurs_in_speaker_text
590,3554,1,occurs_in_speaker_text
2841,3554,1,occurs_in_speaker_text
2261,3554,1,occurs_in_speaker_text
2977,3554,1,occurs_in_speaker_text
1098,3554,1,occurs_in_speaker_text
2291,3554,1,occurs_in_speaker_text
2568,3554,2,occurs_in_speaker_text
830,3554,1,occurs_in_speaker_text
2687,3554,1,occurs_in_speaker_text
2183,3554,1,occurs_in_speaker_text
2798,3555,2,occurs_in_speaker_text
2261,3555,2,occurs_in_speaker_text
611,3555,1,occurs_in_speaker_text
3261,3555,5,occurs_in_speaker_text
1142,3555,1,occurs_in_speaker_text
786,3555,1,occurs_in_speaker_text
1699,3555,1,occurs_in_speaker_text
1301,3555,1,occurs_in_speaker_text
3020,3555,1,occurs_in_speaker_text
584,3555,1,occurs_in_speaker_text
885,3555,1,occurs_in_speaker_text
2967,3555,1,occurs_in_speaker_text
2841,3555,2,occurs_in_speaker_text
1018,3555,1,occurs_in_speaker_text
904,3555,1,occurs_in_speaker_text
3297,3555,1,occurs_in_speaker_text
1995,3555,1,occurs_in_speaker_text
509,3556,1,occurs_in_speaker_text
1282,3556,1,occurs_in_speaker_text
990,3556,2,occurs_in_speaker_text
904,3556,1,occurs_in_speaker_text
1563,3556,1,occurs_in_speaker_text
3297,3556,1,occurs_in_speaker_text
3261,3556,1,occurs_in_speaker_text
2863,3556,1,occurs_in_speaker_text
153,3556,2,occurs_in_speaker_text
1018,3556,1,occurs_in_speaker_text
3020,3556,1,occurs_in_speaker_text
2727,3556,1,occurs_in_speaker_text
3297,3557,1,occurs_in_speaker_text
2480,3557,1,occurs_in_speaker_text
1088,3557,1,occurs_in_speaker_text
1244,3557,1,occurs_in_speaker_text
2849,3557,1,occurs_in_speaker_text
570,3557,1,occurs_in_speaker_text
1783,3557,1,occurs_in_speaker_text
2568,3557,1,occurs_in_speaker_text
234,3557,1,occurs_in_speaker_text
1089,3557,1,occurs_in_speaker_text
196,3557,1,occurs_in_speaker_text
1993,3557,1,occurs_in_speaker_text
1610,3557,1,occurs_in_speaker_text
1111,3558,1,occurs_in_speaker_text
993,3558,1,occurs_in_speaker_text
990,3558,1,occurs_in_speaker_text
1398,3559,1,occurs_in_speaker_text
2727,3559,2,occurs_in_speaker_text
2833,3559,2,occurs_in_speaker_text
1812,3559,1,occurs_in_speaker_text
2418,3559,1,occurs_in_speaker_text
257,3559,1,occurs_in_speaker_text
1837,3559,1,occurs_in_speaker_text
3312,3559,1,occurs_in_speaker_text
1072,3559,1,occurs_in_speaker_text
196,3559,5,occurs_in_speaker_text
2841,3559,1,occurs_in_speaker_text
153,3559,1,occurs_in_speaker_text
1018,3559,1,occurs_in_speaker_text
904,3559,1,occurs_in_speaker_text
2992,3559,1,occurs_in_speaker_text
3044,3559,1,occurs_in_speaker_text
3261,3559,2,occurs_in_speaker_text
2235,3559,1,occurs_in_speaker_text
1649,3559,1,occurs_in_speaker_text
770,3559,6,occurs_in_speaker_text
2147,3559,1,occurs_in_speaker_text
2425,3559,1,occurs_in_speaker_text
2271,3559,1,occurs_in_speaker_text
303,3560,1,occurs_in_speaker_text
225,3560,1,occurs_in_speaker_text
2727,3561,2,occurs_in_speaker_text
45,3561,2,occurs_in_speaker_text
2392,3561,1,occurs_in_speaker_text
2507,3561,1,occurs_in_speaker_text
1137,3561,1,occurs_in_speaker_text
1070,3561,1,occurs_in_speaker_text
1112,3561,1,occurs_in_speaker_text
752,3561,1,occurs_in_speaker_text
2739,3561,1,occurs_in_speaker_text
238,3561,3,occurs_in_speaker_text
1763,3561,1,occurs_in_speaker_text
3254,3561,1,occurs_in_speaker_text
452,3561,1,occurs_in_speaker_text
159,3561,1,occurs_in_speaker_text
3143,3561,7,occurs_in_speaker_text
2932,3561,1,occurs_in_speaker_text
851,3561,1,occurs_in_speaker_text
101,3561,1,occurs_in_speaker_text
358,3561,1,occurs_in_speaker_text
1837,3561,1,occurs_in_speaker_text
854,3561,1,occurs_in_speaker_text
1565,3561,1,occurs_in_speaker_text
1845,3561,1,occurs_in_speaker_text
1501,3561,1,occurs_in_speaker_text
1605,3562,1,occurs_in_speaker_text
1228,3562,1,occurs_in_speaker_text
1188,3562,1,occurs_in_speaker_text
1489,3562,1,occurs_in_speaker_text
43,3562,1,occurs_in_speaker_text
1921,3562,1,occurs_in_speaker_text
196,3562,1,occurs_in_speaker_text
1868,3562,2,occurs_in_speaker_text
1458,3562,1,occurs_in_speaker_text
585,3562,1,occurs_in_speaker_text
509,3562,1,occurs_in_speaker_text
2727,3562,2,occurs_in_speaker_text
153,3562,3,occurs_in_speaker_text
1537,3562,1,occurs_in_speaker_text
1621,3562,1,occurs_in_speaker_text
2073,3562,1,occurs_in_speaker_text
1264,3562,1,occurs_in_speaker_text
1965,3562,1,occurs_in_speaker_text
902,3562,1,occurs_in_speaker_text
1425,3562,1,occurs_in_speaker_text
2912,3562,1,occurs_in_speaker_text
2076,3562,1,occurs_in_speaker_text
1481,3562,1,occurs_in_speaker_text
447,3562,1,occurs_in_speaker_text
257,3562,1,occurs_in_speaker_text
128,3562,1,occurs_in_speaker_text
1143,3562,1,occurs_in_speaker_text
2235,3562,1,occurs_in_speaker_text
2021,3562,1,occurs_in_speaker_text
2870,3562,1,occurs_in_speaker_text
770,3562,1,occurs_in_speaker_text
1608,3562,1,occurs_in_speaker_text
1164,3562,1,occurs_in_speaker_text
2199,3562,1,occurs_in_speaker_text
802,3562,1,occurs_in_speaker_text
1837,3562,1,occurs_in_speaker_text
3210,3562,1,occurs_in_speaker_text
2549,3562,1,occurs_in_speaker_text
1845,3562,1,occurs_in_speaker_text
588,3562,1,occurs_in_speaker_text
2478,3562,1,occurs_in_speaker_text
2841,3562,1,occurs_in_speaker_text
1234,3562,1,occurs_in_speaker_text
1406,3562,1,occurs_in_speaker_text
1710,3563,8,occurs_in_speaker_text
2045,3563,1,occurs_in_speaker_text
2235,3563,1,occurs_in_speaker_text
139,3563,1,occurs_in_speaker_text
532,3563,1,occurs_in_speaker_text
2833,3563,1,occurs_in_speaker_text
3131,3563,1,occurs_in_speaker_text
91,3563,8,occurs_in_speaker_text
1346,3563,3,occurs_in_speaker_text
2225,3563,1,occurs_in_speaker_text
1486,3563,1,occurs_in_speaker_text
770,3563,2,occurs_in_speaker_text
2849,3564,1,occurs_in_speaker_text
3143,3564,3,occurs_in_speaker_text
2137,3564,1,occurs_in_speaker_text
2817,3565,1,occurs_in_speaker_text
2977,3565,1,occurs_in_speaker_text
2667,3565,1,occurs_in_speaker_text
1398,3565,1,occurs_in_speaker_text
2833,3565,1,occurs_in_speaker_text
3004,3565,2,occurs_in_speaker_text
1590,3565,1,occurs_in_speaker_text
1837,3565,1,occurs_in_speaker_text
1845,3565,1,occurs_in_speaker_text
1406,3565,1,occurs_in_speaker_text
3261,3565,9,occurs_in_speaker_text
3315,3565,2,occurs_in_speaker_text
3133,3565,1,occurs_in_speaker_text
3288,3565,1,occurs_in_speaker_text
325,3565,1,occurs_in_speaker_text
2061,3565,1,occurs_in_speaker_text
2849,3565,1,occurs_in_speaker_text
451,3565,1,occurs_in_speaker_text
1720,3565,1,occurs_in_speaker_text
2076,3565,1,occurs_in_speaker_text
2250,3565,1,occurs_in_speaker_text
616,3565,1,occurs_in_speaker_text
153,3565,1,occurs_in_speaker_text
2971,3565,1,occurs_in_speaker_text
1631,3565,2,occurs_in_speaker_text
132,3565,1,occurs_in_speaker_text
2235,3566,7,occurs_in_speaker_text
196,3566,4,occurs_in_speaker_text
1111,3566,4,occurs_in_speaker_text
1537,3566,3,occurs_in_speaker_text
770,3566,3,occurs_in_speaker_text
1501,3566,1,occurs_in_speaker_text
616,3566,4,occurs_in_speaker_text
1710,3566,1,occurs_in_speaker_text
3261,3566,3,occurs_in_speaker_text
2396,3566,1,occurs_in_speaker_text
2977,3566,3,occurs_in_speaker_text
2506,3566,1,occurs_in_speaker_text
504,3566,2,occurs_in_speaker_text
2345,3566,3,occurs_in_speaker_text
190,3566,1,occurs_in_speaker_text
153,3566,1,occurs_in_speaker_text
3055,3566,1,occurs_in_speaker_text
2280,3566,1,occurs_in_speaker_text
3220,3566,2,occurs_in_speaker_text
3232,3566,2,occurs_in_speaker_text
2740,3566,1,occurs_in_speaker_text
1976,3566,1,occurs_in_speaker_text
2812,3566,1,occurs_in_speaker_text
2179,3566,1,occurs_in_speaker_text
854,3566,2,occurs_in_speaker_text
2599,3566,1,occurs_in_speaker_text
904,3566,5,occurs_in_speaker_text
2457,3566,1,occurs_in_speaker_text
2395,3566,1,occurs_in_speaker_text
116,3566,1,occurs_in_speaker_text
2727,3566,1,occurs_in_speaker_text
3278,3566,2,occurs_in_speaker_text
2855,3566,1,occurs_in_speaker_text
349,3566,1,occurs_in_speaker_text
2079,3566,1,occurs_in_speaker_text
2546,3566,1,occurs_in_speaker_text
1804,3566,1,occurs_in_speaker_text
1327,3566,1,occurs_in_speaker_text
1424,3566,1,occurs_in_speaker_text
3254,3566,1,occurs_in_speaker_text
415,3566,1,occurs_in_speaker_text
577,3566,1,occurs_in_speaker_text
3234,3567,1,occurs_in_speaker_text
1710,3567,1,occurs_in_speaker_text
196,3567,1,occurs_in_speaker_text
153,3567,1,occurs_in_speaker_text
770,3567,1,occurs_in_speaker_text
2478,3567,1,occurs_in_speaker_text
1111,3568,1,occurs_in_speaker_text
770,3569,1,occurs_in_speaker_text
3183,3570,1,occurs_in_speaker_text
770,3570,5,occurs_in_speaker_text
2241,3570,2,occurs_in_speaker_text
1854,3570,1,occurs_in_speaker_text
452,3570,1,occurs_in_speaker_text
2271,3570,1,occurs_in_speaker_text
3261,3570,12,occurs_in_speaker_text
640,3570,1,occurs_in_speaker_text
1908,3570,1,occurs_in_speaker_text
3169,3570,1,occurs_in_speaker_text
3254,3570,1,occurs_in_speaker_text
557,3570,1,occurs_in_speaker_text
2457,3570,1,occurs_in_speaker_text
2945,3570,1,occurs_in_speaker_text
1111,3570,1,occurs_in_speaker_text
2469,3570,1,occurs_in_speaker_text
1124,3570,1,occurs_in_speaker_text
2448,3570,1,occurs_in_speaker_text
2224,3570,1,occurs_in_speaker_text
2727,3570,1,occurs_in_speaker_text
1778,3571,1,occurs_in_speaker_text
3242,3571,1,occurs_in_speaker_text
2727,3572,1,occurs_in_speaker_text
1794,3572,1,occurs_in_speaker_text
1885,3572,1,occurs_in_speaker_text
2855,3573,1,occurs_in_speaker_text
3069,3573,3,occurs_in_speaker_text
153,3573,1,occurs_in_speaker_text
903,3573,1,occurs_in_speaker_text
328,3573,1,occurs_in_speaker_text
571,3573,1,occurs_in_speaker_text
1845,3573,2,occurs_in_speaker_text
1436,3573,1,occurs_in_speaker_text
2727,3573,5,occurs_in_speaker_text
3210,3573,1,occurs_in_speaker_text
2478,3573,1,occurs_in_speaker_text
1780,3573,1,occurs_in_speaker_text
854,3573,1,occurs_in_speaker_text
2304,3573,1,occurs_in_speaker_text
786,3573,1,occurs_in_speaker_text
1188,3573,1,occurs_in_speaker_text
1837,3573,1,occurs_in_speaker_text
196,3573,7,occurs_in_speaker_text
1703,3573,1,occurs_in_speaker_text
2261,3573,5,occurs_in_speaker_text
3130,3573,2,occurs_in_speaker_text
2067,3573,1,occurs_in_speaker_text
2654,3573,1,occurs_in_speaker_text
352,3573,1,occurs_in_speaker_text
2235,3573,1,occurs_in_speaker_text
2841,3573,1,occurs_in_speaker_text
2992,3573,1,occurs_in_speaker_text
2530,3573,1,occurs_in_speaker_text
1831,3573,1,occurs_in_speaker_text
1710,3573,1,occurs_in_speaker_text
2788,3573,1,occurs_in_speaker_text
2241,3573,2,occurs_in_speaker_text
1918,3573,1,occurs_in_speaker_text
1024,3573,1,occurs_in_speaker_text
888,3573,1,occurs_in_speaker_text
757,3573,1,occurs_in_speaker_text
3278,3573,1,occurs_in_speaker_text
1501,3573,1,occurs_in_speaker_text
1668,3573,2,occurs_in_speaker_text
3049,3573,1,occurs_in_speaker_text
3281,3573,1,occurs_in_speaker_text
2658,3573,1,occurs_in_speaker_text
279,3573,1,occurs_in_speaker_text
153,3574,53,occurs_in_speaker_text
1833,3574,4,occurs_in_speaker_text
196,3574,1,occurs_in_speaker_text
1845,3574,2,occurs_in_speaker_text
2544,3574,1,occurs_in_speaker_text
2849,3574,2,occurs_in_speaker_text
786,3574,1,occurs_in_speaker_text
1336,3574,1,occurs_in_speaker_text
920,3574,1,occurs_in_speaker_text
3261,3574,1,occurs_in_speaker_text
588,3574,7,occurs_in_speaker_text
2040,3574,1,occurs_in_speaker_text
2261,3574,1,occurs_in_speaker_text
1188,3574,1,occurs_in_speaker_text
204,3574,1,occurs_in_speaker_text
2841,3574,3,occurs_in_speaker_text
904,3574,1,occurs_in_speaker_text
2235,3574,1,occurs_in_speaker_text
1141,3574,1,occurs_in_speaker_text
3210,3574,1,occurs_in_speaker_text
961,3574,1,occurs_in_speaker_text
2788,3574,1,occurs_in_speaker_text
1537,3574,2,occurs_in_speaker_text
2727,3574,3,occurs_in_speaker_text
509,3574,1,occurs_in_speaker_text
1534,3574,1,occurs_in_speaker_text
1058,3574,1,occurs_in_speaker_text
2849,3575,3,occurs_in_speaker_text
2291,3575,1,occurs_in_speaker_text
3222,3576,1,occurs_in_speaker_text
2849,3576,23,occurs_in_speaker_text
1176,3576,4,occurs_in_speaker_text
1501,3576,2,occurs_in_speaker_text
2204,3576,1,occurs_in_speaker_text
2420,3576,1,occurs_in_speaker_text
1845,3576,1,occurs_in_speaker_text
557,3576,1,occurs_in_speaker_text
1018,3576,1,occurs_in_speaker_text
447,3576,1,occurs_in_speaker_text
2727,3576,3,occurs_in_speaker_text
2537,3576,1,occurs_in_speaker_text
2250,3576,1,occurs_in_speaker_text
131,3576,1,occurs_in_speaker_text
116,3576,2,occurs_in_speaker_text
3278,3576,2,occurs_in_speaker_text
2807,3576,1,occurs_in_speaker_text
616,3576,1,occurs_in_speaker_text
1629,3576,1,occurs_in_speaker_text
3139,3576,1,occurs_in_speaker_text
3290,3576,1,occurs_in_speaker_text
1085,3576,1,occurs_in_speaker_text
1283,3576,1,occurs_in_speaker_text
1084,3576,1,occurs_in_speaker_text
1940,3576,1,occurs_in_speaker_text
3261,3576,2,occurs_in_speaker_text
1785,3576,1,occurs_in_speaker_text
2261,3576,1,occurs_in_speaker_text
770,3576,1,occurs_in_speaker_text
2235,3576,5,occurs_in_speaker_text
424,3576,1,occurs_in_speaker_text
611,3576,1,occurs_in_speaker_text
2704,3576,2,occurs_in_speaker_text
1810,3576,1,occurs_in_speaker_text
750,3576,1,occurs_in_speaker_text
770,3577,4,occurs_in_speaker_text
1837,3577,2,occurs_in_speaker_text
842,3577,1,occurs_in_speaker_text
854,3577,2,occurs_in_speaker_text
2855,3577,2,occurs_in_speaker_text
2960,3577,1,occurs_in_speaker_text
2849,3577,5,occurs_in_speaker_text
153,3577,5,occurs_in_speaker_text
762,3577,1,occurs_in_speaker_text
2204,3577,1,occurs_in_speaker_text
2240,3577,1,occurs_in_speaker_text
2727,3577,2,occurs_in_speaker_text
1111,3577,1,occurs_in_speaker_text
1051,3577,1,occurs_in_speaker_text
1111,3578,1,occurs_in_speaker_text
991,3578,1,occurs_in_speaker_text
2578,3578,1,occurs_in_speaker_text
2833,3578,2,occurs_in_speaker_text
803,3578,1,occurs_in_speaker_text
153,3578,1,occurs_in_speaker_text
894,3579,1,occurs_in_speaker_text
683,3579,1,occurs_in_speaker_text
588,3579,1,occurs_in_speaker_text
1111,3579,2,occurs_in_speaker_text
1837,3579,4,occurs_in_speaker_text
2727,3579,9,occurs_in_speaker_text
3261,3579,5,occurs_in_speaker_text
3315,3579,1,occurs_in_speaker_text
1498,3579,1,occurs_in_speaker_text
2977,3579,3,occurs_in_speaker_text
1833,3579,2,occurs_in_speaker_text
611,3579,1,occurs_in_speaker_text
1303,3579,1,occurs_in_speaker_text
3232,3579,1,occurs_in_speaker_text
2805,3579,1,occurs_in_speaker_text
2460,3579,1,occurs_in_speaker_text
1643,3579,1,occurs_in_speaker_text
1537,3579,2,occurs_in_speaker_text
2294,3579,1,occurs_in_speaker_text
196,3579,1,occurs_in_speaker_text
2849,3579,1,occurs_in_speaker_text
419,3579,1,occurs_in_speaker_text
2235,3579,2,occurs_in_speaker_text
2240,3579,1,occurs_in_speaker_text
2499,3579,1,occurs_in_speaker_text
1261,3579,2,occurs_in_speaker_text
116,3579,1,occurs_in_speaker_text
2261,3580,3,occurs_in_speaker_text
2235,3580,5,occurs_in_speaker_text
153,3580,3,occurs_in_speaker_text
770,3580,5,occurs_in_speaker_text
3020,3580,1,occurs_in_speaker_text
2727,3580,3,occurs_in_speaker_text
2428,3580,1,occurs_in_speaker_text
1537,3580,2,occurs_in_speaker_text
1406,3580,1,occurs_in_speaker_text
2870,3580,1,occurs_in_speaker_text
3261,3580,2,occurs_in_speaker_text
1837,3580,4,occurs_in_speaker_text
616,3580,3,occurs_in_speaker_text
2992,3580,1,occurs_in_speaker_text
1205,3580,1,occurs_in_speaker_text
3210,3580,1,occurs_in_speaker_text
665,3580,1,occurs_in_speaker_text
2240,3580,1,occurs_in_speaker_text
196,3580,2,occurs_in_speaker_text
96,3580,1,occurs_in_speaker_text
2932,3580,1,occurs_in_speaker_text
611,3580,2,occurs_in_speaker_text
3297,3580,1,occurs_in_speaker_text
1121,3580,1,occurs_in_speaker_text
1882,3580,1,occurs_in_speaker_text
257,3580,1,occurs_in_speaker_text
3315,3580,1,occurs_in_speaker_text
565,3580,1,occurs_in_speaker_text
3278,3580,1,occurs_in_speaker_text
1732,3580,1,occurs_in_speaker_text
3165,3580,1,occurs_in_speaker_text
3050,3580,1,occurs_in_speaker_text
3044,3580,1,occurs_in_speaker_text
1498,3580,1,occurs_in_speaker_text
1585,3580,1,occurs_in_speaker_text
755,3580,1,occurs_in_speaker_text
275,3580,1,occurs_in_speaker_text
2079,3580,2,occurs_in_speaker_text
1391,3580,1,occurs_in_speaker_text
2816,3580,1,occurs_in_speaker_text
396,3580,1,occurs_in_speaker_text
2977,3580,1,occurs_in_speaker_text
2775,3580,1,occurs_in_speaker_text
2714,3580,1,occurs_in_speaker_text
1302,3580,1,occurs_in_speaker_text
615,3580,1,occurs_in_speaker_text
196,3581,1,occurs_in_speaker_text
1498,3581,1,occurs_in_speaker_text
2454,3581,1,occurs_in_speaker_text
805,3582,62,occurs_in_speaker_text
1833,3582,1,occurs_in_speaker_text
3261,3582,2,occurs_in_speaker_text
2727,3582,2,occurs_in_speaker_text
1845,3582,1,occurs_in_speaker_text
153,3582,2,occurs_in_speaker_text
1489,3582,1,occurs_in_speaker_text
138,3582,2,occurs_in_speaker_text
1029,3582,1,occurs_in_speaker_text
3105,3582,1,occurs_in_speaker_text
1763,3582,1,occurs_in_speaker_text
3282,3582,1,occurs_in_speaker_text
854,3582,2,occurs_in_speaker_text
2171,3582,2,occurs_in_speaker_text
3009,3582,1,occurs_in_speaker_text
1550,3583,2,occurs_in_speaker_text
1977,3583,1,occurs_in_speaker_text
2019,3583,1,occurs_in_speaker_text
1720,3583,1,occurs_in_speaker_text
2261,3583,1,occurs_in_speaker_text
1837,3583,2,occurs_in_speaker_text
3072,3583,1,occurs_in_speaker_text
1710,3583,1,occurs_in_speaker_text
116,3583,8,occurs_in_speaker_text
1183,3583,1,occurs_in_speaker_text
414,3583,1,occurs_in_speaker_text
2079,3583,6,occurs_in_speaker_text
3261,3583,6,occurs_in_speaker_text
847,3583,1,occurs_in_speaker_text
2240,3583,2,occurs_in_speaker_text
1906,3583,1,occurs_in_speaker_text
196,3583,4,occurs_in_speaker_text
2460,3583,2,occurs_in_speaker_text
1845,3583,1,occurs_in_speaker_text
3143,3583,1,occurs_in_speaker_text
904,3583,1,occurs_in_speaker_text
1009,3583,1,occurs_in_speaker_text
2727,3583,13,occurs_in_speaker_text
770,3583,4,occurs_in_speaker_text
1518,3583,1,occurs_in_speaker_text
2704,3583,1,occurs_in_speaker_text
2140,3583,1,occurs_in_speaker_text
1833,3583,3,occurs_in_speaker_text
1763,3583,2,occurs_in_speaker_text
2568,3583,4,occurs_in_speaker_text
2695,3583,1,occurs_in_speaker_text
3317,3583,1,occurs_in_speaker_text
1142,3583,1,occurs_in_speaker_text
1111,3583,2,occurs_in_speaker_text
1802,3583,1,occurs_in_speaker_text
2102,3583,1,occurs_in_speaker_text
1176,3583,1,occurs_in_speaker_text
2702,3583,1,occurs_in_speaker_text
595,3583,1,occurs_in_speaker_text
2992,3583,1,occurs_in_speaker_text
855,3583,1,occurs_in_speaker_text
1908,3583,1,occurs_in_speaker_text
2556,3583,1,occurs_in_speaker_text
2192,3583,1,occurs_in_speaker_text
962,3583,1,occurs_in_speaker_text
1275,3583,1,occurs_in_speaker_text
2728,3583,1,occurs_in_speaker_text
1261,3583,1,occurs_in_speaker_text
359,3583,1,occurs_in_speaker_text
153,3583,1,occurs_in_speaker_text
2944,3583,1,occurs_in_speaker_text
1699,3583,1,occurs_in_speaker_text
2607,3583,1,occurs_in_speaker_text
264,3583,1,occurs_in_speaker_text
2142,3583,1,occurs_in_speaker_text
2241,3583,1,occurs_in_speaker_text
2648,3584,1,occurs_in_speaker_text
770,3584,1,occurs_in_speaker_text
3261,3584,6,occurs_in_speaker_text
153,3584,4,occurs_in_speaker_text
196,3584,4,occurs_in_speaker_text
3080,3584,2,occurs_in_speaker_text
1336,3584,1,occurs_in_speaker_text
690,3584,1,occurs_in_speaker_text
1403,3584,1,occurs_in_speaker_text
722,3584,1,occurs_in_speaker_text
3261,3585,4,occurs_in_speaker_text
2833,3585,4,occurs_in_speaker_text
2841,3585,8,occurs_in_speaker_text
2727,3585,4,occurs_in_speaker_text
727,3585,2,occurs_in_speaker_text
1143,3585,1,occurs_in_speaker_text
1105,3585,1,occurs_in_speaker_text
1833,3585,4,occurs_in_speaker_text
298,3585,1,occurs_in_speaker_text
1230,3585,1,occurs_in_speaker_text
2235,3585,1,occurs_in_speaker_text
770,3585,2,occurs_in_speaker_text
1710,3585,1,occurs_in_speaker_text
328,3585,1,occurs_in_speaker_text
586,3585,1,occurs_in_speaker_text
611,3585,2,occurs_in_speaker_text
153,3585,1,occurs_in_speaker_text
301,3585,1,occurs_in_speaker_text
1111,3585,1,occurs_in_speaker_text
2240,3585,2,occurs_in_speaker_text
3220,3585,1,occurs_in_speaker_text
3297,3585,1,occurs_in_speaker_text
257,3585,1,occurs_in_speaker_text
2291,3585,1,occurs_in_speaker_text
1088,3585,1,occurs_in_speaker_text
1806,3585,1,occurs_in_speaker_text
346,3585,1,occurs_in_speaker_text
1837,3585,1,occurs_in_speaker_text
2358,3585,1,occurs_in_speaker_text
2654,3585,1,occurs_in_speaker_text
1845,3585,1,occurs_in_speaker_text
2855,3585,1,occurs_in_speaker_text
611,3586,2,occurs_in_speaker_text
2727,3586,7,occurs_in_speaker_text
450,3586,1,occurs_in_speaker_text
3261,3586,10,occurs_in_speaker_text
3020,3586,3,occurs_in_speaker_text
314,3586,1,occurs_in_speaker_text
1429,3586,1,occurs_in_speaker_text
2967,3586,1,occurs_in_speaker_text
3220,3586,2,occurs_in_speaker_text
770,3586,3,occurs_in_speaker_text
3234,3586,1,occurs_in_speaker_text
921,3586,1,occurs_in_speaker_text
153,3586,2,occurs_in_speaker_text
1018,3586,1,occurs_in_speaker_text
1537,3586,2,occurs_in_speaker_text
1932,3586,1,occurs_in_speaker_text
2707,3586,1,occurs_in_speaker_text
2193,3586,1,occurs_in_speaker_text
557,3586,1,occurs_in_speaker_text
2540,3586,1,occurs_in_speaker_text
247,3586,1,occurs_in_speaker_text
196,3586,3,occurs_in_speaker_text
3232,3586,1,occurs_in_speaker_text
134,3586,1,occurs_in_speaker_text
3210,3586,1,occurs_in_speaker_text
1732,3586,1,occurs_in_speaker_text
824,3586,1,occurs_in_speaker_text
96,3586,1,occurs_in_speaker_text
2841,3586,3,occurs_in_speaker_text
2849,3586,1,occurs_in_speaker_text
904,3586,1,occurs_in_speaker_text
1833,3586,1,occurs_in_speaker_text
2076,3586,2,occurs_in_speaker_text
2240,3586,1,occurs_in_speaker_text
1837,3586,1,occurs_in_speaker_text
2123,3586,1,occurs_in_speaker_text
2833,3586,1,occurs_in_speaker_text
511,3586,1,occurs_in_speaker_text
2235,3586,3,occurs_in_speaker_text
2261,3586,1,occurs_in_speaker_text
2232,3586,1,occurs_in_speaker_text
1440,3586,1,occurs_in_speaker_text
447,3586,1,occurs_in_speaker_text
1501,3586,1,occurs_in_speaker_text
2798,3586,2,occurs_in_speaker_text
1636,3586,1,occurs_in_speaker_text
2291,3586,1,occurs_in_speaker_text
2855,3586,1,occurs_in_speaker_text
3005,3587,1,occurs_in_speaker_text
1221,3587,1,occurs_in_speaker_text
2291,3587,1,occurs_in_speaker_text
2977,3587,1,occurs_in_speaker_text
3261,3587,1,occurs_in_speaker_text
611,3587,1,occurs_in_speaker_text
1142,3587,1,occurs_in_speaker_text
1804,3587,1,occurs_in_speaker_text
1261,3588,1,occurs_in_speaker_text
904,3588,1,occurs_in_speaker_text
3255,3588,1,occurs_in_speaker_text
3271,3588,4,occurs_in_speaker_text
2960,3588,1,occurs_in_speaker_text
1483,3588,2,occurs_in_speaker_text
3297,3588,1,occurs_in_speaker_text
338,3588,1,occurs_in_speaker_text
107,3588,1,occurs_in_speaker_text
762,3588,2,occurs_in_speaker_text
89,3588,1,occurs_in_speaker_text
55,3588,1,occurs_in_speaker_text
2323,3588,1,occurs_in_speaker_text
196,3588,1,occurs_in_speaker_text
1808,3588,1,occurs_in_speaker_text
2727,3588,1,occurs_in_speaker_text
2581,3589,1,occurs_in_speaker_text
1261,3589,1,occurs_in_speaker_text
3203,3589,1,occurs_in_speaker_text
1927,3589,1,occurs_in_speaker_text
936,3589,2,occurs_in_speaker_text
1833,3589,1,occurs_in_speaker_text
988,3589,1,occurs_in_speaker_text
31,3591,5,occurs_in_speaker_text
2271,3591,1,occurs_in_speaker_text
716,3591,1,occurs_in_speaker_text
770,3591,3,occurs_in_speaker_text
2369,3591,1,occurs_in_speaker_text
2704,3591,1,occurs_in_speaker_text
2065,3591,1,occurs_in_speaker_text
756,3592,1,occurs_in_speaker_text
245,3592,1,occurs_in_speaker_text
2235,3592,3,occurs_in_speaker_text
3261,3592,2,occurs_in_speaker_text
2298,3592,1,occurs_in_speaker_text
1018,3592,1,occurs_in_speaker_text
2261,3592,4,occurs_in_speaker_text
2727,3592,1,occurs_in_speaker_text
3297,3592,2,occurs_in_speaker_text
1429,3592,1,occurs_in_speaker_text
2143,3592,1,occurs_in_speaker_text
611,3592,3,occurs_in_speaker_text
3319,3592,1,occurs_in_speaker_text
3020,3592,1,occurs_in_speaker_text
972,3592,1,occurs_in_speaker_text
1142,3592,1,occurs_in_speaker_text
2872,3592,1,occurs_in_speaker_text
2732,3592,1,occurs_in_speaker_text
3049,3592,1,occurs_in_speaker_text
196,3592,1,occurs_in_speaker_text
3234,3592,1,occurs_in_speaker_text
2079,3592,1,occurs_in_speaker_text
3079,3592,1,occurs_in_speaker_text
3148,3592,1,occurs_in_speaker_text
3044,3592,1,occurs_in_speaker_text
2738,3593,1,occurs_in_speaker_text
3005,3593,2,occurs_in_speaker_text
1391,3593,1,occurs_in_speaker_text
1825,3593,2,occurs_in_speaker_text
1537,3593,1,occurs_in_speaker_text
2870,3593,2,occurs_in_speaker_text
1999,3593,3,occurs_in_speaker_text
1845,3593,2,occurs_in_speaker_text
3261,3593,1,occurs_in_speaker_text
2855,3593,2,occurs_in_speaker_text
78,3593,1,occurs_in_speaker_text
3214,3593,1,occurs_in_speaker_text
1823,3593,1,occurs_in_speaker_text
678,3593,1,occurs_in_speaker_text
624,3593,1,occurs_in_speaker_text
603,3593,1,occurs_in_speaker_text
2727,3593,1,occurs_in_speaker_text
1406,3593,1,occurs_in_speaker_text
616,3593,1,occurs_in_speaker_text
196,3593,1,occurs_in_speaker_text
1501,3593,1,occurs_in_speaker_text
2988,3593,1,occurs_in_speaker_text
124,3593,1,occurs_in_speaker_text
1516,3593,1,occurs_in_speaker_text
1648,3593,1,occurs_in_speaker_text
397,3593,1,occurs_in_speaker_text
2795,3593,1,occurs_in_speaker_text
770,3593,2,occurs_in_speaker_text
2261,3593,1,occurs_in_speaker_text
2833,3593,1,occurs_in_speaker_text
1235,3593,1,occurs_in_speaker_text
753,3593,1,occurs_in_speaker_text
3143,3593,1,occurs_in_speaker_text
3020,3593,1,occurs_in_speaker_text
1833,3593,1,occurs_in_speaker_text
2945,3594,1,occurs_in_speaker_text
2727,3594,2,occurs_in_speaker_text
1188,3594,1,occurs_in_speaker_text
1111,3594,1,occurs_in_speaker_text
101,3594,1,occurs_in_speaker_text
204,3594,1,occurs_in_speaker_text
2261,3594,3,occurs_in_speaker_text
3221,3594,2,occurs_in_speaker_text
1132,3594,1,occurs_in_speaker_text
1402,3594,1,occurs_in_speaker_text
1303,3594,1,occurs_in_speaker_text
2076,3594,2,occurs_in_speaker_text
3005,3594,1,occurs_in_speaker_text
259,3594,1,occurs_in_speaker_text
854,3594,1,occurs_in_speaker_text
2235,3594,1,occurs_in_speaker_text
588,3594,7,occurs_in_speaker_text
2857,3594,1,occurs_in_speaker_text
2841,3594,5,occurs_in_speaker_text
2090,3594,1,occurs_in_speaker_text
2291,3594,1,occurs_in_speaker_text
1456,3594,1,occurs_in_speaker_text
2932,3594,3,occurs_in_speaker_text
116,3594,1,occurs_in_speaker_text
3194,3595,7,occurs_in_speaker_text
153,3595,3,occurs_in_speaker_text
1796,3595,1,occurs_in_speaker_text
1941,3595,1,occurs_in_speaker_text
2727,3595,3,occurs_in_speaker_text
1440,3595,2,occurs_in_speaker_text
648,3595,1,occurs_in_speaker_text
3020,3595,1,occurs_in_speaker_text
257,3595,1,occurs_in_speaker_text
440,3595,1,occurs_in_speaker_text
1775,3595,1,occurs_in_speaker_text
51,3595,2,occurs_in_speaker_text
3297,3595,4,occurs_in_speaker_text
255,3595,1,occurs_in_speaker_text
946,3595,1,occurs_in_speaker_text
1883,3595,1,occurs_in_speaker_text
2,3595,4,occurs_in_speaker_text
1746,3595,2,occurs_in_speaker_text
1763,3595,1,occurs_in_speaker_text
1222,3595,3,occurs_in_speaker_text
588,3595,1,occurs_in_speaker_text
330,3595,1,occurs_in_speaker_text
914,3595,1,occurs_in_speaker_text
2084,3595,1,occurs_in_speaker_text
1813,3595,1,occurs_in_speaker_text
1217,3595,2,occurs_in_speaker_text
3261,3595,1,occurs_in_speaker_text
2097,3595,1,occurs_in_speaker_text
2261,3595,1,occurs_in_speaker_text
1216,3595,1,occurs_in_speaker_text
1429,3595,1,occurs_in_speaker_text
1001,3596,1,occurs_in_speaker_text
153,3596,2,occurs_in_speaker_text
2728,3596,1,occurs_in_speaker_text
1111,3596,1,occurs_in_speaker_text
2849,3596,1,occurs_in_speaker_text
3283,3596,1,occurs_in_speaker_text
1018,3596,1,occurs_in_speaker_text
2727,3596,3,occurs_in_speaker_text
2235,3596,1,occurs_in_speaker_text
419,3596,2,occurs_in_speaker_text
1498,3596,1,occurs_in_speaker_text
1425,3596,2,occurs_in_speaker_text
2499,3596,1,occurs_in_speaker_text
330,3596,1,occurs_in_speaker_text
2977,3596,1,occurs_in_speaker_text
3279,3596,1,occurs_in_speaker_text
3261,3596,5,occurs_in_speaker_text
2261,3596,1,occurs_in_speaker_text
1161,3596,1,occurs_in_speaker_text
854,3596,1,occurs_in_speaker_text
2290,3596,1,occurs_in_speaker_text
6,3596,1,occurs_in_speaker_text
1286,3596,1,occurs_in_speaker_text
1837,3596,1,occurs_in_speaker_text
1501,3596,1,occurs_in_speaker_text
3314,3596,1,occurs_in_speaker_text
3005,3596,1,occurs_in_speaker_text
3261,3597,4,occurs_in_speaker_text
2512,3597,1,occurs_in_speaker_text
3232,3597,1,occurs_in_speaker_text
153,3597,4,occurs_in_speaker_text
2727,3597,2,occurs_in_speaker_text
1645,3597,2,occurs_in_speaker_text
348,3597,1,occurs_in_speaker_text
1336,3597,2,occurs_in_speaker_text
3232,3598,1,occurs_in_speaker_text
2727,3598,1,occurs_in_speaker_text
616,3598,1,occurs_in_speaker_text
2518,3598,1,occurs_in_speaker_text
153,3598,3,occurs_in_speaker_text
1406,3598,1,occurs_in_speaker_text
1336,3598,1,occurs_in_speaker_text
2235,3598,1,occurs_in_speaker_text
2977,3598,1,occurs_in_speaker_text
3261,3598,2,occurs_in_speaker_text
2981,3598,1,occurs_in_speaker_text
2447,3598,1,occurs_in_speaker_text
2721,3598,1,occurs_in_speaker_text
3119,3598,1,occurs_in_speaker_text
2647,3598,1,occurs_in_speaker_text
1833,3599,2,occurs_in_speaker_text
1537,3599,1,occurs_in_speaker_text
1142,3599,1,occurs_in_speaker_text
116,3599,1,occurs_in_speaker_text
2727,3599,7,occurs_in_speaker_text
257,3599,1,occurs_in_speaker_text
517,3599,1,occurs_in_speaker_text
3297,3599,1,occurs_in_speaker_text
342,3599,1,occurs_in_speaker_text
3220,3599,1,occurs_in_speaker_text
1277,3599,1,occurs_in_speaker_text
2294,3599,1,occurs_in_speaker_text
1051,3599,1,occurs_in_speaker_text
770,3599,6,occurs_in_speaker_text
1111,3599,2,occurs_in_speaker_text
734,3599,1,occurs_in_speaker_text
2408,3599,1,occurs_in_speaker_text
2668,3599,1,occurs_in_speaker_text
1779,3599,1,occurs_in_speaker_text
3261,3599,4,occurs_in_speaker_text
756,3599,1,occurs_in_speaker_text
504,3599,1,occurs_in_speaker_text
2240,3599,1,occurs_in_speaker_text
3210,3599,1,occurs_in_speaker_text
1845,3599,1,occurs_in_speaker_text
3281,3599,1,occurs_in_speaker_text
2619,3599,1,occurs_in_speaker_text
1845,3600,1,occurs_in_speaker_text
2460,3600,1,occurs_in_speaker_text
3205,3600,1,occurs_in_speaker_text
97,3600,2,occurs_in_speaker_text
783,3601,1,occurs_in_speaker_text
2261,3601,1,occurs_in_speaker_text
904,3601,1,occurs_in_speaker_text
2235,3601,1,occurs_in_speaker_text
1396,3601,1,occurs_in_speaker_text
3220,3601,1,occurs_in_speaker_text
770,3601,2,occurs_in_speaker_text
611,3601,1,occurs_in_speaker_text
1817,3602,1,occurs_in_speaker_text
153,3602,14,occurs_in_speaker_text
2672,3602,1,occurs_in_speaker_text
1081,3602,1,occurs_in_speaker_text
3246,3603,1,occurs_in_speaker_text
1142,3603,1,occurs_in_speaker_text
854,3603,1,occurs_in_speaker_text
3044,3603,1,occurs_in_speaker_text
2241,3603,1,occurs_in_speaker_text
1621,3603,1,occurs_in_speaker_text
3261,3603,1,occurs_in_speaker_text
2849,3603,1,occurs_in_speaker_text
2727,3603,1,occurs_in_speaker_text
2235,3603,2,occurs_in_speaker_text
2977,3603,1,occurs_in_speaker_text
2841,3603,1,occurs_in_speaker_text
1110,3603,1,occurs_in_speaker_text
153,3603,1,occurs_in_speaker_text
2105,3604,1,occurs_in_speaker_text
1870,3604,49,occurs_in_speaker_text
455,3604,1,occurs_in_speaker_text
3261,3604,1,occurs_in_speaker_text
2417,3604,1,occurs_in_speaker_text
763,3604,1,occurs_in_speaker_text
770,3604,2,occurs_in_speaker_text
1948,3605,1,occurs_in_speaker_text
2921,3605,1,occurs_in_speaker_text
3199,3606,11,occurs_in_speaker_text
195,3606,1,occurs_in_speaker_text
1925,3606,1,occurs_in_speaker_text
2460,3606,1,occurs_in_speaker_text
2841,3606,1,occurs_in_speaker_text
615,3607,1,occurs_in_speaker_text
1207,3608,87,occurs_in_speaker_text
2557,3608,2,occurs_in_speaker_text
2790,3608,1,occurs_in_speaker_text
1559,3608,1,occurs_in_speaker_text
838,3608,1,occurs_in_speaker_text
1536,3608,1,occurs_in_speaker_text
2428,3608,1,occurs_in_speaker_text
588,3608,1,occurs_in_speaker_text
770,3608,1,occurs_in_speaker_text
1253,3608,1,occurs_in_speaker_text
149,3608,4,occurs_in_speaker_text
2631,3608,1,occurs_in_speaker_text
3185,3608,1,occurs_in_speaker_text
485,3608,1,occurs_in_speaker_text
3138,3608,2,occurs_in_speaker_text
640,3608,1,occurs_in_speaker_text
2764,3608,1,occurs_in_speaker_text
2977,3608,1,occurs_in_speaker_text
2762,3608,1,occurs_in_speaker_text
1940,3609,1,occurs_in_speaker_text
3261,3609,2,occurs_in_speaker_text
3278,3609,1,occurs_in_speaker_text
116,3609,1,occurs_in_speaker_text
2261,3609,1,occurs_in_speaker_text
1176,3609,1,occurs_in_speaker_text
770,3609,1,occurs_in_speaker_text
2235,3609,4,occurs_in_speaker_text
611,3609,1,occurs_in_speaker_text
2704,3609,2,occurs_in_speaker_text
153,3610,2,occurs_in_speaker_text
3261,3610,10,occurs_in_speaker_text
2728,3610,2,occurs_in_speaker_text
2915,3610,2,occurs_in_speaker_text
159,3610,1,occurs_in_speaker_text
1575,3610,1,occurs_in_speaker_text
1833,3610,1,occurs_in_speaker_text
2841,3610,1,occurs_in_speaker_text
1111,3610,2,occurs_in_speaker_text
1231,3610,1,occurs_in_speaker_text
2290,3610,1,occurs_in_speaker_text
2330,3610,1,occurs_in_speaker_text
2819,3610,1,occurs_in_speaker_text
532,3610,1,occurs_in_speaker_text
2727,3610,3,occurs_in_speaker_text
3305,3610,1,occurs_in_speaker_text
770,3610,4,occurs_in_speaker_text
1537,3610,1,occurs_in_speaker_text
1854,3610,2,occurs_in_speaker_text
1068,3610,1,occurs_in_speaker_text
3138,3610,1,occurs_in_speaker_text
1498,3610,1,occurs_in_speaker_text
1398,3610,1,occurs_in_speaker_text
1699,3610,1,occurs_in_speaker_text
1349,3610,1,occurs_in_speaker_text
623,3610,1,occurs_in_speaker_text
257,3610,2,occurs_in_speaker_text
153,3611,3,occurs_in_speaker_text
1228,3611,1,occurs_in_speaker_text
540,3611,1,occurs_in_speaker_text
532,3611,1,occurs_in_speaker_text
2781,3611,1,occurs_in_speaker_text
611,3612,5,occurs_in_speaker_text
3042,3612,1,occurs_in_speaker_text
2101,3612,1,occurs_in_speaker_text
3044,3612,2,occurs_in_speaker_text
1917,3612,1,occurs_in_speaker_text
1537,3612,3,occurs_in_speaker_text
2841,3612,9,occurs_in_speaker_text
1051,3612,4,occurs_in_speaker_text
1024,3612,1,occurs_in_speaker_text
770,3612,8,occurs_in_speaker_text
69,3612,1,occurs_in_speaker_text
196,3612,4,occurs_in_speaker_text
2654,3612,1,occurs_in_speaker_text
750,3612,2,occurs_in_speaker_text
1480,3612,1,occurs_in_speaker_text
2977,3612,2,occurs_in_speaker_text
973,3612,1,occurs_in_speaker_text
616,3612,1,occurs_in_speaker_text
3261,3612,5,occurs_in_speaker_text
1386,3612,1,occurs_in_speaker_text
546,3612,1,occurs_in_speaker_text
1176,3612,3,occurs_in_speaker_text
2996,3612,1,occurs_in_speaker_text
226,3612,1,occurs_in_speaker_text
2235,3612,3,occurs_in_speaker_text
2728,3612,1,occurs_in_speaker_text
2807,3612,1,occurs_in_speaker_text
1700,3612,1,occurs_in_speaker_text
3278,3612,1,occurs_in_speaker_text
153,3612,7,occurs_in_speaker_text
3314,3612,1,occurs_in_speaker_text
2204,3612,3,occurs_in_speaker_text
1142,3612,2,occurs_in_speaker_text
2727,3612,7,occurs_in_speaker_text
729,3612,1,occurs_in_speaker_text
378,3612,1,occurs_in_speaker_text
2833,3612,2,occurs_in_speaker_text
756,3612,1,occurs_in_speaker_text
3227,3612,1,occurs_in_speaker_text
3297,3612,2,occurs_in_speaker_text
1247,3612,1,occurs_in_speaker_text
2324,3612,1,occurs_in_speaker_text
1444,3612,1,occurs_in_speaker_text
1552,3612,1,occurs_in_speaker_text
532,3612,1,occurs_in_speaker_text
1324,3612,1,occurs_in_speaker_text
2489,3612,1,occurs_in_speaker_text
937,3612,1,occurs_in_speaker_text
1184,3612,1,occurs_in_speaker_text
1314,3612,1,occurs_in_speaker_text
3104,3612,1,occurs_in_speaker_text
472,3612,1,occurs_in_speaker_text
257,3612,5,occurs_in_speaker_text
1694,3612,1,occurs_in_speaker_text
1938,3612,1,occurs_in_speaker_text
87,3612,1,occurs_in_speaker_text
2485,3612,1,occurs_in_speaker_text
1763,3612,1,occurs_in_speaker_text
163,3612,1,occurs_in_speaker_text
1837,3612,5,occurs_in_speaker_text
1501,3612,3,occurs_in_speaker_text
2226,3612,1,occurs_in_speaker_text
2873,3612,1,occurs_in_speaker_text
460,3612,1,occurs_in_speaker_text
1595,3612,1,occurs_in_speaker_text
952,3612,1,occurs_in_speaker_text
276,3612,1,occurs_in_speaker_text
1244,3612,1,occurs_in_speaker_text
2063,3612,1,occurs_in_speaker_text
3020,3612,3,occurs_in_speaker_text
89,3612,1,occurs_in_speaker_text
1732,3612,1,occurs_in_speaker_text
290,3612,1,occurs_in_speaker_text
1624,3612,1,occurs_in_speaker_text
1072,3612,1,occurs_in_speaker_text
2431,3612,1,occurs_in_speaker_text
526,3612,1,occurs_in_speaker_text
1697,3612,1,occurs_in_speaker_text
1308,3612,1,occurs_in_speaker_text
1845,3612,2,occurs_in_speaker_text
2261,3612,8,occurs_in_speaker_text
2376,3612,1,occurs_in_speaker_text
2457,3612,1,occurs_in_speaker_text
2849,3612,2,occurs_in_speaker_text
2775,3612,1,occurs_in_speaker_text
904,3612,2,occurs_in_speaker_text
1406,3612,2,occurs_in_speaker_text
990,3612,1,occurs_in_speaker_text
3228,3612,1,occurs_in_speaker_text
1238,3612,1,occurs_in_speaker_text
3205,3612,1,occurs_in_speaker_text
116,3612,2,occurs_in_speaker_text
3050,3612,1,occurs_in_speaker_text
3210,3612,1,occurs_in_speaker_text
1489,3612,1,occurs_in_speaker_text
213,3612,1,occurs_in_speaker_text
776,3612,1,occurs_in_speaker_text
2755,3612,1,occurs_in_speaker_text
818,3612,1,occurs_in_speaker_text
3005,3612,1,occurs_in_speaker_text
78,3612,1,occurs_in_speaker_text
2428,3612,1,occurs_in_speaker_text
1111,3612,1,occurs_in_speaker_text
2294,3612,1,occurs_in_speaker_text
537,3612,1,occurs_in_speaker_text
699,3612,1,occurs_in_speaker_text
2460,3612,3,occurs_in_speaker_text
1722,3612,1,occurs_in_speaker_text
456,3612,1,occurs_in_speaker_text
99,3612,1,occurs_in_speaker_text
2503,3612,1,occurs_in_speaker_text
1752,3612,1,occurs_in_speaker_text
2568,3612,1,occurs_in_speaker_text
738,3612,1,occurs_in_speaker_text
2906,3612,1,occurs_in_speaker_text
1764,3612,1,occurs_in_speaker_text
2142,3612,1,occurs_in_speaker_text
3113,3612,1,occurs_in_speaker_text
1550,3613,1,occurs_in_speaker_text
1936,3613,1,occurs_in_speaker_text
1002,3613,1,occurs_in_speaker_text
2632,3613,1,occurs_in_speaker_text
196,3613,2,occurs_in_speaker_text
3143,3613,1,occurs_in_speaker_text
2977,3613,1,occurs_in_speaker_text
3001,3613,1,occurs_in_speaker_text
2833,3613,1,occurs_in_speaker_text
1433,3613,1,occurs_in_speaker_text
291,3613,1,occurs_in_speaker_text
2942,3613,1,occurs_in_speaker_text
195,3613,2,occurs_in_speaker_text
3314,3613,1,occurs_in_speaker_text
1498,3613,1,occurs_in_speaker_text
3154,3614,3,occurs_in_speaker_text
1847,3614,1,occurs_in_speaker_text
153,3615,2,occurs_in_speaker_text
3261,3615,6,occurs_in_speaker_text
2841,3615,1,occurs_in_speaker_text
3297,3615,2,occurs_in_speaker_text
2015,3615,3,occurs_in_speaker_text
10,3615,1,occurs_in_speaker_text
2599,3615,1,occurs_in_speaker_text
378,3615,1,occurs_in_speaker_text
2337,3615,1,occurs_in_speaker_text
2235,3615,3,occurs_in_speaker_text
2727,3615,1,occurs_in_speaker_text
2241,3615,1,occurs_in_speaker_text
3044,3615,1,occurs_in_speaker_text
2311,3616,1,occurs_in_speaker_text
1861,3616,1,occurs_in_speaker_text
871,3616,1,occurs_in_speaker_text
3261,3616,4,occurs_in_speaker_text
2576,3616,1,occurs_in_speaker_text
1218,3616,4,occurs_in_speaker_text
269,3616,1,occurs_in_speaker_text
1142,3616,1,occurs_in_speaker_text
1171,3616,1,occurs_in_speaker_text
3082,3616,1,occurs_in_speaker_text
1342,3616,1,occurs_in_speaker_text
1638,3616,1,occurs_in_speaker_text
2727,3616,1,occurs_in_speaker_text
2261,3616,4,occurs_in_speaker_text
1429,3616,6,occurs_in_speaker_text
254,3616,1,occurs_in_speaker_text
2841,3616,1,occurs_in_speaker_text
153,3616,3,occurs_in_speaker_text
2996,3616,1,occurs_in_speaker_text
1837,3616,1,occurs_in_speaker_text
1173,3616,1,occurs_in_speaker_text
1474,3616,1,occurs_in_speaker_text
521,3616,1,occurs_in_speaker_text
2035,3616,1,occurs_in_speaker_text
359,3616,1,occurs_in_speaker_text
977,3616,1,occurs_in_speaker_text
2235,3616,1,occurs_in_speaker_text
994,3616,1,occurs_in_speaker_text
98,3616,1,occurs_in_speaker_text
1018,3616,1,occurs_in_speaker_text
1072,3616,1,occurs_in_speaker_text
3263,3616,1,occurs_in_speaker_text
3277,3616,1,occurs_in_speaker_text
1111,3616,1,occurs_in_speaker_text
2945,3616,1,occurs_in_speaker_text
1482,3616,1,occurs_in_speaker_text
2855,3616,1,occurs_in_speaker_text
3262,3617,6,occurs_in_speaker_text
2621,3617,1,occurs_in_speaker_text
153,3617,2,occurs_in_speaker_text
1631,3617,1,occurs_in_speaker_text
196,3617,1,occurs_in_speaker_text
1118,3617,1,occurs_in_speaker_text
60,3617,1,occurs_in_speaker_text
1581,3617,1,occurs_in_speaker_text
3261,3617,3,occurs_in_speaker_text
2235,3617,8,occurs_in_speaker_text
2568,3617,1,occurs_in_speaker_text
2078,3617,1,occurs_in_speaker_text
424,3617,2,occurs_in_speaker_text
2870,3617,1,occurs_in_speaker_text
3049,3617,1,occurs_in_speaker_text
2841,3617,2,occurs_in_speaker_text
1732,3617,1,occurs_in_speaker_text
1652,3617,1,occurs_in_speaker_text
213,3617,2,occurs_in_speaker_text
2704,3617,1,occurs_in_speaker_text
2118,3617,1,occurs_in_speaker_text
2009,3617,1,occurs_in_speaker_text
2732,3617,1,occurs_in_speaker_text
2727,3617,3,occurs_in_speaker_text
2977,3617,1,occurs_in_speaker_text
3050,3617,1,occurs_in_speaker_text
3275,3617,2,occurs_in_speaker_text
1804,3617,4,occurs_in_speaker_text
990,3617,1,occurs_in_speaker_text
1143,3617,2,occurs_in_speaker_text
2925,3617,1,occurs_in_speaker_text
616,3617,1,occurs_in_speaker_text
611,3617,1,occurs_in_speaker_text
2855,3618,1,occurs_in_speaker_text
509,3618,1,occurs_in_speaker_text
2841,3618,3,occurs_in_speaker_text
1833,3618,1,occurs_in_speaker_text
854,3618,1,occurs_in_speaker_text
1862,3618,1,occurs_in_speaker_text
2286,3618,1,occurs_in_speaker_text
3261,3618,1,occurs_in_speaker_text
787,3618,1,occurs_in_speaker_text
1895,3618,1,occurs_in_speaker_text
1679,3618,1,occurs_in_speaker_text
48,3618,1,occurs_in_speaker_text
2566,3618,1,occurs_in_speaker_text
2992,3618,1,occurs_in_speaker_text
611,3618,2,occurs_in_speaker_text
1374,3618,1,occurs_in_speaker_text
2235,3618,1,occurs_in_speaker_text
2261,3618,1,occurs_in_speaker_text
3168,3618,1,occurs_in_speaker_text
2704,3618,1,occurs_in_speaker_text
3034,3618,1,occurs_in_speaker_text
3044,3618,1,occurs_in_speaker_text
885,3619,1,occurs_in_speaker_text
219,3619,1,occurs_in_speaker_text
1270,3619,1,occurs_in_speaker_text
3261,3619,1,occurs_in_speaker_text
1501,3619,1,occurs_in_speaker_text
2294,3619,1,occurs_in_speaker_text
117,3619,1,occurs_in_speaker_text
2727,3619,1,occurs_in_speaker_text
747,3619,3,occurs_in_speaker_text
770,3619,1,occurs_in_speaker_text
2315,3619,1,occurs_in_speaker_text
2841,3619,1,occurs_in_speaker_text
2332,3619,1,occurs_in_speaker_text
1837,3619,1,occurs_in_speaker_text
3186,3619,1,occurs_in_speaker_text
1098,3619,1,occurs_in_speaker_text
1537,3619,1,occurs_in_speaker_text
2261,3619,1,occurs_in_speaker_text
2527,3620,1,occurs_in_speaker_text
611,3620,5,occurs_in_speaker_text
1063,3620,1,occurs_in_speaker_text
1272,3620,1,occurs_in_speaker_text
854,3620,3,occurs_in_speaker_text
2855,3620,5,occurs_in_speaker_text
1111,3620,5,occurs_in_speaker_text
1176,3620,7,occurs_in_speaker_text
2643,3620,1,occurs_in_speaker_text
90,3620,1,occurs_in_speaker_text
2682,3620,1,occurs_in_speaker_text
2727,3620,3,occurs_in_speaker_text
1244,3620,3,occurs_in_speaker_text
2261,3620,2,occurs_in_speaker_text
452,3620,1,occurs_in_speaker_text
3261,3620,11,occurs_in_speaker_text
2240,3620,2,occurs_in_speaker_text
1862,3620,1,occurs_in_speaker_text
2457,3620,1,occurs_in_speaker_text
2841,3620,4,occurs_in_speaker_text
1812,3620,1,occurs_in_speaker_text
153,3620,3,occurs_in_speaker_text
3232,3620,1,occurs_in_speaker_text
116,3620,1,occurs_in_speaker_text
971,3620,2,occurs_in_speaker_text
74,3620,1,occurs_in_speaker_text
2878,3620,2,occurs_in_speaker_text
487,3620,2,occurs_in_speaker_text
3234,3620,1,occurs_in_speaker_text
700,3620,1,occurs_in_speaker_text
509,3620,1,occurs_in_speaker_text
2491,3620,1,occurs_in_speaker_text
1692,3620,1,occurs_in_speaker_text
3020,3620,1,occurs_in_speaker_text
2619,3620,1,occurs_in_speaker_text
89,3620,1,occurs_in_speaker_text
462,3620,1,occurs_in_speaker_text
1501,3620,2,occurs_in_speaker_text
514,3620,1,occurs_in_speaker_text
1537,3620,1,occurs_in_speaker_text
1278,3620,1,occurs_in_speaker_text
1837,3620,2,occurs_in_speaker_text
2528,3621,4,occurs_in_speaker_text
2670,3621,1,occurs_in_speaker_text
2235,3621,5,occurs_in_speaker_text
3261,3621,6,occurs_in_speaker_text
2732,3621,2,occurs_in_speaker_text
1440,3621,1,occurs_in_speaker_text
3053,3621,13,occurs_in_speaker_text
2906,3621,3,occurs_in_speaker_text
1837,3621,2,occurs_in_speaker_text
2261,3621,1,occurs_in_speaker_text
770,3621,3,occurs_in_speaker_text
2519,3621,1,occurs_in_speaker_text
196,3621,1,occurs_in_speaker_text
1812,3621,3,occurs_in_speaker_text
3254,3621,1,occurs_in_speaker_text
3212,3621,1,occurs_in_speaker_text
1466,3621,1,occurs_in_speaker_text
3044,3621,1,occurs_in_speaker_text
611,3621,1,occurs_in_speaker_text
1845,3621,1,occurs_in_speaker_text
1866,3621,1,occurs_in_speaker_text
3281,3621,1,occurs_in_speaker_text
1176,3621,1,occurs_in_speaker_text
2727,3621,1,occurs_in_speaker_text
1446,3622,1,occurs_in_speaker_text
2727,3622,2,occurs_in_speaker_text
2455,3622,1,occurs_in_speaker_text
816,3622,1,occurs_in_speaker_text
3261,3622,2,occurs_in_speaker_text
153,3622,1,occurs_in_speaker_text
1018,3623,2,occurs_in_speaker_text
243,3624,2,occurs_in_speaker_text
3261,3624,1,occurs_in_speaker_text
1710,3624,1,occurs_in_speaker_text
537,3624,1,occurs_in_speaker_text
439,3624,1,occurs_in_speaker_text
1006,3624,1,occurs_in_speaker_text
1720,3624,1,occurs_in_speaker_text
357,3624,1,occurs_in_speaker_text
2915,3624,1,occurs_in_speaker_text
2460,3624,1,occurs_in_speaker_text
2024,3624,1,occurs_in_speaker_text
1780,3624,1,occurs_in_speaker_text
770,3624,3,occurs_in_speaker_text
153,3624,1,occurs_in_speaker_text
1018,3624,1,occurs_in_speaker_text
2261,3624,2,occurs_in_speaker_text
2239,3625,1,occurs_in_speaker_text
905,3625,1,occurs_in_speaker_text
770,3625,6,occurs_in_speaker_text
699,3625,1,occurs_in_speaker_text
2433,3625,1,occurs_in_speaker_text
2235,3625,5,occurs_in_speaker_text
76,3625,1,occurs_in_speaker_text
2599,3625,1,occurs_in_speaker_text
3044,3625,2,occurs_in_speaker_text
2125,3625,1,occurs_in_speaker_text
1699,3625,2,occurs_in_speaker_text
1833,3625,1,occurs_in_speaker_text
1398,3625,1,occurs_in_speaker_text
346,3625,1,occurs_in_speaker_text
2568,3625,1,occurs_in_speaker_text
2727,3625,2,occurs_in_speaker_text
3069,3625,1,occurs_in_speaker_text
188,3625,1,occurs_in_speaker_text
2241,3625,1,occurs_in_speaker_text
786,3626,1,occurs_in_speaker_text
125,3626,1,occurs_in_speaker_text
3261,3626,2,occurs_in_speaker_text
3044,3626,3,occurs_in_speaker_text
2235,3626,2,occurs_in_speaker_text
2727,3626,1,occurs_in_speaker_text
3261,3627,1,occurs_in_speaker_text
2910,3627,1,occurs_in_speaker_text
1833,3627,1,occurs_in_speaker_text
792,3627,1,occurs_in_speaker_text
3105,3627,1,occurs_in_speaker_text
946,3627,1,occurs_in_speaker_text
2235,3627,1,occurs_in_speaker_text
716,3628,2,occurs_in_speaker_text
2696,3628,1,occurs_in_speaker_text
153,3629,1,occurs_in_speaker_text
2235,3630,2,occurs_in_speaker_text
3278,3630,5,occurs_in_speaker_text
974,3630,1,occurs_in_speaker_text
1429,3630,1,occurs_in_speaker_text
2727,3630,1,occurs_in_speaker_text
392,3630,1,occurs_in_speaker_text
2920,3630,1,occurs_in_speaker_text
608,3630,2,occurs_in_speaker_text
2849,3630,1,occurs_in_speaker_text
2808,3630,1,occurs_in_speaker_text
1845,3630,1,occurs_in_speaker_text
1625,3630,1,occurs_in_speaker_text
1965,3630,1,occurs_in_speaker_text
3220,3630,1,occurs_in_speaker_text
885,3631,1,occurs_in_speaker_text
1695,3631,1,occurs_in_speaker_text
2568,3631,1,occurs_in_speaker_text
2643,3631,1,occurs_in_speaker_text
2589,3631,1,occurs_in_speaker_text
2727,3631,1,occurs_in_speaker_text
1072,3631,2,occurs_in_speaker_text
1920,3631,1,occurs_in_speaker_text
2974,3631,1,occurs_in_speaker_text
376,3631,1,occurs_in_speaker_text
777,3631,1,occurs_in_speaker_text
2235,3631,4,occurs_in_speaker_text
1142,3631,1,occurs_in_speaker_text
3069,3631,1,occurs_in_speaker_text
1868,3631,1,occurs_in_speaker_text
2957,3631,1,occurs_in_speaker_text
378,3631,1,occurs_in_speaker_text
153,3631,1,occurs_in_speaker_text
1919,3631,1,occurs_in_speaker_text
3023,3631,1,occurs_in_speaker_text
2213,3631,1,occurs_in_speaker_text
2344,3631,1,occurs_in_speaker_text
2261,3631,3,occurs_in_speaker_text
2833,3631,2,occurs_in_speaker_text
974,3631,1,occurs_in_speaker_text
743,3631,1,occurs_in_speaker_text
1287,3631,1,occurs_in_speaker_text
1794,3631,1,occurs_in_speaker_text
105,3631,1,occurs_in_speaker_text
1018,3631,1,occurs_in_speaker_text
1809,3631,1,occurs_in_speaker_text
1185,3631,1,occurs_in_speaker_text
2985,3631,1,occurs_in_speaker_text
1721,3631,1,occurs_in_speaker_text
2123,3631,2,occurs_in_speaker_text
3044,3631,1,occurs_in_speaker_text
1312,3631,1,occurs_in_speaker_text
2261,3632,1,occurs_in_speaker_text
3097,3632,1,occurs_in_speaker_text
537,3632,2,occurs_in_speaker_text
3069,3632,1,occurs_in_speaker_text
3261,3632,1,occurs_in_speaker_text
2457,3632,1,occurs_in_speaker_text
699,3632,1,occurs_in_speaker_text
862,3632,1,occurs_in_speaker_text
1018,3632,1,occurs_in_speaker_text
371,3632,1,occurs_in_speaker_text
96,3632,1,occurs_in_speaker_text
2053,3632,1,occurs_in_speaker_text
2240,3633,1,occurs_in_speaker_text
2076,3633,2,occurs_in_speaker_text
3144,3633,1,occurs_in_speaker_text
1810,3633,1,occurs_in_speaker_text
1710,3634,1,occurs_in_speaker_text
447,3634,3,occurs_in_speaker_text
2499,3634,1,occurs_in_speaker_text
2837,3634,1,occurs_in_speaker_text
3044,3634,1,occurs_in_speaker_text
2460,3634,1,occurs_in_speaker_text
692,3634,1,occurs_in_speaker_text
1100,3634,1,occurs_in_speaker_text
2754,3634,1,occurs_in_speaker_text
2476,3635,1,occurs_in_speaker_text
3261,3635,1,occurs_in_speaker_text
2728,3635,1,occurs_in_speaker_text
2727,3635,1,occurs_in_speaker_text
2704,3635,1,occurs_in_speaker_text
3297,3635,1,occurs_in_speaker_text
2989,3636,1,occurs_in_speaker_text
2235,3636,2,occurs_in_speaker_text
2524,3636,1,occurs_in_speaker_text
2194,3636,1,occurs_in_speaker_text
153,3636,2,occurs_in_speaker_text
2849,3636,1,occurs_in_speaker_text
2187,3636,1,occurs_in_speaker_text
3261,3636,2,occurs_in_speaker_text
626,3636,1,occurs_in_speaker_text
2915,3636,1,occurs_in_speaker_text
1228,3636,1,occurs_in_speaker_text
2751,3636,1,occurs_in_speaker_text
1097,3636,1,occurs_in_speaker_text
2977,3636,1,occurs_in_speaker_text
419,3636,2,occurs_in_speaker_text
1469,3636,1,occurs_in_speaker_text
1951,3636,5,occurs_in_speaker_text
2727,3636,1,occurs_in_speaker_text
3195,3636,1,occurs_in_speaker_text
2463,3636,1,occurs_in_speaker_text
543,3636,1,occurs_in_speaker_text
2306,3636,1,occurs_in_speaker_text
1164,3636,3,occurs_in_speaker_text
2704,3637,1,occurs_in_speaker_text
537,3637,1,occurs_in_speaker_text
3261,3638,1,occurs_in_speaker_text
1833,3638,1,occurs_in_speaker_text
153,3638,1,occurs_in_speaker_text
346,3639,1,occurs_in_speaker_text
2235,3639,7,occurs_in_speaker_text
2977,3639,1,occurs_in_speaker_text
2354,3639,1,occurs_in_speaker_text
3261,3639,1,occurs_in_speaker_text
2301,3639,1,occurs_in_speaker_text
2727,3639,4,occurs_in_speaker_text
3143,3639,1,occurs_in_speaker_text
2247,3639,1,occurs_in_speaker_text
2438,3639,1,occurs_in_speaker_text
2974,3639,1,occurs_in_speaker_text
1051,3639,1,occurs_in_speaker_text
1833,3639,2,occurs_in_speaker_text
2930,3639,1,occurs_in_speaker_text
2841,3639,1,occurs_in_speaker_text
1193,3639,1,occurs_in_speaker_text
3077,3639,1,occurs_in_speaker_text
1375,3639,1,occurs_in_speaker_text
1406,3639,1,occurs_in_speaker_text
196,3639,1,occurs_in_speaker_text
867,3639,1,occurs_in_speaker_text
633,3639,1,occurs_in_speaker_text
1837,3639,2,occurs_in_speaker_text
547,3639,1,occurs_in_speaker_text
2055,3639,1,occurs_in_speaker_text
1902,3639,1,occurs_in_speaker_text
424,3639,1,occurs_in_speaker_text
1804,3639,1,occurs_in_speaker_text
885,3639,1,occurs_in_speaker_text
2816,3639,1,occurs_in_speaker_text
3261,3640,5,occurs_in_speaker_text
504,3640,1,occurs_in_speaker_text
2235,3640,2,occurs_in_speaker_text
2807,3640,1,occurs_in_speaker_text
2863,3640,1,occurs_in_speaker_text
1812,3640,5,occurs_in_speaker_text
1521,3640,1,occurs_in_speaker_text
2240,3640,1,occurs_in_speaker_text
359,3640,1,occurs_in_speaker_text
153,3640,2,occurs_in_speaker_text
611,3640,1,occurs_in_speaker_text
2727,3640,1,occurs_in_speaker_text
770,3640,1,occurs_in_speaker_text
588,3640,1,occurs_in_speaker_text
2076,3640,1,occurs_in_speaker_text
2727,3641,1,occurs_in_speaker_text
3210,3641,1,occurs_in_speaker_text
885,3641,1,occurs_in_speaker_text
2235,3641,14,occurs_in_speaker_text
788,3641,1,occurs_in_speaker_text
2261,3641,6,occurs_in_speaker_text
2841,3641,1,occurs_in_speaker_text
242,3641,1,occurs_in_speaker_text
2389,3641,1,occurs_in_speaker_text
1240,3641,1,occurs_in_speaker_text
3220,3641,1,occurs_in_speaker_text
2855,3641,2,occurs_in_speaker_text
1061,3641,1,occurs_in_speaker_text
904,3641,1,occurs_in_speaker_text
1429,3641,1,occurs_in_speaker_text
3261,3641,1,occurs_in_speaker_text
1249,3641,1,occurs_in_speaker_text
3068,3641,1,occurs_in_speaker_text
2409,3641,1,occurs_in_speaker_text
2864,3641,1,occurs_in_speaker_text
1107,3641,1,occurs_in_speaker_text
1816,3641,1,occurs_in_speaker_text
2478,3642,1,occurs_in_speaker_text
20,3642,1,occurs_in_speaker_text
2568,3643,2,occurs_in_speaker_text
2684,3643,2,occurs_in_speaker_text
89,3643,1,occurs_in_speaker_text
1845,3643,1,occurs_in_speaker_text
2294,3643,2,occurs_in_speaker_text
904,3643,5,occurs_in_speaker_text
2841,3643,1,occurs_in_speaker_text
3261,3643,6,occurs_in_speaker_text
2235,3643,1,occurs_in_speaker_text
616,3643,1,occurs_in_speaker_text
2023,3643,1,occurs_in_speaker_text
2360,3643,3,occurs_in_speaker_text
2076,3643,1,occurs_in_speaker_text
1631,3643,1,occurs_in_speaker_text
2192,3643,1,occurs_in_speaker_text
577,3643,1,occurs_in_speaker_text
1018,3643,1,occurs_in_speaker_text
368,3643,1,occurs_in_speaker_text
1537,3643,1,occurs_in_speaker_text
1833,3643,1,occurs_in_speaker_text
2392,3643,1,occurs_in_speaker_text
3220,3643,1,occurs_in_speaker_text
38,3643,1,occurs_in_speaker_text
1537,3644,1,occurs_in_speaker_text
786,3644,1,occurs_in_speaker_text
2142,3644,1,occurs_in_speaker_text
1942,3644,1,occurs_in_speaker_text
153,3644,2,occurs_in_speaker_text
1632,3644,3,occurs_in_speaker_text
3261,3644,3,occurs_in_speaker_text
1829,3644,1,occurs_in_speaker_text
588,3644,1,occurs_in_speaker_text
2841,3644,1,occurs_in_speaker_text
2390,3644,1,occurs_in_speaker_text
1176,3644,2,occurs_in_speaker_text
1429,3644,1,occurs_in_speaker_text
1399,3644,1,occurs_in_speaker_text
1831,3644,1,occurs_in_speaker_text
1652,3644,1,occurs_in_speaker_text
1501,3644,1,occurs_in_speaker_text
1812,3645,1,occurs_in_speaker_text
2823,3645,1,occurs_in_speaker_text
557,3645,1,occurs_in_speaker_text
1930,3645,1,occurs_in_speaker_text
153,3645,2,occurs_in_speaker_text
3114,3645,1,occurs_in_speaker_text
526,3645,1,occurs_in_speaker_text
2235,3645,1,occurs_in_speaker_text
1530,3645,1,occurs_in_speaker_text
2142,3645,1,occurs_in_speaker_text
547,3645,1,occurs_in_speaker_text
1666,3645,1,occurs_in_speaker_text
3020,3645,1,occurs_in_speaker_text
770,3645,4,occurs_in_speaker_text
958,3645,1,occurs_in_speaker_text
769,3645,1,occurs_in_speaker_text
1948,3645,1,occurs_in_speaker_text
2060,3645,1,occurs_in_speaker_text
1488,3645,1,occurs_in_speaker_text
2064,3645,1,occurs_in_speaker_text
165,3645,1,occurs_in_speaker_text
78,3645,1,occurs_in_speaker_text
3261,3645,2,occurs_in_speaker_text
3314,3645,1,occurs_in_speaker_text
2426,3645,1,occurs_in_speaker_text
2042,3645,1,occurs_in_speaker_text
3201,3645,1,occurs_in_speaker_text
2379,3645,1,occurs_in_speaker_text
257,3645,1,occurs_in_speaker_text
771,3645,1,occurs_in_speaker_text
3044,3645,1,occurs_in_speaker_text
1947,3646,2,occurs_in_speaker_text
78,3646,2,occurs_in_speaker_text
1351,3646,1,occurs_in_speaker_text
153,3646,1,occurs_in_speaker_text
1819,3646,1,occurs_in_speaker_text
1659,3646,1,occurs_in_speaker_text
3273,3646,1,occurs_in_speaker_text
2568,3646,1,occurs_in_speaker_text
1501,3646,1,occurs_in_speaker_text
23,3646,1,occurs_in_speaker_text
3053,3646,1,occurs_in_speaker_text
815,3646,1,occurs_in_speaker_text
1527,3647,2,occurs_in_speaker_text
2841,3647,1,occurs_in_speaker_text
2849,3647,3,occurs_in_speaker_text
2235,3647,1,occurs_in_speaker_text
616,3647,1,occurs_in_speaker_text
770,3647,2,occurs_in_speaker_text
3261,3647,4,occurs_in_speaker_text
3202,3647,1,occurs_in_speaker_text
1833,3647,1,occurs_in_speaker_text
153,3647,1,occurs_in_speaker_text
1354,3647,1,occurs_in_speaker_text
3210,3647,1,occurs_in_speaker_text
455,3648,1,occurs_in_speaker_text
2751,3648,1,occurs_in_speaker_text
1002,3649,1,occurs_in_speaker_text
196,3649,2,occurs_in_speaker_text
1957,3649,1,occurs_in_speaker_text
550,3649,1,occurs_in_speaker_text
1054,3649,1,occurs_in_speaker_text
508,3649,5,occurs_in_speaker_text
137,3649,1,occurs_in_speaker_text
854,3650,3,occurs_in_speaker_text
132,3650,2,occurs_in_speaker_text
2849,3650,3,occurs_in_speaker_text
2989,3650,1,occurs_in_speaker_text
2724,3650,1,occurs_in_speaker_text
196,3650,3,occurs_in_speaker_text
774,3650,3,occurs_in_speaker_text
537,3650,1,occurs_in_speaker_text
196,3651,3,occurs_in_speaker_text
2568,3651,2,occurs_in_speaker_text
3143,3651,1,occurs_in_speaker_text
1755,3651,2,occurs_in_speaker_text
2855,3651,3,occurs_in_speaker_text
78,3651,1,occurs_in_speaker_text
561,3651,1,occurs_in_speaker_text
1501,3651,1,occurs_in_speaker_text
1660,3651,1,occurs_in_speaker_text
291,3651,1,occurs_in_speaker_text
971,3651,1,occurs_in_speaker_text
2516,3651,1,occurs_in_speaker_text
2513,3651,1,occurs_in_speaker_text
66,3651,1,occurs_in_speaker_text
1717,3651,1,occurs_in_speaker_text
2409,3652,1,occurs_in_speaker_text
2833,3652,1,occurs_in_speaker_text
1524,3652,2,occurs_in_speaker_text
770,3652,1,occurs_in_speaker_text
153,3652,4,occurs_in_speaker_text
196,3652,1,occurs_in_speaker_text
3261,3652,1,occurs_in_speaker_text
2092,3652,1,occurs_in_speaker_text
532,3652,1,occurs_in_speaker_text
3138,3653,1,occurs_in_speaker_text
3193,3653,1,occurs_in_speaker_text
1259,3653,4,occurs_in_speaker_text
1794,3653,2,occurs_in_speaker_text
3033,3653,1,occurs_in_speaker_text
141,3653,2,occurs_in_speaker_text
3001,3653,1,occurs_in_speaker_text
1111,3653,2,occurs_in_speaker_text
2945,3653,2,occurs_in_speaker_text
2727,3653,1,occurs_in_speaker_text
2345,3653,1,occurs_in_speaker_text
1845,3653,1,occurs_in_speaker_text
1431,3653,1,occurs_in_speaker_text
153,3654,4,occurs_in_speaker_text
1181,3654,1,occurs_in_speaker_text
1176,3654,2,occurs_in_speaker_text
2841,3654,2,occurs_in_speaker_text
515,3654,1,occurs_in_speaker_text
2518,3654,2,occurs_in_speaker_text
81,3654,1,occurs_in_speaker_text
3050,3654,1,occurs_in_speaker_text
2945,3654,1,occurs_in_speaker_text
2294,3654,1,occurs_in_speaker_text
245,3654,2,occurs_in_speaker_text
3304,3654,1,occurs_in_speaker_text
2535,3654,1,occurs_in_speaker_text
931,3654,1,occurs_in_speaker_text
3261,3654,2,occurs_in_speaker_text
1915,3654,2,occurs_in_speaker_text
770,3654,1,occurs_in_speaker_text
3315,3654,2,occurs_in_speaker_text
3302,3654,1,occurs_in_speaker_text
2309,3654,1,occurs_in_speaker_text
2644,3654,1,occurs_in_speaker_text
378,3654,1,occurs_in_speaker_text
990,3655,1,occurs_in_speaker_text
153,3655,1,occurs_in_speaker_text
1845,3655,1,occurs_in_speaker_text
196,3655,3,occurs_in_speaker_text
545,3655,1,occurs_in_speaker_text
904,3655,1,occurs_in_speaker_text
116,3656,1,occurs_in_speaker_text
808,3656,3,occurs_in_speaker_text
3261,3656,6,occurs_in_speaker_text
153,3656,4,occurs_in_speaker_text
611,3656,1,occurs_in_speaker_text
885,3656,1,occurs_in_speaker_text
1258,3656,1,occurs_in_speaker_text
2203,3657,3,occurs_in_speaker_text
466,3657,1,occurs_in_speaker_text
1265,3657,2,occurs_in_speaker_text
1812,3657,1,occurs_in_speaker_text
153,3657,2,occurs_in_speaker_text
196,3657,3,occurs_in_speaker_text
2365,3657,1,occurs_in_speaker_text
1652,3657,1,occurs_in_speaker_text
3255,3657,1,occurs_in_speaker_text
2727,3657,1,occurs_in_speaker_text
1406,3657,2,occurs_in_speaker_text
1845,3657,1,occurs_in_speaker_text
3001,3658,1,occurs_in_speaker_text
3261,3658,7,occurs_in_speaker_text
3297,3658,1,occurs_in_speaker_text
557,3658,1,occurs_in_speaker_text
2235,3658,6,occurs_in_speaker_text
1780,3658,1,occurs_in_speaker_text
1018,3658,1,occurs_in_speaker_text
153,3658,2,occurs_in_speaker_text
378,3658,1,occurs_in_speaker_text
611,3658,3,occurs_in_speaker_text
1425,3658,2,occurs_in_speaker_text
2988,3658,1,occurs_in_speaker_text
1710,3658,2,occurs_in_speaker_text
3183,3658,1,occurs_in_speaker_text
2945,3658,1,occurs_in_speaker_text
1810,3658,1,occurs_in_speaker_text
2425,3658,1,occurs_in_speaker_text
1845,3658,1,occurs_in_speaker_text
3169,3658,1,occurs_in_speaker_text
196,3658,3,occurs_in_speaker_text
3016,3658,1,occurs_in_speaker_text
2919,3658,1,occurs_in_speaker_text
315,3658,1,occurs_in_speaker_text
621,3658,1,occurs_in_speaker_text
1833,3658,1,occurs_in_speaker_text
2754,3658,1,occurs_in_speaker_text
599,3658,1,occurs_in_speaker_text
2833,3658,1,occurs_in_speaker_text
154,3659,1,occurs_in_speaker_text
1062,3659,3,occurs_in_speaker_text
1698,3659,1,occurs_in_speaker_text
2372,3659,1,occurs_in_speaker_text
252,3659,1,occurs_in_speaker_text
2450,3659,1,occurs_in_speaker_text
990,3659,1,occurs_in_speaker_text
3199,3659,1,occurs_in_speaker_text
2960,3659,1,occurs_in_speaker_text
699,3659,1,occurs_in_speaker_text
2732,3659,3,occurs_in_speaker_text
3261,3659,4,occurs_in_speaker_text
196,3659,1,occurs_in_speaker_text
2022,3659,1,occurs_in_speaker_text
3162,3659,1,occurs_in_speaker_text
2240,3659,1,occurs_in_speaker_text
1679,3659,1,occurs_in_speaker_text
3210,3659,1,occurs_in_speaker_text
2305,3659,1,occurs_in_speaker_text
153,3659,3,occurs_in_speaker_text
2570,3659,1,occurs_in_speaker_text
1398,3659,1,occurs_in_speaker_text
3057,3659,1,occurs_in_speaker_text
3297,3659,1,occurs_in_speaker_text
611,3659,1,occurs_in_speaker_text
2235,3659,1,occurs_in_speaker_text
1989,3659,1,occurs_in_speaker_text
2261,3659,1,occurs_in_speaker_text
2488,3659,1,occurs_in_speaker_text
1837,3659,1,occurs_in_speaker_text
2684,3659,1,occurs_in_speaker_text
623,3659,1,occurs_in_speaker_text
2286,3659,1,occurs_in_speaker_text
2559,3659,1,occurs_in_speaker_text
1425,3659,1,occurs_in_speaker_text
1095,3659,1,occurs_in_speaker_text
2961,3659,1,occurs_in_speaker_text
1480,3659,1,occurs_in_speaker_text
3261,3660,2,occurs_in_speaker_text
1072,3661,1,occurs_in_speaker_text
196,3661,3,occurs_in_speaker_text
290,3661,1,occurs_in_speaker_text
2695,3661,1,occurs_in_speaker_text
1837,3661,1,occurs_in_speaker_text
451,3661,1,occurs_in_speaker_text
904,3661,1,occurs_in_speaker_text
3020,3661,5,occurs_in_speaker_text
2427,3661,1,occurs_in_speaker_text
172,3661,2,occurs_in_speaker_text
2261,3661,1,occurs_in_speaker_text
2727,3661,3,occurs_in_speaker_text
4,3661,1,occurs_in_speaker_text
257,3661,1,occurs_in_speaker_text
371,3661,1,occurs_in_speaker_text
1860,3661,1,occurs_in_speaker_text
1051,3661,1,occurs_in_speaker_text
1831,3661,1,occurs_in_speaker_text
2798,3662,1,occurs_in_speaker_text
2755,3662,1,occurs_in_speaker_text
3088,3662,1,occurs_in_speaker_text
331,3662,1,occurs_in_speaker_text
2727,3662,4,occurs_in_speaker_text
1828,3662,1,occurs_in_speaker_text
2261,3662,6,occurs_in_speaker_text
932,3662,1,occurs_in_speaker_text
1837,3662,1,occurs_in_speaker_text
447,3662,1,occurs_in_speaker_text
770,3662,6,occurs_in_speaker_text
2704,3662,3,occurs_in_speaker_text
1914,3662,1,occurs_in_speaker_text
3261,3662,4,occurs_in_speaker_text
3315,3662,2,occurs_in_speaker_text
611,3662,1,occurs_in_speaker_text
2772,3662,1,occurs_in_speaker_text
2558,3662,1,occurs_in_speaker_text
2833,3662,2,occurs_in_speaker_text
2915,3662,1,occurs_in_speaker_text
1398,3662,1,occurs_in_speaker_text
153,3662,2,occurs_in_speaker_text
2233,3662,1,occurs_in_speaker_text
1893,3662,1,occurs_in_speaker_text
1166,3662,1,occurs_in_speaker_text
2728,3662,1,occurs_in_speaker_text
1884,3662,1,occurs_in_speaker_text
2152,3662,1,occurs_in_speaker_text
1924,3662,1,occurs_in_speaker_text
756,3662,1,occurs_in_speaker_text
216,3663,1,occurs_in_speaker_text
907,3663,1,occurs_in_speaker_text
2535,3663,1,occurs_in_speaker_text
3216,3663,1,occurs_in_speaker_text
2244,3664,2,occurs_in_speaker_text
3315,3664,3,occurs_in_speaker_text
2037,3664,1,occurs_in_speaker_text
2727,3664,5,occurs_in_speaker_text
1425,3664,1,occurs_in_speaker_text
2235,3664,2,occurs_in_speaker_text
2272,3664,1,occurs_in_speaker_text
1845,3664,2,occurs_in_speaker_text
752,3664,1,occurs_in_speaker_text
196,3664,1,occurs_in_speaker_text
63,3664,1,occurs_in_speaker_text
101,3664,1,occurs_in_speaker_text
1501,3664,1,occurs_in_speaker_text
2156,3664,1,occurs_in_speaker_text
447,3664,1,occurs_in_speaker_text
2584,3664,1,occurs_in_speaker_text
1098,3664,1,occurs_in_speaker_text
416,3664,1,occurs_in_speaker_text
1002,3664,1,occurs_in_speaker_text
1174,3664,1,occurs_in_speaker_text
3314,3664,3,occurs_in_speaker_text
2457,3664,1,occurs_in_speaker_text
931,3664,1,occurs_in_speaker_text
3261,3664,3,occurs_in_speaker_text
21,3664,1,occurs_in_speaker_text
439,3664,1,occurs_in_speaker_text
2960,3664,1,occurs_in_speaker_text
1804,3664,1,occurs_in_speaker_text
1699,3664,4,occurs_in_speaker_text
2833,3664,1,occurs_in_speaker_text
3050,3664,2,occurs_in_speaker_text
2876,3664,1,occurs_in_speaker_text
1928,3664,1,occurs_in_speaker_text
3315,3665,1,occurs_in_speaker_text
2703,3665,1,occurs_in_speaker_text
1537,3665,1,occurs_in_speaker_text
946,3665,2,occurs_in_speaker_text
1348,3665,1,occurs_in_speaker_text
3120,3665,1,occurs_in_speaker_text
419,3665,1,occurs_in_speaker_text
1845,3665,3,occurs_in_speaker_text
770,3665,3,occurs_in_speaker_text
3261,3665,1,occurs_in_speaker_text
1069,3665,1,occurs_in_speaker_text
3037,3665,1,occurs_in_speaker_text
1547,3665,1,occurs_in_speaker_text
2727,3665,1,occurs_in_speaker_text
357,3666,1,occurs_in_speaker_text
96,3666,1,occurs_in_speaker_text
2076,3666,2,occurs_in_speaker_text
2788,3666,1,occurs_in_speaker_text
1540,3666,1,occurs_in_speaker_text
3163,3666,1,occurs_in_speaker_text
1278,3667,1,occurs_in_speaker_text
2727,3667,1,occurs_in_speaker_text
1501,3667,1,occurs_in_speaker_text
835,3667,1,occurs_in_speaker_text
196,3667,2,occurs_in_speaker_text
1261,3667,1,occurs_in_speaker_text
3143,3667,1,occurs_in_speaker_text
2727,3668,2,occurs_in_speaker_text
588,3668,2,occurs_in_speaker_text
770,3668,1,occurs_in_speaker_text
328,3668,1,occurs_in_speaker_text
2425,3668,1,occurs_in_speaker_text
1845,3668,1,occurs_in_speaker_text
1176,3668,1,occurs_in_speaker_text
1537,3668,1,occurs_in_speaker_text
2648,3669,2,occurs_in_speaker_text
887,3669,1,occurs_in_speaker_text
640,3669,1,occurs_in_speaker_text
2384,3669,1,occurs_in_speaker_text
1837,3669,1,occurs_in_speaker_text
770,3669,2,occurs_in_speaker_text
770,3670,3,occurs_in_speaker_text
887,3670,1,occurs_in_speaker_text
1188,3670,1,occurs_in_speaker_text
389,3670,1,occurs_in_speaker_text
1805,3670,1,occurs_in_speaker_text
926,3670,10,occurs_in_speaker_text
1111,3670,1,occurs_in_speaker_text
3030,3670,1,occurs_in_speaker_text
3044,3670,1,occurs_in_speaker_text
196,3670,1,occurs_in_speaker_text
1732,3670,1,occurs_in_speaker_text
978,3670,1,occurs_in_speaker_text
3261,3671,9,occurs_in_speaker_text
2014,3671,1,occurs_in_speaker_text
153,3671,5,occurs_in_speaker_text
1845,3671,1,occurs_in_speaker_text
2727,3671,1,occurs_in_speaker_text
3254,3671,1,occurs_in_speaker_text
1916,3671,1,occurs_in_speaker_text
1473,3671,1,occurs_in_speaker_text
70,3671,1,occurs_in_speaker_text
1501,3671,1,occurs_in_speaker_text
3297,3672,1,occurs_in_speaker_text
2079,3672,1,occurs_in_speaker_text
711,3672,1,occurs_in_speaker_text
770,3672,2,occurs_in_speaker_text
1406,3672,1,occurs_in_speaker_text
2864,3672,1,occurs_in_speaker_text
1019,3672,1,occurs_in_speaker_text
2727,3672,2,occurs_in_speaker_text
2622,3672,1,occurs_in_speaker_text
2960,3672,4,occurs_in_speaker_text
3179,3672,1,occurs_in_speaker_text
501,3672,1,occurs_in_speaker_text
426,3672,1,occurs_in_speaker_text
2791,3673,1,occurs_in_speaker_text
2106,3673,2,occurs_in_speaker_text
2977,3673,6,occurs_in_speaker_text
2577,3673,2,occurs_in_speaker_text
2727,3673,3,occurs_in_speaker_text
2237,3673,2,occurs_in_speaker_text
1576,3673,1,occurs_in_speaker_text
2314,3673,1,occurs_in_speaker_text
251,3673,1,occurs_in_speaker_text
1615,3673,3,occurs_in_speaker_text
2752,3673,1,occurs_in_speaker_text
2381,3673,1,occurs_in_speaker_text
1833,3673,1,occurs_in_speaker_text
1590,3673,2,occurs_in_speaker_text
390,3673,1,occurs_in_speaker_text
96,3673,1,occurs_in_speaker_text
1002,3673,1,occurs_in_speaker_text
2568,3673,1,occurs_in_speaker_text
3143,3673,1,occurs_in_speaker_text
2991,3674,1,occurs_in_speaker_text
3053,3674,1,occurs_in_speaker_text
2299,3674,1,occurs_in_speaker_text
1812,3674,1,occurs_in_speaker_text
2007,3674,1,occurs_in_speaker_text
2508,3674,1,occurs_in_speaker_text
2079,3674,1,occurs_in_speaker_text
558,3674,1,occurs_in_speaker_text
2704,3674,1,occurs_in_speaker_text
1111,3674,1,occurs_in_speaker_text
2945,3674,3,occurs_in_speaker_text
3143,3674,1,occurs_in_speaker_text
1845,3674,1,occurs_in_speaker_text
186,3674,1,occurs_in_speaker_text
3254,3674,1,occurs_in_speaker_text
116,3674,1,occurs_in_speaker_text
868,3674,1,occurs_in_speaker_text
1922,3674,1,occurs_in_speaker_text
2977,3674,2,occurs_in_speaker_text
2076,3674,1,occurs_in_speaker_text
2294,3674,1,occurs_in_speaker_text
2123,3674,2,occurs_in_speaker_text
753,3674,2,occurs_in_speaker_text
2727,3674,1,occurs_in_speaker_text
1244,3674,1,occurs_in_speaker_text
2250,3674,1,occurs_in_speaker_text
2240,3674,1,occurs_in_speaker_text
163,3674,1,occurs_in_speaker_text
153,3674,2,occurs_in_speaker_text
2807,3674,1,occurs_in_speaker_text
616,3674,2,occurs_in_speaker_text
3020,3674,1,occurs_in_speaker_text
1615,3674,1,occurs_in_speaker_text
259,3674,1,occurs_in_speaker_text
1032,3674,1,occurs_in_speaker_text
3281,3674,1,occurs_in_speaker_text
196,3674,5,occurs_in_speaker_text
362,3674,1,occurs_in_speaker_text
241,3674,1,occurs_in_speaker_text
3104,3674,1,occurs_in_speaker_text
2568,3674,1,occurs_in_speaker_text
2756,3674,1,occurs_in_speaker_text
509,3674,1,occurs_in_speaker_text
350,3676,1,occurs_in_speaker_text
66,3676,1,occurs_in_speaker_text
1833,3676,1,occurs_in_speaker_text
196,3676,1,occurs_in_speaker_text
3261,3676,1,occurs_in_speaker_text
3127,3676,1,occurs_in_speaker_text
1447,3676,1,occurs_in_speaker_text
2218,3676,1,occurs_in_speaker_text
727,3676,1,occurs_in_speaker_text
1537,3676,1,occurs_in_speaker_text
1003,3676,1,occurs_in_speaker_text
2704,3677,1,occurs_in_speaker_text
196,3677,1,occurs_in_speaker_text
229,3677,2,occurs_in_speaker_text
2709,3677,1,occurs_in_speaker_text
1501,3677,1,occurs_in_speaker_text
2689,3677,1,occurs_in_speaker_text
1111,3677,4,occurs_in_speaker_text
2727,3677,1,occurs_in_speaker_text
3020,3677,6,occurs_in_speaker_text
1398,3677,1,occurs_in_speaker_text
1853,3677,1,occurs_in_speaker_text
3261,3677,1,occurs_in_speaker_text
3232,3677,1,occurs_in_speaker_text
1024,3677,1,occurs_in_speaker_text
1018,3677,1,occurs_in_speaker_text
1641,3678,1,occurs_in_speaker_text
2738,3678,1,occurs_in_speaker_text
770,3678,1,occurs_in_speaker_text
1723,3678,1,occurs_in_speaker_text
2558,3678,1,occurs_in_speaker_text
3261,3678,1,occurs_in_speaker_text
2192,3678,1,occurs_in_speaker_text
153,3678,2,occurs_in_speaker_text
474,3678,1,occurs_in_speaker_text
2865,3678,1,occurs_in_speaker_text
447,3678,1,occurs_in_speaker_text
2235,3678,1,occurs_in_speaker_text
2021,3678,1,occurs_in_speaker_text
1160,3678,1,occurs_in_speaker_text
2833,3678,1,occurs_in_speaker_text
2727,3678,1,occurs_in_speaker_text
1425,3678,1,occurs_in_speaker_text
3308,3679,1,occurs_in_speaker_text
34,3679,7,occurs_in_speaker_text
1833,3679,1,occurs_in_speaker_text
2841,3679,1,occurs_in_speaker_text
525,3679,1,occurs_in_speaker_text
153,3679,1,occurs_in_speaker_text
3071,3680,1,occurs_in_speaker_text
411,3680,1,occurs_in_speaker_text
477,3681,1,occurs_in_speaker_text
2308,3681,1,occurs_in_speaker_text
439,3681,1,occurs_in_speaker_text
47,3681,1,occurs_in_speaker_text
3265,3681,1,occurs_in_speaker_text
1046,3681,1,occurs_in_speaker_text
3143,3681,1,occurs_in_speaker_text
2727,3681,2,occurs_in_speaker_text
79,3681,2,occurs_in_speaker_text
1494,3681,4,occurs_in_speaker_text
259,3681,1,occurs_in_speaker_text
2224,3681,1,occurs_in_speaker_text
1804,3681,1,occurs_in_speaker_text
2728,3681,1,occurs_in_speaker_text
2261,3681,2,occurs_in_speaker_text
163,3681,1,occurs_in_speaker_text
1176,3681,2,occurs_in_speaker_text
2841,3681,1,occurs_in_speaker_text
2866,3681,1,occurs_in_speaker_text
3278,3681,1,occurs_in_speaker_text
547,3681,1,occurs_in_speaker_text
2756,3681,1,occurs_in_speaker_text
1845,3681,1,occurs_in_speaker_text
2742,3681,1,occurs_in_speaker_text
1489,3681,1,occurs_in_speaker_text
153,3681,2,occurs_in_speaker_text
1934,3681,1,occurs_in_speaker_text
904,3681,1,occurs_in_speaker_text
629,3681,7,occurs_in_speaker_text
2255,3681,1,occurs_in_speaker_text
2085,3681,1,occurs_in_speaker_text
3220,3681,1,occurs_in_speaker_text
1498,3681,1,occurs_in_speaker_text
3274,3681,1,occurs_in_speaker_text
2833,3681,3,occurs_in_speaker_text
2511,3681,1,occurs_in_speaker_text
577,3681,1,occurs_in_speaker_text
2018,3681,1,occurs_in_speaker_text
946,3681,1,occurs_in_speaker_text
2928,3681,1,occurs_in_speaker_text
1408,3681,1,occurs_in_speaker_text
426,3681,1,occurs_in_speaker_text
189,3681,1,occurs_in_speaker_text
2240,3681,1,occurs_in_speaker_text
1429,3681,1,occurs_in_speaker_text
1418,3681,1,occurs_in_speaker_text
656,3681,1,occurs_in_speaker_text
759,3681,1,occurs_in_speaker_text
1236,3682,1,occurs_in_speaker_text
2977,3682,1,occurs_in_speaker_text
1030,3682,1,occurs_in_speaker_text
2849,3683,4,occurs_in_speaker_text
1850,3683,1,occurs_in_speaker_text
2849,3684,4,occurs_in_speaker_text
2324,3684,1,occurs_in_speaker_text
2299,3684,1,occurs_in_speaker_text
2301,3685,2,occurs_in_speaker_text
3261,3685,6,occurs_in_speaker_text
854,3685,1,occurs_in_speaker_text
2818,3685,1,occurs_in_speaker_text
2621,3685,5,occurs_in_speaker_text
1537,3685,1,occurs_in_speaker_text
855,3685,1,occurs_in_speaker_text
2729,3685,1,occurs_in_speaker_text
2725,3685,1,occurs_in_speaker_text
153,3685,2,occurs_in_speaker_text
1621,3685,1,occurs_in_speaker_text
79,3685,3,occurs_in_speaker_text
2996,3685,1,occurs_in_speaker_text
1143,3685,1,occurs_in_speaker_text
3069,3685,2,occurs_in_speaker_text
299,3685,1,occurs_in_speaker_text
2727,3685,1,occurs_in_speaker_text
2841,3685,1,occurs_in_speaker_text
2967,3685,1,occurs_in_speaker_text
3210,3685,1,occurs_in_speaker_text
3020,3685,1,occurs_in_speaker_text
2556,3685,1,occurs_in_speaker_text
1142,3685,1,occurs_in_speaker_text
560,3685,1,occurs_in_speaker_text
2849,3685,1,occurs_in_speaker_text
1329,3685,1,occurs_in_speaker_text
2286,3686,1,occurs_in_speaker_text
3261,3686,1,occurs_in_speaker_text
2799,3687,1,occurs_in_speaker_text
945,3687,1,occurs_in_speaker_text
3089,3687,1,occurs_in_speaker_text
187,3687,1,occurs_in_speaker_text
2908,3687,1,occurs_in_speaker_text
78,3687,1,occurs_in_speaker_text
1812,3688,1,occurs_in_speaker_text
2732,3688,2,occurs_in_speaker_text
885,3688,3,occurs_in_speaker_text
397,3688,1,occurs_in_speaker_text
2478,3688,2,occurs_in_speaker_text
2727,3688,4,occurs_in_speaker_text
529,3688,1,occurs_in_speaker_text
1144,3688,1,occurs_in_speaker_text
2705,3688,1,occurs_in_speaker_text
1498,3688,3,occurs_in_speaker_text
382,3688,1,occurs_in_speaker_text
3261,3688,4,occurs_in_speaker_text
2841,3688,1,occurs_in_speaker_text
2235,3688,6,occurs_in_speaker_text
1278,3688,1,occurs_in_speaker_text
2704,3688,1,occurs_in_speaker_text
330,3688,1,occurs_in_speaker_text
1406,3688,1,occurs_in_speaker_text
2855,3688,1,occurs_in_speaker_text
2261,3688,1,occurs_in_speaker_text
2324,3688,1,occurs_in_speaker_text
1652,3688,1,occurs_in_speaker_text
3069,3688,1,occurs_in_speaker_text
1249,3688,1,occurs_in_speaker_text
904,3688,1,occurs_in_speaker_text
2286,3688,1,occurs_in_speaker_text
1837,3688,1,occurs_in_speaker_text
2833,3688,1,occurs_in_speaker_text
2192,3688,1,occurs_in_speaker_text
196,3688,1,occurs_in_speaker_text
577,3688,1,occurs_in_speaker_text
699,3688,1,occurs_in_speaker_text
2111,3688,1,occurs_in_speaker_text
1501,3688,1,occurs_in_speaker_text
236,3688,1,occurs_in_speaker_text
2294,3688,1,occurs_in_speaker_text
2371,3688,1,occurs_in_speaker_text
509,3688,1,occurs_in_speaker_text
1845,3689,1,occurs_in_speaker_text
147,3689,1,occurs_in_speaker_text
2460,3689,2,occurs_in_speaker_text
2727,3689,1,occurs_in_speaker_text
2992,3689,1,occurs_in_speaker_text
611,3689,1,occurs_in_speaker_text
2831,3689,1,occurs_in_speaker_text
2428,3689,1,occurs_in_speaker_text
3020,3689,1,occurs_in_speaker_text
250,3689,2,occurs_in_speaker_text
1170,3689,1,occurs_in_speaker_text
3297,3689,1,occurs_in_speaker_text
2733,3689,1,occurs_in_speaker_text
2577,3689,1,occurs_in_speaker_text
1837,3689,1,occurs_in_speaker_text
2123,3689,2,occurs_in_speaker_text
1973,3689,1,occurs_in_speaker_text
1487,3690,7,occurs_in_speaker_text
76,3690,1,occurs_in_speaker_text
451,3690,1,occurs_in_speaker_text
2082,3690,1,occurs_in_speaker_text
3261,3690,1,occurs_in_speaker_text
2863,3690,1,occurs_in_speaker_text
2128,3690,1,occurs_in_speaker_text
498,3691,1,occurs_in_speaker_text
3261,3691,1,occurs_in_speaker_text
1756,3691,1,occurs_in_speaker_text
1735,3691,1,occurs_in_speaker_text
3189,3691,1,occurs_in_speaker_text
1501,3691,1,occurs_in_speaker_text
1211,3691,1,occurs_in_speaker_text
153,3691,2,occurs_in_speaker_text
1699,3691,2,occurs_in_speaker_text
1398,3691,1,occurs_in_speaker_text
1484,3692,1,occurs_in_speaker_text
94,3692,1,occurs_in_speaker_text
3261,3692,4,occurs_in_speaker_text
1845,3692,1,occurs_in_speaker_text
3074,3692,1,occurs_in_speaker_text
1929,3692,1,occurs_in_speaker_text
2079,3692,1,occurs_in_speaker_text
2727,3692,1,occurs_in_speaker_text
588,3692,1,occurs_in_speaker_text
770,3692,6,occurs_in_speaker_text
3232,3692,1,occurs_in_speaker_text
3297,3692,1,occurs_in_speaker_text
540,3692,2,occurs_in_speaker_text
153,3692,1,occurs_in_speaker_text
3066,3692,1,occurs_in_speaker_text
2728,3692,1,occurs_in_speaker_text
2060,3693,34,occurs_in_speaker_text
2587,3693,118,occurs_in_speaker_text
153,3694,6,occurs_in_speaker_text
3261,3694,10,occurs_in_speaker_text
1072,3694,1,occurs_in_speaker_text
539,3694,1,occurs_in_speaker_text
1501,3695,1,occurs_in_speaker_text
522,3695,1,occurs_in_speaker_text
2447,3695,1,occurs_in_speaker_text
770,3695,2,occurs_in_speaker_text
425,3695,1,occurs_in_speaker_text
1386,3695,1,occurs_in_speaker_text
3181,3695,1,occurs_in_speaker_text
1990,3695,1,occurs_in_speaker_text
1391,3695,1,occurs_in_speaker_text
2079,3695,1,occurs_in_speaker_text
2235,3696,1,occurs_in_speaker_text
2704,3696,1,occurs_in_speaker_text
2727,3696,3,occurs_in_speaker_text
2117,3696,1,occurs_in_speaker_text
1177,3696,1,occurs_in_speaker_text
1076,3696,1,occurs_in_speaker_text
3261,3696,3,occurs_in_speaker_text
1812,3696,1,occurs_in_speaker_text
1845,3696,1,occurs_in_speaker_text
1146,3696,1,occurs_in_speaker_text
3020,3696,1,occurs_in_speaker_text
2142,3696,1,occurs_in_speaker_text
588,3696,1,occurs_in_speaker_text
359,3696,1,occurs_in_speaker_text
2192,3696,1,occurs_in_speaker_text
1079,3696,2,occurs_in_speaker_text
1698,3696,3,occurs_in_speaker_text
3061,3696,1,occurs_in_speaker_text
2261,3696,1,occurs_in_speaker_text
554,3696,1,occurs_in_speaker_text
792,3696,1,occurs_in_speaker_text
3314,3696,1,occurs_in_speaker_text
2988,3696,1,occurs_in_speaker_text
1751,3696,1,occurs_in_speaker_text
163,3696,1,occurs_in_speaker_text
1687,3696,1,occurs_in_speaker_text
196,3696,1,occurs_in_speaker_text
770,3696,1,occurs_in_speaker_text
1489,3696,1,occurs_in_speaker_text
2841,3696,1,occurs_in_speaker_text
1833,3696,1,occurs_in_speaker_text
2932,3696,2,occurs_in_speaker_text
1142,3696,1,occurs_in_speaker_text
153,3696,1,occurs_in_speaker_text
1057,3696,1,occurs_in_speaker_text
2278,3697,1,occurs_in_speaker_text
1845,3697,3,occurs_in_speaker_text
3163,3697,2,occurs_in_speaker_text
3017,3697,1,occurs_in_speaker_text
770,3697,9,occurs_in_speaker_text
1398,3697,3,occurs_in_speaker_text
153,3697,17,occurs_in_speaker_text
1790,3697,1,occurs_in_speaker_text
3261,3697,30,occurs_in_speaker_text
1337,3697,1,occurs_in_speaker_text
377,3697,1,occurs_in_speaker_text
449,3697,1,occurs_in_speaker_text
854,3697,2,occurs_in_speaker_text
2906,3697,2,occurs_in_speaker_text
2732,3697,1,occurs_in_speaker_text
1537,3697,3,occurs_in_speaker_text
2429,3697,1,occurs_in_speaker_text
306,3697,2,occurs_in_speaker_text
3060,3697,1,occurs_in_speaker_text
572,3697,1,occurs_in_speaker_text
819,3697,1,occurs_in_speaker_text
2671,3697,1,occurs_in_speaker_text
1890,3697,1,occurs_in_speaker_text
1091,3697,2,occurs_in_speaker_text
2850,3697,1,occurs_in_speaker_text
73,3697,1,occurs_in_speaker_text
1339,3697,1,occurs_in_speaker_text
223,3697,1,occurs_in_speaker_text
2635,3697,3,occurs_in_speaker_text
2841,3697,6,occurs_in_speaker_text
911,3697,1,occurs_in_speaker_text
726,3697,1,occurs_in_speaker_text
1006,3697,1,occurs_in_speaker_text
2577,3697,2,occurs_in_speaker_text
116,3697,1,occurs_in_speaker_text
924,3697,1,occurs_in_speaker_text
1717,3697,1,occurs_in_speaker_text
165,3697,1,occurs_in_speaker_text
1822,3697,1,occurs_in_speaker_text
637,3697,1,occurs_in_speaker_text
1131,3697,1,occurs_in_speaker_text
1067,3697,1,occurs_in_speaker_text
2727,3697,5,occurs_in_speaker_text
2153,3697,1,occurs_in_speaker_text
340,3697,1,occurs_in_speaker_text
259,3697,1,occurs_in_speaker_text
756,3697,1,occurs_in_speaker_text
3036,3697,1,occurs_in_speaker_text
2878,3697,1,occurs_in_speaker_text
3297,3697,2,occurs_in_speaker_text
3210,3697,2,occurs_in_speaker_text
2261,3697,2,occurs_in_speaker_text
50,3697,1,occurs_in_speaker_text
1284,3697,1,occurs_in_speaker_text
2676,3697,1,occurs_in_speaker_text
2496,3697,1,occurs_in_speaker_text
1853,3697,1,occurs_in_speaker_text
856,3697,4,occurs_in_speaker_text
680,3697,1,occurs_in_speaker_text
2722,3697,1,occurs_in_speaker_text
915,3697,1,occurs_in_speaker_text
3219,3697,1,occurs_in_speaker_text
2089,3697,1,occurs_in_speaker_text
1904,3697,1,occurs_in_speaker_text
1899,3697,1,occurs_in_speaker_text
2874,3697,1,occurs_in_speaker_text
2307,3697,2,occurs_in_speaker_text
3209,3697,1,occurs_in_speaker_text
1710,3697,1,occurs_in_speaker_text
1619,3697,1,occurs_in_speaker_text
2349,3697,1,occurs_in_speaker_text
3315,3697,1,occurs_in_speaker_text
307,3697,1,occurs_in_speaker_text
3308,3697,1,occurs_in_speaker_text
89,3697,2,occurs_in_speaker_text
3100,3697,1,occurs_in_speaker_text
527,3697,1,occurs_in_speaker_text
2954,3697,1,occurs_in_speaker_text
2271,3697,1,occurs_in_speaker_text
302,3697,1,occurs_in_speaker_text
174,3697,1,occurs_in_speaker_text
627,3697,1,occurs_in_speaker_text
1837,3697,4,occurs_in_speaker_text
1855,3697,1,occurs_in_speaker_text
2855,3697,2,occurs_in_speaker_text
3143,3697,1,occurs_in_speaker_text
1753,3697,1,occurs_in_speaker_text
2968,3697,1,occurs_in_speaker_text
3229,3697,1,occurs_in_speaker_text
183,3697,1,occurs_in_speaker_text
221,3697,1,occurs_in_speaker_text
1501,3697,1,occurs_in_speaker_text
1347,3697,1,occurs_in_speaker_text
205,3697,1,occurs_in_speaker_text
2241,3697,2,occurs_in_speaker_text
1489,3697,1,occurs_in_speaker_text
1767,3697,1,occurs_in_speaker_text
1406,3697,1,occurs_in_speaker_text
1724,3697,1,occurs_in_speaker_text
3254,3697,1,occurs_in_speaker_text
885,3697,2,occurs_in_speaker_text
952,3697,2,occurs_in_speaker_text
2876,3697,1,occurs_in_speaker_text
2707,3697,1,occurs_in_speaker_text
2339,3697,1,occurs_in_speaker_text
2014,3697,1,occurs_in_speaker_text
3267,3697,1,occurs_in_speaker_text
1653,3697,1,occurs_in_speaker_text
557,3697,1,occurs_in_speaker_text
2545,3697,1,occurs_in_speaker_text
2894,3697,1,occurs_in_speaker_text
578,3697,1,occurs_in_speaker_text
2132,3697,1,occurs_in_speaker_text
300,3697,1,occurs_in_speaker_text
2962,3697,1,occurs_in_speaker_text
546,3697,1,occurs_in_speaker_text
3046,3697,1,occurs_in_speaker_text
2333,3697,1,occurs_in_speaker_text
519,3697,1,occurs_in_speaker_text
3069,3697,3,occurs_in_speaker_text
2223,3697,1,occurs_in_speaker_text
196,3697,1,occurs_in_speaker_text
1391,3697,1,occurs_in_speaker_text
1898,3697,1,occurs_in_speaker_text
3206,3697,1,occurs_in_speaker_text
922,3697,1,occurs_in_speaker_text
489,3697,1,occurs_in_speaker_text
1693,3697,1,occurs_in_speaker_text
1009,3697,2,occurs_in_speaker_text
3084,3697,1,occurs_in_speaker_text
1103,3697,2,occurs_in_speaker_text
716,3697,1,occurs_in_speaker_text
3116,3697,1,occurs_in_speaker_text
2895,3697,1,occurs_in_speaker_text
2568,3697,2,occurs_in_speaker_text
22,3697,1,occurs_in_speaker_text
2235,3697,1,occurs_in_speaker_text
1673,3697,1,occurs_in_speaker_text
1151,3697,1,occurs_in_speaker_text
2199,3697,1,occurs_in_speaker_text
1143,3697,1,occurs_in_speaker_text
2939,3697,1,occurs_in_speaker_text
1111,3697,1,occurs_in_speaker_text
699,3697,1,occurs_in_speaker_text
995,3697,1,occurs_in_speaker_text
509,3697,1,occurs_in_speaker_text
53,3697,1,occurs_in_speaker_text
1682,3697,1,occurs_in_speaker_text
3008,3697,1,occurs_in_speaker_text
2932,3697,1,occurs_in_speaker_text
647,3697,1,occurs_in_speaker_text
625,3697,1,occurs_in_speaker_text
84,3697,1,occurs_in_speaker_text
3172,3697,1,occurs_in_speaker_text
600,3697,1,occurs_in_speaker_text
1158,3697,1,occurs_in_speaker_text
2374,3697,1,occurs_in_speaker_text
2277,3697,1,occurs_in_speaker_text
341,3697,1,occurs_in_speaker_text
1425,3697,1,occurs_in_speaker_text
1024,3697,1,occurs_in_speaker_text
3073,3697,1,occurs_in_speaker_text
1689,3697,1,occurs_in_speaker_text
1715,3697,1,occurs_in_speaker_text
1824,3697,1,occurs_in_speaker_text
2235,3698,1,occurs_in_speaker_text
2535,3699,1,occurs_in_speaker_text
241,3699,1,occurs_in_speaker_text
1862,3699,4,occurs_in_speaker_text
2435,3699,1,occurs_in_speaker_text
611,3699,4,occurs_in_speaker_text
2235,3699,3,occurs_in_speaker_text
3210,3699,2,occurs_in_speaker_text
1,3699,1,occurs_in_speaker_text
2841,3699,2,occurs_in_speaker_text
196,3699,2,occurs_in_speaker_text
3044,3699,2,occurs_in_speaker_text
2336,3699,1,occurs_in_speaker_text
1498,3699,3,occurs_in_speaker_text
741,3699,1,occurs_in_speaker_text
117,3699,1,occurs_in_speaker_text
2727,3699,2,occurs_in_speaker_text
1429,3699,1,occurs_in_speaker_text
2967,3699,1,occurs_in_speaker_text
2977,3699,1,occurs_in_speaker_text
2261,3699,2,occurs_in_speaker_text
1425,3699,1,occurs_in_speaker_text
688,3699,1,occurs_in_speaker_text
583,3699,1,occurs_in_speaker_text
870,3699,1,occurs_in_speaker_text
616,3699,1,occurs_in_speaker_text
1406,3699,2,occurs_in_speaker_text
1530,3699,1,occurs_in_speaker_text
1590,3699,1,occurs_in_speaker_text
2755,3699,8,occurs_in_speaker_text
1176,3699,1,occurs_in_speaker_text
2159,3699,1,occurs_in_speaker_text
996,3699,1,occurs_in_speaker_text
1355,3699,1,occurs_in_speaker_text
1176,3700,1,occurs_in_speaker_text
33,3700,1,occurs_in_speaker_text
1837,3700,2,occurs_in_speaker_text
2841,3700,1,occurs_in_speaker_text
509,3700,1,occurs_in_speaker_text
3261,3700,3,occurs_in_speaker_text
2235,3700,1,occurs_in_speaker_text
3210,3700,1,occurs_in_speaker_text
153,3700,1,occurs_in_speaker_text
2833,3700,1,occurs_in_speaker_text
745,3700,1,occurs_in_speaker_text
1425,3700,1,occurs_in_speaker_text
2164,3700,1,occurs_in_speaker_text
196,3700,2,occurs_in_speaker_text
1533,3700,1,occurs_in_speaker_text
413,3700,1,occurs_in_speaker_text
3075,3701,1,occurs_in_speaker_text
259,3701,1,occurs_in_speaker_text
1710,3701,2,occurs_in_speaker_text
1935,3701,1,occurs_in_speaker_text
2727,3701,1,occurs_in_speaker_text
2284,3701,1,occurs_in_speaker_text
1440,3701,1,occurs_in_speaker_text
770,3701,1,occurs_in_speaker_text
1111,3701,1,occurs_in_speaker_text
723,3701,1,occurs_in_speaker_text
1111,3702,2,occurs_in_speaker_text
1292,3702,1,occurs_in_speaker_text
2240,3702,1,occurs_in_speaker_text
2727,3702,7,occurs_in_speaker_text
770,3702,2,occurs_in_speaker_text
2755,3702,1,occurs_in_speaker_text
2261,3702,2,occurs_in_speaker_text
1837,3702,1,occurs_in_speaker_text
1780,3702,1,occurs_in_speaker_text
3210,3702,1,occurs_in_speaker_text
1098,3702,1,occurs_in_speaker_text
1530,3702,1,occurs_in_speaker_text
3044,3702,1,occurs_in_speaker_text
153,3702,2,occurs_in_speaker_text
2235,3702,1,occurs_in_speaker_text
1176,3702,1,occurs_in_speaker_text
1104,3702,1,occurs_in_speaker_text
3261,3702,1,occurs_in_speaker_text
3189,3702,1,occurs_in_speaker_text
509,3702,2,occurs_in_speaker_text
1495,3702,1,occurs_in_speaker_text
2849,3702,1,occurs_in_speaker_text
2345,3703,1,occurs_in_speaker_text
1072,3703,8,occurs_in_speaker_text
2841,3703,1,occurs_in_speaker_text
2414,3703,1,occurs_in_speaker_text
1261,3703,1,occurs_in_speaker_text
3005,3704,2,occurs_in_speaker_text
1550,3704,1,occurs_in_speaker_text
2125,3704,1,occurs_in_speaker_text
1748,3704,1,occurs_in_speaker_text
1537,3705,1,occurs_in_speaker_text
1290,3705,1,occurs_in_speaker_text
303,3705,1,occurs_in_speaker_text
1812,3705,1,occurs_in_speaker_text
2516,3705,1,occurs_in_speaker_text
2170,3705,1,occurs_in_speaker_text
2727,3705,1,occurs_in_speaker_text
3232,3705,1,occurs_in_speaker_text
3259,3705,1,occurs_in_speaker_text
2064,3705,2,occurs_in_speaker_text
3233,3705,1,occurs_in_speaker_text
81,3705,1,occurs_in_speaker_text
1244,3705,1,occurs_in_speaker_text
832,3705,1,occurs_in_speaker_text
196,3705,1,occurs_in_speaker_text
537,3705,1,occurs_in_speaker_text
1845,3705,2,occurs_in_speaker_text
3005,3705,4,occurs_in_speaker_text
663,3705,1,occurs_in_speaker_text
2798,3705,1,occurs_in_speaker_text
2515,3705,1,occurs_in_speaker_text
2261,3705,1,occurs_in_speaker_text
337,3705,1,occurs_in_speaker_text
2409,3705,1,occurs_in_speaker_text
195,3706,1,occurs_in_speaker_text
611,3706,1,occurs_in_speaker_text
380,3706,2,occurs_in_speaker_text
196,3706,1,occurs_in_speaker_text
1498,3706,1,occurs_in_speaker_text
2727,3706,1,occurs_in_speaker_text
1440,3706,1,occurs_in_speaker_text
509,3707,1,occurs_in_speaker_text
272,3707,1,occurs_in_speaker_text
396,3708,1,occurs_in_speaker_text
388,3708,1,occurs_in_speaker_text
3234,3708,1,occurs_in_speaker_text
2261,3708,1,occurs_in_speaker_text
2327,3708,1,occurs_in_speaker_text
1018,3708,1,occurs_in_speaker_text
509,3708,1,occurs_in_speaker_text
386,3708,1,occurs_in_speaker_text
3261,3708,2,occurs_in_speaker_text
79,3708,1,occurs_in_speaker_text
2465,3708,1,occurs_in_speaker_text
1417,3708,1,occurs_in_speaker_text
756,3709,1,occurs_in_speaker_text
3044,3709,1,occurs_in_speaker_text
1098,3709,1,occurs_in_speaker_text
2946,3709,1,occurs_in_speaker_text
1176,3709,1,occurs_in_speaker_text
2727,3709,3,occurs_in_speaker_text
163,3709,1,occurs_in_speaker_text
2491,3709,1,occurs_in_speaker_text
116,3709,1,occurs_in_speaker_text
2741,3709,1,occurs_in_speaker_text
2250,3709,1,occurs_in_speaker_text
904,3709,1,occurs_in_speaker_text
2261,3709,1,occurs_in_speaker_text
2324,3709,1,occurs_in_speaker_text
2753,3709,1,occurs_in_speaker_text
1501,3709,1,occurs_in_speaker_text
2728,3710,9,occurs_in_speaker_text
604,3710,1,occurs_in_speaker_text
2290,3710,1,occurs_in_speaker_text
3143,3710,1,occurs_in_speaker_text
1451,3710,1,occurs_in_speaker_text
1699,3710,4,occurs_in_speaker_text
2977,3710,2,occurs_in_speaker_text
1398,3710,1,occurs_in_speaker_text
1363,3710,1,occurs_in_speaker_text
1434,3710,1,occurs_in_speaker_text
971,3710,1,occurs_in_speaker_text
2235,3710,6,occurs_in_speaker_text
1329,3710,1,occurs_in_speaker_text
1582,3710,1,occurs_in_speaker_text
3261,3710,10,occurs_in_speaker_text
854,3710,1,occurs_in_speaker_text
2727,3710,1,occurs_in_speaker_text
1843,3710,1,occurs_in_speaker_text
153,3710,2,occurs_in_speaker_text
1018,3710,2,occurs_in_speaker_text
1812,3710,1,occurs_in_speaker_text
770,3710,3,occurs_in_speaker_text
196,3710,3,occurs_in_speaker_text
1710,3710,1,occurs_in_speaker_text
2138,3710,1,occurs_in_speaker_text
1973,3710,1,occurs_in_speaker_text
1223,3710,1,occurs_in_speaker_text
2732,3710,1,occurs_in_speaker_text
2639,3710,1,occurs_in_speaker_text
1837,3710,1,occurs_in_speaker_text
2883,3710,1,occurs_in_speaker_text
1212,3710,1,occurs_in_speaker_text
2841,3710,2,occurs_in_speaker_text
515,3710,1,occurs_in_speaker_text
1261,3710,1,occurs_in_speaker_text
1293,3710,1,occurs_in_speaker_text
3278,3710,1,occurs_in_speaker_text
532,3710,1,occurs_in_speaker_text
81,3710,1,occurs_in_speaker_text
2336,3710,1,occurs_in_speaker_text
257,3710,1,occurs_in_speaker_text
2605,3710,1,occurs_in_speaker_text
2616,3710,1,occurs_in_speaker_text
25,3710,1,occurs_in_speaker_text
2073,3710,1,occurs_in_speaker_text
891,3710,1,occurs_in_speaker_text
1070,3710,1,occurs_in_speaker_text
2992,3710,1,occurs_in_speaker_text
2204,3710,1,occurs_in_speaker_text
2914,3710,1,occurs_in_speaker_text
904,3710,1,occurs_in_speaker_text
618,3711,1,occurs_in_speaker_text
2681,3711,2,occurs_in_speaker_text
822,3711,19,occurs_in_speaker_text
3261,3711,2,occurs_in_speaker_text
1277,3711,1,occurs_in_speaker_text
2727,3711,2,occurs_in_speaker_text
2888,3711,1,occurs_in_speaker_text
2960,3711,3,occurs_in_speaker_text
1125,3711,1,occurs_in_speaker_text
196,3711,1,occurs_in_speaker_text
699,3711,1,occurs_in_speaker_text
2470,3711,1,occurs_in_speaker_text
356,3712,1,occurs_in_speaker_text
752,3712,1,occurs_in_speaker_text
1710,3712,1,occurs_in_speaker_text
291,3712,2,occurs_in_speaker_text
353,3712,1,occurs_in_speaker_text
1794,3712,1,occurs_in_speaker_text
196,3712,2,occurs_in_speaker_text
1036,3712,1,occurs_in_speaker_text
2261,3713,6,occurs_in_speaker_text
1429,3713,1,occurs_in_speaker_text
2849,3713,1,occurs_in_speaker_text
2841,3713,1,occurs_in_speaker_text
3044,3713,4,occurs_in_speaker_text
2235,3713,2,occurs_in_speaker_text
2833,3713,1,occurs_in_speaker_text
1867,3713,1,occurs_in_speaker_text
1482,3713,1,occurs_in_speaker_text
3020,3713,3,occurs_in_speaker_text
153,3713,1,occurs_in_speaker_text
3000,3713,1,occurs_in_speaker_text
909,3713,4,occurs_in_speaker_text
900,3713,1,occurs_in_speaker_text
2679,3713,1,occurs_in_speaker_text
1393,3713,1,occurs_in_speaker_text
397,3713,1,occurs_in_speaker_text
1111,3713,1,occurs_in_speaker_text
885,3713,1,occurs_in_speaker_text
2121,3713,1,occurs_in_speaker_text
623,3713,1,occurs_in_speaker_text
797,3713,1,occurs_in_speaker_text
2855,3713,1,occurs_in_speaker_text
1042,3713,1,occurs_in_speaker_text
304,3714,1,occurs_in_speaker_text
1710,3714,2,occurs_in_speaker_text
2960,3714,1,occurs_in_speaker_text
196,3714,1,occurs_in_speaker_text
67,3714,1,occurs_in_speaker_text
2104,3714,1,occurs_in_speaker_text
2841,3714,1,occurs_in_speaker_text
770,3714,1,occurs_in_speaker_text
257,3714,1,occurs_in_speaker_text
3210,3714,1,occurs_in_speaker_text
1837,3714,1,occurs_in_speaker_text
2261,3714,1,occurs_in_speaker_text
1440,3714,1,occurs_in_speaker_text
990,3714,1,occurs_in_speaker_text
3261,3714,1,occurs_in_speaker_text
1845,3715,2,occurs_in_speaker_text
3020,3715,6,occurs_in_speaker_text
75,3715,1,occurs_in_speaker_text
3220,3715,1,occurs_in_speaker_text
2261,3715,7,occurs_in_speaker_text
854,3715,7,occurs_in_speaker_text
3261,3715,12,occurs_in_speaker_text
299,3715,1,occurs_in_speaker_text
770,3715,2,occurs_in_speaker_text
2235,3715,8,occurs_in_speaker_text
1631,3715,2,occurs_in_speaker_text
3109,3715,1,occurs_in_speaker_text
2316,3715,1,occurs_in_speaker_text
2286,3715,2,occurs_in_speaker_text
1384,3715,1,occurs_in_speaker_text
447,3715,1,occurs_in_speaker_text
1018,3715,1,occurs_in_speaker_text
1837,3715,3,occurs_in_speaker_text
3278,3715,4,occurs_in_speaker_text
2826,3715,1,occurs_in_speaker_text
1530,3715,2,occurs_in_speaker_text
2701,3715,1,occurs_in_speaker_text
855,3715,1,occurs_in_speaker_text
153,3715,2,occurs_in_speaker_text
1908,3715,1,occurs_in_speaker_text
1111,3715,1,occurs_in_speaker_text
1362,3715,1,occurs_in_speaker_text
1208,3715,1,occurs_in_speaker_text
1425,3715,1,occurs_in_speaker_text
737,3715,1,occurs_in_speaker_text
611,3715,1,occurs_in_speaker_text
2727,3715,2,occurs_in_speaker_text
217,3715,1,occurs_in_speaker_text
1498,3715,1,occurs_in_speaker_text
3074,3715,1,occurs_in_speaker_text
2181,3715,1,occurs_in_speaker_text
1088,3715,1,occurs_in_speaker_text
2643,3715,1,occurs_in_speaker_text
2845,3715,1,occurs_in_speaker_text
1597,3715,1,occurs_in_speaker_text
2235,3716,1,occurs_in_speaker_text
1845,3716,1,occurs_in_speaker_text
2704,3716,1,occurs_in_speaker_text
847,3717,2,occurs_in_speaker_text
3173,3717,1,occurs_in_speaker_text
2200,3717,1,occurs_in_speaker_text
1768,3717,1,occurs_in_speaker_text
3232,3717,1,occurs_in_speaker_text
831,3717,1,occurs_in_speaker_text
196,3717,1,occurs_in_speaker_text
2529,3717,1,occurs_in_speaker_text
2727,3718,9,occurs_in_speaker_text
1751,3718,1,occurs_in_speaker_text
196,3718,1,occurs_in_speaker_text
1363,3718,1,occurs_in_speaker_text
854,3718,2,occurs_in_speaker_text
3210,3718,2,occurs_in_speaker_text
1407,3718,1,occurs_in_speaker_text
1501,3718,1,occurs_in_speaker_text
2568,3718,1,occurs_in_speaker_text
375,3718,1,occurs_in_speaker_text
1176,3718,1,occurs_in_speaker_text
756,3718,1,occurs_in_speaker_text
1837,3718,1,occurs_in_speaker_text
1051,3718,1,occurs_in_speaker_text
2841,3718,3,occurs_in_speaker_text
2240,3718,1,occurs_in_speaker_text
2864,3718,1,occurs_in_speaker_text
939,3718,1,occurs_in_speaker_text
1111,3718,1,occurs_in_speaker_text
3232,3718,2,occurs_in_speaker_text
3234,3718,2,occurs_in_speaker_text
2235,3718,1,occurs_in_speaker_text
1833,3718,1,occurs_in_speaker_text
1086,3718,1,occurs_in_speaker_text
1462,3718,1,occurs_in_speaker_text
611,3718,1,occurs_in_speaker_text
2732,3718,1,occurs_in_speaker_text
102,3718,1,occurs_in_speaker_text
1535,3718,1,occurs_in_speaker_text
1450,3718,1,occurs_in_speaker_text
3261,3718,1,occurs_in_speaker_text
1176,3719,1,occurs_in_speaker_text
1845,3719,1,occurs_in_speaker_text
1914,3719,1,occurs_in_speaker_text
3047,3719,1,occurs_in_speaker_text
2960,3719,1,occurs_in_speaker_text
1811,3719,1,occurs_in_speaker_text
2261,3719,1,occurs_in_speaker_text
2271,3719,1,occurs_in_speaker_text
153,3721,2,occurs_in_speaker_text
2833,3721,1,occurs_in_speaker_text
3261,3722,2,occurs_in_speaker_text
2842,3722,1,occurs_in_speaker_text
2261,3722,1,occurs_in_speaker_text
487,3722,1,occurs_in_speaker_text
854,3722,1,occurs_in_speaker_text
2235,3722,1,occurs_in_speaker_text
2775,3722,1,occurs_in_speaker_text
611,3722,1,occurs_in_speaker_text
1845,3722,1,occurs_in_speaker_text
1072,3723,2,occurs_in_speaker_text
3020,3723,1,occurs_in_speaker_text
3268,3723,1,occurs_in_speaker_text
2960,3723,3,occurs_in_speaker_text
699,3723,1,occurs_in_speaker_text
1602,3723,1,occurs_in_speaker_text
1111,3723,1,occurs_in_speaker_text
633,3723,1,occurs_in_speaker_text
1275,3723,1,occurs_in_speaker_text
1867,3723,2,occurs_in_speaker_text
2094,3723,1,occurs_in_speaker_text
2977,3723,1,occurs_in_speaker_text
2841,3724,1,occurs_in_speaker_text
421,3724,1,occurs_in_speaker_text
2291,3724,1,occurs_in_speaker_text
1474,3724,1,occurs_in_speaker_text
1837,3724,1,occurs_in_speaker_text
2235,3724,1,occurs_in_speaker_text
2727,3724,1,occurs_in_speaker_text
1498,3725,1,occurs_in_speaker_text
1960,3725,1,occurs_in_speaker_text
1072,3725,1,occurs_in_speaker_text
1818,3725,1,occurs_in_speaker_text
2833,3725,1,occurs_in_speaker_text
2607,3726,1,occurs_in_speaker_text
2754,3726,1,occurs_in_speaker_text
1833,3727,1,occurs_in_speaker_text
2241,3727,1,occurs_in_speaker_text
3261,3727,6,occurs_in_speaker_text
2727,3727,1,occurs_in_speaker_text
2235,3727,1,occurs_in_speaker_text
196,3727,1,occurs_in_speaker_text
974,3728,1,occurs_in_speaker_text
118,3728,1,occurs_in_speaker_text
2727,3729,1,occurs_in_speaker_text
2235,3729,1,occurs_in_speaker_text
2568,3729,1,occurs_in_speaker_text
2791,3729,1,occurs_in_speaker_text
2240,3729,3,occurs_in_speaker_text
2457,3729,1,occurs_in_speaker_text
1108,3729,2,occurs_in_speaker_text
2622,3729,1,occurs_in_speaker_text
3261,3729,2,occurs_in_speaker_text
153,3729,8,occurs_in_speaker_text
3091,3729,1,occurs_in_speaker_text
1213,3729,2,occurs_in_speaker_text
1438,3729,1,occurs_in_speaker_text
1018,3729,1,occurs_in_speaker_text
1833,3729,1,occurs_in_speaker_text
359,3729,1,occurs_in_speaker_text
257,3729,1,occurs_in_speaker_text
2584,3730,1,occurs_in_speaker_text
904,3730,1,occurs_in_speaker_text
138,3730,1,occurs_in_speaker_text
2705,3731,1,occurs_in_speaker_text
2849,3731,1,occurs_in_speaker_text
2841,3731,4,occurs_in_speaker_text
2967,3731,1,occurs_in_speaker_text
1018,3731,1,occurs_in_speaker_text
2855,3731,2,occurs_in_speaker_text
2634,3731,1,occurs_in_speaker_text
3220,3731,1,occurs_in_speaker_text
3261,3731,9,occurs_in_speaker_text
784,3731,1,occurs_in_speaker_text
1747,3731,1,occurs_in_speaker_text
3029,3731,2,occurs_in_speaker_text
2026,3731,1,occurs_in_speaker_text
854,3731,2,occurs_in_speaker_text
904,3731,2,occurs_in_speaker_text
2425,3731,1,occurs_in_speaker_text
2907,3731,1,occurs_in_speaker_text
1537,3731,1,occurs_in_speaker_text
2515,3731,1,occurs_in_speaker_text
1176,3731,1,occurs_in_speaker_text
1794,3731,1,occurs_in_speaker_text
1484,3731,1,occurs_in_speaker_text
2738,3731,1,occurs_in_speaker_text
1710,3731,1,occurs_in_speaker_text
1845,3731,1,occurs_in_speaker_text
1501,3731,1,occurs_in_speaker_text
2727,3731,1,occurs_in_speaker_text
2235,3731,1,occurs_in_speaker_text
2118,3731,1,occurs_in_speaker_text
1631,3731,1,occurs_in_speaker_text
447,3731,1,occurs_in_speaker_text
770,3731,1,occurs_in_speaker_text
2992,3731,1,occurs_in_speaker_text
47,3731,2,occurs_in_speaker_text
116,3731,1,occurs_in_speaker_text
153,3731,1,occurs_in_speaker_text
2301,3731,1,occurs_in_speaker_text
2277,3731,1,occurs_in_speaker_text
458,3731,1,occurs_in_speaker_text
3143,3731,1,occurs_in_speaker_text
1161,3731,1,occurs_in_speaker_text
2201,3731,1,occurs_in_speaker_text
196,3731,1,occurs_in_speaker_text
1699,3731,1,occurs_in_speaker_text
1679,3731,1,occurs_in_speaker_text
1833,3732,1,occurs_in_speaker_text
2079,3732,1,occurs_in_speaker_text
2960,3732,1,occurs_in_speaker_text
762,3732,1,occurs_in_speaker_text
2727,3732,2,occurs_in_speaker_text
1853,3732,1,occurs_in_speaker_text
2020,3732,1,occurs_in_speaker_text
1498,3732,1,occurs_in_speaker_text
509,3732,3,occurs_in_speaker_text
1837,3732,1,occurs_in_speaker_text
78,3732,1,occurs_in_speaker_text
655,3732,1,occurs_in_speaker_text
3020,3733,2,occurs_in_speaker_text
2813,3733,1,occurs_in_speaker_text
1845,3733,1,occurs_in_speaker_text
107,3733,7,occurs_in_speaker_text
2113,3733,2,occurs_in_speaker_text
153,3733,1,occurs_in_speaker_text
1939,3733,2,occurs_in_speaker_text
930,3733,1,occurs_in_speaker_text
2456,3733,1,occurs_in_speaker_text
798,3733,1,occurs_in_speaker_text
2514,3733,1,occurs_in_speaker_text
2261,3733,1,occurs_in_speaker_text
754,3733,2,occurs_in_speaker_text
1153,3733,1,occurs_in_speaker_text
153,3734,1,occurs_in_speaker_text
1018,3734,1,occurs_in_speaker_text
3101,3734,1,occurs_in_speaker_text
3297,3734,1,occurs_in_speaker_text
1429,3734,1,occurs_in_speaker_text
3237,3734,1,occurs_in_speaker_text
1988,3734,1,occurs_in_speaker_text
2772,3734,1,occurs_in_speaker_text
2855,3734,4,occurs_in_speaker_text
871,3734,1,occurs_in_speaker_text
3261,3734,3,occurs_in_speaker_text
2240,3734,1,occurs_in_speaker_text
2294,3734,1,occurs_in_speaker_text
271,3734,1,occurs_in_speaker_text
1807,3734,1,occurs_in_speaker_text
68,3734,1,occurs_in_speaker_text
1837,3734,1,occurs_in_speaker_text
277,3735,1,occurs_in_speaker_text
2660,3735,10,occurs_in_speaker_text
1025,3735,1,occurs_in_speaker_text
2193,3735,2,occurs_in_speaker_text
538,3735,1,occurs_in_speaker_text
2568,3735,1,occurs_in_speaker_text
1391,3735,1,occurs_in_speaker_text
1142,3736,1,occurs_in_speaker_text
1509,3737,1,occurs_in_speaker_text
2841,3737,3,occurs_in_speaker_text
3261,3737,2,occurs_in_speaker_text
2904,3737,1,occurs_in_speaker_text
2294,3737,1,occurs_in_speaker_text
2482,3737,1,occurs_in_speaker_text
2250,3737,1,occurs_in_speaker_text
3232,3737,1,occurs_in_speaker_text
2727,3737,2,occurs_in_speaker_text
770,3737,3,occurs_in_speaker_text
3069,3737,1,occurs_in_speaker_text
2260,3737,1,occurs_in_speaker_text
1072,3737,1,occurs_in_speaker_text
378,3737,1,occurs_in_speaker_text
2901,3737,1,occurs_in_speaker_text
2341,3737,1,occurs_in_speaker_text
611,3737,1,occurs_in_speaker_text
1168,3737,1,occurs_in_speaker_text
1227,3737,1,occurs_in_speaker_text
2829,3737,1,occurs_in_speaker_text
2235,3737,1,occurs_in_speaker_text
824,3737,1,occurs_in_speaker_text
195,3737,1,occurs_in_speaker_text
2076,3737,1,occurs_in_speaker_text
2125,3737,2,occurs_in_speaker_text
1501,3737,1,occurs_in_speaker_text
3261,3738,4,occurs_in_speaker_text
1863,3738,1,occurs_in_speaker_text
2345,3739,1,occurs_in_speaker_text
3143,3739,1,occurs_in_speaker_text
2365,3739,1,occurs_in_speaker_text
3220,3739,1,occurs_in_speaker_text
792,3739,1,occurs_in_speaker_text
1701,3739,1,occurs_in_speaker_text
952,3739,1,occurs_in_speaker_text
3044,3739,1,occurs_in_speaker_text
1429,3739,1,occurs_in_speaker_text
2219,3739,1,occurs_in_speaker_text
2261,3739,1,occurs_in_speaker_text
2235,3739,1,occurs_in_speaker_text
2249,3739,1,occurs_in_speaker_text
790,3739,1,occurs_in_speaker_text
2079,3739,1,occurs_in_speaker_text
1336,3739,1,occurs_in_speaker_text
611,3739,1,occurs_in_speaker_text
2727,3739,1,occurs_in_speaker_text
1837,3739,1,occurs_in_speaker_text
1474,3739,2,occurs_in_speaker_text
3010,3739,1,occurs_in_speaker_text
2732,3739,1,occurs_in_speaker_text
153,3739,1,occurs_in_speaker_text
699,3739,1,occurs_in_speaker_text
2499,3739,1,occurs_in_speaker_text
616,3739,1,occurs_in_speaker_text
161,3739,1,occurs_in_speaker_text
3261,3740,1,occurs_in_speaker_text
595,3740,1,occurs_in_speaker_text
2425,3740,2,occurs_in_speaker_text
3255,3740,1,occurs_in_speaker_text
1845,3740,1,occurs_in_speaker_text
3005,3740,1,occurs_in_speaker_text
532,3740,2,occurs_in_speaker_text
1425,3740,2,occurs_in_speaker_text
81,3740,1,occurs_in_speaker_text
2727,3740,1,occurs_in_speaker_text
2235,3740,1,occurs_in_speaker_text
3143,3740,1,occurs_in_speaker_text
640,3740,1,occurs_in_speaker_text
1845,3741,1,occurs_in_speaker_text
1631,3741,1,occurs_in_speaker_text
2704,3741,1,occurs_in_speaker_text
3261,3741,1,occurs_in_speaker_text
153,3741,1,occurs_in_speaker_text
1445,3742,1,occurs_in_speaker_text
557,3742,1,occurs_in_speaker_text
2077,3742,1,occurs_in_speaker_text
613,3742,1,occurs_in_speaker_text
2747,3742,1,occurs_in_speaker_text
1249,3743,1,occurs_in_speaker_text
1068,3743,1,occurs_in_speaker_text
1501,3743,1,occurs_in_speaker_text
1837,3743,1,occurs_in_speaker_text
2261,3743,1,occurs_in_speaker_text
257,3743,1,occurs_in_speaker_text
3105,3743,1,occurs_in_speaker_text
3261,3743,1,occurs_in_speaker_text
1267,3743,1,occurs_in_speaker_text
2996,3743,1,occurs_in_speaker_text
1710,3743,1,occurs_in_speaker_text
3020,3743,1,occurs_in_speaker_text
1833,3743,1,occurs_in_speaker_text
2727,3743,1,occurs_in_speaker_text
2568,3744,2,occurs_in_speaker_text
1413,3744,1,occurs_in_speaker_text
3044,3744,3,occurs_in_speaker_text
2324,3744,1,occurs_in_speaker_text
1810,3744,1,occurs_in_speaker_text
3261,3744,2,occurs_in_speaker_text
3020,3744,1,occurs_in_speaker_text
2727,3744,2,occurs_in_speaker_text
697,3744,1,occurs_in_speaker_text
890,3744,1,occurs_in_speaker_text
2235,3744,2,occurs_in_speaker_text
2855,3744,1,occurs_in_speaker_text
1072,3744,1,occurs_in_speaker_text
196,3744,1,occurs_in_speaker_text
611,3744,1,occurs_in_speaker_text
1606,3744,1,occurs_in_speaker_text
3005,3744,1,occurs_in_speaker_text
2174,3744,1,occurs_in_speaker_text
253,3744,1,occurs_in_speaker_text
2977,3744,1,occurs_in_speaker_text
1498,3744,1,occurs_in_speaker_text
290,3744,1,occurs_in_speaker_text
2571,3745,1,occurs_in_speaker_text
1072,3745,6,occurs_in_speaker_text
2960,3745,1,occurs_in_speaker_text
71,3745,1,occurs_in_speaker_text
794,3745,1,occurs_in_speaker_text
2568,3745,2,occurs_in_speaker_text
3261,3745,3,occurs_in_speaker_text
1084,3745,1,occurs_in_speaker_text
2727,3745,3,occurs_in_speaker_text
721,3745,1,occurs_in_speaker_text
2457,3745,1,occurs_in_speaker_text
2728,3745,1,occurs_in_speaker_text
1081,3745,1,occurs_in_speaker_text
1261,3745,1,occurs_in_speaker_text
1275,3745,4,occurs_in_speaker_text
3223,3745,1,occurs_in_speaker_text
1332,3745,1,occurs_in_speaker_text
2669,3745,1,occurs_in_speaker_text
66,3745,1,occurs_in_speaker_text
2310,3745,1,occurs_in_speaker_text
1345,3745,1,occurs_in_speaker_text
615,3745,2,occurs_in_speaker_text
553,3745,1,occurs_in_speaker_text
196,3745,1,occurs_in_speaker_text
1833,3745,1,occurs_in_speaker_text
3268,3745,1,occurs_in_speaker_text
1034,3745,1,occurs_in_speaker_text
3261,3746,1,occurs_in_speaker_text
540,3746,1,occurs_in_speaker_text
1138,3746,1,occurs_in_speaker_text
400,3746,1,occurs_in_speaker_text
1831,3746,5,occurs_in_speaker_text
974,3746,1,occurs_in_speaker_text
1498,3746,2,occurs_in_speaker_text
149,3746,2,occurs_in_speaker_text
1350,3746,1,occurs_in_speaker_text
588,3748,1,occurs_in_speaker_text
2079,3748,2,occurs_in_speaker_text
1018,3748,1,occurs_in_speaker_text
196,3748,4,occurs_in_speaker_text
3005,3748,1,occurs_in_speaker_text
3012,3748,1,occurs_in_speaker_text
308,3748,1,occurs_in_speaker_text
904,3748,1,occurs_in_speaker_text
2568,3748,1,occurs_in_speaker_text
2704,3748,1,occurs_in_speaker_text
2165,3748,1,occurs_in_speaker_text
595,3748,1,occurs_in_speaker_text
2019,3748,1,occurs_in_speaker_text
159,3748,1,occurs_in_speaker_text
471,3748,1,occurs_in_speaker_text
2727,3748,3,occurs_in_speaker_text
2798,3748,3,occurs_in_speaker_text
2960,3748,1,occurs_in_speaker_text
3052,3748,1,occurs_in_speaker_text
2926,3748,1,occurs_in_speaker_text
1254,3748,1,occurs_in_speaker_text
1111,3748,1,occurs_in_speaker_text
257,3748,1,occurs_in_speaker_text
425,3748,1,occurs_in_speaker_text
2695,3748,1,occurs_in_speaker_text
3278,3748,1,occurs_in_speaker_text
3300,3748,1,occurs_in_speaker_text
1501,3748,1,occurs_in_speaker_text
987,3748,1,occurs_in_speaker_text
1142,3748,1,occurs_in_speaker_text
1837,3748,1,occurs_in_speaker_text
153,3749,2,occurs_in_speaker_text
1474,3749,1,occurs_in_speaker_text
1615,3749,1,occurs_in_speaker_text
557,3749,1,occurs_in_speaker_text
604,3749,1,occurs_in_speaker_text
1479,3749,1,occurs_in_speaker_text
2297,3749,1,occurs_in_speaker_text
2105,3749,1,occurs_in_speaker_text
1112,3750,1,occurs_in_speaker_text
2973,3750,1,occurs_in_speaker_text
2345,3750,1,occurs_in_speaker_text
1650,3750,2,occurs_in_speaker_text
2235,3750,1,occurs_in_speaker_text
1901,3750,1,occurs_in_speaker_text
1845,3751,1,occurs_in_speaker_text
1425,3751,1,occurs_in_speaker_text
39,3751,1,occurs_in_speaker_text
1018,3751,2,occurs_in_speaker_text
153,3751,5,occurs_in_speaker_text
854,3751,1,occurs_in_speaker_text
1837,3751,1,occurs_in_speaker_text
1615,3751,2,occurs_in_speaker_text
3220,3751,2,occurs_in_speaker_text
2235,3751,4,occurs_in_speaker_text
1825,3751,2,occurs_in_speaker_text
245,3751,2,occurs_in_speaker_text
1699,3751,1,occurs_in_speaker_text
1398,3751,2,occurs_in_speaker_text
2977,3751,1,occurs_in_speaker_text
3014,3751,1,occurs_in_speaker_text
1056,3751,1,occurs_in_speaker_text
1650,3751,1,occurs_in_speaker_text
576,3751,1,occurs_in_speaker_text
1674,3751,1,occurs_in_speaker_text
96,3751,1,occurs_in_speaker_text
3212,3751,1,occurs_in_speaker_text
1710,3751,2,occurs_in_speaker_text
1051,3751,1,occurs_in_speaker_text
1429,3751,1,occurs_in_speaker_text
159,3751,1,occurs_in_speaker_text
2727,3751,2,occurs_in_speaker_text
611,3751,1,occurs_in_speaker_text
536,3751,1,occurs_in_speaker_text
2833,3751,1,occurs_in_speaker_text
1188,3751,5,occurs_in_speaker_text
1111,3751,1,occurs_in_speaker_text
2261,3751,2,occurs_in_speaker_text
1048,3751,1,occurs_in_speaker_text
413,3751,1,occurs_in_speaker_text
2732,3751,2,occurs_in_speaker_text
738,3751,1,occurs_in_speaker_text
1751,3751,1,occurs_in_speaker_text
946,3751,1,occurs_in_speaker_text
2117,3752,1,occurs_in_speaker_text
153,3752,28,occurs_in_speaker_text
810,3752,1,occurs_in_speaker_text
1111,3752,1,occurs_in_speaker_text
2728,3752,1,occurs_in_speaker_text
3261,3752,6,occurs_in_speaker_text
611,3752,2,occurs_in_speaker_text
904,3752,1,occurs_in_speaker_text
770,3752,2,occurs_in_speaker_text
2849,3752,2,occurs_in_speaker_text
2859,3752,1,occurs_in_speaker_text
2535,3752,1,occurs_in_speaker_text
1471,3752,1,occurs_in_speaker_text
2235,3752,2,occurs_in_speaker_text
2945,3752,1,occurs_in_speaker_text
2083,3752,1,occurs_in_speaker_text
681,3752,1,occurs_in_speaker_text
1442,3752,1,occurs_in_speaker_text
2203,3752,1,occurs_in_speaker_text
3189,3753,3,occurs_in_speaker_text
46,3753,1,occurs_in_speaker_text
2235,3753,1,occurs_in_speaker_text
2727,3753,1,occurs_in_speaker_text
1018,3753,1,occurs_in_speaker_text
2619,3753,1,occurs_in_speaker_text
904,3753,3,occurs_in_speaker_text
770,3754,2,occurs_in_speaker_text
2209,3754,1,occurs_in_speaker_text
2977,3754,1,occurs_in_speaker_text
1925,3754,1,occurs_in_speaker_text
3044,3755,1,occurs_in_speaker_text
1845,3755,2,occurs_in_speaker_text
839,3755,1,occurs_in_speaker_text
3212,3755,1,occurs_in_speaker_text
2727,3755,1,occurs_in_speaker_text
1098,3755,1,occurs_in_speaker_text
2261,3756,1,occurs_in_speaker_text
1133,3756,4,occurs_in_speaker_text
756,3756,1,occurs_in_speaker_text
499,3756,1,occurs_in_speaker_text
1237,3756,1,occurs_in_speaker_text
2350,3756,1,occurs_in_speaker_text
2382,3756,1,occurs_in_speaker_text
2224,3756,1,occurs_in_speaker_text
270,3756,1,occurs_in_speaker_text
3261,3756,2,occurs_in_speaker_text
3254,3756,1,occurs_in_speaker_text
854,3756,3,occurs_in_speaker_text
3143,3756,1,occurs_in_speaker_text
2500,3756,1,occurs_in_speaker_text
2727,3756,1,occurs_in_speaker_text
3051,3756,1,occurs_in_speaker_text
1837,3756,2,occurs_in_speaker_text
2960,3756,1,occurs_in_speaker_text
2855,3756,1,occurs_in_speaker_text
2510,3756,1,occurs_in_speaker_text
354,3756,5,occurs_in_speaker_text
2841,3756,1,occurs_in_speaker_text
1845,3756,2,occurs_in_speaker_text
2492,3756,1,occurs_in_speaker_text
101,3756,1,occurs_in_speaker_text
1317,3756,1,occurs_in_speaker_text
2638,3756,1,occurs_in_speaker_text
2864,3756,1,occurs_in_speaker_text
1600,3757,1,occurs_in_speaker_text
3035,3757,1,occurs_in_speaker_text
2833,3757,1,occurs_in_speaker_text
770,3757,2,occurs_in_speaker_text
904,3757,1,occurs_in_speaker_text
1878,3757,1,occurs_in_speaker_text
378,3757,3,occurs_in_speaker_text
166,3757,1,occurs_in_speaker_text
2727,3758,2,occurs_in_speaker_text
904,3758,2,occurs_in_speaker_text
2728,3758,1,occurs_in_speaker_text
2867,3758,1,occurs_in_speaker_text
153,3758,1,occurs_in_speaker_text
770,3758,2,occurs_in_speaker_text
2548,3758,1,occurs_in_speaker_text
2564,3758,1,occurs_in_speaker_text
1609,3758,1,occurs_in_speaker_text
3261,3758,5,occurs_in_speaker_text
1837,3758,1,occurs_in_speaker_text
2568,3759,1,occurs_in_speaker_text
1537,3759,4,occurs_in_speaker_text
116,3759,1,occurs_in_speaker_text
2833,3759,3,occurs_in_speaker_text
3297,3759,2,occurs_in_speaker_text
3156,3759,1,occurs_in_speaker_text
3254,3759,1,occurs_in_speaker_text
313,3759,1,occurs_in_speaker_text
2294,3759,1,occurs_in_speaker_text
3256,3759,1,occurs_in_speaker_text
3044,3759,2,occurs_in_speaker_text
1111,3759,1,occurs_in_speaker_text
2893,3759,1,occurs_in_speaker_text
1489,3759,1,occurs_in_speaker_text
2841,3759,1,occurs_in_speaker_text
2705,3759,1,occurs_in_speaker_text
3261,3759,2,occurs_in_speaker_text
770,3759,6,occurs_in_speaker_text
2425,3759,1,occurs_in_speaker_text
3147,3759,1,occurs_in_speaker_text
3020,3759,1,occurs_in_speaker_text
2014,3759,1,occurs_in_speaker_text
3261,3760,1,occurs_in_speaker_text
196,3760,1,occurs_in_speaker_text
3071,3760,1,occurs_in_speaker_text
2864,3761,1,occurs_in_speaker_text
1833,3761,2,occurs_in_speaker_text
1845,3761,1,occurs_in_speaker_text
2855,3761,2,occurs_in_speaker_text
1837,3761,1,occurs_in_speaker_text
854,3761,3,occurs_in_speaker_text
2385,3761,1,occurs_in_speaker_text
1353,3761,1,occurs_in_speaker_text
1947,3761,1,occurs_in_speaker_text
3005,3761,1,occurs_in_speaker_text
1115,3761,1,occurs_in_speaker_text
1493,3761,1,occurs_in_speaker_text
165,3761,1,occurs_in_speaker_text
2428,3761,1,occurs_in_speaker_text
1232,3761,1,occurs_in_speaker_text
969,3761,1,occurs_in_speaker_text
1599,3761,1,occurs_in_speaker_text
196,3761,3,occurs_in_speaker_text
1501,3761,2,occurs_in_speaker_text
126,3761,1,occurs_in_speaker_text
257,3761,1,occurs_in_speaker_text
323,3761,1,occurs_in_speaker_text
2727,3761,6,occurs_in_speaker_text
259,3761,1,occurs_in_speaker_text
2261,3761,2,occurs_in_speaker_text
509,3761,2,occurs_in_speaker_text
2235,3761,1,occurs_in_speaker_text
3044,3761,1,occurs_in_speaker_text
1425,3761,1,occurs_in_speaker_text
1825,3761,1,occurs_in_speaker_text
1930,3762,3,occurs_in_speaker_text
435,3762,1,occurs_in_speaker_text
3261,3762,1,occurs_in_speaker_text
153,3762,2,occurs_in_speaker_text
1759,3762,1,occurs_in_speaker_text
3224,3762,1,occurs_in_speaker_text
1098,3762,1,occurs_in_speaker_text
3314,3762,1,occurs_in_speaker_text
298,3762,1,occurs_in_speaker_text
2702,3762,1,occurs_in_speaker_text
1018,3762,1,occurs_in_speaker_text
1859,3762,1,occurs_in_speaker_text
1111,3762,1,occurs_in_speaker_text
196,3762,1,occurs_in_speaker_text
2708,3762,1,occurs_in_speaker_text
2863,3762,2,occurs_in_speaker_text
2727,3762,1,occurs_in_speaker_text
770,3762,2,occurs_in_speaker_text
1778,3763,1,occurs_in_speaker_text
786,3763,1,occurs_in_speaker_text
636,3763,2,occurs_in_speaker_text
3270,3763,1,occurs_in_speaker_text
2776,3763,1,occurs_in_speaker_text
2235,3763,7,occurs_in_speaker_text
2727,3763,2,occurs_in_speaker_text
1398,3763,3,occurs_in_speaker_text
180,3763,1,occurs_in_speaker_text
1634,3763,1,occurs_in_speaker_text
1604,3763,1,occurs_in_speaker_text
1501,3763,4,occurs_in_speaker_text
1710,3763,3,occurs_in_speaker_text
2986,3763,1,occurs_in_speaker_text
2245,3763,1,occurs_in_speaker_text
2261,3763,3,occurs_in_speaker_text
674,3763,1,occurs_in_speaker_text
196,3763,1,occurs_in_speaker_text
1676,3763,1,occurs_in_speaker_text
1024,3763,1,occurs_in_speaker_text
770,3763,3,occurs_in_speaker_text
467,3763,2,occurs_in_speaker_text
3020,3763,2,occurs_in_speaker_text
2774,3763,1,occurs_in_speaker_text
1622,3763,2,occurs_in_speaker_text
1251,3763,1,occurs_in_speaker_text
588,3763,1,occurs_in_speaker_text
2582,3763,2,occurs_in_speaker_text
999,3763,1,occurs_in_speaker_text
879,3763,1,occurs_in_speaker_text
2154,3763,1,occurs_in_speaker_text
687,3763,1,occurs_in_speaker_text
1583,3763,1,occurs_in_speaker_text
1914,3763,1,occurs_in_speaker_text
1018,3763,2,occurs_in_speaker_text
632,3763,1,occurs_in_speaker_text
2937,3763,1,occurs_in_speaker_text
375,3763,1,occurs_in_speaker_text
1704,3763,1,occurs_in_speaker_text
153,3764,14,occurs_in_speaker_text
1336,3764,6,occurs_in_speaker_text
3192,3764,1,occurs_in_speaker_text
3080,3764,6,occurs_in_speaker_text
2841,3764,5,occurs_in_speaker_text
1772,3764,1,occurs_in_speaker_text
3200,3764,1,occurs_in_speaker_text
1833,3764,1,occurs_in_speaker_text
3210,3764,2,occurs_in_speaker_text
2670,3764,1,occurs_in_speaker_text
2261,3764,1,occurs_in_speaker_text
3261,3764,5,occurs_in_speaker_text
2262,3764,1,occurs_in_speaker_text
3221,3764,2,occurs_in_speaker_text
2753,3764,1,occurs_in_speaker_text
3315,3764,1,occurs_in_speaker_text
3011,3764,1,occurs_in_speaker_text
133,3764,1,occurs_in_speaker_text
1732,3764,1,occurs_in_speaker_text
1501,3764,1,occurs_in_speaker_text
611,3764,1,occurs_in_speaker_text
117,3765,3,occurs_in_speaker_text
490,3765,1,occurs_in_speaker_text
854,3765,3,occurs_in_speaker_text
3278,3765,1,occurs_in_speaker_text
2373,3765,1,occurs_in_speaker_text
3261,3765,3,occurs_in_speaker_text
153,3765,2,occurs_in_speaker_text
2073,3765,1,occurs_in_speaker_text
1109,3765,1,occurs_in_speaker_text
438,3765,1,occurs_in_speaker_text
2684,3765,1,occurs_in_speaker_text
116,3765,1,occurs_in_speaker_text
2727,3765,1,occurs_in_speaker_text
1845,3765,1,occurs_in_speaker_text
2235,3765,1,occurs_in_speaker_text
1188,3765,1,occurs_in_speaker_text
3003,3765,1,occurs_in_speaker_text
2432,3765,1,occurs_in_speaker_text
1406,3765,1,occurs_in_speaker_text
2173,3765,1,occurs_in_speaker_text
11,3765,1,occurs_in_speaker_text
1142,3765,1,occurs_in_speaker_text
1376,3765,1,occurs_in_speaker_text
37,3765,1,occurs_in_speaker_text
2787,3765,1,occurs_in_speaker_text
2240,3765,9,occurs_in_speaker_text
2288,3765,1,occurs_in_speaker_text
3315,3765,1,occurs_in_speaker_text
2841,3765,2,occurs_in_speaker_text
2261,3766,5,occurs_in_speaker_text
3261,3766,6,occurs_in_speaker_text
1142,3766,1,occurs_in_speaker_text
2235,3766,4,occurs_in_speaker_text
2361,3766,1,occurs_in_speaker_text
2196,3766,1,occurs_in_speaker_text
2727,3766,6,occurs_in_speaker_text
509,3766,1,occurs_in_speaker_text
2841,3766,8,occurs_in_speaker_text
1398,3766,4,occurs_in_speaker_text
3044,3766,6,occurs_in_speaker_text
1837,3766,3,occurs_in_speaker_text
3234,3766,1,occurs_in_speaker_text
2704,3766,1,occurs_in_speaker_text
2816,3766,1,occurs_in_speaker_text
1111,3766,2,occurs_in_speaker_text
259,3766,1,occurs_in_speaker_text
207,3766,1,occurs_in_speaker_text
756,3766,1,occurs_in_speaker_text
1407,3766,1,occurs_in_speaker_text
2820,3766,1,occurs_in_speaker_text
361,3766,1,occurs_in_speaker_text
1214,3766,1,occurs_in_speaker_text
3255,3766,1,occurs_in_speaker_text
2705,3766,1,occurs_in_speaker_text
1429,3766,1,occurs_in_speaker_text
3020,3766,4,occurs_in_speaker_text
990,3766,2,occurs_in_speaker_text
2613,3766,1,occurs_in_speaker_text
2833,3766,1,occurs_in_speaker_text
153,3766,1,occurs_in_speaker_text
2992,3766,1,occurs_in_speaker_text
2440,3766,1,occurs_in_speaker_text
3138,3766,1,occurs_in_speaker_text
1699,3766,1,occurs_in_speaker_text
1833,3766,2,occurs_in_speaker_text
81,3766,1,occurs_in_speaker_text
3106,3766,2,occurs_in_speaker_text
2162,3766,1,occurs_in_speaker_text
2425,3766,2,occurs_in_speaker_text
3221,3766,1,occurs_in_speaker_text
854,3766,1,occurs_in_speaker_text
615,3766,1,occurs_in_speaker_text
770,3767,1,occurs_in_speaker_text
1142,3767,2,occurs_in_speaker_text
1699,3767,7,occurs_in_speaker_text
1367,3767,1,occurs_in_speaker_text
2299,3767,2,occurs_in_speaker_text
1410,3767,1,occurs_in_speaker_text
153,3767,6,occurs_in_speaker_text
2241,3767,2,occurs_in_speaker_text
2841,3767,1,occurs_in_speaker_text
1084,3767,1,occurs_in_speaker_text
3261,3767,3,occurs_in_speaker_text
588,3767,2,occurs_in_speaker_text
786,3767,1,occurs_in_speaker_text
414,3767,1,occurs_in_speaker_text
2235,3767,1,occurs_in_speaker_text
557,3767,1,occurs_in_speaker_text
1320,3767,1,occurs_in_speaker_text
3254,3767,1,occurs_in_speaker_text
1812,3767,1,occurs_in_speaker_text
1908,3767,1,occurs_in_speaker_text
3297,3768,1,occurs_in_speaker_text
2235,3768,5,occurs_in_speaker_text
3261,3768,4,occurs_in_speaker_text
2568,3768,1,occurs_in_speaker_text
3044,3768,3,occurs_in_speaker_text
854,3768,4,occurs_in_speaker_text
2728,3768,1,occurs_in_speaker_text
2727,3768,13,occurs_in_speaker_text
3315,3768,1,occurs_in_speaker_text
611,3768,2,occurs_in_speaker_text
378,3768,2,occurs_in_speaker_text
557,3768,1,occurs_in_speaker_text
770,3768,2,occurs_in_speaker_text
1865,3768,1,occurs_in_speaker_text
2798,3768,1,occurs_in_speaker_text
1176,3768,2,occurs_in_speaker_text
2841,3768,5,occurs_in_speaker_text
1833,3768,4,occurs_in_speaker_text
509,3768,3,occurs_in_speaker_text
2065,3768,1,occurs_in_speaker_text
1845,3768,2,occurs_in_speaker_text
442,3768,1,occurs_in_speaker_text
1354,3768,1,occurs_in_speaker_text
1489,3768,1,occurs_in_speaker_text
1987,3768,1,occurs_in_speaker_text
2833,3768,1,occurs_in_speaker_text
3232,3768,1,occurs_in_speaker_text
2945,3768,1,occurs_in_speaker_text
325,3768,1,occurs_in_speaker_text
2286,3768,1,occurs_in_speaker_text
2250,3768,1,occurs_in_speaker_text
1407,3768,1,occurs_in_speaker_text
3210,3768,1,occurs_in_speaker_text
328,3769,1,occurs_in_speaker_text
1720,3769,1,occurs_in_speaker_text
770,3769,1,occurs_in_speaker_text
666,3770,1,occurs_in_speaker_text
2535,3770,1,occurs_in_speaker_text
167,3770,8,occurs_in_speaker_text
3315,3770,1,occurs_in_speaker_text
1267,3770,1,occurs_in_speaker_text
770,3770,1,occurs_in_speaker_text
2370,3770,1,occurs_in_speaker_text
2979,3770,1,occurs_in_speaker_text
2425,3770,1,occurs_in_speaker_text
640,3771,1,occurs_in_speaker_text
977,3771,1,occurs_in_speaker_text
3261,3772,1,occurs_in_speaker_text
195,3772,1,occurs_in_speaker_text
2673,3772,2,occurs_in_speaker_text
153,3772,2,occurs_in_speaker_text
1111,3772,3,occurs_in_speaker_text
1710,3772,1,occurs_in_speaker_text
3143,3772,1,occurs_in_speaker_text
1018,3772,1,occurs_in_speaker_text
585,3772,1,occurs_in_speaker_text
1914,3772,1,occurs_in_speaker_text
871,3772,1,occurs_in_speaker_text
2568,3772,1,occurs_in_speaker_text
3246,3772,1,occurs_in_speaker_text
770,3773,4,occurs_in_speaker_text
3261,3773,1,occurs_in_speaker_text
1572,3773,1,occurs_in_speaker_text
2833,3773,4,occurs_in_speaker_text
393,3773,1,occurs_in_speaker_text
2531,3773,1,occurs_in_speaker_text
3261,3774,8,occurs_in_speaker_text
2235,3774,2,occurs_in_speaker_text
153,3774,1,occurs_in_speaker_text
2021,3774,1,occurs_in_speaker_text
588,3774,1,occurs_in_speaker_text
679,3774,1,occurs_in_speaker_text
1908,3774,1,occurs_in_speaker_text
1156,3774,1,occurs_in_speaker_text
1577,3774,1,occurs_in_speaker_text
2187,3774,1,occurs_in_speaker_text
2421,3774,1,occurs_in_speaker_text
196,3774,2,occurs_in_speaker_text
2876,3774,4,occurs_in_speaker_text
770,3774,1,occurs_in_speaker_text
3232,3774,1,occurs_in_speaker_text
611,3774,1,occurs_in_speaker_text
2788,3774,1,occurs_in_speaker_text
1980,3775,2,occurs_in_speaker_text
1149,3775,1,occurs_in_speaker_text
880,3775,1,occurs_in_speaker_text
2841,3776,5,occurs_in_speaker_text
2534,3776,1,occurs_in_speaker_text
1763,3776,1,occurs_in_speaker_text
2853,3776,1,occurs_in_speaker_text
2027,3776,1,occurs_in_speaker_text
3232,3776,1,occurs_in_speaker_text
1501,3776,1,occurs_in_speaker_text
1845,3776,2,occurs_in_speaker_text
1188,3776,1,occurs_in_speaker_text
1837,3776,1,occurs_in_speaker_text
1710,3776,2,occurs_in_speaker_text
153,3776,4,occurs_in_speaker_text
3261,3776,2,occurs_in_speaker_text
2725,3776,1,occurs_in_speaker_text
1018,3776,1,occurs_in_speaker_text
2703,3776,1,occurs_in_speaker_text
348,3776,1,occurs_in_speaker_text
956,3776,1,occurs_in_speaker_text
1590,3776,1,occurs_in_speaker_text
89,3776,1,occurs_in_speaker_text
1244,3776,1,occurs_in_speaker_text
116,3776,4,occurs_in_speaker_text
3288,3776,1,occurs_in_speaker_text
1738,3776,1,occurs_in_speaker_text
3044,3776,1,occurs_in_speaker_text
2599,3776,1,occurs_in_speaker_text
2833,3776,1,occurs_in_speaker_text
3073,3776,1,occurs_in_speaker_text
1111,3776,1,occurs_in_speaker_text
660,3776,1,occurs_in_speaker_text
1812,3776,1,occurs_in_speaker_text
1699,3776,1,occurs_in_speaker_text
770,3776,2,occurs_in_speaker_text
2235,3776,3,occurs_in_speaker_text
2732,3776,2,occurs_in_speaker_text
3049,3776,1,occurs_in_speaker_text
2261,3776,1,occurs_in_speaker_text
2654,3776,1,occurs_in_speaker_text
3210,3776,1,occurs_in_speaker_text
611,3776,1,occurs_in_speaker_text
433,3777,1,occurs_in_speaker_text
616,3777,3,occurs_in_speaker_text
1948,3777,1,occurs_in_speaker_text
3187,3777,1,occurs_in_speaker_text
2319,3777,1,occurs_in_speaker_text
1710,3777,1,occurs_in_speaker_text
1652,3777,1,occurs_in_speaker_text
3261,3777,2,occurs_in_speaker_text
537,3777,1,occurs_in_speaker_text
3314,3778,2,occurs_in_speaker_text
3261,3778,1,occurs_in_speaker_text
1845,3778,1,occurs_in_speaker_text
1111,3778,1,occurs_in_speaker_text
2727,3778,4,occurs_in_speaker_text
611,3778,2,occurs_in_speaker_text
2704,3778,1,occurs_in_speaker_text
2261,3778,2,occurs_in_speaker_text
3020,3778,1,occurs_in_speaker_text
1051,3778,1,occurs_in_speaker_text
1837,3778,3,occurs_in_speaker_text
1080,3778,1,occurs_in_speaker_text
1398,3778,3,occurs_in_speaker_text
153,3778,1,occurs_in_speaker_text
2695,3778,1,occurs_in_speaker_text
3197,3778,1,occurs_in_speaker_text
1093,3778,1,occurs_in_speaker_text
257,3778,1,occurs_in_speaker_text
2025,3778,1,occurs_in_speaker_text
2798,3778,5,occurs_in_speaker_text
836,3778,1,occurs_in_speaker_text
2543,3778,1,occurs_in_speaker_text
770,3779,7,occurs_in_speaker_text
3261,3779,1,occurs_in_speaker_text
537,3779,1,occurs_in_speaker_text
727,3779,1,occurs_in_speaker_text
1404,3779,2,occurs_in_speaker_text
1837,3779,2,occurs_in_speaker_text
2261,3779,1,occurs_in_speaker_text
1710,3779,1,occurs_in_speaker_text
1825,3779,1,occurs_in_speaker_text
2727,3779,1,occurs_in_speaker_text
557,3779,1,occurs_in_speaker_text
332,3780,3,occurs_in_speaker_text
2727,3780,3,occurs_in_speaker_text
1763,3780,1,occurs_in_speaker_text
1845,3780,1,occurs_in_speaker_text
101,3780,1,occurs_in_speaker_text
1825,3780,1,occurs_in_speaker_text
62,3780,1,occurs_in_speaker_text
616,3780,1,occurs_in_speaker_text
1522,3780,1,occurs_in_speaker_text
1261,3780,1,occurs_in_speaker_text
1226,3780,1,occurs_in_speaker_text
196,3780,2,occurs_in_speaker_text
770,3780,3,occurs_in_speaker_text
3261,3781,9,occurs_in_speaker_text
2641,3781,4,occurs_in_speaker_text
2738,3781,2,occurs_in_speaker_text
2727,3781,2,occurs_in_speaker_text
3251,3781,1,occurs_in_speaker_text
2187,3781,1,occurs_in_speaker_text
2380,3781,1,occurs_in_speaker_text
448,3781,1,occurs_in_speaker_text
573,3781,1,occurs_in_speaker_text
2375,3781,1,occurs_in_speaker_text
3207,3781,1,occurs_in_speaker_text
1699,3781,1,occurs_in_speaker_text
1543,3781,1,occurs_in_speaker_text
2674,3781,1,occurs_in_speaker_text
3254,3781,1,occurs_in_speaker_text
153,3781,7,occurs_in_speaker_text
2841,3781,1,occurs_in_speaker_text
618,3781,1,occurs_in_speaker_text
923,3781,1,occurs_in_speaker_text
966,3781,1,occurs_in_speaker_text
3261,3782,14,occurs_in_speaker_text
2977,3782,1,occurs_in_speaker_text
2727,3782,6,occurs_in_speaker_text
1699,3782,3,occurs_in_speaker_text
786,3782,1,occurs_in_speaker_text
1748,3782,4,occurs_in_speaker_text
2712,3782,1,occurs_in_speaker_text
2644,3782,1,occurs_in_speaker_text
2584,3782,1,occurs_in_speaker_text
346,3782,1,occurs_in_speaker_text
633,3782,1,occurs_in_speaker_text
355,3782,1,occurs_in_speaker_text
369,3782,1,occurs_in_speaker_text
1224,3782,3,occurs_in_speaker_text
1462,3782,2,occurs_in_speaker_text
2849,3782,1,occurs_in_speaker_text
2585,3782,2,occurs_in_speaker_text
954,3782,1,occurs_in_speaker_text
3029,3782,1,occurs_in_speaker_text
2235,3782,4,occurs_in_speaker_text
616,3782,1,occurs_in_speaker_text
1239,3782,1,occurs_in_speaker_text
1673,3782,2,occurs_in_speaker_text
153,3782,8,occurs_in_speaker_text
1912,3782,1,occurs_in_speaker_text
2261,3782,1,occurs_in_speaker_text
2294,3782,1,occurs_in_speaker_text
2568,3782,1,occurs_in_speaker_text
1581,3782,1,occurs_in_speaker_text
1991,3782,1,occurs_in_speaker_text
608,3782,1,occurs_in_speaker_text
1358,3782,1,occurs_in_speaker_text
3223,3782,1,occurs_in_speaker_text
79,3782,2,occurs_in_speaker_text
635,3782,1,occurs_in_speaker_text
2832,3782,1,occurs_in_speaker_text
381,3782,1,occurs_in_speaker_text
1863,3782,1,occurs_in_speaker_text
280,3782,1,occurs_in_speaker_text
1320,3782,1,occurs_in_speaker_text
1812,3782,2,occurs_in_speaker_text
468,3782,1,occurs_in_speaker_text
990,3782,1,occurs_in_speaker_text
532,3782,1,occurs_in_speaker_text
1675,3782,1,occurs_in_speaker_text
2286,3782,1,occurs_in_speaker_text
196,3782,4,occurs_in_speaker_text
770,3782,2,occurs_in_speaker_text
1659,3782,1,occurs_in_speaker_text
1946,3782,1,occurs_in_speaker_text
654,3782,1,occurs_in_speaker_text
1807,3782,3,occurs_in_speaker_text
700,3782,1,occurs_in_speaker_text
2365,3782,1,occurs_in_speaker_text
1398,3782,1,occurs_in_speaker_text
1601,3782,1,occurs_in_speaker_text
970,3783,1,occurs_in_speaker_text
770,3783,4,occurs_in_speaker_text
611,3783,1,occurs_in_speaker_text
1142,3783,1,occurs_in_speaker_text
3261,3783,5,occurs_in_speaker_text
1845,3783,4,occurs_in_speaker_text
3220,3783,2,occurs_in_speaker_text
2863,3783,1,occurs_in_speaker_text
2309,3783,1,occurs_in_speaker_text
2235,3783,2,occurs_in_speaker_text
2732,3783,1,occurs_in_speaker_text
196,3783,9,occurs_in_speaker_text
2342,3783,1,occurs_in_speaker_text
3205,3783,1,occurs_in_speaker_text
588,3783,3,occurs_in_speaker_text
1699,3783,1,occurs_in_speaker_text
2975,3783,1,occurs_in_speaker_text
3044,3783,2,occurs_in_speaker_text
343,3783,2,occurs_in_speaker_text
904,3783,1,occurs_in_speaker_text
885,3783,1,occurs_in_speaker_text
2849,3783,4,occurs_in_speaker_text
2491,3783,1,occurs_in_speaker_text
616,3783,5,occurs_in_speaker_text
795,3783,1,occurs_in_speaker_text
2136,3783,1,occurs_in_speaker_text
2833,3783,1,occurs_in_speaker_text
2727,3783,7,occurs_in_speaker_text
2568,3783,5,occurs_in_speaker_text
1971,3783,1,occurs_in_speaker_text
1710,3783,2,occurs_in_speaker_text
2960,3783,1,occurs_in_speaker_text
556,3783,1,occurs_in_speaker_text
2977,3783,1,occurs_in_speaker_text
1406,3783,1,occurs_in_speaker_text
303,3783,1,occurs_in_speaker_text
2358,3783,1,occurs_in_speaker_text
952,3783,3,occurs_in_speaker_text
1586,3783,1,occurs_in_speaker_text
1024,3783,1,occurs_in_speaker_text
2768,3783,1,occurs_in_speaker_text
81,3783,1,occurs_in_speaker_text
504,3783,1,occurs_in_speaker_text
2424,3783,1,occurs_in_speaker_text
906,3783,1,occurs_in_speaker_text
1111,3783,2,occurs_in_speaker_text
1315,3783,1,occurs_in_speaker_text
1176,3783,2,occurs_in_speaker_text
153,3783,1,occurs_in_speaker_text
557,3783,1,occurs_in_speaker_text
3246,3783,1,occurs_in_speaker_text
513,3783,1,occurs_in_speaker_text
2117,3783,1,occurs_in_speaker_text
974,3783,1,occurs_in_speaker_text
1833,3783,1,occurs_in_speaker_text
1501,3783,1,occurs_in_speaker_text
2250,3783,1,occurs_in_speaker_text
1837,3783,2,occurs_in_speaker_text
2447,3783,1,occurs_in_speaker_text
1051,3783,1,occurs_in_speaker_text
2261,3783,1,occurs_in_speaker_text
1521,3783,1,occurs_in_speaker_text
633,3783,1,occurs_in_speaker_text
3314,3783,1,occurs_in_speaker_text
2737,3783,1,occurs_in_speaker_text
1537,3783,4,occurs_in_speaker_text
1111,3784,8,occurs_in_speaker_text
394,3784,1,occurs_in_speaker_text
1833,3784,1,occurs_in_speaker_text
2437,3784,1,occurs_in_speaker_text
1425,3784,1,occurs_in_speaker_text
585,3784,12,occurs_in_speaker_text
2577,3784,2,occurs_in_speaker_text
3143,3784,1,occurs_in_speaker_text
2266,3784,1,occurs_in_speaker_text
196,3784,2,occurs_in_speaker_text
2235,3784,1,occurs_in_speaker_text
509,3784,2,occurs_in_speaker_text
1712,3784,1,occurs_in_speaker_text
1812,3784,1,occurs_in_speaker_text
257,3784,1,occurs_in_speaker_text
120,3784,1,occurs_in_speaker_text
672,3784,1,occurs_in_speaker_text
1491,3784,1,occurs_in_speaker_text
2704,3784,2,occurs_in_speaker_text
1471,3784,1,occurs_in_speaker_text
1573,3784,1,occurs_in_speaker_text
2727,3784,4,occurs_in_speaker_text
1498,3784,1,occurs_in_speaker_text
626,3784,1,occurs_in_speaker_text
1260,3784,2,occurs_in_speaker_text
78,3784,1,occurs_in_speaker_text
3261,3784,1,occurs_in_speaker_text
153,3784,1,occurs_in_speaker_text
716,3784,1,occurs_in_speaker_text
3261,3785,1,occurs_in_speaker_text
1845,3785,2,occurs_in_speaker_text
1501,3785,1,occurs_in_speaker_text
1661,3787,4,occurs_in_speaker_text
2849,3788,1,occurs_in_speaker_text
1406,3788,1,occurs_in_speaker_text
109,3788,1,occurs_in_speaker_text
196,3788,1,occurs_in_speaker_text
3205,3788,1,occurs_in_speaker_text
3261,3788,2,occurs_in_speaker_text
770,3788,2,occurs_in_speaker_text
1845,3788,1,occurs_in_speaker_text
1590,3788,1,occurs_in_speaker_text
2977,3788,2,occurs_in_speaker_text
2261,3788,1,occurs_in_speaker_text
551,3788,1,occurs_in_speaker_text
164,3788,1,occurs_in_speaker_text
1176,3788,1,occurs_in_speaker_text
1537,3788,4,occurs_in_speaker_text
2727,3788,2,occurs_in_speaker_text
295,3789,6,occurs_in_speaker_text
1338,3789,1,occurs_in_speaker_text
3205,3790,1,occurs_in_speaker_text
2992,3790,1,occurs_in_speaker_text
1336,3790,2,occurs_in_speaker_text
2670,3790,2,occurs_in_speaker_text
3261,3790,1,occurs_in_speaker_text
34,3790,2,occurs_in_speaker_text
2261,3791,4,occurs_in_speaker_text
2235,3791,2,occurs_in_speaker_text
2345,3791,1,occurs_in_speaker_text
2987,3791,1,occurs_in_speaker_text
1188,3791,1,occurs_in_speaker_text
509,3791,1,occurs_in_speaker_text
1837,3791,1,occurs_in_speaker_text
2732,3791,1,occurs_in_speaker_text
1497,3791,1,occurs_in_speaker_text
2833,3791,1,occurs_in_speaker_text
770,3791,2,occurs_in_speaker_text
2727,3791,1,occurs_in_speaker_text
3261,3791,3,occurs_in_speaker_text
1812,3791,1,occurs_in_speaker_text
153,3791,1,occurs_in_speaker_text
885,3791,1,occurs_in_speaker_text
3044,3791,1,occurs_in_speaker_text
3020,3791,1,occurs_in_speaker_text
3190,3791,1,occurs_in_speaker_text
3092,3791,1,occurs_in_speaker_text
1425,3791,1,occurs_in_speaker_text
1804,3791,1,occurs_in_speaker_text
2715,3791,1,occurs_in_speaker_text
2617,3791,1,occurs_in_speaker_text
1525,3791,1,occurs_in_speaker_text
1577,3791,1,occurs_in_speaker_text
1501,3791,1,occurs_in_speaker_text
557,3791,1,occurs_in_speaker_text
504,3792,1,occurs_in_speaker_text
1710,3793,1,occurs_in_speaker_text
2206,3793,2,occurs_in_speaker_text
3210,3793,1,occurs_in_speaker_text
3281,3793,1,occurs_in_speaker_text
2727,3793,1,occurs_in_speaker_text
1425,3793,1,occurs_in_speaker_text
153,3793,4,occurs_in_speaker_text
2331,3793,1,occurs_in_speaker_text
2105,3793,1,occurs_in_speaker_text
2841,3793,2,occurs_in_speaker_text
946,3793,1,occurs_in_speaker_text
3020,3793,2,occurs_in_speaker_text
2261,3793,1,occurs_in_speaker_text
1051,3793,1,occurs_in_speaker_text
3220,3793,1,occurs_in_speaker_text
2736,3793,1,occurs_in_speaker_text
2294,3793,1,occurs_in_speaker_text
468,3793,1,occurs_in_speaker_text
770,3793,1,occurs_in_speaker_text
3143,3793,2,occurs_in_speaker_text
2301,3793,1,occurs_in_speaker_text
1812,3793,2,occurs_in_speaker_text
2355,3793,1,occurs_in_speaker_text
1018,3793,1,occurs_in_speaker_text
2460,3793,1,occurs_in_speaker_text
116,3793,2,occurs_in_speaker_text
1845,3793,1,occurs_in_speaker_text
2974,3793,1,occurs_in_speaker_text
274,3793,1,occurs_in_speaker_text
2554,3793,1,occurs_in_speaker_text
3297,3793,1,occurs_in_speaker_text
585,3793,2,occurs_in_speaker_text
2703,3793,1,occurs_in_speaker_text
1659,3793,1,occurs_in_speaker_text
2491,3793,1,occurs_in_speaker_text
2755,3793,1,occurs_in_speaker_text
3314,3793,1,occurs_in_speaker_text
616,3793,2,occurs_in_speaker_text
557,3793,1,occurs_in_speaker_text
877,3793,1,occurs_in_speaker_text
2935,3793,1,occurs_in_speaker_text
3043,3793,1,occurs_in_speaker_text
2754,3793,1,occurs_in_speaker_text
1428,3793,1,occurs_in_speaker_text
3261,3794,6,occurs_in_speaker_text
119,3794,1,occurs_in_speaker_text
414,3794,1,occurs_in_speaker_text
1024,3794,1,occurs_in_speaker_text
153,3794,2,occurs_in_speaker_text
1699,3794,1,occurs_in_speaker_text
116,3794,1,occurs_in_speaker_text
854,3794,1,occurs_in_speaker_text
770,3794,3,occurs_in_speaker_text
2727,3794,1,occurs_in_speaker_text
3193,3794,1,occurs_in_speaker_text
2046,3794,1,occurs_in_speaker_text
2261,3794,2,occurs_in_speaker_text
81,3794,1,occurs_in_speaker_text
2849,3794,1,occurs_in_speaker_text
2532,3794,1,occurs_in_speaker_text
544,3794,1,occurs_in_speaker_text
1501,3794,1,occurs_in_speaker_text
2076,3794,1,occurs_in_speaker_text
2008,3794,1,occurs_in_speaker_text
2760,3794,1,occurs_in_speaker_text
3050,3794,2,occurs_in_speaker_text
1264,3794,1,occurs_in_speaker_text
1111,3794,1,occurs_in_speaker_text
476,3794,1,occurs_in_speaker_text
2844,3794,1,occurs_in_speaker_text
1498,3795,1,occurs_in_speaker_text
2977,3795,1,occurs_in_speaker_text
2705,3795,1,occurs_in_speaker_text
1732,3795,1,occurs_in_speaker_text
1845,3795,6,occurs_in_speaker_text
2727,3795,2,occurs_in_speaker_text
2915,3795,5,occurs_in_speaker_text
2477,3795,1,occurs_in_speaker_text
1038,3795,1,occurs_in_speaker_text
407,3795,1,occurs_in_speaker_text
1501,3795,1,occurs_in_speaker_text
2798,3795,1,occurs_in_speaker_text
825,3795,1,occurs_in_speaker_text
1482,3795,1,occurs_in_speaker_text
2841,3796,1,occurs_in_speaker_text
611,3796,3,occurs_in_speaker_text
688,3796,1,occurs_in_speaker_text
2870,3796,1,occurs_in_speaker_text
2727,3796,3,occurs_in_speaker_text
3261,3796,3,occurs_in_speaker_text
2235,3796,1,occurs_in_speaker_text
2833,3796,1,occurs_in_speaker_text
2989,3796,1,occurs_in_speaker_text
1069,3796,1,occurs_in_speaker_text
593,3796,1,occurs_in_speaker_text
2625,3796,1,occurs_in_speaker_text
946,3796,1,occurs_in_speaker_text
3020,3796,1,occurs_in_speaker_text
2675,3796,1,occurs_in_speaker_text
3265,3797,1,occurs_in_speaker_text
786,3797,1,occurs_in_speaker_text
3234,3797,1,occurs_in_speaker_text
2727,3797,1,occurs_in_speaker_text
1018,3797,1,occurs_in_speaker_text
447,3797,1,occurs_in_speaker_text
1580,3798,5,occurs_in_speaker_text
2591,3798,2,occurs_in_speaker_text
3234,3798,1,occurs_in_speaker_text
1412,3798,1,occurs_in_speaker_text
762,3798,1,occurs_in_speaker_text
3044,3798,2,occurs_in_speaker_text
3278,3798,1,occurs_in_speaker_text
990,3798,1,occurs_in_speaker_text
2291,3798,4,occurs_in_speaker_text
1856,3798,2,occurs_in_speaker_text
2261,3798,2,occurs_in_speaker_text
649,3798,1,occurs_in_speaker_text
1837,3798,1,occurs_in_speaker_text
196,3798,1,occurs_in_speaker_text
2960,3799,1,occurs_in_speaker_text
3143,3799,1,occurs_in_speaker_text
153,3799,1,occurs_in_speaker_text
2869,3799,1,occurs_in_speaker_text
2401,3799,1,occurs_in_speaker_text
1398,3799,1,occurs_in_speaker_text
532,3799,1,occurs_in_speaker_text
841,3799,1,occurs_in_speaker_text
370,3799,1,occurs_in_speaker_text
2105,3800,1,occurs_in_speaker_text
2841,3800,1,occurs_in_speaker_text
2079,3800,1,occurs_in_speaker_text
2294,3801,1,occurs_in_speaker_text
3232,3801,1,occurs_in_speaker_text
2240,3801,1,occurs_in_speaker_text
1111,3801,2,occurs_in_speaker_text
2727,3801,2,occurs_in_speaker_text
3261,3801,1,occurs_in_speaker_text
1314,3801,1,occurs_in_speaker_text
3074,3802,1,occurs_in_speaker_text
509,3802,1,occurs_in_speaker_text
2727,3802,1,occurs_in_speaker_text
2235,3802,2,occurs_in_speaker_text
770,3802,1,occurs_in_speaker_text
3220,3802,1,occurs_in_speaker_text
2577,3802,1,occurs_in_speaker_text
2457,3802,1,occurs_in_speaker_text
196,3802,1,occurs_in_speaker_text
2692,3802,1,occurs_in_speaker_text
2541,3802,9,occurs_in_speaker_text
2235,3803,1,occurs_in_speaker_text
2457,3803,1,occurs_in_speaker_text
1754,3803,2,occurs_in_speaker_text
831,3803,1,occurs_in_speaker_text
577,3803,1,occurs_in_speaker_text
2868,3803,1,occurs_in_speaker_text
693,3803,1,occurs_in_speaker_text
770,3803,1,occurs_in_speaker_text
904,3803,1,occurs_in_speaker_text
990,3804,2,occurs_in_speaker_text
509,3804,1,occurs_in_speaker_text
153,3804,2,occurs_in_speaker_text
1845,3804,1,occurs_in_speaker_text
1176,3804,1,occurs_in_speaker_text
196,3804,4,occurs_in_speaker_text
2789,3804,1,occurs_in_speaker_text
1515,3804,1,occurs_in_speaker_text
1831,3805,1,occurs_in_speaker_text
2405,3805,2,occurs_in_speaker_text
1900,3805,1,occurs_in_speaker_text
2180,3805,1,occurs_in_speaker_text
153,3805,2,occurs_in_speaker_text
1908,3805,1,occurs_in_speaker_text
2870,3805,1,occurs_in_speaker_text
588,3805,1,occurs_in_speaker_text
2841,3805,1,occurs_in_speaker_text
2235,3805,1,occurs_in_speaker_text
557,3806,1,occurs_in_speaker_text
2290,3806,1,occurs_in_speaker_text
1272,3806,1,occurs_in_speaker_text
2960,3807,1,occurs_in_speaker_text
1406,3807,75,occurs_in_speaker_text
3030,3807,2,occurs_in_speaker_text
2915,3807,1,occurs_in_speaker_text
66,3807,1,occurs_in_speaker_text
444,3808,2,occurs_in_speaker_text
916,3808,1,occurs_in_speaker_text
2033,3808,2,occurs_in_speaker_text
2755,3808,1,occurs_in_speaker_text
2743,3808,1,occurs_in_speaker_text
3087,3808,1,occurs_in_speaker_text
1287,3808,1,occurs_in_speaker_text
974,3808,1,occurs_in_speaker_text
763,3808,1,occurs_in_speaker_text
2711,3808,1,occurs_in_speaker_text
1685,3808,1,occurs_in_speaker_text
2756,3808,4,occurs_in_speaker_text
1013,3808,1,occurs_in_speaker_text
196,3808,1,occurs_in_speaker_text
457,3808,2,occurs_in_speaker_text
2271,3808,1,occurs_in_speaker_text
1369,3808,1,occurs_in_speaker_text
1935,3808,1,occurs_in_speaker_text
2123,3808,1,occurs_in_speaker_text
2727,3808,11,occurs_in_speaker_text
2028,3808,1,occurs_in_speaker_text
153,3808,1,occurs_in_speaker_text
1745,3808,1,occurs_in_speaker_text
1780,3808,2,occurs_in_speaker_text
2535,3808,1,occurs_in_speaker_text
1833,3808,4,occurs_in_speaker_text
509,3808,11,occurs_in_speaker_text
904,3808,2,occurs_in_speaker_text
770,3808,3,occurs_in_speaker_text
1837,3808,2,occurs_in_speaker_text
2261,3808,1,occurs_in_speaker_text
2122,3808,1,occurs_in_speaker_text
2565,3808,1,occurs_in_speaker_text
2301,3808,1,occurs_in_speaker_text
1761,3808,1,occurs_in_speaker_text
372,3808,1,occurs_in_speaker_text
3205,3808,4,occurs_in_speaker_text
3069,3808,1,occurs_in_speaker_text
2703,3808,5,occurs_in_speaker_text
1501,3808,2,occurs_in_speaker_text
2299,3808,1,occurs_in_speaker_text
3020,3808,1,occurs_in_speaker_text
1111,3808,1,occurs_in_speaker_text
2977,3808,1,occurs_in_speaker_text
2019,3808,1,occurs_in_speaker_text
3081,3808,1,occurs_in_speaker_text
2193,3808,1,occurs_in_speaker_text
1436,3808,1,occurs_in_speaker_text
1875,3808,1,occurs_in_speaker_text
395,3808,1,occurs_in_speaker_text
2446,3808,1,occurs_in_speaker_text
616,3808,1,occurs_in_speaker_text
537,3808,1,occurs_in_speaker_text
135,3808,1,occurs_in_speaker_text
434,3808,1,occurs_in_speaker_text
2107,3808,1,occurs_in_speaker_text
1176,3808,1,occurs_in_speaker_text
1845,3808,1,occurs_in_speaker_text
3044,3808,2,occurs_in_speaker_text
1278,3808,1,occurs_in_speaker_text
1401,3808,2,occurs_in_speaker_text
2235,3809,1,occurs_in_speaker_text
2177,3809,1,occurs_in_speaker_text
1406,3809,1,occurs_in_speaker_text
3297,3809,1,occurs_in_speaker_text
2960,3809,1,occurs_in_speaker_text
2410,3809,1,occurs_in_speaker_text
2360,3809,1,occurs_in_speaker_text
3049,3809,1,occurs_in_speaker_text
1176,3809,1,occurs_in_speaker_text
3261,3809,5,occurs_in_speaker_text
1711,3809,1,occurs_in_speaker_text
2849,3809,8,occurs_in_speaker_text
1398,3810,1,occurs_in_speaker_text
2425,3810,1,occurs_in_speaker_text
1072,3810,1,occurs_in_speaker_text
2417,3810,1,occurs_in_speaker_text
153,3810,1,occurs_in_speaker_text
3278,3810,1,occurs_in_speaker_text
1631,3810,1,occurs_in_speaker_text
2261,3810,1,occurs_in_speaker_text
2267,3810,1,occurs_in_speaker_text
2727,3810,1,occurs_in_speaker_text
2076,3810,1,occurs_in_speaker_text
1833,3810,1,occurs_in_speaker_text
1810,3810,1,occurs_in_speaker_text
2291,3810,1,occurs_in_speaker_text
963,3810,1,occurs_in_speaker_text
81,3810,1,occurs_in_speaker_text
770,3810,4,occurs_in_speaker_text
2841,3810,1,occurs_in_speaker_text
2433,3811,1,occurs_in_speaker_text
2880,3811,1,occurs_in_speaker_text
3314,3811,4,occurs_in_speaker_text
611,3811,1,occurs_in_speaker_text
885,3811,1,occurs_in_speaker_text
491,3811,1,occurs_in_speaker_text
1132,3811,2,occurs_in_speaker_text
3067,3811,1,occurs_in_speaker_text
2235,3811,2,occurs_in_speaker_text
257,3811,1,occurs_in_speaker_text
2457,3811,2,occurs_in_speaker_text
2261,3811,1,occurs_in_speaker_text
990,3811,1,occurs_in_speaker_text
614,3812,2,occurs_in_speaker_text
1503,3812,1,occurs_in_speaker_text
3261,3812,11,occurs_in_speaker_text
1615,3812,1,occurs_in_speaker_text
3298,3812,1,occurs_in_speaker_text
1978,3812,1,occurs_in_speaker_text
952,3812,1,occurs_in_speaker_text
2079,3812,1,occurs_in_speaker_text
153,3812,2,occurs_in_speaker_text
3254,3812,1,occurs_in_speaker_text
1267,3812,1,occurs_in_speaker_text
913,3812,1,occurs_in_speaker_text
2758,3812,2,occurs_in_speaker_text
2495,3812,1,occurs_in_speaker_text
2556,3812,1,occurs_in_speaker_text
577,3813,1,occurs_in_speaker_text
2992,3813,1,occurs_in_speaker_text
657,3813,1,occurs_in_speaker_text
611,3813,2,occurs_in_speaker_text
1084,3813,1,occurs_in_speaker_text
1537,3813,1,occurs_in_speaker_text
1018,3813,1,occurs_in_speaker_text
3261,3814,1,occurs_in_speaker_text
2241,3814,1,occurs_in_speaker_text
2235,3814,1,occurs_in_speaker_text
1445,3815,1,occurs_in_speaker_text
216,3815,1,occurs_in_speaker_text
770,3815,1,occurs_in_speaker_text
1837,3815,1,occurs_in_speaker_text
2852,3816,1,occurs_in_speaker_text
1812,3816,1,occurs_in_speaker_text
1336,3816,1,occurs_in_speaker_text
1308,3816,1,occurs_in_speaker_text
2464,3816,4,occurs_in_speaker_text
3261,3816,5,occurs_in_speaker_text
153,3816,1,occurs_in_speaker_text
3254,3816,1,occurs_in_speaker_text
1143,3816,3,occurs_in_speaker_text
2738,3816,3,occurs_in_speaker_text
2727,3816,1,occurs_in_speaker_text
3278,3816,2,occurs_in_speaker_text
509,3816,1,occurs_in_speaker_text
2235,3816,2,occurs_in_speaker_text
682,3816,1,occurs_in_speaker_text
163,3817,6,occurs_in_speaker_text
3020,3817,8,occurs_in_speaker_text
2841,3817,9,occurs_in_speaker_text
1111,3817,1,occurs_in_speaker_text
1018,3817,1,occurs_in_speaker_text
1051,3817,2,occurs_in_speaker_text
931,3817,1,occurs_in_speaker_text
78,3817,3,occurs_in_speaker_text
3261,3817,56,occurs_in_speaker_text
2727,3817,23,occurs_in_speaker_text
854,3817,1,occurs_in_speaker_text
2235,3817,2,occurs_in_speaker_text
2751,3817,1,occurs_in_speaker_text
2704,3817,1,occurs_in_speaker_text
567,3817,1,occurs_in_speaker_text
1992,3817,1,occurs_in_speaker_text
1501,3817,2,occurs_in_speaker_text
3281,3817,2,occurs_in_speaker_text
3278,3817,2,occurs_in_speaker_text
556,3817,1,occurs_in_speaker_text
2457,3817,1,occurs_in_speaker_text
943,3817,1,occurs_in_speaker_text
546,3817,1,occurs_in_speaker_text
509,3817,1,occurs_in_speaker_text
770,3817,12,occurs_in_speaker_text
633,3817,1,occurs_in_speaker_text
2142,3817,3,occurs_in_speaker_text
946,3817,2,occurs_in_speaker_text
2977,3817,1,occurs_in_speaker_text
904,3817,2,occurs_in_speaker_text
2286,3817,1,occurs_in_speaker_text
153,3817,16,occurs_in_speaker_text
756,3817,1,occurs_in_speaker_text
3210,3817,1,occurs_in_speaker_text
470,3817,1,occurs_in_speaker_text
1425,3817,1,occurs_in_speaker_text
2294,3817,1,occurs_in_speaker_text
2870,3817,1,occurs_in_speaker_text
500,3817,1,occurs_in_speaker_text
2076,3817,2,occurs_in_speaker_text
1537,3817,3,occurs_in_speaker_text
1825,3817,1,occurs_in_speaker_text
1430,3817,1,occurs_in_speaker_text
3143,3817,1,occurs_in_speaker_text
2561,3817,1,occurs_in_speaker_text
3297,3817,7,occurs_in_speaker_text
1833,3817,5,occurs_in_speaker_text
2250,3817,1,occurs_in_speaker_text
1398,3817,5,occurs_in_speaker_text
652,3817,1,occurs_in_speaker_text
2147,3817,2,occurs_in_speaker_text
1112,3817,1,occurs_in_speaker_text
451,3817,1,occurs_in_speaker_text
3313,3817,1,occurs_in_speaker_text
1804,3817,1,occurs_in_speaker_text
2972,3817,1,occurs_in_speaker_text
611,3817,4,occurs_in_speaker_text
616,3817,1,occurs_in_speaker_text
2192,3817,1,occurs_in_speaker_text
323,3817,1,occurs_in_speaker_text
1244,3817,1,occurs_in_speaker_text
1521,3817,1,occurs_in_speaker_text
2525,3817,1,occurs_in_speaker_text
1710,3817,1,occurs_in_speaker_text
2583,3817,1,occurs_in_speaker_text
1845,3817,7,occurs_in_speaker_text
922,3817,1,occurs_in_speaker_text
843,3817,1,occurs_in_speaker_text
2118,3817,1,occurs_in_speaker_text
257,3817,1,occurs_in_speaker_text
1837,3817,3,occurs_in_speaker_text
2117,3817,1,occurs_in_speaker_text
2916,3817,1,occurs_in_speaker_text
1024,3817,3,occurs_in_speaker_text
2992,3817,2,occurs_in_speaker_text
2153,3817,1,occurs_in_speaker_text
2073,3817,1,occurs_in_speaker_text
1329,3817,1,occurs_in_speaker_text
2188,3817,1,occurs_in_speaker_text
2499,3817,1,occurs_in_speaker_text
147,3817,1,occurs_in_speaker_text
1786,3817,1,occurs_in_speaker_text
1357,3817,1,occurs_in_speaker_text
2627,3817,1,occurs_in_speaker_text
1167,3817,1,occurs_in_speaker_text
2814,3817,1,occurs_in_speaker_text
1550,3817,1,occurs_in_speaker_text
1615,3817,2,occurs_in_speaker_text
2568,3817,1,occurs_in_speaker_text
1760,3817,1,occurs_in_speaker_text
2259,3817,1,occurs_in_speaker_text
96,3817,1,occurs_in_speaker_text
3232,3817,1,occurs_in_speaker_text
241,3817,1,occurs_in_speaker_text
3168,3817,1,occurs_in_speaker_text
2425,3817,1,occurs_in_speaker_text
458,3817,1,occurs_in_speaker_text
1545,3817,1,occurs_in_speaker_text
1699,3817,1,occurs_in_speaker_text
1848,3817,1,occurs_in_speaker_text
1249,3817,1,occurs_in_speaker_text
2141,3817,1,occurs_in_speaker_text
2191,3818,1,occurs_in_speaker_text
2833,3818,1,occurs_in_speaker_text
2261,3818,1,occurs_in_speaker_text
1429,3818,1,occurs_in_speaker_text
984,3818,1,occurs_in_speaker_text
2727,3818,2,occurs_in_speaker_text
3001,3819,4,occurs_in_speaker_text
1524,3819,1,occurs_in_speaker_text
2849,3819,6,occurs_in_speaker_text
15,3819,1,occurs_in_speaker_text
1427,3819,1,occurs_in_speaker_text
2168,3819,1,occurs_in_speaker_text
117,3819,1,occurs_in_speaker_text
1933,3819,1,occurs_in_speaker_text
116,3819,2,occurs_in_speaker_text
3132,3819,1,occurs_in_speaker_text
1275,3819,1,occurs_in_speaker_text
2919,3819,1,occurs_in_speaker_text
1825,3819,1,occurs_in_speaker_text
770,3819,1,occurs_in_speaker_text
3020,3819,1,occurs_in_speaker_text
257,3819,1,occurs_in_speaker_text
2017,3819,1,occurs_in_speaker_text
1831,3819,1,occurs_in_speaker_text
3198,3819,1,occurs_in_speaker_text
150,3819,1,occurs_in_speaker_text
1672,3819,1,occurs_in_speaker_text
904,3819,2,occurs_in_speaker_text
610,3819,1,occurs_in_speaker_text
770,3820,1,occurs_in_speaker_text
3261,3820,1,occurs_in_speaker_text
2840,3820,1,occurs_in_speaker_text
1984,3820,1,occurs_in_speaker_text
2235,3820,1,occurs_in_speaker_text
699,3820,1,occurs_in_speaker_text
2105,3820,2,occurs_in_speaker_text
2977,3820,1,occurs_in_speaker_text
2919,3820,1,occurs_in_speaker_text
2460,3820,1,occurs_in_speaker_text
2841,3821,5,occurs_in_speaker_text
1084,3821,2,occurs_in_speaker_text
1175,3821,1,occurs_in_speaker_text
1809,3821,1,occurs_in_speaker_text
2588,3821,1,occurs_in_speaker_text
2261,3821,9,occurs_in_speaker_text
2235,3821,2,occurs_in_speaker_text
1190,3821,1,occurs_in_speaker_text
3044,3821,1,occurs_in_speaker_text
2490,3821,1,occurs_in_speaker_text
3252,3821,1,occurs_in_speaker_text
2199,3821,1,occurs_in_speaker_text
1833,3821,1,occurs_in_speaker_text
3107,3821,1,occurs_in_speaker_text
2700,3821,1,occurs_in_speaker_text
1172,3821,1,occurs_in_speaker_text
611,3821,3,occurs_in_speaker_text
1324,3821,1,occurs_in_speaker_text
2833,3821,4,occurs_in_speaker_text
2727,3821,2,occurs_in_speaker_text
196,3821,2,occurs_in_speaker_text
2534,3821,1,occurs_in_speaker_text
1570,3821,1,occurs_in_speaker_text
2417,3821,2,occurs_in_speaker_text
413,3821,1,occurs_in_speaker_text
1837,3821,1,occurs_in_speaker_text
3164,3821,1,occurs_in_speaker_text
2679,3821,1,occurs_in_speaker_text
3261,3821,2,occurs_in_speaker_text
725,3821,1,occurs_in_speaker_text
1380,3821,1,occurs_in_speaker_text
1701,3821,1,occurs_in_speaker_text
509,3821,1,occurs_in_speaker_text
2584,3821,1,occurs_in_speaker_text
175,3821,1,occurs_in_speaker_text
2930,3821,1,occurs_in_speaker_text
904,3821,1,occurs_in_speaker_text
2409,3821,1,occurs_in_speaker_text
2185,3821,1,occurs_in_speaker_text
856,3821,1,occurs_in_speaker_text
1537,3821,2,occurs_in_speaker_text
257,3821,1,occurs_in_speaker_text
1094,3821,1,occurs_in_speaker_text
1968,3821,1,occurs_in_speaker_text
3020,3822,5,occurs_in_speaker_text
1833,3822,1,occurs_in_speaker_text
2261,3822,1,occurs_in_speaker_text
3261,3822,1,occurs_in_speaker_text
2248,3822,1,occurs_in_speaker_text
770,3823,4,occurs_in_speaker_text
2857,3823,1,occurs_in_speaker_text
1833,3823,1,occurs_in_speaker_text
670,3823,1,occurs_in_speaker_text
2977,3824,1,occurs_in_speaker_text
2849,3824,1,occurs_in_speaker_text
2631,3824,1,occurs_in_speaker_text
770,3824,1,occurs_in_speaker_text
3261,3824,1,occurs_in_speaker_text
3242,3824,1,occurs_in_speaker_text
886,3825,1,occurs_in_speaker_text
153,3825,3,occurs_in_speaker_text
2842,3825,1,occurs_in_speaker_text
2913,3825,1,occurs_in_speaker_text
2279,3825,1,occurs_in_speaker_text
1908,3825,2,occurs_in_speaker_text
2203,3825,1,occurs_in_speaker_text
148,3825,1,occurs_in_speaker_text
2727,3825,1,occurs_in_speaker_text
1398,3825,1,occurs_in_speaker_text
975,3825,1,occurs_in_speaker_text
196,3826,1,occurs_in_speaker_text
2147,3826,3,occurs_in_speaker_text
3268,3826,2,occurs_in_speaker_text
2841,3826,1,occurs_in_speaker_text
770,3826,1,occurs_in_speaker_text
3183,3826,1,occurs_in_speaker_text
2324,3826,1,occurs_in_speaker_text
1429,3826,1,occurs_in_speaker_text
2271,3826,1,occurs_in_speaker_text
3044,3826,1,occurs_in_speaker_text
2919,3826,1,occurs_in_speaker_text
1456,3827,1,occurs_in_speaker_text
2835,3828,2,occurs_in_speaker_text
584,3828,1,occurs_in_speaker_text
854,3828,2,occurs_in_speaker_text
1021,3828,1,occurs_in_speaker_text
1176,3828,1,occurs_in_speaker_text
2727,3828,1,occurs_in_speaker_text
2841,3828,2,occurs_in_speaker_text
2240,3828,1,occurs_in_speaker_text
196,3828,2,occurs_in_speaker_text
2261,3828,1,occurs_in_speaker_text
153,3828,1,occurs_in_speaker_text
2753,3828,1,occurs_in_speaker_text
942,3828,1,occurs_in_speaker_text
2522,3828,1,occurs_in_speaker_text
3261,3828,8,occurs_in_speaker_text
876,3828,1,occurs_in_speaker_text
116,3828,1,occurs_in_speaker_text
487,3828,1,occurs_in_speaker_text
2291,3828,1,occurs_in_speaker_text
2312,3828,1,occurs_in_speaker_text
2619,3828,1,occurs_in_speaker_text
1837,3828,1,occurs_in_speaker_text
183,3828,1,occurs_in_speaker_text
1098,3828,2,occurs_in_speaker_text
611,3828,1,occurs_in_speaker_text
2248,3828,2,occurs_in_speaker_text
611,3829,2,occurs_in_speaker_text
2941,3829,1,occurs_in_speaker_text
1748,3829,2,occurs_in_speaker_text
2915,3829,1,occurs_in_speaker_text
153,3829,6,occurs_in_speaker_text
371,3829,1,occurs_in_speaker_text
1429,3829,2,occurs_in_speaker_text
1727,3829,2,occurs_in_speaker_text
2294,3829,1,occurs_in_speaker_text
2079,3829,1,occurs_in_speaker_text
770,3829,2,occurs_in_speaker_text
2992,3830,1,occurs_in_speaker_text
153,3830,1,occurs_in_speaker_text
1843,3830,1,occurs_in_speaker_text
2727,3830,1,occurs_in_speaker_text
2345,3830,1,occurs_in_speaker_text
1273,3831,1,occurs_in_speaker_text
611,3831,1,occurs_in_speaker_text
436,3831,1,occurs_in_speaker_text
24,3831,1,occurs_in_speaker_text
2977,3831,1,occurs_in_speaker_text
904,3831,1,occurs_in_speaker_text
2430,3832,2,occurs_in_speaker_text
3033,3832,1,occurs_in_speaker_text
2817,3832,1,occurs_in_speaker_text
2727,3832,1,occurs_in_speaker_text
770,3832,1,occurs_in_speaker_text
2568,3832,1,occurs_in_speaker_text
2478,3832,1,occurs_in_speaker_text
2276,3833,1,occurs_in_speaker_text
1684,3833,3,occurs_in_speaker_text
2775,3833,1,occurs_in_speaker_text
2029,3833,3,occurs_in_speaker_text
2841,3833,4,occurs_in_speaker_text
2727,3833,1,occurs_in_speaker_text
854,3833,1,occurs_in_speaker_text
2855,3834,5,occurs_in_speaker_text
181,3834,1,occurs_in_speaker_text
2977,3834,2,occurs_in_speaker_text
775,3835,1,occurs_in_speaker_text
2952,3835,2,occurs_in_speaker_text
2791,3835,1,occurs_in_speaker_text
258,3835,1,occurs_in_speaker_text
716,3835,1,occurs_in_speaker_text
3220,3835,1,occurs_in_speaker_text
2535,3835,1,occurs_in_speaker_text
2727,3835,3,occurs_in_speaker_text
3143,3835,1,occurs_in_speaker_text
373,3835,1,occurs_in_speaker_text
716,3836,1,occurs_in_speaker_text
770,3836,3,occurs_in_speaker_text
1998,3836,1,occurs_in_speaker_text
1845,3836,1,occurs_in_speaker_text
3048,3836,1,occurs_in_speaker_text
885,3836,1,occurs_in_speaker_text
3146,3836,1,occurs_in_speaker_text
3261,3836,1,occurs_in_speaker_text
153,3836,2,occurs_in_speaker_text
2235,3836,3,occurs_in_speaker_text
1008,3836,1,occurs_in_speaker_text
1239,3836,1,occurs_in_speaker_text
1063,3836,1,occurs_in_speaker_text
196,3836,1,occurs_in_speaker_text
611,3836,1,occurs_in_speaker_text
1022,3836,1,occurs_in_speaker_text
509,3836,1,occurs_in_speaker_text
1812,3836,1,occurs_in_speaker_text
568,3836,1,occurs_in_speaker_text
789,3836,1,occurs_in_speaker_text
1498,3837,1,occurs_in_speaker_text
3049,3837,1,occurs_in_speaker_text
2727,3837,14,occurs_in_speaker_text
3230,3837,1,occurs_in_speaker_text
1498,3838,1,occurs_in_speaker_text
3261,3838,9,occurs_in_speaker_text
2630,3838,1,occurs_in_speaker_text
1215,3838,1,occurs_in_speaker_text
1584,3838,1,occurs_in_speaker_text
2876,3838,1,occurs_in_speaker_text
2538,3838,1,occurs_in_speaker_text
1203,3838,1,occurs_in_speaker_text
374,3838,1,occurs_in_speaker_text
569,3838,1,occurs_in_speaker_text
2785,3838,1,occurs_in_speaker_text
686,3838,4,occurs_in_speaker_text
1710,3838,1,occurs_in_speaker_text
2312,3838,2,occurs_in_speaker_text
1537,3838,2,occurs_in_speaker_text
261,3838,1,occurs_in_speaker_text
588,3838,6,occurs_in_speaker_text
1336,3838,2,occurs_in_speaker_text
2240,3838,4,occurs_in_speaker_text
1413,3838,1,occurs_in_speaker_text
2235,3838,4,occurs_in_speaker_text
2841,3838,3,occurs_in_speaker_text
2163,3838,1,occurs_in_speaker_text
2727,3838,2,occurs_in_speaker_text
395,3838,1,occurs_in_speaker_text
1175,3838,2,occurs_in_speaker_text
770,3838,7,occurs_in_speaker_text
2534,3838,1,occurs_in_speaker_text
1501,3838,1,occurs_in_speaker_text
2855,3838,1,occurs_in_speaker_text
2977,3838,1,occurs_in_speaker_text
1880,3838,1,occurs_in_speaker_text
2930,3838,1,occurs_in_speaker_text
3278,3838,1,occurs_in_speaker_text
2833,3838,1,occurs_in_speaker_text
1224,3838,1,occurs_in_speaker_text
196,3839,1,occurs_in_speaker_text
2400,3839,1,occurs_in_speaker_text
2235,3839,1,occurs_in_speaker_text
3005,3839,1,occurs_in_speaker_text
854,3839,1,occurs_in_speaker_text
3255,3839,1,occurs_in_speaker_text
196,3840,1,occurs_in_speaker_text
2704,3840,1,occurs_in_speaker_text
1429,3840,1,occurs_in_speaker_text
2235,3840,1,occurs_in_speaker_text
283,3840,1,occurs_in_speaker_text
616,3840,1,occurs_in_speaker_text
904,3841,5,occurs_in_speaker_text
2478,3841,1,occurs_in_speaker_text
2833,3841,3,occurs_in_speaker_text
2235,3841,3,occurs_in_speaker_text
127,3841,1,occurs_in_speaker_text
3110,3841,1,occurs_in_speaker_text
2096,3842,1,occurs_in_speaker_text
794,3842,1,occurs_in_speaker_text
770,3843,1,occurs_in_speaker_text
1417,3843,1,occurs_in_speaker_text
1613,3843,1,occurs_in_speaker_text
2972,3843,3,occurs_in_speaker_text
176,3843,2,occurs_in_speaker_text
1853,3843,1,occurs_in_speaker_text
2261,3843,3,occurs_in_speaker_text
1631,3843,1,occurs_in_speaker_text
3234,3843,1,occurs_in_speaker_text
2855,3844,1,occurs_in_speaker_text
34,3844,49,occurs_in_speaker_text
770,3844,2,occurs_in_speaker_text
837,3844,2,occurs_in_speaker_text
3261,3844,3,occurs_in_speaker_text
95,3844,1,occurs_in_speaker_text
153,3844,6,occurs_in_speaker_text
2972,3844,1,occurs_in_speaker_text
2321,3844,1,occurs_in_speaker_text
2960,3844,1,occurs_in_speaker_text
1833,3844,1,occurs_in_speaker_text
2727,3844,1,occurs_in_speaker_text
2951,3845,1,occurs_in_speaker_text
2146,3845,5,occurs_in_speaker_text
107,3845,1,occurs_in_speaker_text
2256,3845,1,occurs_in_speaker_text
2920,3845,1,occurs_in_speaker_text
153,3845,18,occurs_in_speaker_text
1435,3845,1,occurs_in_speaker_text
1250,3845,1,occurs_in_speaker_text
2113,3845,1,occurs_in_speaker_text
1739,3845,2,occurs_in_speaker_text
558,3845,1,occurs_in_speaker_text
1092,3845,1,occurs_in_speaker_text
1925,3845,1,occurs_in_speaker_text
1189,3845,1,occurs_in_speaker_text
3045,3845,1,occurs_in_speaker_text
2600,3845,1,occurs_in_speaker_text
986,3845,1,occurs_in_speaker_text
1072,3846,1,occurs_in_speaker_text
57,3846,1,occurs_in_speaker_text
366,3846,1,occurs_in_speaker_text
81,3846,1,occurs_in_speaker_text
1135,3846,1,occurs_in_speaker_text
2817,3846,1,occurs_in_speaker_text
2727,3846,2,occurs_in_speaker_text
3261,3846,5,occurs_in_speaker_text
1388,3846,1,occurs_in_speaker_text
2841,3846,1,occurs_in_speaker_text
2235,3846,1,occurs_in_speaker_text
1845,3846,1,occurs_in_speaker_text
196,3847,7,occurs_in_speaker_text
2117,3847,2,occurs_in_speaker_text
2457,3847,2,occurs_in_speaker_text
2550,3847,1,occurs_in_speaker_text
1261,3847,1,occurs_in_speaker_text
2727,3847,7,occurs_in_speaker_text
3242,3847,1,occurs_in_speaker_text
562,3847,1,occurs_in_speaker_text
1845,3847,1,occurs_in_speaker_text
2392,3847,1,occurs_in_speaker_text
1245,3847,1,occurs_in_speaker_text
1098,3847,1,occurs_in_speaker_text
2972,3847,1,occurs_in_speaker_text
1142,3847,1,occurs_in_speaker_text
611,3847,1,occurs_in_speaker_text
587,3847,1,occurs_in_speaker_text
1018,3847,1,occurs_in_speaker_text
1710,3847,1,occurs_in_speaker_text
3261,3847,2,occurs_in_speaker_text
1876,3847,1,occurs_in_speaker_text
3272,3847,1,occurs_in_speaker_text
2235,3847,1,occurs_in_speaker_text
2992,3847,1,occurs_in_speaker_text
3044,3847,1,occurs_in_speaker_text
1014,3847,1,occurs_in_speaker_text
1780,3847,1,occurs_in_speaker_text
2619,3847,1,occurs_in_speaker_text
153,3848,6,occurs_in_speaker_text
2186,3848,1,occurs_in_speaker_text
904,3848,1,occurs_in_speaker_text
1726,3848,1,occurs_in_speaker_text
3261,3848,7,occurs_in_speaker_text
557,3848,1,occurs_in_speaker_text
2731,3848,1,occurs_in_speaker_text
611,3848,1,occurs_in_speaker_text
1492,3848,1,occurs_in_speaker_text
2178,3848,1,occurs_in_speaker_text
1795,3848,1,occurs_in_speaker_text
2460,3848,1,occurs_in_speaker_text
2703,3848,1,occurs_in_speaker_text
2235,3848,1,occurs_in_speaker_text
770,3848,2,occurs_in_speaker_text
1039,3848,1,occurs_in_speaker_text
760,3848,5,occurs_in_speaker_text
2655,3848,1,occurs_in_speaker_text
224,3848,1,occurs_in_speaker_text
297,3848,1,occurs_in_speaker_text
1124,3848,1,occurs_in_speaker_text
1368,3848,2,occurs_in_speaker_text
2317,3848,1,occurs_in_speaker_text
2661,3848,1,occurs_in_speaker_text
2938,3848,1,occurs_in_speaker_text
1192,3848,1,occurs_in_speaker_text
1762,3848,1,occurs_in_speaker_text
25,3848,1,occurs_in_speaker_text
1128,3848,1,occurs_in_speaker_text
2499,3848,1,occurs_in_speaker_text
2704,3848,1,occurs_in_speaker_text
3301,3848,1,occurs_in_speaker_text
585,3848,1,occurs_in_speaker_text
1051,3848,1,occurs_in_speaker_text
608,3848,1,occurs_in_speaker_text
1833,3848,1,occurs_in_speaker_text
2841,3848,1,occurs_in_speaker_text
537,3848,1,occurs_in_speaker_text
1323,3848,1,occurs_in_speaker_text
3157,3848,1,occurs_in_speaker_text
2568,3848,1,occurs_in_speaker_text
2377,3848,1,occurs_in_speaker_text
3033,3848,1,occurs_in_speaker_text
473,3848,1,occurs_in_speaker_text
1906,3848,1,occurs_in_speaker_text
934,3848,1,occurs_in_speaker_text
1083,3848,1,occurs_in_speaker_text
3297,3848,1,occurs_in_speaker_text
1262,3848,1,occurs_in_speaker_text
1593,3848,1,occurs_in_speaker_text
2293,3848,1,occurs_in_speaker_text
1925,3848,1,occurs_in_speaker_text
1271,3848,1,occurs_in_speaker_text
3314,3849,1,occurs_in_speaker_text
2977,3849,2,occurs_in_speaker_text
891,3849,1,occurs_in_speaker_text
1615,3849,1,occurs_in_speaker_text
153,3849,6,occurs_in_speaker_text
2833,3849,1,occurs_in_speaker_text
2892,3849,1,occurs_in_speaker_text
791,3849,1,occurs_in_speaker_text
2992,3849,2,occurs_in_speaker_text
163,3849,1,occurs_in_speaker_text
1398,3849,1,occurs_in_speaker_text
1188,3849,1,occurs_in_speaker_text
2269,3849,1,occurs_in_speaker_text
1387,3849,1,occurs_in_speaker_text
3020,3849,4,occurs_in_speaker_text
2515,3849,3,occurs_in_speaker_text
2261,3849,1,occurs_in_speaker_text
1051,3849,2,occurs_in_speaker_text
2727,3849,3,occurs_in_speaker_text
3297,3849,1,occurs_in_speaker_text
1837,3849,3,occurs_in_speaker_text
196,3849,2,occurs_in_speaker_text
1320,3849,1,occurs_in_speaker_text
2447,3849,2,occurs_in_speaker_text
1111,3849,1,occurs_in_speaker_text
3261,3849,2,occurs_in_speaker_text
557,3849,1,occurs_in_speaker_text
2732,3849,3,occurs_in_speaker_text
2940,3849,1,occurs_in_speaker_text
346,3849,1,occurs_in_speaker_text
3042,3849,1,occurs_in_speaker_text
2683,3849,1,occurs_in_speaker_text
2291,3849,1,occurs_in_speaker_text
2855,3849,1,occurs_in_speaker_text
770,3849,1,occurs_in_speaker_text
96,3849,1,occurs_in_speaker_text
3076,3849,1,occurs_in_speaker_text
611,3849,1,occurs_in_speaker_text
103,3850,1,occurs_in_speaker_text
1268,3850,1,occurs_in_speaker_text
315,3850,1,occurs_in_speaker_text
1398,3850,1,occurs_in_speaker_text
1518,3850,1,occurs_in_speaker_text
3021,3851,1,occurs_in_speaker_text
3261,3851,5,occurs_in_speaker_text
2727,3851,3,occurs_in_speaker_text
3297,3851,3,occurs_in_speaker_text
1699,3851,2,occurs_in_speaker_text
2422,3851,1,occurs_in_speaker_text
1471,3851,1,occurs_in_speaker_text
2411,3851,1,occurs_in_speaker_text
904,3851,2,occurs_in_speaker_text
287,3851,1,occurs_in_speaker_text
153,3851,1,occurs_in_speaker_text
1837,3851,2,occurs_in_speaker_text
1508,3851,1,occurs_in_speaker_text
990,3851,1,occurs_in_speaker_text
2738,3851,1,occurs_in_speaker_text
1498,3851,1,occurs_in_speaker_text
611,3851,2,occurs_in_speaker_text
1440,3851,1,occurs_in_speaker_text
3220,3851,1,occurs_in_speaker_text
2535,3851,2,occurs_in_speaker_text
196,3852,3,occurs_in_speaker_text
214,3852,1,occurs_in_speaker_text
2457,3852,1,occurs_in_speaker_text
1106,3852,1,occurs_in_speaker_text
3266,3852,1,occurs_in_speaker_text
2710,3852,6,occurs_in_speaker_text
1831,3852,2,occurs_in_speaker_text
575,3852,2,occurs_in_speaker_text
1123,3852,1,occurs_in_speaker_text
964,3852,1,occurs_in_speaker_text
153,3852,1,occurs_in_speaker_text
2216,3854,1,occurs_in_speaker_text
2060,3854,1,occurs_in_speaker_text
2198,3854,1,occurs_in_speaker_text
158,3854,1,occurs_in_speaker_text
1845,3854,2,occurs_in_speaker_text
1045,3854,1,occurs_in_speaker_text
523,3854,1,occurs_in_speaker_text
1261,3854,1,occurs_in_speaker_text
312,3854,1,occurs_in_speaker_text
1239,3854,1,occurs_in_speaker_text
977,3854,1,occurs_in_speaker_text
211,3854,1,occurs_in_speaker_text
2608,3854,1,occurs_in_speaker_text
1053,3854,1,occurs_in_speaker_text
2875,3854,1,occurs_in_speaker_text
1035,3854,1,occurs_in_speaker_text
1710,3854,1,occurs_in_speaker_text
242,3854,1,occurs_in_speaker_text
1833,3854,1,occurs_in_speaker_text
1657,3854,1,occurs_in_speaker_text
2147,3854,3,occurs_in_speaker_text
2535,3854,1,occurs_in_speaker_text
3175,3854,1,occurs_in_speaker_text
1653,3854,1,occurs_in_speaker_text
1420,3854,1,occurs_in_speaker_text
2815,3856,2,occurs_in_speaker_text
1837,3856,27,occurs_in_speaker_text
878,3856,1,occurs_in_speaker_text
196,3856,1,occurs_in_speaker_text
2419,3856,1,occurs_in_speaker_text
1068,3856,1,occurs_in_speaker_text
3261,3856,4,occurs_in_speaker_text
1044,3856,2,occurs_in_speaker_text
1670,3856,2,occurs_in_speaker_text
1652,3856,1,occurs_in_speaker_text
2849,3856,1,occurs_in_speaker_text
2040,3856,1,occurs_in_speaker_text
935,3856,1,occurs_in_speaker_text
2105,3856,1,occurs_in_speaker_text
2235,3856,1,occurs_in_speaker_text
2727,3856,3,occurs_in_speaker_text
770,3856,2,occurs_in_speaker_text
2076,3856,1,occurs_in_speaker_text
2229,3856,1,occurs_in_speaker_text
2864,3856,1,occurs_in_speaker_text
1815,3856,1,occurs_in_speaker_text
2079,3856,1,occurs_in_speaker_text
1909,3856,1,occurs_in_speaker_text
2956,3856,1,occurs_in_speaker_text
153,3856,2,occurs_in_speaker_text
1018,3856,1,occurs_in_speaker_text
2051,3856,1,occurs_in_speaker_text
78,3856,1,occurs_in_speaker_text
2552,3856,1,occurs_in_speaker_text
1810,3856,1,occurs_in_speaker_text
2261,3857,6,occurs_in_speaker_text
1098,3857,1,occurs_in_speaker_text
3044,3857,2,occurs_in_speaker_text
1537,3857,3,occurs_in_speaker_text
1926,3857,2,occurs_in_speaker_text
713,3857,1,occurs_in_speaker_text
611,3857,2,occurs_in_speaker_text
2019,3857,1,occurs_in_speaker_text
3297,3857,1,occurs_in_speaker_text
89,3857,1,occurs_in_speaker_text
196,3857,5,occurs_in_speaker_text
1845,3857,4,occurs_in_speaker_text
2298,3857,1,occurs_in_speaker_text
770,3857,3,occurs_in_speaker_text
2447,3857,3,occurs_in_speaker_text
1650,3857,2,occurs_in_speaker_text
2706,3857,1,occurs_in_speaker_text
1894,3857,1,occurs_in_speaker_text
2872,3857,1,occurs_in_speaker_text
2732,3857,1,occurs_in_speaker_text
1329,3857,1,occurs_in_speaker_text
153,3857,2,occurs_in_speaker_text
458,3857,1,occurs_in_speaker_text
1530,3857,1,occurs_in_speaker_text
959,3857,1,occurs_in_speaker_text
1498,3857,1,occurs_in_speaker_text
1142,3857,1,occurs_in_speaker_text
2184,3857,1,occurs_in_speaker_text
3261,3857,6,occurs_in_speaker_text
3020,3857,2,occurs_in_speaker_text
2568,3857,6,occurs_in_speaker_text
2114,3857,1,occurs_in_speaker_text
463,3857,1,occurs_in_speaker_text
2498,3857,1,occurs_in_speaker_text
1731,3857,1,occurs_in_speaker_text
3261,3858,1,occurs_in_speaker_text
153,3858,1,occurs_in_speaker_text
700,3858,1,occurs_in_speaker_text
2841,3858,1,occurs_in_speaker_text
1908,3858,4,occurs_in_speaker_text
1710,3858,1,occurs_in_speaker_text
1615,3858,1,occurs_in_speaker_text
611,3858,1,occurs_in_speaker_text
3105,3859,1,occurs_in_speaker_text
904,3859,1,occurs_in_speaker_text
509,3859,2,occurs_in_speaker_text
2360,3859,1,occurs_in_speaker_text
3039,3859,1,occurs_in_speaker_text
2618,3859,1,occurs_in_speaker_text
196,3859,2,occurs_in_speaker_text
2568,3859,1,occurs_in_speaker_text
2947,3859,1,occurs_in_speaker_text
2240,3859,2,occurs_in_speaker_text
809,3860,1,occurs_in_speaker_text
153,3861,5,occurs_in_speaker_text
3261,3861,2,occurs_in_speaker_text
2732,3861,1,occurs_in_speaker_text
1061,3861,1,occurs_in_speaker_text
557,3861,1,occurs_in_speaker_text
196,3861,1,occurs_in_speaker_text
1398,3861,1,occurs_in_speaker_text
770,3861,1,occurs_in_speaker_text
1948,3861,1,occurs_in_speaker_text
65,3861,1,occurs_in_speaker_text
616,3861,1,occurs_in_speaker_text
3159,3861,1,occurs_in_speaker_text
1642,3861,1,occurs_in_speaker_text
1354,3861,2,occurs_in_speaker_text
424,3861,1,occurs_in_speaker_text
1658,3861,1,occurs_in_speaker_text
2235,3861,5,occurs_in_speaker_text
3278,3861,1,occurs_in_speaker_text
2858,3861,1,occurs_in_speaker_text
990,3861,1,occurs_in_speaker_text
3029,3861,1,occurs_in_speaker_text
79,3861,1,occurs_in_speaker_text
3314,3861,1,occurs_in_speaker_text
3261,3862,2,occurs_in_speaker_text
153,3862,2,occurs_in_speaker_text
2286,3862,1,occurs_in_speaker_text
1018,3862,2,occurs_in_speaker_text
3010,3862,1,occurs_in_speaker_text
3234,3862,1,occurs_in_speaker_text
3020,3862,1,occurs_in_speaker_text
1837,3862,2,occurs_in_speaker_text
2833,3862,1,occurs_in_speaker_text
3061,3862,1,occurs_in_speaker_text
770,3862,1,occurs_in_speaker_text
3044,3862,1,occurs_in_speaker_text
2052,3863,8,occurs_in_speaker_text
929,3863,3,occurs_in_speaker_text
2126,3863,2,occurs_in_speaker_text
2572,3863,1,occurs_in_speaker_text
1972,3863,1,occurs_in_speaker_text
1857,3863,1,occurs_in_speaker_text
1333,3863,1,occurs_in_speaker_text
1887,3863,1,occurs_in_speaker_text
1335,3863,1,occurs_in_speaker_text
828,3863,1,occurs_in_speaker_text
475,3863,1,occurs_in_speaker_text
2124,3863,1,occurs_in_speaker_text
2525,3863,1,occurs_in_speaker_text
1482,3863,1,occurs_in_speaker_text
24,3863,1,occurs_in_speaker_text
138,3863,1,occurs_in_speaker_text
196,3863,2,occurs_in_speaker_text
2281,3863,1,occurs_in_speaker_text
501,3863,1,occurs_in_speaker_text
1425,3863,1,occurs_in_speaker_text
2568,3863,1,occurs_in_speaker_text
1971,3863,1,occurs_in_speaker_text
907,3863,1,occurs_in_speaker_text
1908,3863,1,occurs_in_speaker_text
2481,3863,1,occurs_in_speaker_text
2060,3863,1,occurs_in_speaker_text
1002,3863,1,occurs_in_speaker_text
2777,3863,1,occurs_in_speaker_text
1710,3863,2,occurs_in_speaker_text
770,3863,1,occurs_in_speaker_text
2170,3863,1,occurs_in_speaker_text
2704,3864,1,occurs_in_speaker_text
2261,3864,1,occurs_in_speaker_text
1425,3864,1,occurs_in_speaker_text
904,3864,1,occurs_in_speaker_text
2235,3864,1,occurs_in_speaker_text
3261,3866,2,occurs_in_speaker_text
1717,3866,1,occurs_in_speaker_text
2552,3866,1,occurs_in_speaker_text
1129,3866,1,occurs_in_speaker_text
2960,3866,2,occurs_in_speaker_text
1598,3866,1,occurs_in_speaker_text
66,3866,1,occurs_in_speaker_text
2977,3866,1,occurs_in_speaker_text
1241,3866,1,occurs_in_speaker_text
2235,3866,1,occurs_in_speaker_text
770,3866,1,occurs_in_speaker_text
56,3866,1,occurs_in_speaker_text
1461,3866,1,occurs_in_speaker_text
2735,3866,1,occurs_in_speaker_text
480,3866,1,occurs_in_speaker_text
770,3867,2,occurs_in_speaker_text
3297,3867,1,occurs_in_speaker_text
1255,3867,1,occurs_in_speaker_text
2287,3867,1,occurs_in_speaker_text
1111,3867,1,occurs_in_speaker_text
504,3867,1,occurs_in_speaker_text
3261,3867,1,occurs_in_speaker_text
153,3867,2,occurs_in_speaker_text
153,3868,12,occurs_in_speaker_text
856,3868,1,occurs_in_speaker_text
985,3868,1,occurs_in_speaker_text
2345,3868,1,occurs_in_speaker_text
3261,3868,8,occurs_in_speaker_text
982,3868,9,occurs_in_speaker_text
1600,3868,1,occurs_in_speaker_text
1699,3868,3,occurs_in_speaker_text
2392,3868,1,occurs_in_speaker_text
278,3868,1,occurs_in_speaker_text
2817,3868,1,occurs_in_speaker_text
2305,3868,1,occurs_in_speaker_text
1288,3868,1,occurs_in_speaker_text
2685,3868,1,occurs_in_speaker_text
1454,3868,1,occurs_in_speaker_text
311,3868,1,occurs_in_speaker_text
611,3868,1,occurs_in_speaker_text
2974,3868,1,occurs_in_speaker_text
2548,3868,1,occurs_in_speaker_text
3264,3868,2,occurs_in_speaker_text
2911,3868,1,occurs_in_speaker_text
3254,3868,1,occurs_in_speaker_text
2718,3868,2,occurs_in_speaker_text
1398,3868,3,occurs_in_speaker_text
2371,3868,1,occurs_in_speaker_text
2351,3869,1,occurs_in_speaker_text
1749,3869,1,occurs_in_speaker_text
1568,3869,1,occurs_in_speaker_text
2960,3870,1,occurs_in_speaker_text
2727,3870,6,occurs_in_speaker_text
153,3870,1,occurs_in_speaker_text
1908,3870,1,occurs_in_speaker_text
2428,3870,1,occurs_in_speaker_text
1717,3870,1,occurs_in_speaker_text
2732,3870,1,occurs_in_speaker_text
611,3870,1,occurs_in_speaker_text
1390,3870,1,occurs_in_speaker_text
689,3870,1,occurs_in_speaker_text
3232,3870,1,occurs_in_speaker_text
2704,3870,1,occurs_in_speaker_text
2974,3870,1,occurs_in_speaker_text
163,3870,3,occurs_in_speaker_text
3092,3870,1,occurs_in_speaker_text
196,3870,4,occurs_in_speaker_text
1501,3870,2,occurs_in_speaker_text
699,3870,1,occurs_in_speaker_text
116,3870,1,occurs_in_speaker_text
1853,3870,1,occurs_in_speaker_text
272,3871,1,occurs_in_speaker_text
2033,3871,1,occurs_in_speaker_text
1418,3871,1,occurs_in_speaker_text
785,3871,2,occurs_in_speaker_text
2727,3871,1,occurs_in_speaker_text
1794,3871,1,occurs_in_speaker_text
66,3871,2,occurs_in_speaker_text
153,3872,2,occurs_in_speaker_text
3261,3872,1,occurs_in_speaker_text
770,3872,1,occurs_in_speaker_text
447,3872,1,occurs_in_speaker_text
2643,3872,1,occurs_in_speaker_text
1015,3872,1,occurs_in_speaker_text
2833,3872,2,occurs_in_speaker_text
1845,3873,1,occurs_in_speaker_text
153,3873,41,occurs_in_speaker_text
1356,3873,1,occurs_in_speaker_text
3261,3873,1,occurs_in_speaker_text
1910,3873,2,occurs_in_speaker_text
1398,3873,2,occurs_in_speaker_text
1814,3873,1,occurs_in_speaker_text
14,3873,1,occurs_in_speaker_text
2841,3874,4,occurs_in_speaker_text
2261,3874,7,occurs_in_speaker_text
3020,3874,2,occurs_in_speaker_text
1888,3874,1,occurs_in_speaker_text
1833,3874,1,occurs_in_speaker_text
3261,3874,6,occurs_in_speaker_text
2727,3874,1,occurs_in_speaker_text
2992,3874,1,occurs_in_speaker_text
3278,3874,1,occurs_in_speaker_text
2732,3874,2,occurs_in_speaker_text
3297,3874,1,occurs_in_speaker_text
2235,3874,3,occurs_in_speaker_text
1429,3874,1,occurs_in_speaker_text
1164,3874,9,occurs_in_speaker_text
1750,3874,1,occurs_in_speaker_text
611,3874,1,occurs_in_speaker_text
2204,3874,1,occurs_in_speaker_text
1537,3874,1,occurs_in_speaker_text
2429,3874,1,occurs_in_speaker_text
1244,3874,1,occurs_in_speaker_text
422,3874,1,occurs_in_speaker_text
885,3874,1,occurs_in_speaker_text
1018,3874,5,occurs_in_speaker_text
153,3874,4,occurs_in_speaker_text
1440,3874,1,occurs_in_speaker_text
1837,3874,1,occurs_in_speaker_text
904,3874,1,occurs_in_speaker_text
2286,3874,2,occurs_in_speaker_text
588,3874,5,occurs_in_speaker_text
204,3874,1,occurs_in_speaker_text
3221,3874,1,occurs_in_speaker_text
2518,3874,1,occurs_in_speaker_text
2491,3874,1,occurs_in_speaker_text
3044,3874,1,occurs_in_speaker_text
1879,3875,1,occurs_in_speaker_text
1845,3875,1,occurs_in_speaker_text
3145,3875,1,occurs_in_speaker_text
2638,3875,1,occurs_in_speaker_text
1111,3875,1,occurs_in_speaker_text
2261,3875,2,occurs_in_speaker_text
401,3875,1,occurs_in_speaker_text
2992,3875,1,occurs_in_speaker_text
1833,3875,1,occurs_in_speaker_text
2727,3875,2,occurs_in_speaker_text
404,3875,1,occurs_in_speaker_text
344,3875,1,occurs_in_speaker_text
3261,3875,2,occurs_in_speaker_text
429,3875,1,occurs_in_speaker_text
1601,3875,1,occurs_in_speaker_text
1659,3875,1,occurs_in_speaker_text
2060,3875,1,occurs_in_speaker_text
2767,3875,1,occurs_in_speaker_text
196,3875,1,occurs_in_speaker_text
1278,3875,1,occurs_in_speaker_text
1307,3875,1,occurs_in_speaker_text
153,3876,6,occurs_in_speaker_text
2457,3876,1,occurs_in_speaker_text
2727,3876,1,occurs_in_speaker_text
904,3876,1,occurs_in_speaker_text
2410,3876,1,occurs_in_speaker_text
3261,3876,4,occurs_in_speaker_text
2732,3877,3,occurs_in_speaker_text
904,3877,2,occurs_in_speaker_text
3044,3877,5,occurs_in_speaker_text
608,3877,1,occurs_in_speaker_text
1406,3877,1,occurs_in_speaker_text
2727,3877,3,occurs_in_speaker_text
2286,3877,1,occurs_in_speaker_text
2261,3877,3,occurs_in_speaker_text
2841,3877,2,occurs_in_speaker_text
611,3877,1,occurs_in_speaker_text
2235,3877,6,occurs_in_speaker_text
1837,3877,1,occurs_in_speaker_text
1964,3877,1,occurs_in_speaker_text
257,3877,1,occurs_in_speaker_text
1111,3877,1,occurs_in_speaker_text
2619,3877,1,occurs_in_speaker_text
1501,3877,1,occurs_in_speaker_text
3261,3877,9,occurs_in_speaker_text
1494,3877,1,occurs_in_speaker_text
3210,3877,1,occurs_in_speaker_text
770,3877,2,occurs_in_speaker_text
509,3877,1,occurs_in_speaker_text
1807,3877,2,occurs_in_speaker_text
1175,3877,2,occurs_in_speaker_text
2788,3877,3,occurs_in_speaker_text
883,3877,1,occurs_in_speaker_text
1699,3877,2,occurs_in_speaker_text
3220,3877,1,occurs_in_speaker_text
990,3877,1,occurs_in_speaker_text
1462,3877,1,occurs_in_speaker_text
1710,3877,1,occurs_in_speaker_text
196,3877,1,occurs_in_speaker_text
1341,3878,1,occurs_in_speaker_text
3297,3878,1,occurs_in_speaker_text
2460,3878,2,occurs_in_speaker_text
1231,3879,5,occurs_in_speaker_text
611,3879,4,occurs_in_speaker_text
2953,3879,1,occurs_in_speaker_text
2833,3879,2,occurs_in_speaker_text
3210,3879,4,occurs_in_speaker_text
2884,3879,3,occurs_in_speaker_text
2798,3879,2,occurs_in_speaker_text
1157,3879,3,occurs_in_speaker_text
2535,3879,1,occurs_in_speaker_text
3020,3879,8,occurs_in_speaker_text
1780,3879,1,occurs_in_speaker_text
2294,3879,2,occurs_in_speaker_text
3261,3879,7,occurs_in_speaker_text
818,3879,1,occurs_in_speaker_text
153,3879,28,occurs_in_speaker_text
2079,3879,1,occurs_in_speaker_text
1242,3879,1,occurs_in_speaker_text
2186,3879,2,occurs_in_speaker_text
3050,3879,1,occurs_in_speaker_text
2235,3879,1,occurs_in_speaker_text
1494,3879,1,occurs_in_speaker_text
3044,3879,3,occurs_in_speaker_text
855,3879,1,occurs_in_speaker_text
1018,3879,2,occurs_in_speaker_text
3038,3879,1,occurs_in_speaker_text
786,3879,1,occurs_in_speaker_text
208,3879,1,occurs_in_speaker_text
1175,3879,1,occurs_in_speaker_text
1143,3879,1,occurs_in_speaker_text
222,3879,1,occurs_in_speaker_text
891,3879,2,occurs_in_speaker_text
1243,3879,1,occurs_in_speaker_text
2727,3879,1,occurs_in_speaker_text
2425,3879,4,occurs_in_speaker_text
770,3879,1,occurs_in_speaker_text
54,3879,2,occurs_in_speaker_text
1837,3879,1,occurs_in_speaker_text
1799,3879,1,occurs_in_speaker_text
193,3879,1,occurs_in_speaker_text
3278,3879,1,occurs_in_speaker_text
2447,3879,1,occurs_in_speaker_text
2732,3879,1,occurs_in_speaker_text
170,3879,1,occurs_in_speaker_text
518,3879,2,occurs_in_speaker_text
3254,3879,1,occurs_in_speaker_text
3245,3879,1,occurs_in_speaker_text
1810,3879,1,occurs_in_speaker_text
1098,3879,1,occurs_in_speaker_text
1498,3879,1,occurs_in_speaker_text
1754,3879,1,occurs_in_speaker_text
974,3879,1,occurs_in_speaker_text
2841,3879,1,occurs_in_speaker_text
1303,3879,1,occurs_in_speaker_text
2283,3879,1,occurs_in_speaker_text
1873,3879,1,occurs_in_speaker_text
1845,3879,1,occurs_in_speaker_text
1142,3879,1,occurs_in_speaker_text
2960,3879,1,occurs_in_speaker_text
2977,3880,5,occurs_in_speaker_text
588,3880,1,occurs_in_speaker_text
2124,3880,1,occurs_in_speaker_text
1825,3880,1,occurs_in_speaker_text
3020,3880,2,occurs_in_speaker_text
196,3880,1,occurs_in_speaker_text
298,3880,1,occurs_in_speaker_text
3314,3880,1,occurs_in_speaker_text
1261,3880,3,occurs_in_speaker_text
2457,3880,2,occurs_in_speaker_text
2074,3880,4,occurs_in_speaker_text
1833,3880,1,occurs_in_speaker_text
2727,3880,1,occurs_in_speaker_text
2841,3880,2,occurs_in_speaker_text
2261,3880,3,occurs_in_speaker_text
1406,3880,3,occurs_in_speaker_text
2920,3881,1,occurs_in_speaker_text
2334,3881,1,occurs_in_speaker_text
3278,3881,1,occurs_in_speaker_text
2048,3881,1,occurs_in_speaker_text
1278,3881,1,occurs_in_speaker_text
3,3881,1,occurs_in_speaker_text
2727,3881,3,occurs_in_speaker_text
1833,3881,1,occurs_in_speaker_text
1429,3881,2,occurs_in_speaker_text
1633,3881,2,occurs_in_speaker_text
1261,3881,2,occurs_in_speaker_text
3310,3881,2,occurs_in_speaker_text
872,3881,1,occurs_in_speaker_text
2261,3881,1,occurs_in_speaker_text
153,3882,2,occurs_in_speaker_text
2960,3882,1,occurs_in_speaker_text
1958,3882,1,occurs_in_speaker_text
359,3883,5,occurs_in_speaker_text
770,3883,1,occurs_in_speaker_text
1142,3883,2,occurs_in_speaker_text
1423,3883,1,occurs_in_speaker_text
3297,3883,2,occurs_in_speaker_text
1748,3883,1,occurs_in_speaker_text
2235,3883,1,occurs_in_speaker_text
2392,3883,1,occurs_in_speaker_text
2652,3883,1,occurs_in_speaker_text
943,3883,1,occurs_in_speaker_text
2079,3883,1,occurs_in_speaker_text
3261,3883,9,occurs_in_speaker_text
96,3883,1,occurs_in_speaker_text
153,3883,3,occurs_in_speaker_text
611,3883,1,occurs_in_speaker_text
343,3883,1,occurs_in_speaker_text
196,3883,1,occurs_in_speaker_text
1270,3883,1,occurs_in_speaker_text
3020,3883,1,occurs_in_speaker_text
1835,3883,1,occurs_in_speaker_text
1228,3883,1,occurs_in_speaker_text
459,3883,1,occurs_in_speaker_text
1010,3883,1,occurs_in_speaker_text
419,3883,1,occurs_in_speaker_text
1710,3883,1,occurs_in_speaker_text
2364,3883,1,occurs_in_speaker_text
2202,3883,1,occurs_in_speaker_text
1425,3883,1,occurs_in_speaker_text
1225,3883,1,occurs_in_speaker_text
1699,3883,1,occurs_in_speaker_text
1018,3883,2,occurs_in_speaker_text
1496,3883,1,occurs_in_speaker_text
1057,3883,1,occurs_in_speaker_text
2525,3883,1,occurs_in_speaker_text
2704,3883,1,occurs_in_speaker_text
2186,3883,1,occurs_in_speaker_text
1539,3883,1,occurs_in_speaker_text
2303,3883,1,occurs_in_speaker_text
2727,3883,1,occurs_in_speaker_text
2835,3883,1,occurs_in_speaker_text
2478,3884,2,occurs_in_speaker_text
153,3885,1,occurs_in_speaker_text
1481,3885,1,occurs_in_speaker_text
2173,3885,1,occurs_in_speaker_text
419,3885,1,occurs_in_speaker_text
2567,3885,1,occurs_in_speaker_text
367,3885,1,occurs_in_speaker_text
1837,3885,1,occurs_in_speaker_text
1804,3885,1,occurs_in_speaker_text
40,3885,1,occurs_in_speaker_text
1967,3886,5,occurs_in_speaker_text
196,3886,4,occurs_in_speaker_text
2060,3886,1,occurs_in_speaker_text
780,3886,1,occurs_in_speaker_text
273,3886,1,occurs_in_speaker_text
2478,3886,1,occurs_in_speaker_text
1478,3886,1,occurs_in_speaker_text
153,3886,1,occurs_in_speaker_text
2960,3886,1,occurs_in_speaker_text
2985,3886,1,occurs_in_speaker_text
2727,3886,1,occurs_in_speaker_text
2689,3886,2,occurs_in_speaker_text
378,3886,1,occurs_in_speaker_text
2727,3887,2,occurs_in_speaker_text
3261,3887,5,occurs_in_speaker_text
2532,3887,1,occurs_in_speaker_text
1537,3887,1,occurs_in_speaker_text
770,3887,3,occurs_in_speaker_text
1059,3887,3,occurs_in_speaker_text
2960,3887,1,occurs_in_speaker_text
3315,3887,3,occurs_in_speaker_text
1845,3887,2,occurs_in_speaker_text
2336,3887,1,occurs_in_speaker_text
927,3887,1,occurs_in_speaker_text
116,3887,1,occurs_in_speaker_text
2235,3887,2,occurs_in_speaker_text
3297,3887,1,occurs_in_speaker_text
2043,3887,1,occurs_in_speaker_text
378,3887,2,occurs_in_speaker_text
1425,3887,1,occurs_in_speaker_text
153,3887,3,occurs_in_speaker_text
1489,3887,1,occurs_in_speaker_text
1621,3887,1,occurs_in_speaker_text
2977,3887,1,occurs_in_speaker_text
2637,3887,1,occurs_in_speaker_text
1505,3887,1,occurs_in_speaker_text
525,3887,1,occurs_in_speaker_text
1150,3887,1,occurs_in_speaker_text
1142,3887,1,occurs_in_speaker_text
2217,3887,1,occurs_in_speaker_text
792,3887,1,occurs_in_speaker_text
2902,3887,1,occurs_in_speaker_text
585,3887,1,occurs_in_speaker_text
3284,3887,1,occurs_in_speaker_text
3286,3887,1,occurs_in_speaker_text
1365,3887,1,occurs_in_speaker_text
2298,3887,1,occurs_in_speaker_text
468,3887,1,occurs_in_speaker_text
2291,3887,1,occurs_in_speaker_text
430,3887,1,occurs_in_speaker_text
3005,3888,2,occurs_in_speaker_text
2386,3888,1,occurs_in_speaker_text
2577,3888,1,occurs_in_speaker_text
2261,3889,3,occurs_in_speaker_text
3020,3889,2,occurs_in_speaker_text
1098,3889,1,occurs_in_speaker_text
2849,3889,2,occurs_in_speaker_text
3261,3889,1,occurs_in_speaker_text
2727,3889,3,occurs_in_speaker_text
196,3889,1,occurs_in_speaker_text
885,3889,1,occurs_in_speaker_text
1440,3889,1,occurs_in_speaker_text
2235,3889,2,occurs_in_speaker_text
699,3889,1,occurs_in_speaker_text
1425,3889,1,occurs_in_speaker_text
3044,3889,1,occurs_in_speaker_text
2855,3890,1,occurs_in_speaker_text
1638,3890,1,occurs_in_speaker_text
1344,3890,1,occurs_in_speaker_text
2977,3890,1,occurs_in_speaker_text
196,3891,1,occurs_in_speaker_text
2727,3891,3,occurs_in_speaker_text
2235,3891,5,occurs_in_speaker_text
990,3891,2,occurs_in_speaker_text
2738,3891,3,occurs_in_speaker_text
616,3891,3,occurs_in_speaker_text
2535,3891,1,occurs_in_speaker_text
2457,3891,2,occurs_in_speaker_text
1182,3891,2,occurs_in_speaker_text
3029,3891,1,occurs_in_speaker_text
153,3891,1,occurs_in_speaker_text
2348,3891,1,occurs_in_speaker_text
3314,3891,1,occurs_in_speaker_text
1112,3891,1,occurs_in_speaker_text
1732,3891,1,occurs_in_speaker_text
2704,3891,2,occurs_in_speaker_text
447,3891,1,occurs_in_speaker_text
1018,3891,1,occurs_in_speaker_text
1246,3891,1,occurs_in_speaker_text
854,3892,1,occurs_in_speaker_text
1837,3892,1,occurs_in_speaker_text
3261,3892,3,occurs_in_speaker_text
196,3892,1,occurs_in_speaker_text
588,3892,1,occurs_in_speaker_text
292,3892,1,occurs_in_speaker_text
66,3892,1,occurs_in_speaker_text
331,3892,1,occurs_in_speaker_text
2727,3892,3,occurs_in_speaker_text
605,3892,1,occurs_in_speaker_text
971,3892,1,occurs_in_speaker_text
2728,3892,1,occurs_in_speaker_text
1833,3892,1,occurs_in_speaker_text
1606,3892,1,occurs_in_speaker_text
2019,3892,1,occurs_in_speaker_text
2281,3892,1,occurs_in_speaker_text
2877,3892,4,occurs_in_speaker_text
3143,3892,1,occurs_in_speaker_text
606,3892,1,occurs_in_speaker_text
335,3892,1,occurs_in_speaker_text
2977,3892,2,occurs_in_speaker_text
1111,3892,1,occurs_in_speaker_text
3278,3892,1,occurs_in_speaker_text
2577,3892,1,occurs_in_speaker_text
1327,3892,1,occurs_in_speaker_text
2960,3892,1,occurs_in_speaker_text
2849,3892,1,occurs_in_speaker_text
419,3892,1,occurs_in_speaker_text
283,3892,1,occurs_in_speaker_text
2460,3892,1,occurs_in_speaker_text
2360,3892,1,occurs_in_speaker_text
535,3893,1,occurs_in_speaker_text
1833,3893,1,occurs_in_speaker_text
1807,3894,1,occurs_in_speaker_text
1219,3894,1,occurs_in_speaker_text
1005,3894,1,occurs_in_speaker_text
2569,3894,1,occurs_in_speaker_text
2727,3894,4,occurs_in_speaker_text
2235,3894,1,occurs_in_speaker_text
2870,3894,1,occurs_in_speaker_text
2076,3894,1,occurs_in_speaker_text
1018,3894,1,occurs_in_speaker_text
3143,3894,1,occurs_in_speaker_text
3261,3894,2,occurs_in_speaker_text
2568,3894,1,occurs_in_speaker_text
2034,3894,1,occurs_in_speaker_text
2139,3894,1,occurs_in_speaker_text
671,3894,1,occurs_in_speaker_text
2261,3894,2,occurs_in_speaker_text
2290,3894,1,occurs_in_speaker_text
785,3894,1,occurs_in_speaker_text
509,3894,1,occurs_in_speaker_text
1833,3894,1,occurs_in_speaker_text
1539,3894,1,occurs_in_speaker_text
3005,3894,1,occurs_in_speaker_text
3020,3894,1,occurs_in_speaker_text
727,3894,1,occurs_in_speaker_text
1810,3894,1,occurs_in_speaker_text
2727,3895,3,occurs_in_speaker_text
2841,3895,4,occurs_in_speaker_text
1018,3895,1,occurs_in_speaker_text
1116,3895,1,occurs_in_speaker_text
2240,3895,1,occurs_in_speaker_text
1111,3895,4,occurs_in_speaker_text
2261,3895,2,occurs_in_speaker_text
770,3895,5,occurs_in_speaker_text
3261,3895,2,occurs_in_speaker_text
1142,3895,1,occurs_in_speaker_text
611,3895,2,occurs_in_speaker_text
3044,3895,1,occurs_in_speaker_text
323,3895,1,occurs_in_speaker_text
3053,3895,1,occurs_in_speaker_text
509,3895,1,occurs_in_speaker_text
1176,3895,1,occurs_in_speaker_text
215,3895,1,occurs_in_speaker_text
3189,3895,1,occurs_in_speaker_text
2704,3895,2,occurs_in_speaker_text
2108,3895,1,occurs_in_speaker_text
904,3895,1,occurs_in_speaker_text
514,3895,1,occurs_in_speaker_text
1751,3895,1,occurs_in_speaker_text
946,3896,78,occurs_in_speaker_text
1510,3896,1,occurs_in_speaker_text
2271,3896,1,occurs_in_speaker_text
2478,3896,1,occurs_in_speaker_text
555,3896,1,occurs_in_speaker_text
1256,3897,4,occurs_in_speaker_text
1142,3897,1,occurs_in_speaker_text
1812,3897,3,occurs_in_speaker_text
1778,3897,1,occurs_in_speaker_text
1422,3897,1,occurs_in_speaker_text
2977,3897,1,occurs_in_speaker_text
1018,3897,1,occurs_in_speaker_text
2727,3897,1,occurs_in_speaker_text
2261,3897,1,occurs_in_speaker_text
1459,3897,1,occurs_in_speaker_text
965,3897,1,occurs_in_speaker_text
2989,3898,1,occurs_in_speaker_text
2977,3898,1,occurs_in_speaker_text
2775,3898,1,occurs_in_speaker_text
144,3898,1,occurs_in_speaker_text
2833,3898,1,occurs_in_speaker_text
2371,3898,1,occurs_in_speaker_text
2117,3899,1,occurs_in_speaker_text
1833,3899,1,occurs_in_speaker_text
611,3899,1,occurs_in_speaker_text
1590,3899,1,occurs_in_speaker_text
298,3899,1,occurs_in_speaker_text
770,3899,1,occurs_in_speaker_text
1845,3899,1,occurs_in_speaker_text
2680,3899,1,occurs_in_speaker_text
2118,3899,1,occurs_in_speaker_text
1933,3899,1,occurs_in_speaker_text
2570,3899,1,occurs_in_speaker_text
1429,3899,1,occurs_in_speaker_text
2577,3899,1,occurs_in_speaker_text
116,3899,1,occurs_in_speaker_text
2870,3899,1,occurs_in_speaker_text
3261,3899,1,occurs_in_speaker_text
516,3899,1,occurs_in_speaker_text
2457,3899,1,occurs_in_speaker_text
1659,3899,1,occurs_in_speaker_text
1500,3899,4,occurs_in_speaker_text
153,3899,2,occurs_in_speaker_text
47,3900,1,occurs_in_speaker_text
2849,3900,1,occurs_in_speaker_text
2105,3900,1,occurs_in_speaker_text
2235,3900,1,occurs_in_speaker_text
509,3900,1,occurs_in_speaker_text
770,3900,2,occurs_in_speaker_text
2727,3900,1,occurs_in_speaker_text
3020,3900,1,occurs_in_speaker_text
3056,3900,1,occurs_in_speaker_text
2241,3900,1,occurs_in_speaker_text
2147,3900,2,occurs_in_speaker_text
1429,3900,1,occurs_in_speaker_text
1985,3900,1,occurs_in_speaker_text
2577,3900,1,occurs_in_speaker_text
1471,3900,1,occurs_in_speaker_text
2728,3900,1,occurs_in_speaker_text
2855,3900,1,occurs_in_speaker_text
717,3900,1,occurs_in_speaker_text
2460,3900,1,occurs_in_speaker_text
3205,3900,1,occurs_in_speaker_text
153,3901,5,occurs_in_speaker_text
2291,3902,1,occurs_in_speaker_text
770,3902,1,occurs_in_speaker_text
3261,3903,6,occurs_in_speaker_text
1706,3903,1,occurs_in_speaker_text
1395,3903,1,occurs_in_speaker_text
1452,3903,1,occurs_in_speaker_text
2577,3903,1,occurs_in_speaker_text
3292,3903,1,occurs_in_speaker_text
153,3903,4,occurs_in_speaker_text
1763,3903,1,occurs_in_speaker_text
2461,3904,1,occurs_in_speaker_text
592,3904,1,occurs_in_speaker_text
3150,3905,1,occurs_in_speaker_text
1391,3905,1,occurs_in_speaker_text
1178,3905,1,occurs_in_speaker_text
532,3905,3,occurs_in_speaker_text
699,3905,1,occurs_in_speaker_text
1489,3905,2,occurs_in_speaker_text
616,3905,1,occurs_in_speaker_text
2906,3905,1,occurs_in_speaker_text
1429,3905,1,occurs_in_speaker_text
1748,3905,2,occurs_in_speaker_text
2392,3905,1,occurs_in_speaker_text
2937,3905,1,occurs_in_speaker_text
3261,3905,3,occurs_in_speaker_text
163,3905,2,occurs_in_speaker_text
1512,3905,1,occurs_in_speaker_text
1845,3905,3,occurs_in_speaker_text
2727,3905,2,occurs_in_speaker_text
1833,3905,1,occurs_in_speaker_text
1699,3905,1,occurs_in_speaker_text
1111,3905,1,occurs_in_speaker_text
3115,3905,1,occurs_in_speaker_text
3168,3906,1,occurs_in_speaker_text
2142,3906,1,occurs_in_speaker_text
770,3906,3,occurs_in_speaker_text
2932,3906,1,occurs_in_speaker_text
2261,3906,5,occurs_in_speaker_text
1111,3906,3,occurs_in_speaker_text
3210,3906,7,occurs_in_speaker_text
315,3906,1,occurs_in_speaker_text
2841,3906,1,occurs_in_speaker_text
1845,3906,1,occurs_in_speaker_text
1417,3906,1,occurs_in_speaker_text
588,3906,1,occurs_in_speaker_text
633,3906,1,occurs_in_speaker_text
2103,3906,1,occurs_in_speaker_text
673,3906,1,occurs_in_speaker_text
1498,3906,1,occurs_in_speaker_text
2079,3906,2,occurs_in_speaker_text
2727,3906,8,occurs_in_speaker_text
1501,3906,3,occurs_in_speaker_text
946,3906,1,occurs_in_speaker_text
1467,3906,4,occurs_in_speaker_text
2240,3906,1,occurs_in_speaker_text
3317,3906,1,occurs_in_speaker_text
3315,3906,1,occurs_in_speaker_text
2833,3906,2,occurs_in_speaker_text
1301,3906,1,occurs_in_speaker_text
1425,3906,2,occurs_in_speaker_text
1589,3906,1,occurs_in_speaker_text
2447,3906,1,occurs_in_speaker_text
1650,3906,1,occurs_in_speaker_text
3111,3906,1,occurs_in_speaker_text
1391,3906,1,occurs_in_speaker_text
2612,3906,1,occurs_in_speaker_text
196,3906,1,occurs_in_speaker_text
537,3906,1,occurs_in_speaker_text
35,3906,1,occurs_in_speaker_text
2474,3906,1,occurs_in_speaker_text
153,3906,1,occurs_in_speaker_text
1833,3906,2,occurs_in_speaker_text
1537,3906,2,occurs_in_speaker_text
493,3906,1,occurs_in_speaker_text
611,3906,1,occurs_in_speaker_text
1590,3906,1,occurs_in_speaker_text
3092,3906,1,occurs_in_speaker_text
1837,3906,2,occurs_in_speaker_text
3220,3906,1,occurs_in_speaker_text
163,3906,1,occurs_in_speaker_text
1305,3906,1,occurs_in_speaker_text
1810,3906,1,occurs_in_speaker_text
3020,3906,1,occurs_in_speaker_text
1176,3906,1,occurs_in_speaker_text
2460,3906,1,occurs_in_speaker_text
1231,3906,1,occurs_in_speaker_text
2816,3906,1,occurs_in_speaker_text
2073,3907,7,occurs_in_speaker_text
896,3907,1,occurs_in_speaker_text
3261,3907,27,occurs_in_speaker_text
2187,3907,1,occurs_in_speaker_text
633,3907,1,occurs_in_speaker_text
2472,3907,2,occurs_in_speaker_text
481,3907,1,occurs_in_speaker_text
1812,3907,10,occurs_in_speaker_text
1837,3907,1,occurs_in_speaker_text
2727,3907,1,occurs_in_speaker_text
1113,3907,2,occurs_in_speaker_text
3297,3907,2,occurs_in_speaker_text
2950,3907,1,occurs_in_speaker_text
274,3907,1,occurs_in_speaker_text
549,3907,1,occurs_in_speaker_text
66,3908,1,occurs_in_speaker_text
770,3908,1,occurs_in_speaker_text
752,3908,1,occurs_in_speaker_text
2240,3908,1,occurs_in_speaker_text
1710,3908,1,occurs_in_speaker_text
1111,3908,1,occurs_in_speaker_text
153,3908,2,occurs_in_speaker_text
446,3908,1,occurs_in_speaker_text
2294,3908,1,occurs_in_speaker_text
904,3909,1,occurs_in_speaker_text
3261,3909,3,occurs_in_speaker_text
1018,3909,1,occurs_in_speaker_text
153,3909,1,occurs_in_speaker_text
2133,3910,1,occurs_in_speaker_text
64,3910,1,occurs_in_speaker_text
2977,3910,1,occurs_in_speaker_text
2727,3910,21,occurs_in_speaker_text
3044,3910,2,occurs_in_speaker_text
116,3910,9,occurs_in_speaker_text
2798,3910,1,occurs_in_speaker_text
2849,3910,3,occurs_in_speaker_text
2841,3910,6,occurs_in_speaker_text
3261,3910,14,occurs_in_speaker_text
792,3910,5,occurs_in_speaker_text
378,3910,2,occurs_in_speaker_text
1384,3910,1,occurs_in_speaker_text
1710,3910,2,occurs_in_speaker_text
196,3910,2,occurs_in_speaker_text
3210,3910,2,occurs_in_speaker_text
1833,3910,2,occurs_in_speaker_text
3020,3910,2,occurs_in_speaker_text
80,3910,1,occurs_in_speaker_text
153,3910,6,occurs_in_speaker_text
1852,3910,1,occurs_in_speaker_text
881,3910,1,occurs_in_speaker_text
1845,3910,12,occurs_in_speaker_text
1537,3910,3,occurs_in_speaker_text
3220,3910,1,occurs_in_speaker_text
1024,3910,2,occurs_in_speaker_text
2294,3910,2,occurs_in_speaker_text
611,3910,3,occurs_in_speaker_text
1142,3910,2,occurs_in_speaker_text
2356,3910,1,occurs_in_speaker_text
2291,3910,2,occurs_in_speaker_text
89,3910,1,occurs_in_speaker_text
1981,3910,1,occurs_in_speaker_text
487,3910,2,occurs_in_speaker_text
1398,3910,1,occurs_in_speaker_text
3297,3910,2,occurs_in_speaker_text
1421,3910,1,occurs_in_speaker_text
1386,3910,1,occurs_in_speaker_text
3151,3910,1,occurs_in_speaker_text
1501,3910,1,occurs_in_speaker_text
2992,3910,1,occurs_in_speaker_text
3005,3910,1,occurs_in_speaker_text
1159,3910,1,occurs_in_speaker_text
2457,3910,1,occurs_in_speaker_text
2192,3910,1,occurs_in_speaker_text
2863,3910,1,occurs_in_speaker_text
1679,3910,1,occurs_in_speaker_text
3138,3910,1,occurs_in_speaker_text
1405,3910,1,occurs_in_speaker_text
1187,3910,1,occurs_in_speaker_text
2460,3910,1,occurs_in_speaker_text
946,3910,1,occurs_in_speaker_text
1837,3910,4,occurs_in_speaker_text
257,3910,1,occurs_in_speaker_text
1748,3910,2,occurs_in_speaker_text
1908,3910,1,occurs_in_speaker_text
1278,3910,1,occurs_in_speaker_text
854,3910,4,occurs_in_speaker_text
2418,3910,1,occurs_in_speaker_text
2406,3910,1,occurs_in_speaker_text
2860,3910,1,occurs_in_speaker_text
1233,3910,1,occurs_in_speaker_text
1176,3910,2,occurs_in_speaker_text
598,3910,1,occurs_in_speaker_text
1780,3910,1,occurs_in_speaker_text
2840,3910,1,occurs_in_speaker_text
2204,3910,1,occurs_in_speaker_text
1111,3910,1,occurs_in_speaker_text
770,3910,1,occurs_in_speaker_text
3189,3910,1,occurs_in_speaker_text
2577,3911,1,occurs_in_speaker_text
1501,3911,1,occurs_in_speaker_text
2727,3911,3,occurs_in_speaker_text
611,3911,3,occurs_in_speaker_text
817,3911,1,occurs_in_speaker_text
1833,3911,1,occurs_in_speaker_text
2240,3911,1,occurs_in_speaker_text
1142,3911,1,occurs_in_speaker_text
153,3911,1,occurs_in_speaker_text
3261,3911,2,occurs_in_speaker_text
2235,3911,1,occurs_in_speaker_text
2059,3911,1,occurs_in_speaker_text
2849,3911,1,occurs_in_speaker_text
1389,3911,1,occurs_in_speaker_text
770,3911,1,occurs_in_speaker_text
3210,3911,1,occurs_in_speaker_text
1007,3911,1,occurs_in_speaker_text
1590,3912,1,occurs_in_speaker_text
3261,3912,3,occurs_in_speaker_text
163,3912,1,occurs_in_speaker_text
2727,3912,6,occurs_in_speaker_text
1051,3912,1,occurs_in_speaker_text
257,3912,1,occurs_in_speaker_text
1018,3912,2,occurs_in_speaker_text
1406,3913,4,occurs_in_speaker_text
196,3913,2,occurs_in_speaker_text
3246,3913,1,occurs_in_speaker_text
2843,3913,1,occurs_in_speaker_text
1571,3913,1,occurs_in_speaker_text
153,3913,1,occurs_in_speaker_text
904,3913,1,occurs_in_speaker_text
2184,3913,1,occurs_in_speaker_text
1732,3913,1,occurs_in_speaker_text
132,3914,1,occurs_in_speaker_text
2568,3915,1,occurs_in_speaker_text
904,3915,1,occurs_in_speaker_text
616,3916,2,occurs_in_speaker_text
47,3916,2,occurs_in_speaker_text
2049,3916,1,occurs_in_speaker_text
2717,3916,1,occurs_in_speaker_text
2669,3916,3,occurs_in_speaker_text
904,3916,1,occurs_in_speaker_text
1948,3916,1,occurs_in_speaker_text
2235,3916,3,occurs_in_speaker_text
196,3916,2,occurs_in_speaker_text
3261,3916,1,occurs_in_speaker_text
431,3916,1,occurs_in_speaker_text
2499,3916,1,occurs_in_speaker_text
770,3916,1,occurs_in_speaker_text
1606,3916,1,occurs_in_speaker_text
2271,3916,1,occurs_in_speaker_text
153,3916,1,occurs_in_speaker_text
1908,3916,1,occurs_in_speaker_text
875,3916,1,occurs_in_speaker_text
1425,3916,1,occurs_in_speaker_text
1812,3916,1,occurs_in_speaker_text
1845,3916,1,occurs_in_speaker_text
1249,3916,1,occurs_in_speaker_text
3205,3916,1,occurs_in_speaker_text
1748,3916,1,occurs_in_speaker_text
2849,3916,6,occurs_in_speaker_text
579,3916,2,occurs_in_speaker_text
2876,3917,4,occurs_in_speaker_text
3254,3917,1,occurs_in_speaker_text
2727,3917,1,occurs_in_speaker_text
196,3917,1,occurs_in_speaker_text
3234,3917,1,occurs_in_speaker_text
2833,3917,1,occurs_in_speaker_text
1833,3917,1,occurs_in_speaker_text
1489,3917,2,occurs_in_speaker_text
346,3917,1,occurs_in_speaker_text
3261,3917,1,occurs_in_speaker_text
2175,3918,1,occurs_in_speaker_text
1176,3918,2,occurs_in_speaker_text
3246,3918,6,occurs_in_speaker_text
89,3918,1,occurs_in_speaker_text
2932,3918,2,occurs_in_speaker_text
3143,3918,2,occurs_in_speaker_text
1918,3918,1,occurs_in_speaker_text
78,3918,1,occurs_in_speaker_text
3020,3918,2,occurs_in_speaker_text
2261,3918,4,occurs_in_speaker_text
1664,3918,1,occurs_in_speaker_text
2727,3918,1,occurs_in_speaker_text
3255,3918,1,occurs_in_speaker_text
2365,3918,1,occurs_in_speaker_text
116,3918,2,occurs_in_speaker_text
3297,3918,1,occurs_in_speaker_text
3031,3918,1,occurs_in_speaker_text
199,3918,1,occurs_in_speaker_text
1845,3918,2,occurs_in_speaker_text
854,3918,1,occurs_in_speaker_text
997,3918,1,occurs_in_speaker_text
3261,3918,2,occurs_in_speaker_text
2883,3918,1,occurs_in_speaker_text
2855,3918,3,occurs_in_speaker_text
1024,3918,1,occurs_in_speaker_text
770,3918,1,occurs_in_speaker_text
2990,3918,1,occurs_in_speaker_text
191,3918,1,occurs_in_speaker_text
3232,3918,1,occurs_in_speaker_text
2595,3918,1,occurs_in_speaker_text
2195,3918,1,occurs_in_speaker_text
1057,3918,1,occurs_in_speaker_text
3234,3918,1,occurs_in_speaker_text
1944,3918,1,occurs_in_speaker_text
3044,3918,1,occurs_in_speaker_text
2235,3918,1,occurs_in_speaker_text
2800,3918,1,occurs_in_speaker_text
171,3918,1,occurs_in_speaker_text
153,3920,3,occurs_in_speaker_text
3261,3920,6,occurs_in_speaker_text
971,3920,6,occurs_in_speaker_text
1016,3920,1,occurs_in_speaker_text
2235,3920,1,occurs_in_speaker_text
2727,3920,1,occurs_in_speaker_text
1441,3920,1,occurs_in_speaker_text
2769,3920,1,occurs_in_speaker_text
2261,3920,1,occurs_in_speaker_text
2704,3920,1,occurs_in_speaker_text
505,3920,1,occurs_in_speaker_text
2849,3920,1,occurs_in_speaker_text
1018,3920,1,occurs_in_speaker_text
1512,3920,1,occurs_in_speaker_text
213,3921,1,occurs_in_speaker_text
1603,3921,3,occurs_in_speaker_text
2945,3921,1,occurs_in_speaker_text
3261,3921,1,occurs_in_speaker_text
2505,3921,1,occurs_in_speaker_text
2394,3921,1,occurs_in_speaker_text
3143,3921,1,occurs_in_speaker_text
646,3921,1,occurs_in_speaker_text
1498,3921,1,occurs_in_speaker_text
292,3921,1,occurs_in_speaker_text
2727,3921,1,occurs_in_speaker_text
556,3921,1,occurs_in_speaker_text
616,3921,1,occurs_in_speaker_text
2977,3921,1,occurs_in_speaker_text
2460,3921,1,occurs_in_speaker_text
770,3921,1,occurs_in_speaker_text
81,3921,1,occurs_in_speaker_text
1810,3922,2,occurs_in_speaker_text
1064,3922,1,occurs_in_speaker_text
2833,3922,3,occurs_in_speaker_text
1837,3922,1,occurs_in_speaker_text
2261,3922,2,occurs_in_speaker_text
2032,3922,1,occurs_in_speaker_text
2235,3922,1,occurs_in_speaker_text
2577,3923,2,occurs_in_speaker_text
654,3923,1,occurs_in_speaker_text
1845,3923,1,occurs_in_speaker_text
770,3923,2,occurs_in_speaker_text
1277,3923,1,occurs_in_speaker_text
2457,3923,1,occurs_in_speaker_text
2534,3923,2,occurs_in_speaker_text
2261,3923,2,occurs_in_speaker_text
895,3923,1,occurs_in_speaker_text
522,3923,1,occurs_in_speaker_text
904,3923,1,occurs_in_speaker_text
724,3923,1,occurs_in_speaker_text
2012,3923,1,occurs_in_speaker_text
5,3923,1,occurs_in_speaker_text
2134,3923,1,occurs_in_speaker_text
2915,3923,1,occurs_in_speaker_text
2060,3923,1,occurs_in_speaker_text
588,3923,1,occurs_in_speaker_text
268,3923,1,occurs_in_speaker_text
1168,3924,1,occurs_in_speaker_text
196,3924,10,occurs_in_speaker_text
3261,3924,1,occurs_in_speaker_text
2864,3924,4,occurs_in_speaker_text
3234,3924,1,occurs_in_speaker_text
3044,3924,2,occurs_in_speaker_text
2235,3924,2,occurs_in_speaker_text
2727,3924,1,occurs_in_speaker_text
3020,3924,1,occurs_in_speaker_text
2834,3924,1,occurs_in_speaker_text
1098,3924,1,occurs_in_speaker_text
2425,3924,1,occurs_in_speaker_text
434,3924,1,occurs_in_speaker_text
1810,3924,1,occurs_in_speaker_text
3261,3926,6,occurs_in_speaker_text
974,3926,1,occurs_in_speaker_text
2727,3926,2,occurs_in_speaker_text
3210,3926,1,occurs_in_speaker_text
2235,3926,4,occurs_in_speaker_text
509,3926,1,occurs_in_speaker_text
854,3926,2,occurs_in_speaker_text
3283,3926,1,occurs_in_speaker_text
289,3926,1,occurs_in_speaker_text
1837,3926,1,occurs_in_speaker_text
3278,3926,1,occurs_in_speaker_text
3015,3926,1,occurs_in_speaker_text
1845,3926,1,occurs_in_speaker_text
2704,3926,1,occurs_in_speaker_text
2240,3926,1,occurs_in_speaker_text
2945,3926,1,occurs_in_speaker_text
2977,3926,1,occurs_in_speaker_text
2761,3926,1,occurs_in_speaker_text
1111,3926,4,occurs_in_speaker_text
3246,3926,1,occurs_in_speaker_text
1734,3927,2,occurs_in_speaker_text
944,3927,1,occurs_in_speaker_text
3261,3927,2,occurs_in_speaker_text
770,3927,6,occurs_in_speaker_text
1537,3927,1,occurs_in_speaker_text
1963,3927,1,occurs_in_speaker_text
1754,3927,1,occurs_in_speaker_text
1782,3927,1,occurs_in_speaker_text
2849,3927,1,occurs_in_speaker_text
1845,3927,1,occurs_in_speaker_text
2261,3927,1,occurs_in_speaker_text
2977,3927,1,occurs_in_speaker_text
1833,3927,2,occurs_in_speaker_text
153,3927,1,occurs_in_speaker_text
2535,3927,1,occurs_in_speaker_text
2335,3927,1,occurs_in_speaker_text
196,3927,6,occurs_in_speaker_text
22,3927,1,occurs_in_speaker_text
1498,3927,1,occurs_in_speaker_text
3090,3927,1,occurs_in_speaker_text
3001,3927,2,occurs_in_speaker_text
1489,3928,2,occurs_in_speaker_text
770,3928,6,occurs_in_speaker_text
2960,3928,1,occurs_in_speaker_text
2704,3928,1,occurs_in_speaker_text
1578,3928,1,occurs_in_speaker_text
1833,3928,1,occurs_in_speaker_text
153,3928,1,occurs_in_speaker_text
2577,3928,1,occurs_in_speaker_text
3143,3928,1,occurs_in_speaker_text
3117,3928,2,occurs_in_speaker_text
257,3928,1,occurs_in_speaker_text
2568,3928,1,occurs_in_speaker_text
1710,3928,1,occurs_in_speaker_text
2271,3928,2,occurs_in_speaker_text
2268,3928,2,occurs_in_speaker_text
716,3928,1,occurs_in_speaker_text
2562,3928,1,occurs_in_speaker_text
1406,3928,2,occurs_in_speaker_text
1391,3928,1,occurs_in_speaker_text
1774,3928,1,occurs_in_speaker_text
1562,3928,1,occurs_in_speaker_text
611,3929,11,occurs_in_speaker_text
2833,3929,3,occurs_in_speaker_text
2439,3929,1,occurs_in_speaker_text
2447,3929,1,occurs_in_speaker_text
1142,3929,3,occurs_in_speaker_text
972,3929,1,occurs_in_speaker_text
3261,3929,1,occurs_in_speaker_text
616,3929,1,occurs_in_speaker_text
2486,3929,1,occurs_in_speaker_text
3254,3929,1,occurs_in_speaker_text
3020,3929,2,occurs_in_speaker_text
1084,3929,2,occurs_in_speaker_text
756,3929,1,occurs_in_speaker_text
202,3929,1,occurs_in_speaker_text
378,3929,3,occurs_in_speaker_text
1018,3929,1,occurs_in_speaker_text
873,3929,1,occurs_in_speaker_text
970,3929,1,occurs_in_speaker_text
1803,3929,1,occurs_in_speaker_text
153,3929,1,occurs_in_speaker_text
1780,3929,1,occurs_in_speaker_text
169,3929,1,occurs_in_speaker_text
559,3929,1,occurs_in_speaker_text
1072,3930,2,occurs_in_speaker_text
2704,3930,1,occurs_in_speaker_text
1429,3930,1,occurs_in_speaker_text
3020,3930,2,occurs_in_speaker_text
1751,3930,1,occurs_in_speaker_text
153,3930,2,occurs_in_speaker_text
3314,3930,1,occurs_in_speaker_text
1833,3931,1,occurs_in_speaker_text
1590,3931,1,occurs_in_speaker_text
3222,3931,1,occurs_in_speaker_text
2810,3931,1,occurs_in_speaker_text
792,3931,1,occurs_in_speaker_text
2727,3931,5,occurs_in_speaker_text
153,3931,3,occurs_in_speaker_text
1699,3931,2,occurs_in_speaker_text
2890,3931,1,occurs_in_speaker_text
1398,3931,2,occurs_in_speaker_text
3315,3931,1,occurs_in_speaker_text
1371,3931,1,occurs_in_speaker_text
3261,3931,7,occurs_in_speaker_text
1306,3931,1,occurs_in_speaker_text
2704,3931,1,occurs_in_speaker_text
3044,3931,1,occurs_in_speaker_text
1812,3931,1,occurs_in_speaker_text
1837,3931,3,occurs_in_speaker_text
2568,3931,5,occurs_in_speaker_text
2235,3931,2,occurs_in_speaker_text
213,3931,2,occurs_in_speaker_text
378,3931,1,occurs_in_speaker_text
1111,3931,3,occurs_in_speaker_text
196,3931,2,occurs_in_speaker_text
2960,3931,1,occurs_in_speaker_text
1537,3931,4,occurs_in_speaker_text
556,3931,1,occurs_in_speaker_text
616,3931,1,occurs_in_speaker_text
770,3931,5,occurs_in_speaker_text
2324,3931,1,occurs_in_speaker_text
2261,3931,1,occurs_in_speaker_text
2240,3931,3,occurs_in_speaker_text
176,3931,1,occurs_in_speaker_text
3020,3931,2,occurs_in_speaker_text
2841,3931,1,occurs_in_speaker_text
1176,3931,2,occurs_in_speaker_text
2123,3931,1,occurs_in_speaker_text
2019,3931,1,occurs_in_speaker_text
1112,3931,1,occurs_in_speaker_text
1845,3931,1,occurs_in_speaker_text
1294,3931,1,occurs_in_speaker_text
2447,3932,2,occurs_in_speaker_text
3177,3932,2,occurs_in_speaker_text
2727,3932,5,occurs_in_speaker_text
597,3932,3,occurs_in_speaker_text
397,3932,1,occurs_in_speaker_text
2227,3932,1,occurs_in_speaker_text
1501,3932,3,occurs_in_speaker_text
2791,3932,1,occurs_in_speaker_text
2527,3932,1,occurs_in_speaker_text
1659,3932,1,occurs_in_speaker_text
2060,3932,1,occurs_in_speaker_text
3235,3932,1,occurs_in_speaker_text
2915,3932,1,occurs_in_speaker_text
1228,3932,1,occurs_in_speaker_text
196,3932,2,occurs_in_speaker_text
1057,3932,1,occurs_in_speaker_text
3261,3932,7,occurs_in_speaker_text
3020,3932,5,occurs_in_speaker_text
1845,3932,1,occurs_in_speaker_text
1833,3932,2,occurs_in_speaker_text
1596,3932,1,occurs_in_speaker_text
2050,3932,1,occurs_in_speaker_text
153,3932,6,occurs_in_speaker_text
2864,3932,1,occurs_in_speaker_text
1806,3932,1,occurs_in_speaker_text
611,3932,1,occurs_in_speaker_text
1111,3932,2,occurs_in_speaker_text
1206,3932,1,occurs_in_speaker_text
2816,3932,1,occurs_in_speaker_text
2345,3932,2,occurs_in_speaker_text
2261,3932,2,occurs_in_speaker_text
2650,3932,1,occurs_in_speaker_text
2703,3932,1,occurs_in_speaker_text
885,3932,1,occurs_in_speaker_text
2235,3932,1,occurs_in_speaker_text
3234,3932,1,occurs_in_speaker_text
3315,3932,1,occurs_in_speaker_text
2008,3932,1,occurs_in_speaker_text
1809,3932,1,occurs_in_speaker_text
2309,3932,1,occurs_in_speaker_text
770,3932,2,occurs_in_speaker_text
2679,3932,1,occurs_in_speaker_text
1537,3932,3,occurs_in_speaker_text
616,3932,1,occurs_in_speaker_text
615,3932,1,occurs_in_speaker_text
2833,3932,1,occurs_in_speaker_text
1489,3932,1,occurs_in_speaker_text
1398,3932,1,occurs_in_speaker_text
1780,3932,2,occurs_in_speaker_text
2312,3932,1,occurs_in_speaker_text
762,3932,1,occurs_in_speaker_text
1732,3932,1,occurs_in_speaker_text
175,3932,1,occurs_in_speaker_text
207,3932,1,occurs_in_speaker_text
661,3933,1,occurs_in_speaker_text
1833,3933,1,occurs_in_speaker_text
1017,3933,1,occurs_in_speaker_text
2468,3933,1,occurs_in_speaker_text
1923,3933,1,occurs_in_speaker_text
3143,3934,1,occurs_in_speaker_text
1040,3934,1,occurs_in_speaker_text
1318,3935,1,occurs_in_speaker_text
3211,3935,1,occurs_in_speaker_text
1537,3936,1,occurs_in_speaker_text
611,3936,1,occurs_in_speaker_text
2833,3936,2,occurs_in_speaker_text
2864,3936,2,occurs_in_speaker_text
1244,3936,2,occurs_in_speaker_text
3283,3936,1,occurs_in_speaker_text
2416,3936,1,occurs_in_speaker_text
2991,3936,2,occurs_in_speaker_text
153,3936,2,occurs_in_speaker_text
2555,3936,1,occurs_in_speaker_text
3143,3936,1,occurs_in_speaker_text
2841,3936,1,occurs_in_speaker_text
2499,3936,1,occurs_in_speaker_text
2727,3936,4,occurs_in_speaker_text
147,3936,1,occurs_in_speaker_text
1629,3936,1,occurs_in_speaker_text
2791,3936,1,occurs_in_speaker_text
2005,3936,1,occurs_in_speaker_text
2261,3936,1,occurs_in_speaker_text
770,3936,3,occurs_in_speaker_text
2240,3936,1,occurs_in_speaker_text
2116,3936,1,occurs_in_speaker_text
854,3936,1,occurs_in_speaker_text
2123,3936,2,occurs_in_speaker_text
259,3936,1,occurs_in_speaker_text
1471,3936,1,occurs_in_speaker_text
1853,3936,1,occurs_in_speaker_text
677,3936,1,occurs_in_speaker_text
1777,3936,1,occurs_in_speaker_text
699,3936,1,occurs_in_speaker_text
1720,3936,1,occurs_in_speaker_text
1820,3936,2,occurs_in_speaker_text
196,3936,1,occurs_in_speaker_text
2235,3936,1,occurs_in_speaker_text
3058,3936,1,occurs_in_speaker_text
2667,3936,1,occurs_in_speaker_text
1111,3937,2,occurs_in_speaker_text
2727,3937,4,occurs_in_speaker_text
1501,3937,1,occurs_in_speaker_text
336,3937,1,occurs_in_speaker_text
1837,3937,2,occurs_in_speaker_text
2261,3937,3,occurs_in_speaker_text
257,3937,1,occurs_in_speaker_text
1143,3937,1,occurs_in_speaker_text
213,3937,1,occurs_in_speaker_text
2895,3937,1,occurs_in_speaker_text
1072,3937,1,occurs_in_speaker_text
3278,3937,1,occurs_in_speaker_text
2849,3937,2,occurs_in_speaker_text
1651,3937,1,occurs_in_speaker_text
343,3937,1,occurs_in_speaker_text
1498,3937,2,occurs_in_speaker_text
3261,3937,1,occurs_in_speaker_text
854,3937,1,occurs_in_speaker_text
1378,3937,1,occurs_in_speaker_text
2359,3938,1,occurs_in_speaker_text
2458,3938,1,occurs_in_speaker_text
3044,3938,1,occurs_in_speaker_text
843,3938,1,occurs_in_speaker_text
1221,3938,1,occurs_in_speaker_text
409,3938,2,occurs_in_speaker_text
1066,3938,1,occurs_in_speaker_text
3261,3938,1,occurs_in_speaker_text
1501,3938,1,occurs_in_speaker_text
81,3938,1,occurs_in_speaker_text
2052,3939,1,occurs_in_speaker_text
611,3939,1,occurs_in_speaker_text
292,3939,1,occurs_in_speaker_text
3001,3939,1,occurs_in_speaker_text
537,3939,1,occurs_in_speaker_text
1002,3939,1,occurs_in_speaker_text
1528,3939,2,occurs_in_speaker_text
153,3939,1,occurs_in_speaker_text
1398,3939,2,occurs_in_speaker_text
1018,3939,1,occurs_in_speaker_text
3005,3939,2,occurs_in_speaker_text
2754,3939,1,occurs_in_speaker_text
2076,3939,1,occurs_in_speaker_text
78,3939,1,occurs_in_speaker_text
2833,3939,1,occurs_in_speaker_text
256,3939,1,occurs_in_speaker_text
2958,3939,1,occurs_in_speaker_text
2019,3939,1,occurs_in_speaker_text
2855,3939,1,occurs_in_speaker_text
1425,3939,1,occurs_in_speaker_text
1837,3939,1,occurs_in_speaker_text
904,3939,1,occurs_in_speaker_text
770,3940,2,occurs_in_speaker_text
1445,3940,4,occurs_in_speaker_text
3032,3940,1,occurs_in_speaker_text
504,3940,1,occurs_in_speaker_text
1275,3940,1,occurs_in_speaker_text
228,3940,1,occurs_in_speaker_text
3143,3940,1,occurs_in_speaker_text
2960,3940,1,occurs_in_speaker_text
509,3940,1,occurs_in_speaker_text
752,3940,1,occurs_in_speaker_text
2011,3940,1,occurs_in_speaker_text
2727,3940,1,occurs_in_speaker_text
1804,3940,1,occurs_in_speaker_text
2817,3941,1,occurs_in_speaker_text
639,3941,1,occurs_in_speaker_text
1060,3941,1,occurs_in_speaker_text
2839,3941,1,occurs_in_speaker_text
1719,3941,1,occurs_in_speaker_text
293,3941,1,occurs_in_speaker_text
1176,3941,1,occurs_in_speaker_text
2150,3941,1,occurs_in_speaker_text
2065,3941,1,occurs_in_speaker_text
2934,3941,1,occurs_in_speaker_text
137,3941,1,occurs_in_speaker_text
1831,3941,1,occurs_in_speaker_text
196,3941,2,occurs_in_speaker_text
2169,3941,1,occurs_in_speaker_text
772,3941,1,occurs_in_speaker_text
2088,3941,1,occurs_in_speaker_text
3261,3942,2,occurs_in_speaker_text
2577,3942,1,occurs_in_speaker_text
1892,3942,1,occurs_in_speaker_text
2568,3942,3,occurs_in_speaker_text
139,3942,1,occurs_in_speaker_text
799,3942,1,occurs_in_speaker_text
2499,3942,1,occurs_in_speaker_text
557,3942,1,occurs_in_speaker_text
78,3942,2,occurs_in_speaker_text
2648,3942,1,occurs_in_speaker_text
990,3942,1,occurs_in_speaker_text
182,3942,1,occurs_in_speaker_text
2235,3942,3,occurs_in_speaker_text
2838,3942,1,occurs_in_speaker_text
2520,3942,1,occurs_in_speaker_text
1425,3942,1,occurs_in_speaker_text
2982,3942,1,occurs_in_speaker_text
563,3942,1,occurs_in_speaker_text
1591,3942,1,occurs_in_speaker_text
220,3942,1,occurs_in_speaker_text
1475,3942,1,occurs_in_speaker_text
213,3942,1,occurs_in_speaker_text
2732,3942,1,occurs_in_speaker_text
2058,3942,1,occurs_in_speaker_text
2980,3942,1,occurs_in_speaker_text
2123,3942,1,occurs_in_speaker_text
1784,3942,1,occurs_in_speaker_text
1837,3942,2,occurs_in_speaker_text
2855,3942,1,occurs_in_speaker_text
3072,3942,1,occurs_in_speaker_text
1519,3942,1,occurs_in_speaker_text
2977,3942,1,occurs_in_speaker_text
2927,3942,1,occurs_in_speaker_text
676,3942,1,occurs_in_speaker_text
3093,3942,1,occurs_in_speaker_text
96,3942,1,occurs_in_speaker_text
814,3942,1,occurs_in_speaker_text
640,3942,1,occurs_in_speaker_text
92,3942,1,occurs_in_speaker_text
2428,3942,1,occurs_in_speaker_text
245,3942,1,occurs_in_speaker_text
731,3942,1,occurs_in_speaker_text
270,3942,1,occurs_in_speaker_text
2117,3942,1,occurs_in_speaker_text
974,3942,2,occurs_in_speaker_text
3143,3942,1,occurs_in_speaker_text
196,3942,1,occurs_in_speaker_text
824,3942,1,occurs_in_speaker_text
537,3942,1,occurs_in_speaker_text
2640,3942,1,occurs_in_speaker_text
2727,3942,1,occurs_in_speaker_text
2447,3942,1,occurs_in_speaker_text
770,3942,1,occurs_in_speaker_text
1429,3942,1,occurs_in_speaker_text
2460,3942,1,occurs_in_speaker_text
770,3943,1,occurs_in_speaker_text
3044,3943,4,occurs_in_speaker_text
1429,3943,1,occurs_in_speaker_text
756,3943,1,occurs_in_speaker_text
3261,3943,2,occurs_in_speaker_text
2732,3943,1,occurs_in_speaker_text
904,3943,5,occurs_in_speaker_text
1098,3943,1,occurs_in_speaker_text
2403,3943,1,occurs_in_speaker_text
855,3943,1,occurs_in_speaker_text
1837,3943,1,occurs_in_speaker_text
2840,3943,3,occurs_in_speaker_text
885,3943,1,occurs_in_speaker_text
2977,3943,1,occurs_in_speaker_text
2285,3943,1,occurs_in_speaker_text
1804,3943,2,occurs_in_speaker_text
2235,3943,5,occurs_in_speaker_text
611,3943,2,occurs_in_speaker_text
1699,3943,1,occurs_in_speaker_text
630,3943,1,occurs_in_speaker_text
432,3943,1,occurs_in_speaker_text
2142,3943,2,occurs_in_speaker_text
316,3943,1,occurs_in_speaker_text
2727,3943,5,occurs_in_speaker_text
2864,3943,1,occurs_in_speaker_text
2383,3943,1,occurs_in_speaker_text
200,3943,1,occurs_in_speaker_text
1409,3943,1,occurs_in_speaker_text
2841,3943,1,occurs_in_speaker_text
2478,3943,1,occurs_in_speaker_text
2833,3943,2,occurs_in_speaker_text
2261,3943,3,occurs_in_speaker_text
3180,3943,2,occurs_in_speaker_text
2539,3943,1,occurs_in_speaker_text
1102,3943,1,occurs_in_speaker_text
699,3943,2,occurs_in_speaker_text
577,3943,1,occurs_in_speaker_text
1537,3943,1,occurs_in_speaker_text
2568,3944,1,occurs_in_speaker_text
3044,3944,1,occurs_in_speaker_text
2727,3944,4,occurs_in_speaker_text
3261,3944,11,occurs_in_speaker_text
2235,3944,10,occurs_in_speaker_text
2841,3944,2,occurs_in_speaker_text
2172,3944,1,occurs_in_speaker_text
826,3944,1,occurs_in_speaker_text
1763,3944,3,occurs_in_speaker_text
3254,3944,2,occurs_in_speaker_text
1398,3944,7,occurs_in_speaker_text
904,3944,3,occurs_in_speaker_text
1098,3944,1,occurs_in_speaker_text
153,3944,8,occurs_in_speaker_text
1621,3944,1,occurs_in_speaker_text
1176,3944,2,occurs_in_speaker_text
2963,3944,1,occurs_in_speaker_text
611,3944,6,occurs_in_speaker_text
1699,3944,1,occurs_in_speaker_text
495,3944,1,occurs_in_speaker_text
2282,3944,1,occurs_in_speaker_text
2599,3944,1,occurs_in_speaker_text
588,3944,1,occurs_in_speaker_text
3079,3944,1,occurs_in_speaker_text
2732,3944,1,occurs_in_speaker_text
979,3944,1,occurs_in_speaker_text
2346,3944,1,occurs_in_speaker_text
764,3944,1,occurs_in_speaker_text
484,3944,1,occurs_in_speaker_text
956,3944,1,occurs_in_speaker_text
2392,3944,2,occurs_in_speaker_text
885,3944,1,occurs_in_speaker_text
1440,3944,1,occurs_in_speaker_text
3053,3944,1,occurs_in_speaker_text
509,3944,2,occurs_in_speaker_text
1615,3944,1,occurs_in_speaker_text
3138,3944,1,occurs_in_speaker_text
557,3944,1,occurs_in_speaker_text
981,3944,1,occurs_in_speaker_text
2103,3944,2,occurs_in_speaker_text
2879,3944,1,occurs_in_speaker_text
1845,3944,3,occurs_in_speaker_text
803,3944,1,occurs_in_speaker_text
2098,3944,1,occurs_in_speaker_text
3232,3944,1,occurs_in_speaker_text
1635,3944,1,occurs_in_speaker_text
2192,3944,1,occurs_in_speaker_text
1018,3944,1,occurs_in_speaker_text
2698,3944,1,occurs_in_speaker_text
1188,3944,1,occurs_in_speaker_text
3278,3944,2,occurs_in_speaker_text
1590,3944,1,occurs_in_speaker_text
2261,3944,3,occurs_in_speaker_text
259,3944,1,occurs_in_speaker_text
3005,3944,1,occurs_in_speaker_text
78,3944,1,occurs_in_speaker_text
1142,3944,1,occurs_in_speaker_text
1051,3944,2,occurs_in_speaker_text
2677,3944,1,occurs_in_speaker_text
3152,3944,1,occurs_in_speaker_text
3265,3944,1,occurs_in_speaker_text
1520,3944,1,occurs_in_speaker_text
869,3944,1,occurs_in_speaker_text
854,3944,1,occurs_in_speaker_text
196,3944,2,occurs_in_speaker_text
2491,3944,1,occurs_in_speaker_text
770,3944,3,occurs_in_speaker_text
3020,3944,2,occurs_in_speaker_text
3210,3944,1,occurs_in_speaker_text
749,3944,1,occurs_in_speaker_text
2363,3944,1,occurs_in_speaker_text
1794,3944,1,occurs_in_speaker_text
2755,3944,2,occurs_in_speaker_text
1754,3944,1,occurs_in_speaker_text
1024,3944,1,occurs_in_speaker_text
41,3944,1,occurs_in_speaker_text
594,3944,1,occurs_in_speaker_text
479,3944,1,occurs_in_speaker_text
2142,3944,1,occurs_in_speaker_text
1126,3944,2,occurs_in_speaker_text
408,3944,1,occurs_in_speaker_text
1537,3944,1,occurs_in_speaker_text
2704,3944,1,occurs_in_speaker_text
967,3944,1,occurs_in_speaker_text
2662,3944,1,occurs_in_speaker_text
2456,3944,1,occurs_in_speaker_text
1742,3944,1,occurs_in_speaker_text
3196,3944,1,occurs_in_speaker_text
1266,3944,1,occurs_in_speaker_text
2079,3944,1,occurs_in_speaker_text
917,3944,1,occurs_in_speaker_text
1278,3944,1,occurs_in_speaker_text
673,3944,1,occurs_in_speaker_text
3025,3944,1,occurs_in_speaker_text
2145,3944,1,occurs_in_speaker_text
1072,3944,1,occurs_in_speaker_text
770,3945,3,occurs_in_speaker_text
2291,3945,1,occurs_in_speaker_text
3261,3945,5,occurs_in_speaker_text
1231,3945,1,occurs_in_speaker_text
2923,3945,1,occurs_in_speaker_text
1041,3945,1,occurs_in_speaker_text
2841,3945,2,occurs_in_speaker_text
2261,3945,4,occurs_in_speaker_text
3029,3945,1,occurs_in_speaker_text
2235,3945,2,occurs_in_speaker_text
2727,3945,3,occurs_in_speaker_text
990,3945,1,occurs_in_speaker_text
2019,3945,1,occurs_in_speaker_text
153,3945,2,occurs_in_speaker_text
818,3945,1,occurs_in_speaker_text
2977,3945,1,occurs_in_speaker_text
1429,3945,2,occurs_in_speaker_text
3297,3945,1,occurs_in_speaker_text
3204,3945,1,occurs_in_speaker_text
2732,3946,1,occurs_in_speaker_text
196,3946,2,occurs_in_speaker_text
1837,3946,2,occurs_in_speaker_text
3044,3946,1,occurs_in_speaker_text
2491,3946,1,occurs_in_speaker_text
2568,3947,2,occurs_in_speaker_text
2193,3947,2,occurs_in_speaker_text
971,3947,2,occurs_in_speaker_text
640,3947,1,occurs_in_speaker_text
1228,3947,1,occurs_in_speaker_text
2428,3947,1,occurs_in_speaker_text
2577,3947,1,occurs_in_speaker_text
2149,3947,1,occurs_in_speaker_text
1743,3947,1,occurs_in_speaker_text
1631,3947,1,occurs_in_speaker_text
213,3947,2,occurs_in_speaker_text
2755,3947,4,occurs_in_speaker_text
2079,3947,1,occurs_in_speaker_text
946,3947,1,occurs_in_speaker_text
770,3947,1,occurs_in_speaker_text
1833,3947,1,occurs_in_speaker_text
2117,3947,1,occurs_in_speaker_text
3108,3947,1,occurs_in_speaker_text
1456,3947,1,occurs_in_speaker_text
1986,3947,1,occurs_in_speaker_text
1125,3947,1,occurs_in_speaker_text
1176,3947,1,occurs_in_speaker_text
1068,3947,1,occurs_in_speaker_text
2841,3947,1,occurs_in_speaker_text
2727,3947,1,occurs_in_speaker_text
2997,3947,1,occurs_in_speaker_text
2060,3947,7,occurs_in_speaker_text
1002,3947,6,occurs_in_speaker_text
2738,3947,1,occurs_in_speaker_text
1002,3948,2,occurs_in_speaker_text
153,3948,1,occurs_in_speaker_text
1710,3948,1,occurs_in_speaker_text
765,3948,1,occurs_in_speaker_text
537,3948,2,occurs_in_speaker_text
2483,3948,1,occurs_in_speaker_text
770,3948,1,occurs_in_speaker_text
2006,3948,1,occurs_in_speaker_text
2848,3948,1,occurs_in_speaker_text
1198,3948,1,occurs_in_speaker_text
1845,3950,1,occurs_in_speaker_text
2425,3950,1,occurs_in_speaker_text
2291,3950,1,occurs_in_speaker_text
854,3950,1,occurs_in_speaker_text
1320,3951,1,occurs_in_speaker_text
2105,3951,3,occurs_in_speaker_text
1566,3951,1,occurs_in_speaker_text
2118,3951,11,occurs_in_speaker_text
1387,3951,1,occurs_in_speaker_text
1885,3951,4,occurs_in_speaker_text
779,3951,2,occurs_in_speaker_text
1002,3952,1,occurs_in_speaker_text
537,3952,1,occurs_in_speaker_text
2855,3952,1,occurs_in_speaker_text
2573,3952,1,occurs_in_speaker_text
3261,3952,6,occurs_in_speaker_text
770,3952,1,occurs_in_speaker_text
2271,3952,1,occurs_in_speaker_text
1398,3952,1,occurs_in_speaker_text
2681,3952,1,occurs_in_speaker_text
3213,3952,1,occurs_in_speaker_text
941,3952,1,occurs_in_speaker_text
153,3952,1,occurs_in_speaker_text
3085,3953,2,occurs_in_speaker_text
2681,3953,1,occurs_in_speaker_text
2235,3953,3,occurs_in_speaker_text
2392,3953,1,occurs_in_speaker_text
770,3953,1,occurs_in_speaker_text
1498,3953,2,occurs_in_speaker_text
2403,3953,1,occurs_in_speaker_text
2855,3953,2,occurs_in_speaker_text
447,3953,1,occurs_in_speaker_text
611,3953,1,occurs_in_speaker_text
595,3953,3,occurs_in_speaker_text
2849,3953,1,occurs_in_speaker_text
3261,3953,2,occurs_in_speaker_text
640,3953,2,occurs_in_speaker_text
100,3953,2,occurs_in_speaker_text
950,3953,1,occurs_in_speaker_text
557,3953,1,occurs_in_speaker_text
1285,3953,1,occurs_in_speaker_text
1710,3953,1,occurs_in_speaker_text
801,3953,2,occurs_in_speaker_text
153,3953,1,occurs_in_speaker_text
983,3953,1,occurs_in_speaker_text
2187,3953,1,occurs_in_speaker_text
1812,3953,8,occurs_in_speaker_text
2258,3953,2,occurs_in_speaker_text
196,3953,2,occurs_in_speaker_text
2824,3953,1,occurs_in_speaker_text
3297,3953,4,occurs_in_speaker_text
2073,3953,1,occurs_in_speaker_text
2428,3953,1,occurs_in_speaker_text
509,3953,1,occurs_in_speaker_text
2841,3953,1,occurs_in_speaker_text
3056,3953,1,occurs_in_speaker_text
2149,3953,1,occurs_in_speaker_text
1837,3953,1,occurs_in_speaker_text
2577,3953,7,occurs_in_speaker_text
3005,3953,1,occurs_in_speaker_text
695,3953,1,occurs_in_speaker_text
2678,3954,1,occurs_in_speaker_text
3044,3954,2,occurs_in_speaker_text
1498,3954,1,occurs_in_speaker_text
2325,3954,1,occurs_in_speaker_text
1754,3954,1,occurs_in_speaker_text
1833,3954,1,occurs_in_speaker_text
2428,3954,1,occurs_in_speaker_text
1098,3954,1,occurs_in_speaker_text
3083,3954,1,occurs_in_speaker_text
3125,3955,1,occurs_in_speaker_text
1812,3955,2,occurs_in_speaker_text
3261,3955,1,occurs_in_speaker_text
1498,3955,3,occurs_in_speaker_text
2528,3955,2,occurs_in_speaker_text
2732,3955,3,occurs_in_speaker_text
1018,3955,2,occurs_in_speaker_text
2977,3955,2,occurs_in_speaker_text
827,3955,1,occurs_in_speaker_text
1299,3955,1,occurs_in_speaker_text
2727,3955,1,occurs_in_speaker_text
3210,3955,1,occurs_in_speaker_text
245,3955,1,occurs_in_speaker_text
2549,3955,1,occurs_in_speaker_text
3044,3955,1,occurs_in_speaker_text
863,3955,1,occurs_in_speaker_text
1971,3955,1,occurs_in_speaker_text
2235,3955,2,occurs_in_speaker_text
699,3956,4,occurs_in_speaker_text
2960,3956,1,occurs_in_speaker_text
1375,3956,1,occurs_in_speaker_text
2363,3956,1,occurs_in_speaker_text
2478,3956,1,occurs_in_speaker_text
3261,3956,2,occurs_in_speaker_text
628,3956,1,occurs_in_speaker_text
2727,3956,5,occurs_in_speaker_text
2291,3956,1,occurs_in_speaker_text
3258,3956,1,occurs_in_speaker_text
2568,3956,1,occurs_in_speaker_text
78,3956,1,occurs_in_speaker_text
1837,3956,1,occurs_in_speaker_text
1833,3956,2,occurs_in_speaker_text
2261,3956,1,occurs_in_speaker_text
900,3956,1,occurs_in_speaker_text
2240,3956,1,occurs_in_speaker_text
662,3956,1,occurs_in_speaker_text
363,3956,1,occurs_in_speaker_text
196,3956,1,occurs_in_speaker_text
2324,3956,1,occurs_in_speaker_text
383,3956,1,occurs_in_speaker_text
720,3956,1,occurs_in_speaker_text
904,3956,1,occurs_in_speaker_text
859,3956,1,occurs_in_speaker_text
2592,3956,1,occurs_in_speaker_text
2235,3956,1,occurs_in_speaker_text
153,3956,1,occurs_in_speaker_text
1733,3958,1,occurs_in_speaker_text
196,3958,1,occurs_in_speaker_text
2261,3958,2,occurs_in_speaker_text
2235,3958,2,occurs_in_speaker_text
403,3958,1,occurs_in_speaker_text
1837,3958,2,occurs_in_speaker_text
972,3958,1,occurs_in_speaker_text
3315,3958,1,occurs_in_speaker_text
1429,3958,1,occurs_in_speaker_text
2472,3958,2,occurs_in_speaker_text
2425,3958,2,occurs_in_speaker_text
3044,3958,3,occurs_in_speaker_text
2833,3958,1,occurs_in_speaker_text
1143,3958,1,occurs_in_speaker_text
153,3958,1,occurs_in_speaker_text
2841,3958,2,occurs_in_speaker_text
3261,3958,2,occurs_in_speaker_text
770,3958,8,occurs_in_speaker_text
3278,3958,1,occurs_in_speaker_text
583,3958,1,occurs_in_speaker_text
2727,3959,6,occurs_in_speaker_text
3208,3959,1,occurs_in_speaker_text
1425,3959,1,occurs_in_speaker_text
1825,3959,1,occurs_in_speaker_text
770,3959,3,occurs_in_speaker_text
1537,3959,3,occurs_in_speaker_text
1111,3959,2,occurs_in_speaker_text
303,3959,1,occurs_in_speaker_text
616,3959,1,occurs_in_speaker_text
1406,3959,1,occurs_in_speaker_text
290,3959,1,occurs_in_speaker_text
153,3959,8,occurs_in_speaker_text
2142,3959,2,occurs_in_speaker_text
3210,3959,2,occurs_in_speaker_text
1952,3959,1,occurs_in_speaker_text
2798,3959,3,occurs_in_speaker_text
3020,3959,1,occurs_in_speaker_text
2855,3959,1,occurs_in_speaker_text
2841,3959,2,occurs_in_speaker_text
2568,3959,1,occurs_in_speaker_text
2240,3959,1,occurs_in_speaker_text
1837,3959,2,occurs_in_speaker_text
1392,3959,1,occurs_in_speaker_text
257,3959,3,occurs_in_speaker_text
259,3959,1,occurs_in_speaker_text
2261,3959,1,occurs_in_speaker_text
1874,3959,1,occurs_in_speaker_text
256,3959,1,occurs_in_speaker_text
79,3959,1,occurs_in_speaker_text
418,3959,1,occurs_in_speaker_text
100,3959,1,occurs_in_speaker_text
3044,3959,1,occurs_in_speaker_text
1833,3959,1,occurs_in_speaker_text
2294,3959,1,occurs_in_speaker_text
2457,3959,1,occurs_in_speaker_text
2235,3959,1,occurs_in_speaker_text
359,3959,1,occurs_in_speaker_text
1477,3959,1,occurs_in_speaker_text
1594,3959,1,occurs_in_speaker_text
3254,3959,1,occurs_in_speaker_text
152,3959,1,occurs_in_speaker_text
611,3959,1,occurs_in_speaker_text
1581,3960,2,occurs_in_speaker_text
537,3960,1,occurs_in_speaker_text
2235,3960,3,occurs_in_speaker_text
3044,3960,1,occurs_in_speaker_text
2841,3960,4,occurs_in_speaker_text
3191,3960,1,occurs_in_speaker_text
611,3960,1,occurs_in_speaker_text
1710,3960,2,occurs_in_speaker_text
2261,3960,1,occurs_in_speaker_text
770,3960,2,occurs_in_speaker_text
3314,3960,2,occurs_in_speaker_text
3261,3960,2,occurs_in_speaker_text
2345,3960,1,occurs_in_speaker_text
2992,3960,1,occurs_in_speaker_text
2568,3960,1,occurs_in_speaker_text
2584,3960,1,occurs_in_speaker_text
3261,3962,7,occurs_in_speaker_text
1845,3962,5,occurs_in_speaker_text
2599,3962,1,occurs_in_speaker_text
153,3962,7,occurs_in_speaker_text
2728,3962,2,occurs_in_speaker_text
1471,3962,1,occurs_in_speaker_text
3155,3962,2,occurs_in_speaker_text
770,3962,2,occurs_in_speaker_text
196,3962,1,occurs_in_speaker_text
1163,3962,1,occurs_in_speaker_text
1621,3962,1,occurs_in_speaker_text
427,3962,1,occurs_in_speaker_text
178,3962,1,occurs_in_speaker_text
1501,3962,3,occurs_in_speaker_text
2876,3962,1,occurs_in_speaker_text
2428,3962,1,occurs_in_speaker_text
616,3962,1,occurs_in_speaker_text
79,3962,1,occurs_in_speaker_text
3297,3962,1,occurs_in_speaker_text
1531,3962,1,occurs_in_speaker_text
3303,3962,1,occurs_in_speaker_text
2727,3962,2,occurs_in_speaker_text
2079,3962,1,occurs_in_speaker_text
1406,3962,1,occurs_in_speaker_text
2947,3962,1,occurs_in_speaker_text
299,3962,1,occurs_in_speaker_text
1071,3962,1,occurs_in_speaker_text
742,3962,1,occurs_in_speaker_text
1215,3962,1,occurs_in_speaker_text
2568,3962,2,occurs_in_speaker_text
1098,3962,1,occurs_in_speaker_text
2073,3962,1,occurs_in_speaker_text
1114,3962,1,occurs_in_speaker_text
1907,3962,1,occurs_in_speaker_text
971,3962,1,occurs_in_speaker_text
611,3962,1,occurs_in_speaker_text
2235,3962,1,occurs_in_speaker_text
1812,3962,1,occurs_in_speaker_text
1143,3962,1,occurs_in_speaker_text
2833,3962,1,occurs_in_speaker_text
1239,3962,1,occurs_in_speaker_text
990,3962,1,occurs_in_speaker_text
1394,3963,1,occurs_in_speaker_text
770,3963,1,occurs_in_speaker_text
2261,3964,2,occurs_in_speaker_text
1169,3964,1,occurs_in_speaker_text
2610,3964,2,occurs_in_speaker_text
1429,3964,2,occurs_in_speaker_text
82,3964,2,occurs_in_speaker_text
116,3964,1,occurs_in_speaker_text
3318,3964,1,occurs_in_speaker_text
2841,3965,2,occurs_in_speaker_text
3261,3965,1,occurs_in_speaker_text
1590,3965,1,occurs_in_speaker_text
643,3965,1,occurs_in_speaker_text
2833,3965,1,occurs_in_speaker_text
2235,3965,2,occurs_in_speaker_text
395,3965,1,occurs_in_speaker_text
1530,3965,1,occurs_in_speaker_text
2727,3965,3,occurs_in_speaker_text
15,3965,1,occurs_in_speaker_text
2644,3965,1,occurs_in_speaker_text
770,3965,3,occurs_in_speaker_text
1537,3965,1,occurs_in_speaker_text
378,3965,1,occurs_in_speaker_text
509,3965,1,occurs_in_speaker_text
1228,3965,1,occurs_in_speaker_text
653,3965,1,occurs_in_speaker_text
1521,3965,1,occurs_in_speaker_text
2960,3965,1,occurs_in_speaker_text
2977,3965,1,occurs_in_speaker_text
2261,3965,2,occurs_in_speaker_text
196,3965,3,occurs_in_speaker_text
616,3965,1,occurs_in_speaker_text
1837,3965,1,occurs_in_speaker_text
2732,3965,1,occurs_in_speaker_text
2607,3965,1,occurs_in_speaker_text
2155,3966,1,occurs_in_speaker_text
153,3967,1,occurs_in_speaker_text
3143,3967,3,occurs_in_speaker_text
1710,3967,1,occurs_in_speaker_text
1833,3967,1,occurs_in_speaker_text
588,3967,1,occurs_in_speaker_text
2841,3967,1,occurs_in_speaker_text
257,3967,1,occurs_in_speaker_text
509,3967,1,occurs_in_speaker_text
3210,3968,1,occurs_in_speaker_text
153,3968,40,occurs_in_speaker_text
1474,3968,1,occurs_in_speaker_text
3234,3968,1,occurs_in_speaker_text
595,3968,2,occurs_in_speaker_text
292,3968,1,occurs_in_speaker_text
606,3968,2,occurs_in_speaker_text
2235,3968,3,occurs_in_speaker_text
537,3968,1,occurs_in_speaker_text
3278,3968,1,occurs_in_speaker_text
2459,3968,1,occurs_in_speaker_text
770,3968,4,occurs_in_speaker_text
792,3968,1,occurs_in_speaker_text
2105,3968,1,occurs_in_speaker_text
2791,3968,1,occurs_in_speaker_text
245,3968,1,occurs_in_speaker_text
2849,3969,3,occurs_in_speaker_text
770,3969,2,occurs_in_speaker_text
2727,3969,4,occurs_in_speaker_text
371,3969,1,occurs_in_speaker_text
2076,3969,1,occurs_in_speaker_text
2410,3969,1,occurs_in_speaker_text
257,3969,1,occurs_in_speaker_text
1024,3969,1,occurs_in_speaker_text
1018,3969,1,occurs_in_speaker_text
1833,3969,1,occurs_in_speaker_text
153,3969,7,occurs_in_speaker_text
419,3969,1,occurs_in_speaker_text
1261,3969,3,occurs_in_speaker_text
2786,3969,1,occurs_in_speaker_text
2212,3969,1,occurs_in_speaker_text
1652,3970,1,occurs_in_speaker_text
324,3970,13,occurs_in_speaker_text
984,3970,1,occurs_in_speaker_text
3044,3970,2,occurs_in_speaker_text
2654,3970,1,occurs_in_speaker_text
770,3970,5,occurs_in_speaker_text
2425,3970,3,occurs_in_speaker_text
296,3970,1,occurs_in_speaker_text
1537,3970,2,occurs_in_speaker_text
1845,3970,1,occurs_in_speaker_text
1501,3970,1,occurs_in_speaker_text
854,3970,1,occurs_in_speaker_text
3261,3970,1,occurs_in_speaker_text
2732,3970,1,occurs_in_speaker_text
782,3970,2,occurs_in_speaker_text
153,3970,1,occurs_in_speaker_text
1018,3970,1,occurs_in_speaker_text
1111,3970,2,occurs_in_speaker_text
2755,3970,1,occurs_in_speaker_text
1837,3970,1,occurs_in_speaker_text
1845,3971,1,occurs_in_speaker_text
330,3971,2,occurs_in_speaker_text
1812,3971,1,occurs_in_speaker_text
196,3971,6,occurs_in_speaker_text
3261,3971,2,occurs_in_speaker_text
2117,3971,5,occurs_in_speaker_text
3261,3972,4,occurs_in_speaker_text
844,3972,1,occurs_in_speaker_text
2235,3972,1,occurs_in_speaker_text
2425,3972,1,occurs_in_speaker_text
153,3972,1,occurs_in_speaker_text
2727,3972,2,occurs_in_speaker_text
2031,3972,1,occurs_in_speaker_text
1732,3972,1,occurs_in_speaker_text
770,3972,1,occurs_in_speaker_text
1498,3972,2,occurs_in_speaker_text
2301,3972,1,occurs_in_speaker_text
1825,3972,1,occurs_in_speaker_text
3005,3972,1,occurs_in_speaker_text
117,3972,1,occurs_in_speaker_text
1710,3972,1,occurs_in_speaker_text
2900,3972,1,occurs_in_speaker_text
398,3972,1,occurs_in_speaker_text
18,3973,2,occurs_in_speaker_text
375,3973,1,occurs_in_speaker_text
2457,3973,1,occurs_in_speaker_text
1280,3973,1,occurs_in_speaker_text
3220,3973,1,occurs_in_speaker_text
1699,3973,2,occurs_in_speaker_text
1845,3973,1,occurs_in_speaker_text
1498,3973,1,occurs_in_speaker_text
160,3973,1,occurs_in_speaker_text
2582,3973,2,occurs_in_speaker_text
235,3973,1,occurs_in_speaker_text
503,3973,1,occurs_in_speaker_text
2656,3973,1,occurs_in_speaker_text
2924,3973,1,occurs_in_speaker_text
1611,3973,1,occurs_in_speaker_text
1683,3973,1,occurs_in_speaker_text
2727,3973,1,occurs_in_speaker_text
770,3973,1,occurs_in_speaker_text
19,3973,1,occurs_in_speaker_text
2235,3973,2,occurs_in_speaker_text
2812,3973,2,occurs_in_speaker_text
2060,3973,2,occurs_in_speaker_text
990,3973,1,occurs_in_speaker_text
2142,3973,1,occurs_in_speaker_text
2755,3973,1,occurs_in_speaker_text
1502,3973,2,occurs_in_speaker_text
2745,3973,1,occurs_in_speaker_text
919,3974,1,occurs_in_speaker_text
78,3974,1,occurs_in_speaker_text
1537,3974,1,occurs_in_speaker_text
1833,3974,1,occurs_in_speaker_text
2036,3974,1,occurs_in_speaker_text
2043,3974,1,occurs_in_speaker_text
596,3974,1,occurs_in_speaker_text
3318,3974,1,occurs_in_speaker_text
1263,3974,1,occurs_in_speaker_text
3143,3974,1,occurs_in_speaker_text
1863,3975,1,occurs_in_speaker_text
929,3975,1,occurs_in_speaker_text
3261,3976,9,occurs_in_speaker_text
196,3976,4,occurs_in_speaker_text
616,3976,3,occurs_in_speaker_text
2004,3976,1,occurs_in_speaker_text
2033,3976,1,occurs_in_speaker_text
770,3976,1,occurs_in_speaker_text
1278,3976,1,occurs_in_speaker_text
3044,3976,4,occurs_in_speaker_text
153,3976,5,occurs_in_speaker_text
2679,3976,1,occurs_in_speaker_text
611,3976,3,occurs_in_speaker_text
3020,3976,2,occurs_in_speaker_text
2142,3976,1,occurs_in_speaker_text
1406,3976,1,occurs_in_speaker_text
786,3976,1,occurs_in_speaker_text
2991,3976,1,occurs_in_speaker_text
1018,3976,1,occurs_in_speaker_text
2727,3976,2,occurs_in_speaker_text
3167,3976,1,occurs_in_speaker_text
2261,3976,1,occurs_in_speaker_text
2806,3976,1,occurs_in_speaker_text
3297,3976,1,occurs_in_speaker_text
413,3976,1,occurs_in_speaker_text
509,3976,1,occurs_in_speaker_text
1301,3976,1,occurs_in_speaker_text
756,3976,1,occurs_in_speaker_text
1830,3976,1,occurs_in_speaker_text
2264,3976,1,occurs_in_speaker_text
2235,3976,1,occurs_in_speaker_text
1398,3976,1,occurs_in_speaker_text
2043,3976,1,occurs_in_speaker_text
1352,3977,1,occurs_in_speaker_text
770,3977,1,occurs_in_speaker_text
1296,3977,1,occurs_in_speaker_text
2727,3977,2,occurs_in_speaker_text
3234,3977,1,occurs_in_speaker_text
1837,3977,1,occurs_in_speaker_text
3044,3977,2,occurs_in_speaker_text
3261,3977,3,occurs_in_speaker_text
2235,3977,1,occurs_in_speaker_text
1897,3977,1,occurs_in_speaker_text
696,3977,1,occurs_in_speaker_text
2936,3977,1,occurs_in_speaker_text
3257,3977,1,occurs_in_speaker_text
408,3977,2,occurs_in_speaker_text
2855,3977,1,occurs_in_speaker_text
1631,3977,1,occurs_in_speaker_text
196,3977,1,occurs_in_speaker_text
616,3977,1,occurs_in_speaker_text
1098,3977,1,occurs_in_speaker_text
1221,3977,1,occurs_in_speaker_text
2286,3977,1,occurs_in_speaker_text
1964,3977,1,occurs_in_speaker_text
2491,3977,1,occurs_in_speaker_text
2615,3977,1,occurs_in_speaker_text
2220,3977,1,occurs_in_speaker_text
1537,3977,1,occurs_in_speaker_text
153,3977,3,occurs_in_speaker_text
2977,3977,1,occurs_in_speaker_text
509,3977,2,occurs_in_speaker_text
2841,3977,1,occurs_in_speaker_text
2075,3977,1,occurs_in_speaker_text
1780,3977,1,occurs_in_speaker_text
3261,3978,2,occurs_in_speaker_text
1812,3978,1,occurs_in_speaker_text
853,3978,1,occurs_in_speaker_text
2531,3978,1,occurs_in_speaker_text
2353,3978,9,occurs_in_speaker_text
2849,3978,1,occurs_in_speaker_text
956,3978,1,occurs_in_speaker_text
2978,3978,1,occurs_in_speaker_text
1205,3978,1,occurs_in_speaker_text
2601,3978,1,occurs_in_speaker_text
2364,3978,1,occurs_in_speaker_text
1588,3978,1,occurs_in_speaker_text
2460,3978,1,occurs_in_speaker_text
3261,3979,9,occurs_in_speaker_text
1320,3979,1,occurs_in_speaker_text
2079,3979,1,occurs_in_speaker_text
1541,3979,1,occurs_in_speaker_text
153,3979,2,occurs_in_speaker_text
3220,3979,1,occurs_in_speaker_text
845,3979,1,occurs_in_speaker_text
770,3979,4,occurs_in_speaker_text
3232,3979,1,occurs_in_speaker_text
1072,3979,1,occurs_in_speaker_text
2275,3979,1,occurs_in_speaker_text
1845,3979,2,occurs_in_speaker_text
904,3979,1,occurs_in_speaker_text
1387,3979,1,occurs_in_speaker_text
2619,3979,1,occurs_in_speaker_text
378,3979,2,occurs_in_speaker_text
2162,3979,1,occurs_in_speaker_text
1139,3979,1,occurs_in_speaker_text
2700,3979,1,occurs_in_speaker_text
3293,3979,1,occurs_in_speaker_text
2235,3979,2,occurs_in_speaker_text
3059,3979,1,occurs_in_speaker_text
2811,3979,1,occurs_in_speaker_text
2833,3979,1,occurs_in_speaker_text
509,3979,1,occurs_in_speaker_text
2704,3979,1,occurs_in_speaker_text
439,3979,1,occurs_in_speaker_text
2568,3979,1,occurs_in_speaker_text
1440,3979,1,occurs_in_speaker_text
2817,3979,1,occurs_in_speaker_text
2992,3979,1,occurs_in_speaker_text
611,3980,1,occurs_in_speaker_text
1142,3980,1,occurs_in_speaker_text
2347,3980,1,occurs_in_speaker_text
2827,3980,1,occurs_in_speaker_text
2309,3980,1,occurs_in_speaker_text
770,3980,1,occurs_in_speaker_text
3078,3980,1,occurs_in_speaker_text
2457,3980,1,occurs_in_speaker_text
2428,3980,1,occurs_in_speaker_text
1501,3980,2,occurs_in_speaker_text
3278,3980,1,occurs_in_speaker_text
854,3980,2,occurs_in_speaker_text
2727,3980,1,occurs_in_speaker_text
1845,3980,1,occurs_in_speaker_text
532,3980,4,occurs_in_speaker_text
149,3981,4,occurs_in_speaker_text
153,3981,5,occurs_in_speaker_text
1628,3981,1,occurs_in_speaker_text
1018,3981,1,occurs_in_speaker_text
3261,3981,4,occurs_in_speaker_text
2989,3981,1,occurs_in_speaker_text
612,3981,1,occurs_in_speaker_text
2241,3981,1,occurs_in_speaker_text
3069,3981,1,occurs_in_speaker_text
509,3981,1,occurs_in_speaker_text
2841,3981,1,occurs_in_speaker_text
1837,3981,1,occurs_in_speaker_text
3210,3981,1,occurs_in_speaker_text
1205,3981,1,occurs_in_speaker_text
2577,3982,1,occurs_in_speaker_text
2568,3982,1,occurs_in_speaker_text
1638,3982,1,occurs_in_speaker_text
1615,3982,1,occurs_in_speaker_text
1967,3983,49,occurs_in_speaker_text
2727,3983,3,occurs_in_speaker_text
85,3983,4,occurs_in_speaker_text
1455,3983,1,occurs_in_speaker_text
707,3983,1,occurs_in_speaker_text
153,3983,113,occurs_in_speaker_text
1248,3983,1,occurs_in_speaker_text
638,3983,1,occurs_in_speaker_text
2977,3983,1,occurs_in_speaker_text
846,3983,1,occurs_in_speaker_text
2493,3983,1,occurs_in_speaker_text
3261,3983,1,occurs_in_speaker_text
249,3983,1,occurs_in_speaker_text
770,3983,1,occurs_in_speaker_text
1072,3983,1,occurs_in_speaker_text
1831,3983,1,occurs_in_speaker_text
1837,3983,1,occurs_in_speaker_text
3254,3983,1,occurs_in_speaker_text
2701,3983,1,occurs_in_speaker_text
417,3983,1,occurs_in_speaker_text
2398,3983,1,occurs_in_speaker_text
425,3983,2,occurs_in_speaker_text
1537,3983,1,occurs_in_speaker_text
1833,3983,1,occurs_in_speaker_text
317,3983,1,occurs_in_speaker_text
1655,3984,1,occurs_in_speaker_text
706,3984,2,occurs_in_speaker_text
2841,3984,1,occurs_in_speaker_text
956,3984,1,occurs_in_speaker_text
3143,3984,1,occurs_in_speaker_text
904,3984,1,occurs_in_speaker_text
885,3984,1,occurs_in_speaker_text
196,3984,2,occurs_in_speaker_text
1489,3984,3,occurs_in_speaker_text
2271,3985,1,occurs_in_speaker_text
1267,3985,1,occurs_in_speaker_text
3315,3985,2,occurs_in_speaker_text
2984,3985,1,occurs_in_speaker_text
2024,3985,1,occurs_in_speaker_text
946,3986,1,occurs_in_speaker_text
3261,3986,10,occurs_in_speaker_text
1710,3986,1,occurs_in_speaker_text
153,3986,1,occurs_in_speaker_text
2261,3987,12,occurs_in_speaker_text
1057,3987,3,occurs_in_speaker_text
3232,3987,1,occurs_in_speaker_text
259,3987,2,occurs_in_speaker_text
2240,3987,2,occurs_in_speaker_text
1127,3987,1,occurs_in_speaker_text
3074,3987,1,occurs_in_speaker_text
956,3987,1,occurs_in_speaker_text
3168,3987,1,occurs_in_speaker_text
1111,3987,1,occurs_in_speaker_text
1244,3987,1,occurs_in_speaker_text
2235,3987,2,occurs_in_speaker_text
2727,3987,6,occurs_in_speaker_text
3044,3987,1,occurs_in_speaker_text
3261,3987,3,occurs_in_speaker_text
1788,3987,1,occurs_in_speaker_text
2775,3987,1,occurs_in_speaker_text
770,3987,2,occurs_in_speaker_text
854,3987,4,occurs_in_speaker_text
399,3987,1,occurs_in_speaker_text
3049,3987,2,occurs_in_speaker_text
2478,3987,3,occurs_in_speaker_text
1748,3987,1,occurs_in_speaker_text
1145,3987,1,occurs_in_speaker_text
889,3987,1,occurs_in_speaker_text
2076,3987,1,occurs_in_speaker_text
1188,3987,1,occurs_in_speaker_text
1837,3987,1,occurs_in_speaker_text
664,3987,1,occurs_in_speaker_text
1931,3987,1,occurs_in_speaker_text
2816,3987,1,occurs_in_speaker_text
3130,3987,1,occurs_in_speaker_text
1845,3987,1,occurs_in_speaker_text
2725,3987,1,occurs_in_speaker_text
116,3987,1,occurs_in_speaker_text
2654,3987,1,occurs_in_speaker_text
1615,3987,1,occurs_in_speaker_text
1748,3988,1,occurs_in_speaker_text
162,3988,1,occurs_in_speaker_text
611,3988,1,occurs_in_speaker_text
2451,3988,1,occurs_in_speaker_text
34,3988,1,occurs_in_speaker_text
1130,3988,1,occurs_in_speaker_text
2945,3988,1,occurs_in_speaker_text
1429,3988,1,occurs_in_speaker_text
2732,3988,1,occurs_in_speaker_text
2105,3988,1,occurs_in_speaker_text
1479,3988,1,occurs_in_speaker_text
629,3988,2,occurs_in_speaker_text
1840,3988,1,occurs_in_speaker_text
2727,3988,3,occurs_in_speaker_text
257,3988,1,occurs_in_speaker_text
96,3988,1,occurs_in_speaker_text
1425,3988,1,occurs_in_speaker_text
2833,3988,3,occurs_in_speaker_text
770,3988,1,occurs_in_speaker_text
384,3988,1,occurs_in_speaker_text
81,3988,1,occurs_in_speaker_text
3261,3988,1,occurs_in_speaker_text
1224,3988,1,occurs_in_speaker_text
557,3988,1,occurs_in_speaker_text
1579,3988,1,occurs_in_speaker_text
1514,3989,1,occurs_in_speaker_text
957,3989,1,occurs_in_speaker_text
1460,3989,1,occurs_in_speaker_text
2704,3989,1,occurs_in_speaker_text
770,3989,2,occurs_in_speaker_text
2235,3989,2,occurs_in_speaker_text
2727,3989,13,occurs_in_speaker_text
3261,3989,1,occurs_in_speaker_text
1018,3989,1,occurs_in_speaker_text
2977,3989,2,occurs_in_speaker_text
2207,3989,1,occurs_in_speaker_text
3314,3989,1,occurs_in_speaker_text
245,3989,1,occurs_in_speaker_text
564,3989,1,occurs_in_speaker_text
2235,3990,39,occurs_in_speaker_text
2527,3990,2,occurs_in_speaker_text
611,3990,16,occurs_in_speaker_text
3314,3990,15,occurs_in_speaker_text
2727,3990,33,occurs_in_speaker_text
3297,3990,1,occurs_in_speaker_text
1014,3990,1,occurs_in_speaker_text
387,3990,1,occurs_in_speaker_text
1837,3990,12,occurs_in_speaker_text
2261,3990,25,occurs_in_speaker_text
1075,3990,1,occurs_in_speaker_text
1855,3990,1,occurs_in_speaker_text
3053,3990,2,occurs_in_speaker_text
2193,3990,2,occurs_in_speaker_text
478,3990,1,occurs_in_speaker_text
651,3990,1,occurs_in_speaker_text
3020,3990,62,occurs_in_speaker_text
1018,3990,12,occurs_in_speaker_text
2977,3990,4,occurs_in_speaker_text
1621,3990,2,occurs_in_speaker_text
854,3990,24,occurs_in_speaker_text
2835,3990,1,occurs_in_speaker_text
2283,3990,1,occurs_in_speaker_text
3044,3990,5,occurs_in_speaker_text
1142,3990,2,occurs_in_speaker_text
418,3990,4,occurs_in_speaker_text
2876,3990,2,occurs_in_speaker_text
153,3990,9,occurs_in_speaker_text
885,3990,1,occurs_in_speaker_text
2399,3990,1,occurs_in_speaker_text
967,3990,21,occurs_in_speaker_text
1753,3990,1,occurs_in_speaker_text
793,3990,1,occurs_in_speaker_text
3060,3990,2,occurs_in_speaker_text
1372,3990,1,occurs_in_speaker_text
1504,3990,2,occurs_in_speaker_text
2215,3990,1,occurs_in_speaker_text
1429,3990,5,occurs_in_speaker_text
1947,3990,1,occurs_in_speaker_text
2836,3990,1,occurs_in_speaker_text
3024,3990,1,occurs_in_speaker_text
2841,3990,19,occurs_in_speaker_text
3243,3990,1,occurs_in_speaker_text
3261,3990,23,occurs_in_speaker_text
3166,3990,1,occurs_in_speaker_text
509,3990,4,occurs_in_speaker_text
2816,3990,2,occurs_in_speaker_text
259,3990,4,occurs_in_speaker_text
2104,3990,3,occurs_in_speaker_text
1537,3990,10,occurs_in_speaker_text
2917,3990,1,occurs_in_speaker_text
192,3990,2,occurs_in_speaker_text
770,3990,6,occurs_in_speaker_text
1699,3990,2,occurs_in_speaker_text
3278,3990,7,occurs_in_speaker_text
3013,3990,1,occurs_in_speaker_text
1702,3990,1,occurs_in_speaker_text
2657,3990,1,occurs_in_speaker_text
1612,3990,1,occurs_in_speaker_text
2855,3990,11,occurs_in_speaker_text
2214,3990,1,occurs_in_speaker_text
298,3990,3,occurs_in_speaker_text
2704,3990,51,occurs_in_speaker_text
2387,3990,2,occurs_in_speaker_text
2826,3990,9,occurs_in_speaker_text
2603,3990,1,occurs_in_speaker_text
1748,3990,1,occurs_in_speaker_text
848,3990,1,occurs_in_speaker_text
3129,3990,1,occurs_in_speaker_text
371,3990,1,occurs_in_speaker_text
2294,3990,1,occurs_in_speaker_text
1517,3990,1,occurs_in_speaker_text
3094,3990,1,occurs_in_speaker_text
2271,3990,1,occurs_in_speaker_text
2091,3990,1,occurs_in_speaker_text
1677,3990,1,occurs_in_speaker_text
1026,3990,1,occurs_in_speaker_text
2523,3990,1,occurs_in_speaker_text
2119,3990,4,occurs_in_speaker_text
2596,3990,2,occurs_in_speaker_text
232,3990,1,occurs_in_speaker_text
3247,3990,1,occurs_in_speaker_text
1665,3990,2,occurs_in_speaker_text
2071,3990,2,occurs_in_speaker_text
1577,3990,1,occurs_in_speaker_text
1812,3990,2,occurs_in_speaker_text
1118,3990,1,occurs_in_speaker_text
305,3990,4,occurs_in_speaker_text
2038,3990,1,occurs_in_speaker_text
3294,3990,1,occurs_in_speaker_text
1188,3990,1,occurs_in_speaker_text
272,3990,1,occurs_in_speaker_text
1846,3990,1,occurs_in_speaker_text
2428,3990,1,occurs_in_speaker_text
2699,3990,1,occurs_in_speaker_text
974,3990,1,occurs_in_speaker_text
2775,3990,1,occurs_in_speaker_text
1134,3990,2,occurs_in_speaker_text
3248,3990,1,occurs_in_speaker_text
116,3990,2,occurs_in_speaker_text
168,3990,1,occurs_in_speaker_text
445,3990,1,occurs_in_speaker_text
1710,3990,1,occurs_in_speaker_text
2277,3990,1,occurs_in_speaker_text
2743,3990,1,occurs_in_speaker_text
2114,3990,1,occurs_in_speaker_text
756,3990,1,occurs_in_speaker_text
1670,3990,1,occurs_in_speaker_text
1652,3990,7,occurs_in_speaker_text
733,3990,1,occurs_in_speaker_text
1101,3990,1,occurs_in_speaker_text
1681,3990,1,occurs_in_speaker_text
106,3990,1,occurs_in_speaker_text
2547,3990,3,occurs_in_speaker_text
2849,3990,1,occurs_in_speaker_text
952,3990,1,occurs_in_speaker_text
1834,3990,1,occurs_in_speaker_text
2830,3990,1,occurs_in_speaker_text
1758,3990,2,occurs_in_speaker_text
2240,3990,3,occurs_in_speaker_text
719,3990,1,occurs_in_speaker_text
2549,3990,3,occurs_in_speaker_text
1498,3990,3,occurs_in_speaker_text
1530,3990,4,occurs_in_speaker_text
2599,3990,1,occurs_in_speaker_text
1440,3990,1,occurs_in_speaker_text
175,3990,1,occurs_in_speaker_text
257,3990,6,occurs_in_speaker_text
2123,3990,1,occurs_in_speaker_text
2809,3990,1,occurs_in_speaker_text
1061,3990,1,occurs_in_speaker_text
989,3990,1,occurs_in_speaker_text
2945,3990,2,occurs_in_speaker_text
1845,3990,4,occurs_in_speaker_text
3253,3990,1,occurs_in_speaker_text
2784,3990,1,occurs_in_speaker_text
1051,3990,2,occurs_in_speaker_text
2425,3990,1,occurs_in_speaker_text
1245,3990,1,occurs_in_speaker_text
2568,3990,3,occurs_in_speaker_text
1261,3990,1,occurs_in_speaker_text
465,3990,1,occurs_in_speaker_text
1542,3990,1,occurs_in_speaker_text
1231,3990,1,occurs_in_speaker_text
1111,3990,1,occurs_in_speaker_text
3015,3990,1,occurs_in_speaker_text
1084,3990,3,occurs_in_speaker_text
1244,3990,1,occurs_in_speaker_text
864,3990,1,occurs_in_speaker_text
1321,3990,1,occurs_in_speaker_text
1769,3990,1,occurs_in_speaker_text
299,3990,1,occurs_in_speaker_text
904,3990,2,occurs_in_speaker_text
3210,3990,2,occurs_in_speaker_text
266,3990,1,occurs_in_speaker_text
1047,3990,1,occurs_in_speaker_text
1544,3990,1,occurs_in_speaker_text
1776,3990,1,occurs_in_speaker_text
1804,3990,8,occurs_in_speaker_text
634,3990,2,occurs_in_speaker_text
3306,3990,2,occurs_in_speaker_text
856,3990,1,occurs_in_speaker_text
1406,3990,1,occurs_in_speaker_text
2086,3990,1,occurs_in_speaker_text
977,3990,2,occurs_in_speaker_text
753,3990,1,occurs_in_speaker_text
3138,3990,1,occurs_in_speaker_text
2157,3990,1,occurs_in_speaker_text
483,3990,1,occurs_in_speaker_text
2732,3990,3,occurs_in_speaker_text
1667,3990,1,occurs_in_speaker_text
2897,3990,1,occurs_in_speaker_text
1787,3990,1,occurs_in_speaker_text
2130,3990,1,occurs_in_speaker_text
2415,3990,1,occurs_in_speaker_text
83,3990,1,occurs_in_speaker_text
327,3990,1,occurs_in_speaker_text
1616,3990,1,occurs_in_speaker_text
112,3990,1,occurs_in_speaker_text
552,3990,2,occurs_in_speaker_text
2270,3990,1,occurs_in_speaker_text
2471,3990,1,occurs_in_speaker_text
1179,3990,1,occurs_in_speaker_text
588,3990,1,occurs_in_speaker_text
79,3990,2,occurs_in_speaker_text
1489,3990,2,occurs_in_speaker_text
196,3990,1,occurs_in_speaker_text
2162,3990,1,occurs_in_speaker_text
2460,3990,1,occurs_in_speaker_text
1730,3990,1,occurs_in_speaker_text
1557,3990,1,occurs_in_speaker_text
2791,3990,1,occurs_in_speaker_text
2322,3990,1,occurs_in_speaker_text
3143,3990,1,occurs_in_speaker_text
2158,3990,1,occurs_in_speaker_text
1833,3990,1,occurs_in_speaker_text
860,3990,1,occurs_in_speaker_text
624,3990,1,occurs_in_speaker_text
1324,3990,2,occurs_in_speaker_text
1412,3990,1,occurs_in_speaker_text
2611,3990,1,occurs_in_speaker_text
1791,3990,1,occurs_in_speaker_text
2584,3990,1,occurs_in_speaker_text
504,3990,2,occurs_in_speaker_text
2976,3990,1,occurs_in_speaker_text
1309,3990,1,occurs_in_speaker_text
3028,3990,1,occurs_in_speaker_text
3225,3990,1,occurs_in_speaker_text
372,3990,1,occurs_in_speaker_text
179,3990,1,occurs_in_speaker_text
2719,3990,1,occurs_in_speaker_text
1956,3990,1,occurs_in_speaker_text
136,3990,1,occurs_in_speaker_text
925,3990,1,occurs_in_speaker_text
1825,3990,1,occurs_in_speaker_text
1010,3990,1,occurs_in_speaker_text
3104,3990,1,occurs_in_speaker_text
233,3990,1,occurs_in_speaker_text
262,3990,1,occurs_in_speaker_text
163,3990,1,occurs_in_speaker_text
487,3990,1,occurs_in_speaker_text
1690,3990,1,occurs_in_speaker_text
1869,3990,1,occurs_in_speaker_text
1800,3990,1,occurs_in_speaker_text
260,3990,1,occurs_in_speaker_text
1436,3990,1,occurs_in_speaker_text
2818,3990,1,occurs_in_speaker_text
2115,3990,1,occurs_in_speaker_text
1049,3990,1,occurs_in_speaker_text
194,3990,3,occurs_in_speaker_text
3307,3990,1,occurs_in_speaker_text
3254,3990,4,occurs_in_speaker_text
2418,3990,1,occurs_in_speaker_text
2192,3990,1,occurs_in_speaker_text
1615,3990,2,occurs_in_speaker_text
2501,3990,1,occurs_in_speaker_text
1197,3990,1,occurs_in_speaker_text
2605,3990,1,occurs_in_speaker_text
3315,3990,1,occurs_in_speaker_text
1862,3990,2,occurs_in_speaker_text
15,3990,1,occurs_in_speaker_text
2080,3990,1,occurs_in_speaker_text
2363,3990,1,occurs_in_speaker_text
2236,3990,1,occurs_in_speaker_text
1801,3990,1,occurs_in_speaker_text
2257,3990,1,occurs_in_speaker_text
2118,3990,2,occurs_in_speaker_text
2705,3990,2,occurs_in_speaker_text
178,3990,3,occurs_in_speaker_text
2593,3990,1,occurs_in_speaker_text
2013,3990,1,occurs_in_speaker_text
246,3990,1,occurs_in_speaker_text
143,3990,1,occurs_in_speaker_text
346,3991,1,occurs_in_speaker_text
770,3991,2,occurs_in_speaker_text
1833,3991,1,occurs_in_speaker_text
561,3991,1,occurs_in_speaker_text
3261,3991,6,occurs_in_speaker_text
1537,3991,2,occurs_in_speaker_text
3214,3991,1,occurs_in_speaker_text
2326,3991,1,occurs_in_speaker_text
359,3991,1,occurs_in_speaker_text
1142,3991,1,occurs_in_speaker_text
3031,3991,1,occurs_in_speaker_text
1812,3991,1,occurs_in_speaker_text
2793,3991,1,occurs_in_speaker_text
530,3991,1,occurs_in_speaker_text
608,3991,1,occurs_in_speaker_text
1837,3991,1,occurs_in_speaker_text
2967,3991,1,occurs_in_speaker_text
904,3991,2,occurs_in_speaker_text
644,3991,1,occurs_in_speaker_text
1436,3991,1,occurs_in_speaker_text
1387,3991,1,occurs_in_speaker_text
1845,3991,1,occurs_in_speaker_text
1804,3991,1,occurs_in_speaker_text
1748,3991,1,occurs_in_speaker_text
96,3991,1,occurs_in_speaker_text
1653,3991,1,occurs_in_speaker_text
2221,3991,1,occurs_in_speaker_text
2261,3991,1,occurs_in_speaker_text
286,3991,1,occurs_in_speaker_text
2849,3991,1,occurs_in_speaker_text
2460,3991,2,occurs_in_speaker_text
3044,3992,1,occurs_in_speaker_text
1498,3992,1,occurs_in_speaker_text
1429,3992,1,occurs_in_speaker_text
2727,3992,10,occurs_in_speaker_text
351,3992,2,occurs_in_speaker_text
2235,3992,2,occurs_in_speaker_text
509,3992,1,occurs_in_speaker_text
163,3992,1,occurs_in_speaker_text
2403,3992,1,occurs_in_speaker_text
96,3992,1,occurs_in_speaker_text
196,3992,3,occurs_in_speaker_text
2456,3992,1,occurs_in_speaker_text
700,3992,1,occurs_in_speaker_text
3261,3992,2,occurs_in_speaker_text
3220,3992,1,occurs_in_speaker_text
2841,3992,2,occurs_in_speaker_text
3210,3992,2,occurs_in_speaker_text
3020,3992,1,occurs_in_speaker_text
1763,3992,1,occurs_in_speaker_text
630,3992,1,occurs_in_speaker_text
2992,3992,1,occurs_in_speaker_text
770,3992,1,occurs_in_speaker_text
1244,3992,1,occurs_in_speaker_text
2577,3993,3,occurs_in_speaker_text
654,3993,1,occurs_in_speaker_text
2663,3993,1,occurs_in_speaker_text
2847,3993,1,occurs_in_speaker_text
3005,3993,1,occurs_in_speaker_text
1261,3993,5,occurs_in_speaker_text
1831,3993,2,occurs_in_speaker_text
2147,3993,1,occurs_in_speaker_text
580,3993,1,occurs_in_speaker_text
196,3993,1,occurs_in_speaker_text
3244,3994,7,occurs_in_speaker_text
2056,3994,1,occurs_in_speaker_text
2849,3995,1,occurs_in_speaker_text
766,3996,3,occurs_in_speaker_text
1837,3996,3,occurs_in_speaker_text
2147,3996,1,occurs_in_speaker_text
1228,3996,1,occurs_in_speaker_text
1845,3996,1,occurs_in_speaker_text
812,3996,1,occurs_in_speaker_text
2798,3996,1,occurs_in_speaker_text
3261,3996,1,occurs_in_speaker_text
611,3996,1,occurs_in_speaker_text
2235,3996,1,occurs_in_speaker_text
153,3996,1,occurs_in_speaker_text
2727,3996,2,occurs_in_speaker_text
3226,3996,1,occurs_in_speaker_text
2876,3996,1,occurs_in_speaker_text
487,3996,1,occurs_in_speaker_text
2765,3996,1,occurs_in_speaker_text
1709,3996,1,occurs_in_speaker_text
854,3996,1,occurs_in_speaker_text
3304,3996,1,occurs_in_speaker_text
1710,3997,2,occurs_in_speaker_text
2633,3997,1,occurs_in_speaker_text
904,3997,1,occurs_in_speaker_text
2727,3997,2,occurs_in_speaker_text
2235,3997,3,occurs_in_speaker_text
3044,3997,1,occurs_in_speaker_text
752,3997,1,occurs_in_speaker_text
1111,3997,1,occurs_in_speaker_text
196,3997,1,occurs_in_speaker_text
412,3997,1,occurs_in_speaker_text
100,3997,1,occurs_in_speaker_text
3297,3997,1,occurs_in_speaker_text
2732,3997,1,occurs_in_speaker_text
2358,3997,1,occurs_in_speaker_text
1018,3998,1,occurs_in_speaker_text
783,3998,1,occurs_in_speaker_text
153,3998,1,occurs_in_speaker_text
2048,3998,2,occurs_in_speaker_text
1710,3999,1,occurs_in_speaker_text
2460,3999,4,occurs_in_speaker_text
770,3999,1,occurs_in_speaker_text
2271,3999,1,occurs_in_speaker_text
9,3999,1,occurs_in_speaker_text
2861,3999,1,occurs_in_speaker_text
3241,3999,1,occurs_in_speaker_text
