Id,Label,Type
0,milliardärsbaby,Tier-Lemma
1,bonoso,Tier-Lemma
2,hai,Tier-Lemma
3,winckel,Tier-Lemma
4,bäumscheibel,Tier-Lemma
5,brems'n,Tier-Lemma
6,purpurblüt,Tier-Lemma
7,beuteltiere,Tier-Lemma
8,jetzo,Tier-Lemma
9,bulldogge,Tier-Lemma
10,roagagräfin,Tier-Lemma
11,aasgeier,Tier-Lemma
12,erzschwein,Tier-Lemma
13,bacio,Tier-Lemma
14,haiducke,Tier-Lemma
15,strahlengefied,Tier-Lemma
16,edelfalk,Tier-Lemma
17,hundes-zähne,Tier-Lemma
18,bocksschlauch,Tier-Lemma
19,redegonda,Tier-Lemma
20,mädln,Tier-Lemma
21,hünerhunde,Tier-Lemma
22,fuchsschliche,Tier-Lemma
23,schellengebimmel,Tier-Lemma
24,gänserich,Tier-Lemma
25,kameel,Tier-Lemma
26,leu'n,Tier-Lemma
27,glied,Tier-Lemma
28,frohne,Tier-Lemma
29,nifo,Tier-Lemma
30,schindersknecht,Tier-Lemma
31,fröschlein,Tier-Lemma
32,schweinigel,Tier-Lemma
33,ochse,Tier-Lemma
34,ulfo,Tier-Lemma
35,omphal,Tier-Lemma
36,körnlein,Tier-Lemma
37,aesculapius,Tier-Lemma
38,fischerweiber,Tier-Lemma
39,füß,Tier-Lemma
40,spezies,Tier-Lemma
41,greifen,Tier-Lemma
42,strolche,Tier-Lemma
43,cyrille,Tier-Lemma
44,würmlein,Tier-Lemma
45,stieresnacke,Tier-Lemma
46,ent,Tier-Lemma
47,pful,Tier-Lemma
48,codru,Tier-Lemma
49,fuchsin,Tier-Lemma
50,bauche,Tier-Lemma
51,ecclypsis,Tier-Lemma
52,cassa,Tier-Lemma
53,möchen,Tier-Lemma
54,milb,Tier-Lemma
55,felleise,Tier-Lemma
56,lumpensammler,Tier-Lemma
57,parapluiemacher,Tier-Lemma
58,langschenkel,Tier-Lemma
59,karolinche,Tier-Lemma
60,kuhhirt,Tier-Lemma
61,riesengeier,Tier-Lemma
62,taubenschwärmen,Tier-Lemma
63,senta,Tier-Lemma
64,paroxysmus,Tier-Lemma
65,zugvögel,Tier-Lemma
66,samūm,Tier-Lemma
67,agraffe,Tier-Lemma
68,rüffel,Tier-Lemma
69,harrison,Tier-Lemma
70,macula,Tier-Lemma
71,blinddarm,Tier-Lemma
72,brandfuch,Tier-Lemma
73,sprudelkopf,Tier-Lemma
74,gergesener-schwein,Tier-Lemma
75,heuschober,Tier-Lemma
76,filius,Tier-Lemma
77,fischbein,Tier-Lemma
78,plauen,Tier-Lemma
79,seeadler,Tier-Lemma
80,krebs,Tier-Lemma
81,würmchen,Tier-Lemma
82,schaafe,Tier-Lemma
83,schafvieh,Tier-Lemma
84,eselin,Tier-Lemma
85,pfirsich,Tier-Lemma
86,flügeldecke,Tier-Lemma
87,wildling,Tier-Lemma
88,stekkenpferden,Tier-Lemma
89,jhn,Tier-Lemma
90,wildn,Tier-Lemma
91,vlies,Tier-Lemma
92,maronit,Tier-Lemma
93,tüchlode,Tier-Lemma
94,gierde,Tier-Lemma
95,parches,Tier-Lemma
96,ehrgeiz,Tier-Lemma
97,soley,Tier-Lemma
98,wüstenvogel,Tier-Lemma
99,löw,Tier-Lemma
100,quäler,Tier-Lemma
101,lakaien,Tier-Lemma
102,pandur,Tier-Lemma
103,huhn,Tier-Lemma
104,schnäbel,Tier-Lemma
105,ruthe,Tier-Lemma
106,notarigus,Tier-Lemma
107,schafspelz,Tier-Lemma
108,vögelheer,Tier-Lemma
109,schweine-natur,Tier-Lemma
110,finkenmäuslin,Tier-Lemma
111,styx,Tier-Lemma
112,zund,Tier-Lemma
113,regenboge,Tier-Lemma
114,pippin,Tier-Lemma
115,lerchenvögel,Tier-Lemma
116,odoardo,Tier-Lemma
117,rehn,Tier-Lemma
118,bienchen,Tier-Lemma
119,schandarme,Tier-Lemma
120,ueberbein,Tier-Lemma
121,stockfisch-monopolist,Tier-Lemma
122,laridondon,Tier-Lemma
123,wurzelweiber,Tier-Lemma
124,feuerfuch,Tier-Lemma
125,lüüs,Tier-Lemma
126,piperhahn,Tier-Lemma
127,speckhal,Tier-Lemma
128,fotölchs,Tier-Lemma
129,schmeißflieg,Tier-Lemma
130,vampire,Tier-Lemma
131,virum,Tier-Lemma
132,voll,Tier-Lemma
133,fischchen,Tier-Lemma
134,reuter,Tier-Lemma
135,flieh,Tier-Lemma
136,cyrill,Tier-Lemma
137,stumper,Tier-Lemma
138,gorilla,Tier-Lemma
139,larve,Tier-Lemma
140,pferdefleisch,Tier-Lemma
141,mann,Tier-Lemma
142,viecher,Tier-Lemma
143,dohle,Tier-Lemma
144,pfauenauges,Tier-Lemma
145,ottern,Tier-Lemma
146,bein,Tier-Lemma
147,gustav,Tier-Lemma
148,kratzpfot,Tier-Lemma
149,nachtgeflügel,Tier-Lemma
150,tigertier,Tier-Lemma
151,rassepferd,Tier-Lemma
152,gschmeidler,Tier-Lemma
153,peruck,Tier-Lemma
154,schwanze,Tier-Lemma
155,saphir,Tier-Lemma
156,rücken,Tier-Lemma
157,luitprand,Tier-Lemma
158,gartenschneck,Tier-Lemma
159,neveu,Tier-Lemma
160,primislau,Tier-Lemma
161,slave,Tier-Lemma
162,fuchs,Tier-Lemma
163,schnurrbärt,Tier-Lemma
164,windhunde,Tier-Lemma
165,horst,Tier-Lemma
166,ebern,Tier-Lemma
167,adlerschnabel,Tier-Lemma
168,schmetterlingslarve,Tier-Lemma
169,taubenklee,Tier-Lemma
170,bauchfell,Tier-Lemma
171,biestern,Tier-Lemma
172,hornisse,Tier-Lemma
173,viecherseele,Tier-Lemma
174,uud,Tier-Lemma
175,vögerl,Tier-Lemma
176,rockfor,Tier-Lemma
177,zeus,Tier-Lemma
178,springhase,Tier-Lemma
179,muschen,Tier-Lemma
180,borotin,Tier-Lemma
181,avis,Tier-Lemma
182,tyger,Tier-Lemma
183,brosämchen,Tier-Lemma
184,ambrois,Tier-Lemma
185,spürer,Tier-Lemma
186,finke,Tier-Lemma
187,mareskotti,Tier-Lemma
188,rehlein,Tier-Lemma
189,spahn,Tier-Lemma
190,mugg,Tier-Lemma
191,gioconda,Tier-Lemma
192,zerflieg,Tier-Lemma
193,auerochsen,Tier-Lemma
194,pater,Tier-Lemma
195,eeser,Tier-Lemma
196,cornu,Tier-Lemma
197,läuschen,Tier-Lemma
198,accusatus,Tier-Lemma
199,pflanzenthier,Tier-Lemma
200,bromly,Tier-Lemma
201,phalaris,Tier-Lemma
202,kalbfell,Tier-Lemma
203,hirnes,Tier-Lemma
204,welsche,Tier-Lemma
205,seepferd,Tier-Lemma
206,großmuth,Tier-Lemma
207,raubvögelschnäbel,Tier-Lemma
208,ventidius,Tier-Lemma
209,turteltaube,Tier-Lemma
210,inseparables,Tier-Lemma
211,stiermann,Tier-Lemma
212,seraphsschwinge,Tier-Lemma
213,hälse,Tier-Lemma
214,fafner,Tier-Lemma
215,lauernd,Tier-Lemma
216,amors,Tier-Lemma
217,walroß,Tier-Lemma
218,bastard,Tier-Lemma
219,habicht,Tier-Lemma
220,rätzel,Tier-Lemma
221,kuckucksei,Tier-Lemma
222,hörnern,Tier-Lemma
223,ceres,Tier-Lemma
224,salerl,Tier-Lemma
225,knödel,Tier-Lemma
226,leuchtwürmchen,Tier-Lemma
227,fruchtgeschlinge,Tier-Lemma
228,geheul,Tier-Lemma
229,tropff,Tier-Lemma
230,paraplüs,Tier-Lemma
231,ips,Tier-Lemma
232,sporus,Tier-Lemma
233,kellerassel,Tier-Lemma
234,kopf,Tier-Lemma
235,ziegeuner,Tier-Lemma
236,laus,Tier-Lemma
237,hundschieber,Tier-Lemma
238,federschurz,Tier-Lemma
239,skorpion,Tier-Lemma
240,mad'l,Tier-Lemma
241,maultrommel,Tier-Lemma
242,croupier,Tier-Lemma
243,schnabel,Tier-Lemma
244,mathieu,Tier-Lemma
245,waldfräulein,Tier-Lemma
246,anchoye,Tier-Lemma
247,numerus,Tier-Lemma
248,hottehü,Tier-Lemma
249,benj,Tier-Lemma
250,caro,Tier-Lemma
251,distichon,Tier-Lemma
252,burrus,Tier-Lemma
253,nachtigallenschlag,Tier-Lemma
254,abendschmaus,Tier-Lemma
255,angel,Tier-Lemma
256,grane,Tier-Lemma
257,fittiches,Tier-Lemma
258,riesenweiber,Tier-Lemma
259,jupiter,Tier-Lemma
260,geschwader,Tier-Lemma
261,simsons,Tier-Lemma
262,maiwurm,Tier-Lemma
263,fiber,Tier-Lemma
264,zeh,Tier-Lemma
265,aeußre,Tier-Lemma
266,geweih,Tier-Lemma
267,humpelbein,Tier-Lemma
268,skudi,Tier-Lemma
269,mäu,Tier-Lemma
270,leda,Tier-Lemma
271,cilli,Tier-Lemma
272,schnattergan,Tier-Lemma
273,pfeyl,Tier-Lemma
274,meerkater,Tier-Lemma
275,hase,Tier-Lemma
276,wüstenpferde,Tier-Lemma
277,falter,Tier-Lemma
278,steel,Tier-Lemma
279,schmertzen,Tier-Lemma
280,mausekatze,Tier-Lemma
281,christine,Tier-Lemma
282,löwenhaut,Tier-Lemma
283,parry,Tier-Lemma
284,franzosenhund,Tier-Lemma
285,rick,Tier-Lemma
286,satana,Tier-Lemma
287,hundsfütter,Tier-Lemma
288,riesenficht,Tier-Lemma
289,deg,Tier-Lemma
290,ripp,Tier-Lemma
291,kalasche,Tier-Lemma
292,bellerton,Tier-Lemma
293,waldhörnern,Tier-Lemma
294,capitain,Tier-Lemma
295,seepeer,Tier-Lemma
296,spanfudler,Tier-Lemma
297,essend,Tier-Lemma
298,kätzchen,Tier-Lemma
299,rattenschwanz,Tier-Lemma
300,vogelflug,Tier-Lemma
301,sünder,Tier-Lemma
302,kohlkopf,Tier-Lemma
303,mastochsen,Tier-Lemma
304,rothkopf,Tier-Lemma
305,trauerfalt,Tier-Lemma
306,gespenst,Tier-Lemma
307,dickkopf,Tier-Lemma
308,thier,Tier-Lemma
309,zuspeis,Tier-Lemma
310,fidel,Tier-Lemma
311,hanefkörndl,Tier-Lemma
312,heuschrecke,Tier-Lemma
313,teufels-larve,Tier-Lemma
314,homunculus,Tier-Lemma
315,alraune,Tier-Lemma
316,pflegling,Tier-Lemma
317,moses,Tier-Lemma
318,cili,Tier-Lemma
319,koffre,Tier-Lemma
320,zottelbär,Tier-Lemma
321,pudelchen,Tier-Lemma
322,grill,Tier-Lemma
323,piro,Tier-Lemma
324,hasen,Tier-Lemma
325,rosalie,Tier-Lemma
326,taubenherz,Tier-Lemma
327,gezirp,Tier-Lemma
328,krabbe's,Tier-Lemma
329,pfänder,Tier-Lemma
330,stierhauen,Tier-Lemma
331,rindviech,Tier-Lemma
332,zwey,Tier-Lemma
333,steinbock's,Tier-Lemma
334,püschel,Tier-Lemma
335,hendeln,Tier-Lemma
336,gekalbet,Tier-Lemma
337,kröten-und-unkenbrut,Tier-Lemma
338,nephel,Tier-Lemma
339,charybdi,Tier-Lemma
340,hundejung,Tier-Lemma
341,venetier,Tier-Lemma
342,sabac,Tier-Lemma
343,kindskopf,Tier-Lemma
344,lohengrin,Tier-Lemma
345,ziegenbock,Tier-Lemma
346,schararaka,Tier-Lemma
347,schuppen-panzer,Tier-Lemma
348,bauernpferde,Tier-Lemma
349,posaune,Tier-Lemma
350,pythia,Tier-Lemma
351,spitzbüberey,Tier-Lemma
352,wallfische,Tier-Lemma
353,riesenweib,Tier-Lemma
354,geschor'nen,Tier-Lemma
355,stiefcousinch,Tier-Lemma
356,kapphähne,Tier-Lemma
357,rosi,Tier-Lemma
358,sichel,Tier-Lemma
359,lazert,Tier-Lemma
360,schoß,Tier-Lemma
361,didus,Tier-Lemma
362,aimablest,Tier-Lemma
363,gomorra,Tier-Lemma
364,pedrilla,Tier-Lemma
365,untier,Tier-Lemma
366,schwanzfeder,Tier-Lemma
367,nereide,Tier-Lemma
368,wöhler,Tier-Lemma
369,reitpferd,Tier-Lemma
370,lel,Tier-Lemma
371,eydschwur,Tier-Lemma
372,pollux,Tier-Lemma
373,schnapphähne,Tier-Lemma
374,hyder,Tier-Lemma
375,smerle,Tier-Lemma
376,mammon,Tier-Lemma
377,gorill,Tier-Lemma
378,heidschnuck,Tier-Lemma
379,metzjerschhund,Tier-Lemma
380,stuppeln,Tier-Lemma
381,tierrasse,Tier-Lemma
382,repetitionsstrophe,Tier-Lemma
383,chimaire,Tier-Lemma
384,frösch,Tier-Lemma
385,gsichter,Tier-Lemma
386,bärenfell,Tier-Lemma
387,maccabäer,Tier-Lemma
388,speelvogel,Tier-Lemma
389,hühner,Tier-Lemma
390,speziesthaler,Tier-Lemma
391,ehweib,Tier-Lemma
392,lästermaul,Tier-Lemma
393,agathe,Tier-Lemma
394,gierschlündig,Tier-Lemma
395,stambol,Tier-Lemma
396,pelide,Tier-Lemma
397,pocke,Tier-Lemma
398,achills,Tier-Lemma
399,jakobsbruder,Tier-Lemma
400,wundertier,Tier-Lemma
401,wildschweinkopf,Tier-Lemma
402,ambrosia,Tier-Lemma
403,finantze,Tier-Lemma
404,stockzähn,Tier-Lemma
405,infell,Tier-Lemma
406,silberschwan,Tier-Lemma
407,pferdefuß,Tier-Lemma
408,katzenschwanz,Tier-Lemma
409,hornwachs,Tier-Lemma
410,calliope,Tier-Lemma
411,räuber,Tier-Lemma
412,judas,Tier-Lemma
413,krapfen,Tier-Lemma
414,bug,Tier-Lemma
415,papagei,Tier-Lemma
416,wellenkahn,Tier-Lemma
417,peniculum,Tier-Lemma
418,zahnfleisch,Tier-Lemma
419,hungrig,Tier-Lemma
420,finga,Tier-Lemma
421,ziegenfüßlerinn,Tier-Lemma
422,graubärten,Tier-Lemma
423,hecht,Tier-Lemma
424,rappschnabel,Tier-Lemma
425,höll,Tier-Lemma
426,schakal,Tier-Lemma
427,faseleie,Tier-Lemma
428,regii,Tier-Lemma
429,pferdekiefer,Tier-Lemma
430,vorderfüße,Tier-Lemma
431,fusthämmer,Tier-Lemma
432,adlerbrut,Tier-Lemma
433,gelärm,Tier-Lemma
434,landry,Tier-Lemma
435,kreuzschnabel,Tier-Lemma
436,rothschild,Tier-Lemma
437,ko-ko-ko-ko-kopf,Tier-Lemma
438,baßgeiger,Tier-Lemma
439,lisiska,Tier-Lemma
440,büffeln,Tier-Lemma
441,schwänen,Tier-Lemma
442,kameelskopf,Tier-Lemma
443,rüde,Tier-Lemma
444,fanghund,Tier-Lemma
445,commorari,Tier-Lemma
446,wildkatze,Tier-Lemma
447,zikad,Tier-Lemma
448,collas,Tier-Lemma
449,seekarpfen,Tier-Lemma
450,natibus,Tier-Lemma
451,lauscher,Tier-Lemma
452,teufelsfratz,Tier-Lemma
453,lumbrici,Tier-Lemma
454,totenvögel,Tier-Lemma
455,huste,Tier-Lemma
456,titus,Tier-Lemma
457,bull-dogs,Tier-Lemma
458,stieren,Tier-Lemma
459,kornett,Tier-Lemma
460,rebhuhn,Tier-Lemma
461,kibitze,Tier-Lemma
462,federkamm,Tier-Lemma
463,amica,Tier-Lemma
464,huf,Tier-Lemma
465,federbüschen,Tier-Lemma
466,rehder,Tier-Lemma
467,rattenkönig,Tier-Lemma
468,vogl,Tier-Lemma
469,hänflingei,Tier-Lemma
470,narziß,Tier-Lemma
471,springfritze,Tier-Lemma
472,orang,Tier-Lemma
473,hpochondriaco,Tier-Lemma
474,maid,Tier-Lemma
475,doeren,Tier-Lemma
476,schweißhund,Tier-Lemma
477,katzentrotz,Tier-Lemma
478,tell,Tier-Lemma
479,v.,Tier-Lemma
480,katzenaug,Tier-Lemma
481,küke,Tier-Lemma
482,schweinsschwanz,Tier-Lemma
483,kasimir,Tier-Lemma
484,pustrohr,Tier-Lemma
485,widerhak,Tier-Lemma
486,pumpernickl,Tier-Lemma
487,phantome,Tier-Lemma
488,blikken,Tier-Lemma
489,käferlein,Tier-Lemma
490,kutschpferde,Tier-Lemma
491,specht,Tier-Lemma
492,czervany,Tier-Lemma
493,koketterie,Tier-Lemma
494,corpus,Tier-Lemma
495,thäler,Tier-Lemma
496,thier-sprache,Tier-Lemma
497,löwenherz,Tier-Lemma
498,koppel,Tier-Lemma
499,schooßhund,Tier-Lemma
500,amsel,Tier-Lemma
501,beym,Tier-Lemma
502,stehhund,Tier-Lemma
503,singevogel,Tier-Lemma
504,mädgen,Tier-Lemma
505,fresser,Tier-Lemma
506,saphire,Tier-Lemma
507,maus,Tier-Lemma
508,geflecht,Tier-Lemma
509,schnecken-pudel,Tier-Lemma
510,madenwurm,Tier-Lemma
511,schwämmen,Tier-Lemma
512,phrasengebimmel,Tier-Lemma
513,panthern,Tier-Lemma
514,gisgon,Tier-Lemma
515,sanfthingleitende,Tier-Lemma
516,schlangenbug,Tier-Lemma
517,lemmche,Tier-Lemma
518,räthin,Tier-Lemma
519,spinnenleib,Tier-Lemma
520,simurghs,Tier-Lemma
521,truthahn,Tier-Lemma
522,aantn,Tier-Lemma
523,schneegefieder,Tier-Lemma
524,drilling,Tier-Lemma
525,leberknödel,Tier-Lemma
526,starmatz,Tier-Lemma
527,schosen,Tier-Lemma
528,uch,Tier-Lemma
529,büttel,Tier-Lemma
530,wallross,Tier-Lemma
531,bücherwurm,Tier-Lemma
532,feueräuglein,Tier-Lemma
533,gazelle,Tier-Lemma
534,utfell,Tier-Lemma
535,cancri,Tier-Lemma
536,mi,Tier-Lemma
537,karpe,Tier-Lemma
538,kolibris,Tier-Lemma
539,lenoren,Tier-Lemma
540,raubdrach,Tier-Lemma
541,elephantenzahn,Tier-Lemma
542,rohrdommel,Tier-Lemma
543,tuorum,Tier-Lemma
544,scholaum,Tier-Lemma
545,schwänze,Tier-Lemma
546,hintern,Tier-Lemma
547,dickhäutig,Tier-Lemma
548,wade,Tier-Lemma
549,knie,Tier-Lemma
550,--,Tier-Lemma
551,zenger,Tier-Lemma
552,spitzbuab'nhäuptling,Tier-Lemma
553,finger,Tier-Lemma
554,hasenkopf,Tier-Lemma
555,nilpferd,Tier-Lemma
556,dot,Tier-Lemma
557,meuchelmörd,Tier-Lemma
558,delicti,Tier-Lemma
559,bocksschwanz,Tier-Lemma
560,seefisch,Tier-Lemma
561,indier,Tier-Lemma
562,krenk,Tier-Lemma
563,dackel,Tier-Lemma
564,teuffel,Tier-Lemma
565,gratiana,Tier-Lemma
566,haupt,Tier-Lemma
567,nessel,Tier-Lemma
568,kokarde,Tier-Lemma
569,amphitrite,Tier-Lemma
570,schnabelstorch,Tier-Lemma
571,kolibri,Tier-Lemma
572,spaßvogel,Tier-Lemma
573,ochsenkopf,Tier-Lemma
574,taugenix,Tier-Lemma
575,nage,Tier-Lemma
576,sulpicius,Tier-Lemma
577,höllenwurm,Tier-Lemma
578,widder,Tier-Lemma
579,caninche,Tier-Lemma
580,windeier,Tier-Lemma
581,schwanenfed,Tier-Lemma
582,hundsfut,Tier-Lemma
583,ricki,Tier-Lemma
584,hauptfüch,Tier-Lemma
585,maulaffengesichter,Tier-Lemma
586,kuckuck,Tier-Lemma
587,hennen,Tier-Lemma
588,camera,Tier-Lemma
589,quast,Tier-Lemma
590,schnabi,Tier-Lemma
591,pröbche,Tier-Lemma
592,löwengeist,Tier-Lemma
593,todesvogel,Tier-Lemma
594,futter,Tier-Lemma
595,antvögel,Tier-Lemma
596,kreuzspinn,Tier-Lemma
597,tatzen,Tier-Lemma
598,menschengeig,Tier-Lemma
599,corda,Tier-Lemma
600,froschkönig,Tier-Lemma
601,frosche,Tier-Lemma
602,tektosage,Tier-Lemma
603,lenchen,Tier-Lemma
604,lamb,Tier-Lemma
605,papageno,Tier-Lemma
606,vollblut,Tier-Lemma
607,aemilius,Tier-Lemma
608,maulaffe,Tier-Lemma
609,dafern,Tier-Lemma
610,geierschnabel,Tier-Lemma
611,l,Tier-Lemma
612,phöbe,Tier-Lemma
613,schwertfisch,Tier-Lemma
614,wildente,Tier-Lemma
615,guelfo,Tier-Lemma
616,spatze,Tier-Lemma
617,eidech,Tier-Lemma
618,thierreich,Tier-Lemma
619,pasquino,Tier-Lemma
620,kamelle,Tier-Lemma
621,ferrum,Tier-Lemma
622,oge,Tier-Lemma
623,spitzbua,Tier-Lemma
624,geprassel,Tier-Lemma
625,krampf,Tier-Lemma
626,schlangenhaare,Tier-Lemma
627,kammerjungfer,Tier-Lemma
628,fledermausschwing,Tier-Lemma
629,schwein,Tier-Lemma
630,schindhund,Tier-Lemma
631,krautkopf,Tier-Lemma
632,rehbock,Tier-Lemma
633,glendower,Tier-Lemma
634,stieles,Tier-Lemma
635,palla,Tier-Lemma
636,erdenwürmer,Tier-Lemma
637,hundesbube,Tier-Lemma
638,misericordia,Tier-Lemma
639,speckmaus,Tier-Lemma
640,primadonna,Tier-Lemma
641,mordvögel,Tier-Lemma
642,kutschpferd,Tier-Lemma
643,elefantenkälber,Tier-Lemma
644,vierbein,Tier-Lemma
645,selinus,Tier-Lemma
646,bluthunde,Tier-Lemma
647,aalraupe,Tier-Lemma
648,pute,Tier-Lemma
649,lilie,Tier-Lemma
650,negligé,Tier-Lemma
651,wilddieb,Tier-Lemma
652,gespäß,Tier-Lemma
653,retor,Tier-Lemma
654,walbisch,Tier-Lemma
655,nachtigal,Tier-Lemma
656,drehwurm,Tier-Lemma
657,bulla,Tier-Lemma
658,dämmerungsfalter,Tier-Lemma
659,hahne,Tier-Lemma
660,bariton,Tier-Lemma
661,kamehle,Tier-Lemma
662,tyra,Tier-Lemma
663,hercules,Tier-Lemma
664,scheere,Tier-Lemma
665,heliogabalus,Tier-Lemma
666,zugvogel,Tier-Lemma
667,lumpen-hund,Tier-Lemma
668,schaar,Tier-Lemma
669,verdrus,Tier-Lemma
670,fliegenpaar,Tier-Lemma
671,cleopatra,Tier-Lemma
672,gnom,Tier-Lemma
673,spinnfüßen,Tier-Lemma
674,kannibal,Tier-Lemma
675,rogaturus,Tier-Lemma
676,schneck,Tier-Lemma
677,federkrone,Tier-Lemma
678,sauhund,Tier-Lemma
679,linné,Tier-Lemma
680,geiz,Tier-Lemma
681,tantalus,Tier-Lemma
682,krüppel,Tier-Lemma
683,citadel,Tier-Lemma
684,hali,Tier-Lemma
685,meerkatze,Tier-Lemma
686,straußeney,Tier-Lemma
687,kakadu,Tier-Lemma
688,schwärmerey,Tier-Lemma
689,schuppenkleid,Tier-Lemma
690,stiason,Tier-Lemma
691,mausauge,Tier-Lemma
692,fletscht,Tier-Lemma
693,adelhof,Tier-Lemma
694,franzose,Tier-Lemma
695,wolfsfell,Tier-Lemma
696,uhu,Tier-Lemma
697,schmetterlingstanz,Tier-Lemma
698,guckguck,Tier-Lemma
699,pferdlein,Tier-Lemma
700,starl,Tier-Lemma
701,schellendaus,Tier-Lemma
702,xaver,Tier-Lemma
703,vögelchens,Tier-Lemma
704,rindviehs,Tier-Lemma
705,triglawas,Tier-Lemma
706,schnupfen,Tier-Lemma
707,hühnerhunde,Tier-Lemma
708,roßzähn,Tier-Lemma
709,löwenbusen,Tier-Lemma
710,bulldogg,Tier-Lemma
711,crucifix,Tier-Lemma
712,gottesgeißel,Tier-Lemma
713,felleisen,Tier-Lemma
714,dilventia,Tier-Lemma
715,pitha,Tier-Lemma
716,flintenschüsse,Tier-Lemma
717,pipperhahn,Tier-Lemma
718,kaninche,Tier-Lemma
719,delfinen,Tier-Lemma
720,fihs,Tier-Lemma
721,tolle,Tier-Lemma
722,wölfin,Tier-Lemma
723,eidechslein,Tier-Lemma
724,flechse,Tier-Lemma
725,kiefer,Tier-Lemma
726,geföhl,Tier-Lemma
727,krote,Tier-Lemma
728,chaiselongue,Tier-Lemma
729,junikätzche,Tier-Lemma
730,frawe,Tier-Lemma
731,pingst,Tier-Lemma
732,amphibienthier,Tier-Lemma
733,spottes,Tier-Lemma
734,rattenfell,Tier-Lemma
735,antistrophe,Tier-Lemma
736,bürger,Tier-Lemma
737,aff'n,Tier-Lemma
738,lefze,Tier-Lemma
739,nag'l,Tier-Lemma
740,speerer,Tier-Lemma
741,scheinfromm,Tier-Lemma
742,hendl,Tier-Lemma
743,purgantia,Tier-Lemma
744,wildpret,Tier-Lemma
745,quidquid,Tier-Lemma
746,haderkatz,Tier-Lemma
747,lämmermatz,Tier-Lemma
748,hacken,Tier-Lemma
749,stribog,Tier-Lemma
750,wisenthorn,Tier-Lemma
751,gänsekneifer,Tier-Lemma
752,cömödjen,Tier-Lemma
753,brutuskopf,Tier-Lemma
754,o.c,Tier-Lemma
755,wespe,Tier-Lemma
756,bartholdinn,Tier-Lemma
757,fregatte,Tier-Lemma
758,fliehend,Tier-Lemma
759,schwämm,Tier-Lemma
760,puter,Tier-Lemma
761,goldfuch,Tier-Lemma
762,königin,Tier-Lemma
763,adlernase,Tier-Lemma
764,murner,Tier-Lemma
765,ratt,Tier-Lemma
766,heroen,Tier-Lemma
767,hunderl,Tier-Lemma
768,weider,Tier-Lemma
769,kobolde,Tier-Lemma
770,püppchen,Tier-Lemma
771,heunenbock,Tier-Lemma
772,rosel,Tier-Lemma
773,krampus,Tier-Lemma
774,speciem,Tier-Lemma
775,kohlbrenner,Tier-Lemma
776,mutterzieg,Tier-Lemma
777,flöh,Tier-Lemma
778,walfischfänger,Tier-Lemma
779,nanana,Tier-Lemma
780,luder,Tier-Lemma
781,krallenthier,Tier-Lemma
782,lampreter,Tier-Lemma
783,seidenwürmchen,Tier-Lemma
784,rewolutzjohn,Tier-Lemma
785,pantherkätzchen,Tier-Lemma
786,leghühner,Tier-Lemma
787,claudius,Tier-Lemma
788,priamus,Tier-Lemma
789,wodan,Tier-Lemma
790,kebsweib,Tier-Lemma
791,lümmel,Tier-Lemma
792,demagog,Tier-Lemma
793,löwenfell,Tier-Lemma
794,opfergerat,Tier-Lemma
795,riesenkopf,Tier-Lemma
796,mensch,Tier-Lemma
797,gardinchen,Tier-Lemma
798,derke,Tier-Lemma
799,flood,Tier-Lemma
800,fink,Tier-Lemma
801,froschschenkel,Tier-Lemma
802,brutus,Tier-Lemma
803,zweibeiner,Tier-Lemma
804,gluthahn,Tier-Lemma
805,kolosse,Tier-Lemma
806,pignaccia,Tier-Lemma
807,möwenschar,Tier-Lemma
808,papagena,Tier-Lemma
809,hündch,Tier-Lemma
810,cephalus,Tier-Lemma
811,maul,Tier-Lemma
812,großmut,Tier-Lemma
813,toga,Tier-Lemma
814,lica,Tier-Lemma
815,rehkalb,Tier-Lemma
816,percifal,Tier-Lemma
817,affenschwanz,Tier-Lemma
818,scharlachnatter,Tier-Lemma
819,blahn,Tier-Lemma
820,kälbern,Tier-Lemma
821,egyptier,Tier-Lemma
822,stockfisch,Tier-Lemma
823,hundeschnauze,Tier-Lemma
824,ebbes,Tier-Lemma
825,rappelkopf,Tier-Lemma
826,speck,Tier-Lemma
827,schweinefleisch,Tier-Lemma
828,gorgone,Tier-Lemma
829,tollkopf,Tier-Lemma
830,niesewurz,Tier-Lemma
831,maulwerk,Tier-Lemma
832,drachenungeheuer,Tier-Lemma
833,falk,Tier-Lemma
834,löwenschweif,Tier-Lemma
835,theoderich,Tier-Lemma
836,mücke,Tier-Lemma
837,silenus,Tier-Lemma
838,feür,Tier-Lemma
839,leo'sch,Tier-Lemma
840,besitz,Tier-Lemma
841,dryade,Tier-Lemma
842,galliot,Tier-Lemma
843,bacchusdiener,Tier-Lemma
844,federbäll,Tier-Lemma
845,fro,Tier-Lemma
846,zifaldo,Tier-Lemma
847,morgenröthe,Tier-Lemma
848,ietzund,Tier-Lemma
849,masaniello,Tier-Lemma
850,natter,Tier-Lemma
851,stier-hörner,Tier-Lemma
852,bär'n,Tier-Lemma
853,ermischer,Tier-Lemma
854,eyer,Tier-Lemma
855,lerchenausche,Tier-Lemma
856,esels-ohr,Tier-Lemma
857,aust,Tier-Lemma
858,moisasur,Tier-Lemma
859,zauberkröte,Tier-Lemma
860,rennthier,Tier-Lemma
861,petze,Tier-Lemma
862,sargina,Tier-Lemma
863,drache,Tier-Lemma
864,mon,Tier-Lemma
865,oolsch,Tier-Lemma
866,huß,Tier-Lemma
867,jungfräulein,Tier-Lemma
868,schwalb,Tier-Lemma
869,grinis,Tier-Lemma
870,aar,Tier-Lemma
871,flanke,Tier-Lemma
872,zentauren,Tier-Lemma
873,raupel,Tier-Lemma
874,zembla,Tier-Lemma
875,grünfrosch,Tier-Lemma
876,bembo,Tier-Lemma
877,tierlein,Tier-Lemma
878,kielkropf,Tier-Lemma
879,stall,Tier-Lemma
880,cambdenus,Tier-Lemma
881,pudelhund,Tier-Lemma
882,lukanus,Tier-Lemma
883,bramin,Tier-Lemma
884,helikanus,Tier-Lemma
885,kam,Tier-Lemma
886,fuchsschwanze,Tier-Lemma
887,koppe,Tier-Lemma
888,rosenbukett,Tier-Lemma
889,fleischlappe,Tier-Lemma
890,wundervögeln,Tier-Lemma
891,araras,Tier-Lemma
892,waldgeist,Tier-Lemma
893,ratte,Tier-Lemma
894,hummermajonäsen-martirjum,Tier-Lemma
895,inflexit,Tier-Lemma
896,brummbaß,Tier-Lemma
897,lebewesen,Tier-Lemma
898,fröschen,Tier-Lemma
899,miliweib,Tier-Lemma
900,krebsschwänze,Tier-Lemma
901,kosak,Tier-Lemma
902,wolfsrache,Tier-Lemma
903,casus,Tier-Lemma
904,trojas,Tier-Lemma
905,goldadler,Tier-Lemma
906,colibri,Tier-Lemma
907,cicero,Tier-Lemma
908,tigerkatzen,Tier-Lemma
909,fleuch,Tier-Lemma
910,höllenauswurf,Tier-Lemma
911,mysticus,Tier-Lemma
912,lermen,Tier-Lemma
913,summ,Tier-Lemma
914,purpurmohn,Tier-Lemma
915,hornviecher,Tier-Lemma
916,himmelsschwalbe,Tier-Lemma
917,federle,Tier-Lemma
918,schweinehaschpel,Tier-Lemma
919,schoßhunds,Tier-Lemma
920,rindvieh,Tier-Lemma
921,hubert,Tier-Lemma
922,schnabeltierstadien,Tier-Lemma
923,dompfaffen,Tier-Lemma
924,klappermühle,Tier-Lemma
925,röhrigflöt,Tier-Lemma
926,kümmelgebimmel,Tier-Lemma
927,gorgo,Tier-Lemma
928,popejeie,Tier-Lemma
929,bisgurn,Tier-Lemma
930,käs,Tier-Lemma
931,fidibus,Tier-Lemma
932,hystericam,Tier-Lemma
933,kobra,Tier-Lemma
934,spaßvögelchen,Tier-Lemma
935,stekkenpferd,Tier-Lemma
936,tapßier,Tier-Lemma
937,maulschell,Tier-Lemma
938,hermelin-fell,Tier-Lemma
939,jämmerling,Tier-Lemma
940,phantastsche,Tier-Lemma
941,mäuse-pulver,Tier-Lemma
942,katze,Tier-Lemma
943,hahnenbein,Tier-Lemma
944,mäus,Tier-Lemma
945,lauwin,Tier-Lemma
946,fleischerhund,Tier-Lemma
947,flavie,Tier-Lemma
948,ponys,Tier-Lemma
949,haccus,Tier-Lemma
950,octavian,Tier-Lemma
951,maulwurfsart,Tier-Lemma
952,würger,Tier-Lemma
953,barometter,Tier-Lemma
954,wächterhund,Tier-Lemma
955,rebus,Tier-Lemma
956,waldes-thiere,Tier-Lemma
957,posthorn,Tier-Lemma
958,ungestüm,Tier-Lemma
959,sommerfalter,Tier-Lemma
960,rabenfell,Tier-Lemma
961,humpe,Tier-Lemma
962,rihnocerus,Tier-Lemma
963,pegasus,Tier-Lemma
964,krum,Tier-Lemma
965,viehes,Tier-Lemma
966,jagdhörner,Tier-Lemma
967,goldvogel,Tier-Lemma
968,raubvögel,Tier-Lemma
969,waldhorn,Tier-Lemma
970,hausthür,Tier-Lemma
971,füchselein,Tier-Lemma
972,kunstreitertiere,Tier-Lemma
973,schälche,Tier-Lemma
974,blitzkrot,Tier-Lemma
975,feldmaus,Tier-Lemma
976,golde,Tier-Lemma
977,finkenhähnche,Tier-Lemma
978,totenglocke,Tier-Lemma
979,mohrenhund,Tier-Lemma
980,heuschreckenschar,Tier-Lemma
981,dachse,Tier-Lemma
982,wühltier,Tier-Lemma
983,tubam,Tier-Lemma
984,hute,Tier-Lemma
985,mocenigo,Tier-Lemma
986,passionem,Tier-Lemma
987,gänsen,Tier-Lemma
988,feuerkröt,Tier-Lemma
989,spielhahn,Tier-Lemma
990,fischel,Tier-Lemma
991,clitander,Tier-Lemma
992,stierkopf,Tier-Lemma
993,zweibein,Tier-Lemma
994,salome,Tier-Lemma
995,brizzi,Tier-Lemma
996,amselschnabel,Tier-Lemma
997,blasbälge,Tier-Lemma
998,püster,Tier-Lemma
999,art,Tier-Lemma
1000,lämmerherde,Tier-Lemma
1001,douche,Tier-Lemma
1002,bierrettich,Tier-Lemma
1003,hellebarden,Tier-Lemma
1004,kinn,Tier-Lemma
1005,armadille,Tier-Lemma
1006,efeuranke,Tier-Lemma
1007,skelette,Tier-Lemma
1008,böck,Tier-Lemma
1009,jägrin,Tier-Lemma
1010,schellfisch,Tier-Lemma
1011,ratz,Tier-Lemma
1012,zabbäos,Tier-Lemma
1013,fuchsgesicht,Tier-Lemma
1014,löwinn,Tier-Lemma
1015,blutigel,Tier-Lemma
1016,pandurs,Tier-Lemma
1017,coelestica,Tier-Lemma
1018,couriere,Tier-Lemma
1019,mausefallenkrämer,Tier-Lemma
1020,spitzbub'n,Tier-Lemma
1021,koulisse,Tier-Lemma
1022,widdergespann,Tier-Lemma
1023,goldforelle,Tier-Lemma
1024,tieres,Tier-Lemma
1025,saugwurm,Tier-Lemma
1026,gänsg,Tier-Lemma
1027,hottentott,Tier-Lemma
1028,kolombinche,Tier-Lemma
1029,hulden,Tier-Lemma
1030,steiß,Tier-Lemma
1031,centaur,Tier-Lemma
1032,hoppe,Tier-Lemma
1033,phidias,Tier-Lemma
1034,leuchtkäfer,Tier-Lemma
1035,flodoarde,Tier-Lemma
1036,rehfuß,Tier-Lemma
1037,nachttau,Tier-Lemma
1038,prigg,Tier-Lemma
1039,hoden,Tier-Lemma
1040,säu,Tier-Lemma
1041,schimmel,Tier-Lemma
1042,katerchen,Tier-Lemma
1043,schippe,Tier-Lemma
1044,eselsohr,Tier-Lemma
1045,schimmelhaar,Tier-Lemma
1046,ophelia,Tier-Lemma
1047,klauenseuch,Tier-Lemma
1048,kett,Tier-Lemma
1049,kratz,Tier-Lemma
1050,schildjungfrau,Tier-Lemma
1051,brodrind,Tier-Lemma
1052,waldvögel,Tier-Lemma
1053,petri,Tier-Lemma
1054,welschhühner,Tier-Lemma
1055,bart,Tier-Lemma
1056,paradiesvogel,Tier-Lemma
1057,kämp,Tier-Lemma
1058,thierbändiger,Tier-Lemma
1059,flügelhorn,Tier-Lemma
1060,flosse,Tier-Lemma
1061,silvanus,Tier-Lemma
1062,pilz,Tier-Lemma
1063,mammeluck,Tier-Lemma
1064,kranzeljungfer,Tier-Lemma
1065,meze,Tier-Lemma
1066,libussas,Tier-Lemma
1067,berberhengst,Tier-Lemma
1068,lupus,Tier-Lemma
1069,lumpazius,Tier-Lemma
1070,phaon,Tier-Lemma
1071,guiskard,Tier-Lemma
1072,flieg,Tier-Lemma
1073,federbusch,Tier-Lemma
1074,teffli,Tier-Lemma
1075,löwenklau,Tier-Lemma
1076,nyssia,Tier-Lemma
1077,oikonomopulos,Tier-Lemma
1078,bisamkatze,Tier-Lemma
1079,hyän,Tier-Lemma
1080,feldequipag,Tier-Lemma
1081,nachtigall'n,Tier-Lemma
1082,federwische,Tier-Lemma
1083,partialis,Tier-Lemma
1084,fuchses,Tier-Lemma
1085,delphi,Tier-Lemma
1086,schießhunde,Tier-Lemma
1087,mauszähn,Tier-Lemma
1088,rabentier,Tier-Lemma
1089,pocus,Tier-Lemma
1090,goldfischlein,Tier-Lemma
1091,fee,Tier-Lemma
1092,laquai,Tier-Lemma
1093,zauberdiadem,Tier-Lemma
1094,brocken,Tier-Lemma
1095,moana's,Tier-Lemma
1096,papagey,Tier-Lemma
1097,orthodox,Tier-Lemma
1098,hippopotamus,Tier-Lemma
1099,diderot,Tier-Lemma
1100,ulysse,Tier-Lemma
1101,ottur'n,Tier-Lemma
1102,iber,Tier-Lemma
1103,tauris,Tier-Lemma
1104,e,Tier-Lemma
1105,gansel,Tier-Lemma
1106,ezel,Tier-Lemma
1107,hundemaul,Tier-Lemma
1108,bockmist,Tier-Lemma
1109,waldgefieder,Tier-Lemma
1110,tohn,Tier-Lemma
1111,oreaden,Tier-Lemma
1112,lepold,Tier-Lemma
1113,pupp,Tier-Lemma
1114,kälber,Tier-Lemma
1115,schädel,Tier-Lemma
1116,schafkopf,Tier-Lemma
1117,wasserdrachen,Tier-Lemma
1118,aff,Tier-Lemma
1119,wally,Tier-Lemma
1120,brüllaut,Tier-Lemma
1121,sancta,Tier-Lemma
1122,meliböu,Tier-Lemma
1123,trommelfellen,Tier-Lemma
1124,königstiger,Tier-Lemma
1125,bojokewitsch,Tier-Lemma
1126,tau,Tier-Lemma
1127,ponce,Tier-Lemma
1128,liev,Tier-Lemma
1129,strolch,Tier-Lemma
1130,scauru,Tier-Lemma
1131,hüner,Tier-Lemma
1132,götz,Tier-Lemma
1133,cupido,Tier-Lemma
1134,läster-maul,Tier-Lemma
1135,sim,Tier-Lemma
1136,komet,Tier-Lemma
1137,frohner,Tier-Lemma
1138,trunken,Tier-Lemma
1139,pandor,Tier-Lemma
1140,turteltaub,Tier-Lemma
1141,menschentier,Tier-Lemma
1142,gartenwürmche,Tier-Lemma
1143,krall'n,Tier-Lemma
1144,wurm,Tier-Lemma
1145,trampelthier,Tier-Lemma
1146,feigling,Tier-Lemma
1147,pofese,Tier-Lemma
1148,wallrossen,Tier-Lemma
1149,mirta,Tier-Lemma
1150,agag,Tier-Lemma
1151,gänsehaut,Tier-Lemma
1152,bart-cotelett,Tier-Lemma
1153,paraplui,Tier-Lemma
1154,genovefa,Tier-Lemma
1155,heuchelei,Tier-Lemma
1156,gesicht,Tier-Lemma
1157,schnecke,Tier-Lemma
1158,columbus,Tier-Lemma
1159,singvögelch,Tier-Lemma
1160,damöt,Tier-Lemma
1161,tiberim,Tier-Lemma
1162,löwenstein,Tier-Lemma
1163,aloe,Tier-Lemma
1164,lump,Tier-Lemma
1165,lobfrosche,Tier-Lemma
1166,wiedehopfs,Tier-Lemma
1167,ungethüm,Tier-Lemma
1168,viola,Tier-Lemma
1169,krahe,Tier-Lemma
1170,aris,Tier-Lemma
1171,hohlköpf,Tier-Lemma
1172,donnerkeil,Tier-Lemma
1173,waldhörner,Tier-Lemma
1174,adlerflügel,Tier-Lemma
1175,carriere,Tier-Lemma
1176,stechflieg,Tier-Lemma
1177,jagdhund,Tier-Lemma
1178,frohn,Tier-Lemma
1179,rallalala,Tier-Lemma
1180,intellectum,Tier-Lemma
1181,kütschche,Tier-Lemma
1182,kothner,Tier-Lemma
1183,gfliederwerk,Tier-Lemma
1184,geziefer,Tier-Lemma
1185,accoucheur,Tier-Lemma
1186,tauberich,Tier-Lemma
1187,spickgänse,Tier-Lemma
1188,dohl,Tier-Lemma
1189,stieres,Tier-Lemma
1190,schlangenbändiger,Tier-Lemma
1191,hull,Tier-Lemma
1192,wildschwein,Tier-Lemma
1193,malefizvogel,Tier-Lemma
1194,tierl'n,Tier-Lemma
1195,schose,Tier-Lemma
1196,forelle,Tier-Lemma
1197,nood,Tier-Lemma
1198,ahnherr,Tier-Lemma
1199,schlangenhaut,Tier-Lemma
1200,schafspelze,Tier-Lemma
1201,rephuhn,Tier-Lemma
1202,flichel,Tier-Lemma
1203,dogge,Tier-Lemma
1204,riesenadler,Tier-Lemma
1205,ameisenhaufen,Tier-Lemma
1206,krötenspieß,Tier-Lemma
1207,esel-könig,Tier-Lemma
1208,gang,Tier-Lemma
1209,dront,Tier-Lemma
1210,dulcis,Tier-Lemma
1211,friedensvogel,Tier-Lemma
1212,pharisäerhohn,Tier-Lemma
1213,marderfell,Tier-Lemma
1214,scävola,Tier-Lemma
1215,aueroch,Tier-Lemma
1216,birsen,Tier-Lemma
1217,postpferd,Tier-Lemma
1218,krott,Tier-Lemma
1219,wandervögel,Tier-Lemma
1220,paschkoffel,Tier-Lemma
1221,fitt'ge,Tier-Lemma
1222,tigeraug,Tier-Lemma
1223,lämmer-fellen,Tier-Lemma
1224,skorpionengeißeln,Tier-Lemma
1225,viren,Tier-Lemma
1226,hund'l,Tier-Lemma
1227,schwalbenpaar,Tier-Lemma
1228,mordhunde,Tier-Lemma
1229,hundeaug,Tier-Lemma
1230,pfingstvogel,Tier-Lemma
1231,hundsfott,Tier-Lemma
1232,hahn,Tier-Lemma
1233,grillchen,Tier-Lemma
1234,kebratne,Tier-Lemma
1235,glühwürmer,Tier-Lemma
1236,blumenaug,Tier-Lemma
1237,luchses,Tier-Lemma
1238,timotheus,Tier-Lemma
1239,giulietta,Tier-Lemma
1240,schwanenweibchen,Tier-Lemma
1241,heidelerchen,Tier-Lemma
1242,lammsviertel,Tier-Lemma
1243,pfot,Tier-Lemma
1244,sennrinn,Tier-Lemma
1245,schädlinge,Tier-Lemma
1246,fliehn,Tier-Lemma
1247,argusohr,Tier-Lemma
1248,laurer,Tier-Lemma
1249,metellus,Tier-Lemma
1250,schnauzen,Tier-Lemma
1251,geschöpfel,Tier-Lemma
1252,fliegengesum,Tier-Lemma
1253,brummbären,Tier-Lemma
1254,junge,Tier-Lemma
1255,pfauenwedel,Tier-Lemma
1256,coriolanus,Tier-Lemma
1257,nack,Tier-Lemma
1258,glahn,Tier-Lemma
1259,scheu,Tier-Lemma
1260,frobe,Tier-Lemma
1261,papagoio,Tier-Lemma
1262,sentimentalgeiger,Tier-Lemma
1263,emerenzia,Tier-Lemma
1264,ädra,Tier-Lemma
1265,waar,Tier-Lemma
1266,muth,Tier-Lemma
1267,froschschnut,Tier-Lemma
1268,markgräfisch,Tier-Lemma
1269,raittige,Tier-Lemma
1270,grasmück,Tier-Lemma
1271,blauäuglein,Tier-Lemma
1272,libe,Tier-Lemma
1273,magus,Tier-Lemma
1274,reitpferde,Tier-Lemma
1275,würste,Tier-Lemma
1276,schlangenkämme,Tier-Lemma
1277,rapphengst,Tier-Lemma
1278,gneisenau,Tier-Lemma
1279,timolaos,Tier-Lemma
1280,hechtkopf,Tier-Lemma
1281,springbock,Tier-Lemma
1282,schlangenwurmes,Tier-Lemma
1283,rattenmamsell,Tier-Lemma
1284,plump,Tier-Lemma
1285,mutier,Tier-Lemma
1286,delfinchen,Tier-Lemma
1287,fliag'n,Tier-Lemma
1288,thau-benezen,Tier-Lemma
1289,leopard,Tier-Lemma
1290,höhl,Tier-Lemma
1291,hengst,Tier-Lemma
1292,brummschädel,Tier-Lemma
1293,animam,Tier-Lemma
1294,kroupier,Tier-Lemma
1295,phonographentrichter,Tier-Lemma
1296,lasttier,Tier-Lemma
1297,zetermordio,Tier-Lemma
1298,froher,Tier-Lemma
1299,laxantia,Tier-Lemma
1300,glatzköpf,Tier-Lemma
1301,würd'gen,Tier-Lemma
1302,maultiere,Tier-Lemma
1303,quantula,Tier-Lemma
1304,cocytus,Tier-Lemma
1305,canarienvogel,Tier-Lemma
1306,sabinche,Tier-Lemma
1307,renner,Tier-Lemma
1308,hascht,Tier-Lemma
1309,katzenbuckel,Tier-Lemma
1310,kammerkatze,Tier-Lemma
1311,euporu,Tier-Lemma
1312,pferdehuf,Tier-Lemma
1313,schwammerl,Tier-Lemma
1314,adlerfed,Tier-Lemma
1315,gigl,Tier-Lemma
1316,firmavit,Tier-Lemma
1317,schimmellutz,Tier-Lemma
1318,hummer,Tier-Lemma
1319,hundsdreck,Tier-Lemma
1320,hanc,Tier-Lemma
1321,farr,Tier-Lemma
1322,urangutangs,Tier-Lemma
1323,samo,Tier-Lemma
1324,hasenlau,Tier-Lemma
1325,vettern,Tier-Lemma
1326,maulschnauze,Tier-Lemma
1327,tausendfüßler,Tier-Lemma
1328,scharka,Tier-Lemma
1329,horon,Tier-Lemma
1330,palli,Tier-Lemma
1331,vogel,Tier-Lemma
1332,bilau,Tier-Lemma
1333,stoppnadelsohr,Tier-Lemma
1334,prim,Tier-Lemma
1335,wellenmaul,Tier-Lemma
1336,goldne,Tier-Lemma
1337,vogelfelle,Tier-Lemma
1338,eselinn,Tier-Lemma
1339,suspiria,Tier-Lemma
1340,meeresschneck,Tier-Lemma
1341,stiffter,Tier-Lemma
1342,tarantel,Tier-Lemma
1343,sosias,Tier-Lemma
1344,kopf-schmertz,Tier-Lemma
1345,gänslein,Tier-Lemma
1346,goldfisch,Tier-Lemma
1347,volkstribun,Tier-Lemma
1348,bakke,Tier-Lemma
1349,tigellinus,Tier-Lemma
1350,schnatterhüpfle,Tier-Lemma
1351,assissen,Tier-Lemma
1352,schmalzbettler,Tier-Lemma
1353,strickbeutel,Tier-Lemma
1354,ilas,Tier-Lemma
1355,grimgerde,Tier-Lemma
1356,truffaldino,Tier-Lemma
1357,torrigiano,Tier-Lemma
1358,mutteraug,Tier-Lemma
1359,virgo,Tier-Lemma
1360,reiterpferde,Tier-Lemma
1361,ziegenbockstoß-pantomime,Tier-Lemma
1362,hypochondriacumer,Tier-Lemma
1363,pfötchen,Tier-Lemma
1364,ziejahn,Tier-Lemma
1365,corticelli,Tier-Lemma
1366,finis,Tier-Lemma
1367,kroitze,Tier-Lemma
1368,invektive,Tier-Lemma
1369,blix,Tier-Lemma
1370,gänsekiel,Tier-Lemma
1371,rüttelweih,Tier-Lemma
1372,schmetter,Tier-Lemma
1373,tenebris,Tier-Lemma
1374,cavalleristen-schnurrbart,Tier-Lemma
1375,egel,Tier-Lemma
1376,mauseratzenfaller,Tier-Lemma
1377,maulbeeresel,Tier-Lemma
1378,meroe,Tier-Lemma
1379,ultrix,Tier-Lemma
1380,alloa,Tier-Lemma
1381,läut,Tier-Lemma
1382,lebensauen,Tier-Lemma
1383,affiche,Tier-Lemma
1384,panier,Tier-Lemma
1385,fischkahn,Tier-Lemma
1386,flöt,Tier-Lemma
1387,purpurvogel,Tier-Lemma
1388,ora,Tier-Lemma
1389,tierraß,Tier-Lemma
1390,miedling,Tier-Lemma
1391,opfertier,Tier-Lemma
1392,szepter,Tier-Lemma
1393,bettelhund,Tier-Lemma
1394,saufaus,Tier-Lemma
1395,lerch,Tier-Lemma
1396,wurms,Tier-Lemma
1397,schlangenäuglein,Tier-Lemma
1398,federlein,Tier-Lemma
1399,vogelschrecker,Tier-Lemma
1400,zeidung,Tier-Lemma
1401,elfe,Tier-Lemma
1402,pirola,Tier-Lemma
1403,heuschreck-schwarm,Tier-Lemma
1404,mantille,Tier-Lemma
1405,thunfisch,Tier-Lemma
1406,piscis,Tier-Lemma
1407,sabel,Tier-Lemma
1408,krähe,Tier-Lemma
1409,läwensglick,Tier-Lemma
1410,küchelch,Tier-Lemma
1411,wundertieren,Tier-Lemma
1412,rebach,Tier-Lemma
1413,schwatzweib,Tier-Lemma
1414,goffier,Tier-Lemma
1415,glöckchen,Tier-Lemma
1416,freche,Tier-Lemma
1417,leonore,Tier-Lemma
1418,barthel,Tier-Lemma
1419,reiherbüschen,Tier-Lemma
1420,seidenwurm,Tier-Lemma
1421,geschmauses,Tier-Lemma
1422,nachtglocke,Tier-Lemma
1423,fittichen,Tier-Lemma
1424,bacchuskopf,Tier-Lemma
1425,hortense,Tier-Lemma
1426,auceps,Tier-Lemma
1427,stickhust,Tier-Lemma
1428,tud,Tier-Lemma
1429,maximus,Tier-Lemma
1430,schweinekopf,Tier-Lemma
1431,hunde,Tier-Lemma
1432,schweinsblasen,Tier-Lemma
1433,haimonskind,Tier-Lemma
1434,schwein-kopff,Tier-Lemma
1435,finsterling,Tier-Lemma
1436,geschöpfes,Tier-Lemma
1437,stock,Tier-Lemma
1438,bielbog,Tier-Lemma
1439,zaubervögel,Tier-Lemma
1440,regina,Tier-Lemma
1441,entfloh,Tier-Lemma
1442,lamme,Tier-Lemma
1443,jagdhorn,Tier-Lemma
1444,christenhund,Tier-Lemma
1445,bancbanus,Tier-Lemma
1446,p-putt,Tier-Lemma
1447,habichtsnase,Tier-Lemma
1448,rebhühner,Tier-Lemma
1449,hundel,Tier-Lemma
1450,stiesel,Tier-Lemma
1451,madmesell,Tier-Lemma
1452,krötenpaar,Tier-Lemma
1453,ignominiosum,Tier-Lemma
1454,parasit,Tier-Lemma
1455,kokarden,Tier-Lemma
1456,mähne,Tier-Lemma
1457,excellentz,Tier-Lemma
1458,beut,Tier-Lemma
1459,mück,Tier-Lemma
1460,brandwein,Tier-Lemma
1461,kuhe,Tier-Lemma
1462,tschart,Tier-Lemma
1463,stinkbock,Tier-Lemma
1464,schafskopf,Tier-Lemma
1465,gräul,Tier-Lemma
1466,pelikanus,Tier-Lemma
1467,kukuk,Tier-Lemma
1468,grauköpf,Tier-Lemma
1469,spinnenähnlich,Tier-Lemma
1470,schome,Tier-Lemma
1471,insektes,Tier-Lemma
1472,kuppelhunde,Tier-Lemma
1473,timandra,Tier-Lemma
1474,rehkeule,Tier-Lemma
1475,kirchenwanz,Tier-Lemma
1476,katzenherz,Tier-Lemma
1477,hündinn,Tier-Lemma
1478,leu,Tier-Lemma
1479,schweinsaug'ger,Tier-Lemma
1480,muckl,Tier-Lemma
1481,troddelmop,Tier-Lemma
1482,zachariesel,Tier-Lemma
1483,zingulum,Tier-Lemma
1484,tituskopf,Tier-Lemma
1485,veilchenaug,Tier-Lemma
1486,priem,Tier-Lemma
1487,aeolsharfensaiten,Tier-Lemma
1488,hündlein,Tier-Lemma
1489,roquette,Tier-Lemma
1490,cruzifix,Tier-Lemma
1491,amin,Tier-Lemma
1492,nagt,Tier-Lemma
1493,ziehjahn,Tier-Lemma
1494,mumie,Tier-Lemma
1495,xanthus,Tier-Lemma
1496,po,Tier-Lemma
1497,vesicae,Tier-Lemma
1498,rothose,Tier-Lemma
1499,spichel,Tier-Lemma
1500,strohkopfianus,Tier-Lemma
1501,mäster,Tier-Lemma
1502,qvirites,Tier-Lemma
1503,kiemen,Tier-Lemma
1504,häher,Tier-Lemma
1505,rehhindin,Tier-Lemma
1506,riesentier,Tier-Lemma
1507,fliegezeug,Tier-Lemma
1508,lib,Tier-Lemma
1509,vögel,Tier-Lemma
1510,mückenaug,Tier-Lemma
1511,buonarotti,Tier-Lemma
1512,p.,Tier-Lemma
1513,milchweib,Tier-Lemma
1514,över,Tier-Lemma
1515,pudel,Tier-Lemma
1516,plisthen,Tier-Lemma
1517,käuze,Tier-Lemma
1518,passa,Tier-Lemma
1519,melpomen,Tier-Lemma
1520,mödchen,Tier-Lemma
1521,himmelsschafen,Tier-Lemma
1522,käthche,Tier-Lemma
1523,morbum,Tier-Lemma
1524,wiedehopf,Tier-Lemma
1525,kapaun,Tier-Lemma
1526,gnode,Tier-Lemma
1527,euphrosine,Tier-Lemma
1528,drohn,Tier-Lemma
1529,sehrohr,Tier-Lemma
1530,krax'n,Tier-Lemma
1531,gäste,Tier-Lemma
1532,fischschar,Tier-Lemma
1533,liverey,Tier-Lemma
1534,menschenfuß,Tier-Lemma
1535,veneris,Tier-Lemma
1536,vieh,Tier-Lemma
1537,hungerqual,Tier-Lemma
1538,kampfros,Tier-Lemma
1539,springtier,Tier-Lemma
1540,teufelsmoral,Tier-Lemma
1541,grabwurm,Tier-Lemma
1542,capitolium,Tier-Lemma
1543,borgholt,Tier-Lemma
1544,seeschlange,Tier-Lemma
1545,tuba,Tier-Lemma
1546,gebräme,Tier-Lemma
1547,alpengeister,Tier-Lemma
1548,abstergentia,Tier-Lemma
1549,zöpf,Tier-Lemma
1550,salomonis,Tier-Lemma
1551,schnepf,Tier-Lemma
1552,krupka,Tier-Lemma
1553,ziethensche,Tier-Lemma
1554,prustian,Tier-Lemma
1555,nutrix,Tier-Lemma
1556,zeds,Tier-Lemma
1557,stifler,Tier-Lemma
1558,flurtier,Tier-Lemma
1559,bürgermeisterin,Tier-Lemma
1560,silbermöve,Tier-Lemma
1561,zoraide,Tier-Lemma
1562,hundefell,Tier-Lemma
1563,fellche,Tier-Lemma
1564,nachtgefieder,Tier-Lemma
1565,porterbier,Tier-Lemma
1566,fleisches,Tier-Lemma
1567,cardenio,Tier-Lemma
1568,butterbröte,Tier-Lemma
1569,flaus,Tier-Lemma
1570,blüthenschnee,Tier-Lemma
1571,milchzahn,Tier-Lemma
1572,racker,Tier-Lemma
1573,aeugelein,Tier-Lemma
1574,pagelune,Tier-Lemma
1575,oculos,Tier-Lemma
1576,tugendschweinigel,Tier-Lemma
1577,eidechse,Tier-Lemma
1578,alcimna,Tier-Lemma
1579,bestia,Tier-Lemma
1580,tyrann,Tier-Lemma
1581,lumbricos,Tier-Lemma
1582,flipotte,Tier-Lemma
1583,auerstier,Tier-Lemma
1584,schwärmer,Tier-Lemma
1585,tigerfell,Tier-Lemma
1586,bettelvögt,Tier-Lemma
1587,stieg,Tier-Lemma
1588,hominum,Tier-Lemma
1589,töffel,Tier-Lemma
1590,heultrompete,Tier-Lemma
1591,opimius,Tier-Lemma
1592,feldteufel,Tier-Lemma
1593,affekt,Tier-Lemma
1594,feldcourrier,Tier-Lemma
1595,strohköpfe,Tier-Lemma
1596,spitzmäuse,Tier-Lemma
1597,cuirassiere,Tier-Lemma
1598,fäng,Tier-Lemma
1599,würmelein,Tier-Lemma
1600,mascott,Tier-Lemma
1601,grashupfer,Tier-Lemma
1602,rückenbein,Tier-Lemma
1603,cola,Tier-Lemma
1604,moriwescha,Tier-Lemma
1605,feuerwurm,Tier-Lemma
1606,oxenstirn,Tier-Lemma
1607,johanniswürmer,Tier-Lemma
1608,flaminius,Tier-Lemma
1609,cordi,Tier-Lemma
1610,zitiere,Tier-Lemma
1611,delfine,Tier-Lemma
1612,käuzlein,Tier-Lemma
1613,sicamber,Tier-Lemma
1614,schwänzen,Tier-Lemma
1615,biberkrag,Tier-Lemma
1616,mastdarm,Tier-Lemma
1617,parzen,Tier-Lemma
1618,kropfgan,Tier-Lemma
1619,bak,Tier-Lemma
1620,timur,Tier-Lemma
1621,caussam,Tier-Lemma
1622,bacchanal,Tier-Lemma
1623,augapfelschimmel,Tier-Lemma
1624,appius,Tier-Lemma
1625,petit-maitre,Tier-Lemma
1626,postquam,Tier-Lemma
1627,dalvs,Tier-Lemma
1628,fittiche,Tier-Lemma
1629,seekalb,Tier-Lemma
1630,animo,Tier-Lemma
1631,pferd'fuß,Tier-Lemma
1632,mäusefelle,Tier-Lemma
1633,wallfischbauche,Tier-Lemma
1634,rehaug,Tier-Lemma
1635,entenbrut,Tier-Lemma
1636,amphitryonen,Tier-Lemma
1637,fisch,Tier-Lemma
1638,katzeaage,Tier-Lemma
1639,aug,Tier-Lemma
1640,raben,Tier-Lemma
1641,streithengst,Tier-Lemma
1642,bursche,Tier-Lemma
1643,eu,Tier-Lemma
1644,elfenbein,Tier-Lemma
1645,wrsch,Tier-Lemma
1646,pferdfuß,Tier-Lemma
1647,karfunkel,Tier-Lemma
1648,soccus,Tier-Lemma
1649,mehlwurm,Tier-Lemma
1650,trojanus,Tier-Lemma
1651,freßtier,Tier-Lemma
1652,bocksfuß,Tier-Lemma
1653,raubgetier,Tier-Lemma
1654,kalbsbrust,Tier-Lemma
1655,melampus,Tier-Lemma
1656,gefiedert,Tier-Lemma
1657,schweis,Tier-Lemma
1658,peniculus,Tier-Lemma
1659,schweinebrat,Tier-Lemma
1660,reiterpferdes,Tier-Lemma
1661,pünktchen,Tier-Lemma
1662,tiergeripp,Tier-Lemma
1663,spinnenfuß,Tier-Lemma
1664,kotzebue,Tier-Lemma
1665,krokodill,Tier-Lemma
1666,viecherl,Tier-Lemma
1667,prachttier,Tier-Lemma
1668,brokat,Tier-Lemma
1669,spinosa,Tier-Lemma
1670,herodes,Tier-Lemma
1671,hasenherz,Tier-Lemma
1672,pilger,Tier-Lemma
1673,spahi,Tier-Lemma
1674,halsband,Tier-Lemma
1675,kepler,Tier-Lemma
1676,canaillevogel,Tier-Lemma
1677,rabe,Tier-Lemma
1678,kehl,Tier-Lemma
1679,ayg,Tier-Lemma
1680,spatzin,Tier-Lemma
1681,geiße,Tier-Lemma
1682,nimfen,Tier-Lemma
1683,perside,Tier-Lemma
1684,schwarztabaksqualmen,Tier-Lemma
1685,hysterische,Tier-Lemma
1686,d'oye-biber,Tier-Lemma
1687,nachtigall,Tier-Lemma
1688,buchfink,Tier-Lemma
1689,zwergfell,Tier-Lemma
1690,kalck,Tier-Lemma
1691,pheam,Tier-Lemma
1692,zaubervogel,Tier-Lemma
1693,hofhund,Tier-Lemma
1694,stierschädel,Tier-Lemma
1695,lämmlein,Tier-Lemma
1696,pagodel,Tier-Lemma
1697,maulesel,Tier-Lemma
1698,loostag,Tier-Lemma
1699,akle,Tier-Lemma
1700,jägerhund,Tier-Lemma
1701,kinner,Tier-Lemma
1702,hirsches,Tier-Lemma
1703,vogelschar,Tier-Lemma
1704,spitzbuberey,Tier-Lemma
1705,fade,Tier-Lemma
1706,krokus,Tier-Lemma
1707,vlieses,Tier-Lemma
1708,oochen,Tier-Lemma
1709,z,Tier-Lemma
1710,federfuchser,Tier-Lemma
1711,silberhaar,Tier-Lemma
1712,barbiere,Tier-Lemma
1713,zephire,Tier-Lemma
1714,fliege,Tier-Lemma
1715,hasenpoth,Tier-Lemma
1716,hahnriad,Tier-Lemma
1717,schlangenhund,Tier-Lemma
1718,siphon,Tier-Lemma
1719,entflohn,Tier-Lemma
1720,schädelbein,Tier-Lemma
1721,alräunche,Tier-Lemma
1722,karmonadl,Tier-Lemma
1723,falkeniere,Tier-Lemma
1724,hax,Tier-Lemma
1725,fleisch,Tier-Lemma
1726,puttelch,Tier-Lemma
1727,gespenster,Tier-Lemma
1728,speeren,Tier-Lemma
1729,ratze,Tier-Lemma
1730,thurm,Tier-Lemma
1731,bittermann,Tier-Lemma
1732,blum,Tier-Lemma
1733,glühwürmchen,Tier-Lemma
1734,pomona,Tier-Lemma
1735,cöcilia,Tier-Lemma
1736,tuberkelbazille,Tier-Lemma
1737,naken,Tier-Lemma
1738,sepp,Tier-Lemma
1739,katz,Tier-Lemma
1740,adversus,Tier-Lemma
1741,süßfisch,Tier-Lemma
1742,montibus,Tier-Lemma
1743,zaum,Tier-Lemma
1744,najaden,Tier-Lemma
1745,lämmerheerde,Tier-Lemma
1746,welp,Tier-Lemma
1747,schmetterlinge,Tier-Lemma
1748,löwin,Tier-Lemma
1749,insektenschwarm,Tier-Lemma
1750,zobel,Tier-Lemma
1751,mühlos,Tier-Lemma
1752,proteus-delphin,Tier-Lemma
1753,poenitentiae,Tier-Lemma
1754,frosch,Tier-Lemma
1755,köter,Tier-Lemma
1756,papillon,Tier-Lemma
1757,amor,Tier-Lemma
1758,krabbe,Tier-Lemma
1759,diwan,Tier-Lemma
1760,riesendame,Tier-Lemma
1761,derohalben,Tier-Lemma
1762,accidentia,Tier-Lemma
1763,lamie,Tier-Lemma
1764,gaumen,Tier-Lemma
1765,botwid,Tier-Lemma
1766,seeschlang,Tier-Lemma
1767,pfauche,Tier-Lemma
1768,reh,Tier-Lemma
1769,löwenaug,Tier-Lemma
1770,troad,Tier-Lemma
1771,mammuth,Tier-Lemma
1772,äugelein,Tier-Lemma
1773,eukärus,Tier-Lemma
1774,collisse,Tier-Lemma
1775,krallkatz,Tier-Lemma
1776,zeisigei,Tier-Lemma
1777,storchs,Tier-Lemma
1778,faun,Tier-Lemma
1779,ductilem,Tier-Lemma
1780,meerfräulein,Tier-Lemma
1781,sigune,Tier-Lemma
1782,mund,Tier-Lemma
1783,gäule,Tier-Lemma
1784,murrkopf,Tier-Lemma
1785,ophamilla,Tier-Lemma
1786,rattenschwänze,Tier-Lemma
1787,hirschkuh,Tier-Lemma
1788,kützel,Tier-Lemma
1789,musche,Tier-Lemma
1790,schwartelhund,Tier-Lemma
1791,aug'n,Tier-Lemma
1792,froschen,Tier-Lemma
1793,ratzenpaar,Tier-Lemma
1794,firn,Tier-Lemma
1795,huldinnen,Tier-Lemma
1796,splintkäfer,Tier-Lemma
1797,büll-büll-,Tier-Lemma
1798,flederwisch,Tier-Lemma
1799,kropf,Tier-Lemma
1800,qvartier,Tier-Lemma
1801,cervi,Tier-Lemma
1802,bellmaus,Tier-Lemma
1803,ikarier,Tier-Lemma
1804,löwenjung,Tier-Lemma
1805,murmel,Tier-Lemma
1806,aerostatiker,Tier-Lemma
1807,schinderhannes,Tier-Lemma
1808,lammsknoch,Tier-Lemma
1809,stoßvögel,Tier-Lemma
1810,fliegenschnauz,Tier-Lemma
1811,nachtigallsang,Tier-Lemma
1812,salböl,Tier-Lemma
1813,tatze,Tier-Lemma
1814,cheruska,Tier-Lemma
1815,mildeblitzend,Tier-Lemma
1816,flammenaug,Tier-Lemma
1817,bienenkorb,Tier-Lemma
1818,wilde,Tier-Lemma
1819,toni,Tier-Lemma
1820,kopelke,Tier-Lemma
1821,mephisto,Tier-Lemma
1822,skorpione,Tier-Lemma
1823,pogatschnigg,Tier-Lemma
1824,ameise,Tier-Lemma
1825,biehne,Tier-Lemma
1826,betheu'rung,Tier-Lemma
1827,fledermausflügel,Tier-Lemma
1828,mohrenohre,Tier-Lemma
1829,damian,Tier-Lemma
1830,erdthier,Tier-Lemma
1831,wurst,Tier-Lemma
1832,hubel,Tier-Lemma
1833,arbeitsbien,Tier-Lemma
1834,schliche,Tier-Lemma
1835,grattier,Tier-Lemma
1836,katechismus,Tier-Lemma
1837,aepfel,Tier-Lemma
1838,katechet,Tier-Lemma
1839,andechs,Tier-Lemma
1840,centum,Tier-Lemma
1841,föhn,Tier-Lemma
1842,möser,Tier-Lemma
1843,cerberus,Tier-Lemma
1844,bonjour,Tier-Lemma
1845,longinus,Tier-Lemma
1846,python,Tier-Lemma
1847,klipfisch,Tier-Lemma
1848,bärbelch,Tier-Lemma
1849,mehlspeis,Tier-Lemma
1850,hungerpfot,Tier-Lemma
1851,estrella,Tier-Lemma
1852,pferdefüs,Tier-Lemma
1853,quälgeister,Tier-Lemma
1854,grütze,Tier-Lemma
1855,mitgeschöpfe,Tier-Lemma
1856,uren,Tier-Lemma
1857,schweigel,Tier-Lemma
1858,füchsinn,Tier-Lemma
1859,stier,Tier-Lemma
1860,hähne,Tier-Lemma
1861,fühlhörner,Tier-Lemma
1862,brummelochsen,Tier-Lemma
1863,mücklein,Tier-Lemma
1864,neujohrschnocht,Tier-Lemma
1865,morbis,Tier-Lemma
1866,kitzel,Tier-Lemma
1867,pachter,Tier-Lemma
1868,würmerl,Tier-Lemma
1869,grames,Tier-Lemma
1870,phantom,Tier-Lemma
1871,jockel,Tier-Lemma
1872,körper,Tier-Lemma
1873,funcke,Tier-Lemma
1874,sonntach,Tier-Lemma
1875,raubtiergebiß,Tier-Lemma
1876,rehzwillinge,Tier-Lemma
1877,raubgeschopf,Tier-Lemma
1878,dolorosa,Tier-Lemma
1879,koth,Tier-Lemma
1880,fiedermaus,Tier-Lemma
1881,dorle,Tier-Lemma
1882,sardelln,Tier-Lemma
1883,jungmagd,Tier-Lemma
1884,tigerpferd,Tier-Lemma
1885,oculis,Tier-Lemma
1886,zelot,Tier-Lemma
1887,schelmenwanst,Tier-Lemma
1888,melak,Tier-Lemma
1889,maykäfer,Tier-Lemma
1890,aspik,Tier-Lemma
1891,cydnus,Tier-Lemma
1892,backzähn,Tier-Lemma
1893,agricola,Tier-Lemma
1894,thierche,Tier-Lemma
1895,dalk,Tier-Lemma
1896,jungfer,Tier-Lemma
1897,eubulos,Tier-Lemma
1898,duckmauser,Tier-Lemma
1899,wallfisch,Tier-Lemma
1900,marfisa,Tier-Lemma
1901,rhinoceros,Tier-Lemma
1902,nemea,Tier-Lemma
1903,wölffsbalg,Tier-Lemma
1904,tiberius,Tier-Lemma
1905,cornua,Tier-Lemma
1906,hanswürste,Tier-Lemma
1907,bogn,Tier-Lemma
1908,hendel,Tier-Lemma
1909,lungenstrudel,Tier-Lemma
1910,schweinejung,Tier-Lemma
1911,mitesser,Tier-Lemma
1912,schiffshund,Tier-Lemma
1913,lauskopf,Tier-Lemma
1914,aesel,Tier-Lemma
1915,rabenaas,Tier-Lemma
1916,bocks,Tier-Lemma
1917,angorakatzen,Tier-Lemma
1918,schlachtvieh,Tier-Lemma
1919,thieres,Tier-Lemma
1920,peniculo,Tier-Lemma
1921,lisl,Tier-Lemma
1922,hannibal,Tier-Lemma
1923,katzenfell,Tier-Lemma
1924,well'n,Tier-Lemma
1925,stadtquaksalber,Tier-Lemma
1926,cherusker,Tier-Lemma
1927,krakelfüße,Tier-Lemma
1928,schindler,Tier-Lemma
1929,mordhund,Tier-Lemma
1930,krokodilbrut,Tier-Lemma
1931,küch,Tier-Lemma
1932,puterhahn,Tier-Lemma
1933,lachrymor,Tier-Lemma
1934,sonnenroß,Tier-Lemma
1935,marderfelle,Tier-Lemma
1936,girr,Tier-Lemma
1937,raps,Tier-Lemma
1938,sonnengott,Tier-Lemma
1939,schif,Tier-Lemma
1940,fisches,Tier-Lemma
1941,schweineken,Tier-Lemma
1942,storchbein,Tier-Lemma
1943,fuchskopf,Tier-Lemma
1944,kalbsfell,Tier-Lemma
1945,schmetterlingskinderschar,Tier-Lemma
1946,barsch,Tier-Lemma
1947,star,Tier-Lemma
1948,hahnenkamm,Tier-Lemma
1949,kapis,Tier-Lemma
1950,kehle,Tier-Lemma
1951,robe,Tier-Lemma
1952,geyer,Tier-Lemma
1953,finsterniß,Tier-Lemma
1954,sperling,Tier-Lemma
1955,obscura,Tier-Lemma
1956,rachgier,Tier-Lemma
1957,affichen,Tier-Lemma
1958,vögelseel,Tier-Lemma
1959,löwen-geschlecht,Tier-Lemma
1960,tartüffes,Tier-Lemma
1961,bacchant,Tier-Lemma
1962,tarantula,Tier-Lemma
1963,höhn,Tier-Lemma
1964,juvenum,Tier-Lemma
1965,röse,Tier-Lemma
1966,oxus,Tier-Lemma
1967,sträußer,Tier-Lemma
1968,bot,Tier-Lemma
1969,koloß,Tier-Lemma
1970,leun,Tier-Lemma
1971,bucchus,Tier-Lemma
1972,gerippe,Tier-Lemma
1973,wildschweine,Tier-Lemma
1974,milbe,Tier-Lemma
1975,diablesse,Tier-Lemma
1976,anselm,Tier-Lemma
1977,chiffon,Tier-Lemma
1978,seraphicus,Tier-Lemma
1979,gnome,Tier-Lemma
1980,teufelsbrate,Tier-Lemma
1981,föbus,Tier-Lemma
1982,mausvogel,Tier-Lemma
1983,wasserfräulein,Tier-Lemma
1984,gnattsche,Tier-Lemma
1985,knix,Tier-Lemma
1986,hufschlag,Tier-Lemma
1987,hundekopf,Tier-Lemma
1988,wolfe,Tier-Lemma
1989,fascicula,Tier-Lemma
1990,sympathievögel,Tier-Lemma
1991,baalspfaffen,Tier-Lemma
1992,flotter,Tier-Lemma
1993,bärenfelles,Tier-Lemma
1994,maulwurf,Tier-Lemma
1995,midasohren,Tier-Lemma
1996,leichenvögel,Tier-Lemma
1997,appendizitis,Tier-Lemma
1998,pokal,Tier-Lemma
1999,tier,Tier-Lemma
2000,blinde-kuh,Tier-Lemma
2001,frömmler,Tier-Lemma
2002,muschel,Tier-Lemma
2003,obrist,Tier-Lemma
2004,nilpferdpeitsch,Tier-Lemma
2005,korbulo's,Tier-Lemma
2006,julian,Tier-Lemma
2007,fidelk,Tier-Lemma
2008,bienenschwarm,Tier-Lemma
2009,schweinig,Tier-Lemma
2010,pfann,Tier-Lemma
2011,schlächter,Tier-Lemma
2012,schlangenhöle,Tier-Lemma
2013,flöhe,Tier-Lemma
2014,mamlock,Tier-Lemma
2015,kastilier,Tier-Lemma
2016,nikodemus,Tier-Lemma
2017,schnekke,Tier-Lemma
2018,aß,Tier-Lemma
2019,libell,Tier-Lemma
2020,leib,Tier-Lemma
2021,knabensitten,Tier-Lemma
2022,wudri,Tier-Lemma
2023,alos,Tier-Lemma
2024,spürhund,Tier-Lemma
2025,schalmei'n,Tier-Lemma
2026,hundeschwanz,Tier-Lemma
2027,denunciantengeifer,Tier-Lemma
2028,beest,Tier-Lemma
2029,lurche,Tier-Lemma
2030,müüs,Tier-Lemma
2031,hirvon,Tier-Lemma
2032,schwänk,Tier-Lemma
2033,gedärm,Tier-Lemma
2034,höckertier,Tier-Lemma
2035,leges,Tier-Lemma
2036,lassen,Tier-Lemma
2037,moabiter,Tier-Lemma
2038,ammaus,Tier-Lemma
2039,schaben,Tier-Lemma
2040,tigerlarve,Tier-Lemma
2041,eich,Tier-Lemma
2042,gockelhahn,Tier-Lemma
2043,fuchsschwanz,Tier-Lemma
2044,wildheuer,Tier-Lemma
2045,mucius,Tier-Lemma
2046,gracchus,Tier-Lemma
2047,tieger,Tier-Lemma
2048,karrier,Tier-Lemma
2049,budel,Tier-Lemma
2050,hinterfüßen,Tier-Lemma
2051,schnapitel,Tier-Lemma
2052,elstern,Tier-Lemma
2053,aplomb,Tier-Lemma
2054,regenwürmer,Tier-Lemma
2055,gekrös,Tier-Lemma
2056,eulenschwing,Tier-Lemma
2057,hirschkopf,Tier-Lemma
2058,hü-pferdchum,Tier-Lemma
2059,swantowid,Tier-Lemma
2060,tartarus,Tier-Lemma
2061,huldin,Tier-Lemma
2062,riesenschlange,Tier-Lemma
2063,gelbschnäbel,Tier-Lemma
2064,faulteuil,Tier-Lemma
2065,seehund,Tier-Lemma
2066,inflammar,Tier-Lemma
2067,fischaug,Tier-Lemma
2068,kratzefuß,Tier-Lemma
2069,haushund,Tier-Lemma
2070,sumpfhuhn,Tier-Lemma
2071,hulla,Tier-Lemma
2072,käfer,Tier-Lemma
2073,chloris,Tier-Lemma
2074,lätorius,Tier-Lemma
2075,zirpe,Tier-Lemma
2076,schmetternd,Tier-Lemma
2077,pappenheimsche,Tier-Lemma
2078,bäurisch,Tier-Lemma
2079,gnad,Tier-Lemma
2080,kiefernspanner,Tier-Lemma
2081,scholem,Tier-Lemma
2082,bonmot,Tier-Lemma
2083,schwippe,Tier-Lemma
2084,furier,Tier-Lemma
2085,abc,Tier-Lemma
2086,psyche,Tier-Lemma
2087,hundeschwein,Tier-Lemma
2088,kalle,Tier-Lemma
2089,pericyclyda,Tier-Lemma
2090,wüttrich,Tier-Lemma
2091,gaum,Tier-Lemma
2092,kreuzkröt,Tier-Lemma
2093,jussit,Tier-Lemma
2094,tausendguldennot,Tier-Lemma
2095,pfauenfeder,Tier-Lemma
2096,diadem,Tier-Lemma
2097,murmelthier,Tier-Lemma
2098,krebsauge,Tier-Lemma
2099,gänser,Tier-Lemma
2100,narr,Tier-Lemma
2101,tagvögel,Tier-Lemma
2102,schiras,Tier-Lemma
2103,hihner,Tier-Lemma
2104,hernien,Tier-Lemma
2105,krokodil,Tier-Lemma
2106,sch,Tier-Lemma
2107,ferruminar,Tier-Lemma
2108,titan,Tier-Lemma
2109,filitz,Tier-Lemma
2110,nilpferde,Tier-Lemma
2111,tigerschädel,Tier-Lemma
2112,kakaho,Tier-Lemma
2113,foscari,Tier-Lemma
2114,todtenvogel,Tier-Lemma
2115,philto,Tier-Lemma
2116,hiehner,Tier-Lemma
2117,typographus,Tier-Lemma
2118,tolche,Tier-Lemma
2119,heuschreck,Tier-Lemma
2120,roße,Tier-Lemma
2121,schleimpilz,Tier-Lemma
2122,tulpe,Tier-Lemma
2123,medusa,Tier-Lemma
2124,erzvieh,Tier-Lemma
2125,mäuß,Tier-Lemma
2126,krabbler,Tier-Lemma
2127,matthäi,Tier-Lemma
2128,rübchen,Tier-Lemma
2129,reitpeitsche,Tier-Lemma
2130,lado,Tier-Lemma
2131,katz'n,Tier-Lemma
2132,fliehe,Tier-Lemma
2133,schramm,Tier-Lemma
2134,putte,Tier-Lemma
2135,erneste,Tier-Lemma
2136,horribilicribrifax,Tier-Lemma
2137,köhn,Tier-Lemma
2138,zeh'n,Tier-Lemma
2139,bureau-schmetterling,Tier-Lemma
2140,schecken,Tier-Lemma
2141,pfeil,Tier-Lemma
2142,thranfisch,Tier-Lemma
2143,schwindler,Tier-Lemma
2144,würstchen,Tier-Lemma
2145,finstre,Tier-Lemma
2146,faust,Tier-Lemma
2147,mument,Tier-Lemma
2148,jochais,Tier-Lemma
2149,gefild,Tier-Lemma
2150,tectosag,Tier-Lemma
2151,meerwurm,Tier-Lemma
2152,weißdorn,Tier-Lemma
2153,lyäus,Tier-Lemma
2154,mais,Tier-Lemma
2155,bock,Tier-Lemma
2156,heuschreckenvertilgerin,Tier-Lemma
2157,dämmerfalter,Tier-Lemma
2158,cromwel,Tier-Lemma
2159,aberratio,Tier-Lemma
2160,luchs,Tier-Lemma
2161,maulthier,Tier-Lemma
2162,kobold,Tier-Lemma
2163,sacramentum,Tier-Lemma
2164,mohrenkopf,Tier-Lemma
2165,böswichen,Tier-Lemma
2166,kaiser,Tier-Lemma
2167,marotte,Tier-Lemma
2168,eichkatzerl,Tier-Lemma
2169,eidexen,Tier-Lemma
2170,schweine,Tier-Lemma
2171,gestorb'ner,Tier-Lemma
2172,delphin,Tier-Lemma
2173,riesenjungfrau,Tier-Lemma
2174,pistu,Tier-Lemma
2175,merito,Tier-Lemma
2176,bombast,Tier-Lemma
2177,aas,Tier-Lemma
2178,huus,Tier-Lemma
2179,milchgesicht,Tier-Lemma
2180,spitz,Tier-Lemma
2181,gral,Tier-Lemma
2182,entenküko,Tier-Lemma
2183,milhaud,Tier-Lemma
2184,hummeln,Tier-Lemma
2185,meer-katz,Tier-Lemma
2186,sattelpferd,Tier-Lemma
2187,hüfthorn,Tier-Lemma
2188,lung,Tier-Lemma
2189,hasche,Tier-Lemma
2190,adlersittich,Tier-Lemma
2191,vegetables,Tier-Lemma
2192,ringelreihn,Tier-Lemma
2193,klauen,Tier-Lemma
2194,hellpach,Tier-Lemma
2195,camilla,Tier-Lemma
2196,pantherköpfchen,Tier-Lemma
2197,strahlen,Tier-Lemma
2198,nachtgefährt,Tier-Lemma
2199,schwingt,Tier-Lemma
2200,paracelsus,Tier-Lemma
2201,vagabund,Tier-Lemma
2202,streifen,Tier-Lemma
2203,red,Tier-Lemma
2204,leopardengesichter,Tier-Lemma
2205,zaunkönig,Tier-Lemma
2206,bullenbeisser,Tier-Lemma
2207,schlegerl,Tier-Lemma
2208,raubtierseel,Tier-Lemma
2209,spatz,Tier-Lemma
2210,stachel-igel,Tier-Lemma
2211,schaukelring,Tier-Lemma
2212,roßgewimmel,Tier-Lemma
2213,dink,Tier-Lemma
2214,delphinchen,Tier-Lemma
2215,catilina,Tier-Lemma
2216,regenwurm,Tier-Lemma
2217,böcklein,Tier-Lemma
2218,daradiridatumtaride,Tier-Lemma
2219,roschen,Tier-Lemma
2220,galjevogel,Tier-Lemma
2221,pfaffen,Tier-Lemma
2222,linus,Tier-Lemma
2223,pactum,Tier-Lemma
2224,weltküglein,Tier-Lemma
2225,cron,Tier-Lemma
2226,beute,Tier-Lemma
2227,gniskes,Tier-Lemma
2228,silphiden,Tier-Lemma
2229,fliegenschwämm,Tier-Lemma
2230,dore,Tier-Lemma
2231,rehaarin,Tier-Lemma
2232,lalla,Tier-Lemma
2233,fittich,Tier-Lemma
2234,zähn,Tier-Lemma
2235,oedipus,Tier-Lemma
2236,poltron,Tier-Lemma
2237,albin,Tier-Lemma
2238,hüllard,Tier-Lemma
2239,g'meindevieh,Tier-Lemma
2240,geselle,Tier-Lemma
2241,seiden-wurm,Tier-Lemma
2242,kreuch,Tier-Lemma
2243,lar,Tier-Lemma
2244,freindinne,Tier-Lemma
2245,thiereslust,Tier-Lemma
2246,schlawitch,Tier-Lemma
2247,grund,Tier-Lemma
2248,silvius,Tier-Lemma
2249,fabier,Tier-Lemma
2250,pommerle,Tier-Lemma
2251,alligator,Tier-Lemma
2252,wildest,Tier-Lemma
2253,tobby,Tier-Lemma
2254,halunk,Tier-Lemma
2255,achab,Tier-Lemma
2256,schmetterling,Tier-Lemma
2257,hundelerche,Tier-Lemma
2258,olivier,Tier-Lemma
2259,famulus,Tier-Lemma
2260,groom,Tier-Lemma
2261,seidenwürmer,Tier-Lemma
2262,kuhdirnen,Tier-Lemma
2263,löwenfelle,Tier-Lemma
2264,viehseuche,Tier-Lemma
2265,frosches,Tier-Lemma
2266,krok,Tier-Lemma
2267,klementia,Tier-Lemma
2268,bohemund,Tier-Lemma
2269,finne,Tier-Lemma
2270,grützköpf,Tier-Lemma
2271,kamilla,Tier-Lemma
2272,zyklop,Tier-Lemma
2273,polydor,Tier-Lemma
2274,pfert,Tier-Lemma
2275,hufeisen,Tier-Lemma
2276,maradas,Tier-Lemma
2277,angoulême,Tier-Lemma
2278,flügelschnee,Tier-Lemma
2279,pfott,Tier-Lemma
2280,heimch,Tier-Lemma
2281,warze,Tier-Lemma
2282,läwen,Tier-Lemma
2283,mopshund,Tier-Lemma
2284,schooshund,Tier-Lemma
2285,ziferl,Tier-Lemma
2286,windfahne,Tier-Lemma
2287,katelli,Tier-Lemma
2288,sämann,Tier-Lemma
2289,flügel,Tier-Lemma
2290,pfauenaug,Tier-Lemma
2291,tonlos,Tier-Lemma
2292,nut,Tier-Lemma
2293,schweinhund,Tier-Lemma
2294,stroh,Tier-Lemma
2295,trokle,Tier-Lemma
2296,rük,Tier-Lemma
2297,fuchslöcher,Tier-Lemma
2298,tiers,Tier-Lemma
2299,hinterpfote,Tier-Lemma
2300,mastschwein,Tier-Lemma
2301,bullabutän,Tier-Lemma
2302,wachtel,Tier-Lemma
2303,horch,Tier-Lemma
2304,gock'l,Tier-Lemma
2305,horneiße,Tier-Lemma
2306,eisbär,Tier-Lemma
2307,chatullchen,Tier-Lemma
2308,hasenbeinen,Tier-Lemma
2309,augs,Tier-Lemma
2310,gelärms,Tier-Lemma
2311,klopp,Tier-Lemma
2312,gan,Tier-Lemma
2313,mandane,Tier-Lemma
2314,gyron,Tier-Lemma
2315,leber,Tier-Lemma
2316,freßzähn,Tier-Lemma
2317,hundes-köpff,Tier-Lemma
2318,belial,Tier-Lemma
2319,schwing,Tier-Lemma
2320,föhr,Tier-Lemma
2321,federball,Tier-Lemma
2322,fledermäuse,Tier-Lemma
2323,eu–,Tier-Lemma
2324,krauskopf,Tier-Lemma
2325,honigbienen,Tier-Lemma
2326,pferdt,Tier-Lemma
2327,ziegenfuß,Tier-Lemma
2328,schneckennatur,Tier-Lemma
2329,lucie,Tier-Lemma
2330,nymphidius,Tier-Lemma
2331,maikäfer,Tier-Lemma
2332,knabendrach,Tier-Lemma
2333,storchenpaar,Tier-Lemma
2334,ungläubig,Tier-Lemma
2335,vogelart,Tier-Lemma
2336,stiernacken,Tier-Lemma
2337,harpyen,Tier-Lemma
2338,kleopatra,Tier-Lemma
2339,quitz,Tier-Lemma
2340,graf,Tier-Lemma
2341,augäpfel,Tier-Lemma
2342,glocke,Tier-Lemma
2343,wallbrecker,Tier-Lemma
2344,fidelium,Tier-Lemma
2345,flieg'n,Tier-Lemma
2346,spähn,Tier-Lemma
2347,froo,Tier-Lemma
2348,kätzelchen,Tier-Lemma
2349,rhinozero,Tier-Lemma
2350,rachbegier,Tier-Lemma
2351,kuman,Tier-Lemma
2352,geschöpfen,Tier-Lemma
2353,geck,Tier-Lemma
2354,schwanzwirbel,Tier-Lemma
2355,totenwurm,Tier-Lemma
2356,katzenvieh,Tier-Lemma
2357,füch,Tier-Lemma
2358,zephyrwind,Tier-Lemma
2359,fischbeiner,Tier-Lemma
2360,terrestribus,Tier-Lemma
2361,comet,Tier-Lemma
2362,schuppe,Tier-Lemma
2363,parforce,Tier-Lemma
2364,hahnensporn,Tier-Lemma
2365,brut,Tier-Lemma
2366,kameler,Tier-Lemma
2367,rind,Tier-Lemma
2368,fähnderich,Tier-Lemma
2369,teufelsdreck,Tier-Lemma
2370,affßier,Tier-Lemma
2371,postpferde,Tier-Lemma
2372,bologneser,Tier-Lemma
2373,rindviecher,Tier-Lemma
2374,würst,Tier-Lemma
2375,fratz,Tier-Lemma
2376,järche,Tier-Lemma
2377,raben-nickel,Tier-Lemma
2378,lemuren,Tier-Lemma
2379,dandalo,Tier-Lemma
2380,störch,Tier-Lemma
2381,winterkrähe,Tier-Lemma
2382,thaues,Tier-Lemma
2383,bockemer,Tier-Lemma
2384,zoe,Tier-Lemma
2385,beaumarchais,Tier-Lemma
2386,libussa,Tier-Lemma
2387,wespenkorb,Tier-Lemma
2388,buben-larve,Tier-Lemma
2389,hahnenfeder,Tier-Lemma
2390,hotham,Tier-Lemma
2391,schar,Tier-Lemma
2392,aut,Tier-Lemma
2393,nohl,Tier-Lemma
2394,schweise,Tier-Lemma
2395,stieglitz,Tier-Lemma
2396,bienenvölker,Tier-Lemma
2397,filou,Tier-Lemma
2398,stockfinster,Tier-Lemma
2399,rassehund,Tier-Lemma
2400,courierpferde,Tier-Lemma
2401,raubfisch,Tier-Lemma
2402,hahnenfed,Tier-Lemma
2403,plumbariique,Tier-Lemma
2404,jarchais,Tier-Lemma
2405,neichtel,Tier-Lemma
2406,pancratius,Tier-Lemma
2407,gewöhr,Tier-Lemma
2408,malefiz-papagei,Tier-Lemma
2409,kuhmägden,Tier-Lemma
2410,kammerkätzche,Tier-Lemma
2411,götzen-pfaffen,Tier-Lemma
2412,erwieder,Tier-Lemma
2413,perlmutterfalter,Tier-Lemma
2414,lucifer,Tier-Lemma
2415,ladikä,Tier-Lemma
2416,kroks,Tier-Lemma
2417,eichhörnchen,Tier-Lemma
2418,krähn,Tier-Lemma
2419,bäh,Tier-Lemma
2420,zegri,Tier-Lemma
2421,eidechsle,Tier-Lemma
2422,thräne,Tier-Lemma
2423,maulschelle,Tier-Lemma
2424,saus,Tier-Lemma
2425,maden,Tier-Lemma
2426,ochsse,Tier-Lemma
2427,fisperl,Tier-Lemma
2428,huie,Tier-Lemma
2429,nashornvögel,Tier-Lemma
2430,kratzfüßen,Tier-Lemma
2431,skamandro,Tier-Lemma
2432,ephraim,Tier-Lemma
2433,pantherzähne,Tier-Lemma
2434,bockkopf,Tier-Lemma
2435,nasenring,Tier-Lemma
2436,mäusl,Tier-Lemma
2437,würtze,Tier-Lemma
2438,scena,Tier-Lemma
2439,froovulk,Tier-Lemma
2440,adlergefied,Tier-Lemma
2441,mohrenköpf,Tier-Lemma
2442,argatiphontidas,Tier-Lemma
2443,daak,Tier-Lemma
2444,krämerbuckel,Tier-Lemma
2445,bestie,Tier-Lemma
2446,gemütt,Tier-Lemma
2447,taubenfreund,Tier-Lemma
2448,kameelsmensch,Tier-Lemma
2449,kranich,Tier-Lemma
2450,perlarum,Tier-Lemma
2451,augustus,Tier-Lemma
2452,volpino,Tier-Lemma
2453,fuchspel,Tier-Lemma
2454,kotz,Tier-Lemma
2455,apollo,Tier-Lemma
2456,grauschimmel,Tier-Lemma
2457,perle,Tier-Lemma
2458,auster,Tier-Lemma
2459,starrköpf,Tier-Lemma
2460,schäferhund,Tier-Lemma
2461,pelz,Tier-Lemma
2462,rehe,Tier-Lemma
2463,lieblingstier,Tier-Lemma
2464,skalde,Tier-Lemma
2465,eide,Tier-Lemma
2466,posthörner,Tier-Lemma
2467,krötenbauch,Tier-Lemma
2468,bella,Tier-Lemma
2469,axillarabszeß,Tier-Lemma
2470,bornus,Tier-Lemma
2471,suspicatur,Tier-Lemma
2472,teier,Tier-Lemma
2473,donnerstose,Tier-Lemma
2474,faultier,Tier-Lemma
2475,fuchs-schwantz,Tier-Lemma
2476,schabracken,Tier-Lemma
2477,goldfasan,Tier-Lemma
2478,ziege,Tier-Lemma
2479,affßir,Tier-Lemma
2480,steckbohn,Tier-Lemma
2481,animum,Tier-Lemma
2482,thierlein,Tier-Lemma
2483,del–,Tier-Lemma
2484,trommelfell,Tier-Lemma
2485,pferd,Tier-Lemma
2486,nileu,Tier-Lemma
2487,bienen-schwarm,Tier-Lemma
2488,wunderhorn,Tier-Lemma
2489,thire,Tier-Lemma
2490,béjart-duplessi,Tier-Lemma
2491,wehn,Tier-Lemma
2492,mietzekatze,Tier-Lemma
2493,lumpazivagabundus,Tier-Lemma
2494,helffenbein,Tier-Lemma
2495,bête,Tier-Lemma
2496,aemter,Tier-Lemma
2497,holzwurm,Tier-Lemma
2498,epigrammata,Tier-Lemma
2499,methkrug,Tier-Lemma
2500,häls,Tier-Lemma
2501,nympha,Tier-Lemma
2502,riesenhände,Tier-Lemma
2503,ow,Tier-Lemma
2504,madln,Tier-Lemma
2505,schwanen,Tier-Lemma
2506,nachteule,Tier-Lemma
2507,comptoirdiener,Tier-Lemma
2508,intima,Tier-Lemma
2509,oku,Tier-Lemma
2510,tubus,Tier-Lemma
2511,biene,Tier-Lemma
2512,warz,Tier-Lemma
2513,laubfrösche,Tier-Lemma
2514,adies,Tier-Lemma
2515,lakai,Tier-Lemma
2516,schneiderfischel,Tier-Lemma
2517,auerhähne,Tier-Lemma
2518,ras,Tier-Lemma
2519,thomas,Tier-Lemma
2520,cerebralis,Tier-Lemma
2521,schafen,Tier-Lemma
2522,schürzinger,Tier-Lemma
2523,nachtigallenmelodei,Tier-Lemma
2524,biduum,Tier-Lemma
2525,hetzhund,Tier-Lemma
2526,kamtschadale,Tier-Lemma
2527,geißbock,Tier-Lemma
2528,nagemäuschen,Tier-Lemma
2529,gockelche,Tier-Lemma
2530,seemöwe,Tier-Lemma
2531,kourier,Tier-Lemma
2532,sardelle,Tier-Lemma
2533,allthier,Tier-Lemma
2534,wanstvieh,Tier-Lemma
2535,touyouyou,Tier-Lemma
2536,haie,Tier-Lemma
2537,funkenwürmer,Tier-Lemma
2538,kuh,Tier-Lemma
2539,didier,Tier-Lemma
2540,nachtgevögel,Tier-Lemma
2541,circe,Tier-Lemma
2542,animarum,Tier-Lemma
2543,bomolie,Tier-Lemma
2544,flora-cypris,Tier-Lemma
2545,lerm,Tier-Lemma
2546,taub,Tier-Lemma
2547,sarcina,Tier-Lemma
2548,würdger,Tier-Lemma
2549,taue,Tier-Lemma
2550,seneka,Tier-Lemma
2551,pelikan,Tier-Lemma
2552,karaff,Tier-Lemma
2553,bisje,Tier-Lemma
2554,strauß,Tier-Lemma
2555,schweinchen,Tier-Lemma
2556,birg,Tier-Lemma
2557,christoph,Tier-Lemma
2558,vielfraßweis,Tier-Lemma
2559,ragout,Tier-Lemma
2560,steiße,Tier-Lemma
2561,ammonshorn,Tier-Lemma
2562,fuchseise,Tier-Lemma
2563,madl,Tier-Lemma
2564,moschustierer,Tier-Lemma
2565,würk,Tier-Lemma
2566,vorstehhund,Tier-Lemma
2567,bestien,Tier-Lemma
2568,fresse,Tier-Lemma
2569,aliorum,Tier-Lemma
2570,eudoxien,Tier-Lemma
2571,schreckgesicht,Tier-Lemma
2572,buckel,Tier-Lemma
2573,vorderpfot,Tier-Lemma
2574,bär,Tier-Lemma
2575,althegelsch,Tier-Lemma
2576,charybden,Tier-Lemma
2577,papagoy,Tier-Lemma
2578,schoßhündlein,Tier-Lemma
2579,grazien,Tier-Lemma
2580,kalbe,Tier-Lemma
2581,adelaid,Tier-Lemma
2582,huissier,Tier-Lemma
2583,mäuschen,Tier-Lemma
2584,merkurflügel,Tier-Lemma
2585,korasmin,Tier-Lemma
2586,hasenohr,Tier-Lemma
2587,farrenschwanz,Tier-Lemma
2588,rapp,Tier-Lemma
2589,dint,Tier-Lemma
2590,erdenwurm,Tier-Lemma
2591,stachelhalsband,Tier-Lemma
2592,bandwurm,Tier-Lemma
2593,kiefernmarkkäfer,Tier-Lemma
2594,schwärm'rin,Tier-Lemma
2595,gefiederen,Tier-Lemma
2596,amazonen,Tier-Lemma
2597,ecco,Tier-Lemma
2598,leichhuhn,Tier-Lemma
2599,eingeweidewurm,Tier-Lemma
2600,damon,Tier-Lemma
2601,eidechsen,Tier-Lemma
2602,ambivar,Tier-Lemma
2603,rasend,Tier-Lemma
2604,kätzin,Tier-Lemma
2605,tyger-thier,Tier-Lemma
2606,storchenwesen,Tier-Lemma
2607,violentias,Tier-Lemma
2608,musculi,Tier-Lemma
2609,hudri,Tier-Lemma
2610,bursch,Tier-Lemma
2611,fäuste,Tier-Lemma
2612,pursche,Tier-Lemma
2613,schwelger,Tier-Lemma
2614,kettenhunde,Tier-Lemma
2615,eos,Tier-Lemma
2616,einhorntier,Tier-Lemma
2617,spinnbein,Tier-Lemma
2618,uhus,Tier-Lemma
2619,rappier,Tier-Lemma
2620,salamandris,Tier-Lemma
2621,äffch,Tier-Lemma
2622,lichtalben,Tier-Lemma
2623,sperber,Tier-Lemma
2624,genoß,Tier-Lemma
2625,concordia,Tier-Lemma
2626,wiedhopf,Tier-Lemma
2627,zephir,Tier-Lemma
2628,merkurius,Tier-Lemma
2629,kreatur,Tier-Lemma
2630,menschenvieh,Tier-Lemma
2631,würgengel,Tier-Lemma
2632,has,Tier-Lemma
2633,admovisseque,Tier-Lemma
2634,nas,Tier-Lemma
2635,kondore,Tier-Lemma
2636,tigern,Tier-Lemma
2637,schlangen-maul,Tier-Lemma
2638,apffel,Tier-Lemma
2639,klebeklettenschwanz,Tier-Lemma
2640,anakonda,Tier-Lemma
2641,wolfshunden,Tier-Lemma
2642,vogelengelein,Tier-Lemma
2643,riesenkrohn,Tier-Lemma
2644,geitz,Tier-Lemma
2645,läuffer,Tier-Lemma
2646,weidegangskälber,Tier-Lemma
2647,schwindelhort,Tier-Lemma
2648,krackelfüße,Tier-Lemma
2649,widderfell,Tier-Lemma
2650,lühring,Tier-Lemma
2651,brevier,Tier-Lemma
2652,roßknoch,Tier-Lemma
2653,kavalier,Tier-Lemma
2654,ohm-buur-grog,Tier-Lemma
2655,hochroitzpointner,Tier-Lemma
2656,eierdotter,Tier-Lemma
2657,hesperide,Tier-Lemma
2658,todten-gerippe,Tier-Lemma
2659,puckel,Tier-Lemma
2660,hirsch,Tier-Lemma
2661,filitze,Tier-Lemma
2662,hühneraug,Tier-Lemma
2663,pinscher,Tier-Lemma
2664,lästerung,Tier-Lemma
2665,slawenschwarm,Tier-Lemma
2666,burnus,Tier-Lemma
2667,schwarms,Tier-Lemma
2668,huat,Tier-Lemma
2669,flamingo,Tier-Lemma
2670,gansbrust,Tier-Lemma
2671,widderpelze,Tier-Lemma
2672,federbüschel,Tier-Lemma
2673,floh,Tier-Lemma
2674,niklaus,Tier-Lemma
2675,kelch,Tier-Lemma
2676,cautius,Tier-Lemma
2677,springwurz,Tier-Lemma
2678,rattenschwänz,Tier-Lemma
2679,fischschwanzl,Tier-Lemma
2680,schoppe,Tier-Lemma
2681,tauber,Tier-Lemma
2682,aeffin,Tier-Lemma
2683,otnit,Tier-Lemma
2684,olympie,Tier-Lemma
2685,wallfischrachen,Tier-Lemma
2686,elentiers-felle,Tier-Lemma
2687,fischwaß,Tier-Lemma
2688,bernhardy,Tier-Lemma
2689,béjart,Tier-Lemma
2690,memm,Tier-Lemma
2691,digastricus,Tier-Lemma
2692,amphitryon,Tier-Lemma
2693,schlingwurm,Tier-Lemma
2694,rükke,Tier-Lemma
2695,nil,Tier-Lemma
2696,wurd,Tier-Lemma
2697,diafoirus,Tier-Lemma
2698,füselier,Tier-Lemma
2699,isabellen,Tier-Lemma
2700,bue,Tier-Lemma
2701,goldkäfer,Tier-Lemma
2702,raupenvölklein,Tier-Lemma
2703,zugtiere,Tier-Lemma
2704,populus,Tier-Lemma
2705,goldfüchsel,Tier-Lemma
2706,weibsbild,Tier-Lemma
2707,vix,Tier-Lemma
2708,trinobant,Tier-Lemma
2709,kakappe,Tier-Lemma
2710,sprungmatratz,Tier-Lemma
2711,clarisse,Tier-Lemma
2712,gelbschnabel,Tier-Lemma
2713,jocus,Tier-Lemma
2714,sapperment,Tier-Lemma
2715,schleichvogel,Tier-Lemma
2716,gemsen,Tier-Lemma
2717,maulwurfsschanze,Tier-Lemma
2718,fähndrich,Tier-Lemma
2719,widderfüsse,Tier-Lemma
2720,storch,Tier-Lemma
2721,stachelschwein,Tier-Lemma
2722,klotz-george,Tier-Lemma
2723,leschien,Tier-Lemma
2724,federli,Tier-Lemma
2725,humbrecht,Tier-Lemma
2726,rentier,Tier-Lemma
2727,saumtier,Tier-Lemma
2728,rennpferde,Tier-Lemma
2729,schneegesicht,Tier-Lemma
2730,hyperbel,Tier-Lemma
2731,lämmich,Tier-Lemma
2732,phalarius,Tier-Lemma
2733,schöpsen,Tier-Lemma
2734,sacha,Tier-Lemma
2735,glöckerln,Tier-Lemma
2736,marmott,Tier-Lemma
2737,joseph,Tier-Lemma
2738,tierfell,Tier-Lemma
2739,lemure,Tier-Lemma
2740,steffel,Tier-Lemma
2741,leodegarium,Tier-Lemma
2742,volksapplaus,Tier-Lemma
2743,rennpferd,Tier-Lemma
2744,oog,Tier-Lemma
2745,kopff,Tier-Lemma
2746,entflohnen,Tier-Lemma
2747,zwerchfells,Tier-Lemma
2748,salustianam,Tier-Lemma
2749,zygomaticus,Tier-Lemma
2750,grille,Tier-Lemma
2751,blutsfreund,Tier-Lemma
2752,ranunkel,Tier-Lemma
2753,bon,Tier-Lemma
2754,hyblas,Tier-Lemma
2755,buck'l,Tier-Lemma
2756,euster,Tier-Lemma
2757,raffzähn,Tier-Lemma
2758,stekenpferd,Tier-Lemma
2759,rogg'n,Tier-Lemma
2760,würm,Tier-Lemma
2761,wölfe,Tier-Lemma
2762,kot,Tier-Lemma
2763,lucinden,Tier-Lemma
2764,plunder,Tier-Lemma
2765,jägerhorn,Tier-Lemma
2766,rachen,Tier-Lemma
2767,knochengerippe,Tier-Lemma
2768,wixer,Tier-Lemma
2769,rotfuch,Tier-Lemma
2770,schreckensgefieder,Tier-Lemma
2771,fläz,Tier-Lemma
2772,stokfisch,Tier-Lemma
2773,affe,Tier-Lemma
2774,spondäus,Tier-Lemma
2775,grisaldo,Tier-Lemma
2776,jagdhunde,Tier-Lemma
2777,heuchelbild,Tier-Lemma
2778,füchse,Tier-Lemma
2779,seehansel,Tier-Lemma
2780,pharao-kuhkäs,Tier-Lemma
2781,proteu,Tier-Lemma
2782,löwenmaul,Tier-Lemma
2783,hodie,Tier-Lemma
2784,cyprian,Tier-Lemma
2785,grasbeißer,Tier-Lemma
2786,adlerweibchen,Tier-Lemma
2787,wampum,Tier-Lemma
2788,natterstiche,Tier-Lemma
2789,ungeheu'r,Tier-Lemma
2790,parvenus,Tier-Lemma
2791,marse,Tier-Lemma
2792,montanus,Tier-Lemma
2793,doktor,Tier-Lemma
2794,dioskur,Tier-Lemma
2795,schwan,Tier-Lemma
2796,phönixhähne,Tier-Lemma
2797,hüneraug,Tier-Lemma
2798,trojae,Tier-Lemma
2799,wesp,Tier-Lemma
2800,spargelköpfen,Tier-Lemma
2801,piepvogel,Tier-Lemma
2802,kästelruthner,Tier-Lemma
2803,mastvieh,Tier-Lemma
2804,gewimmel,Tier-Lemma
2805,rabenviech,Tier-Lemma
2806,perversa,Tier-Lemma
2807,tuckmauser,Tier-Lemma
2808,fratze,Tier-Lemma
2809,och,Tier-Lemma
2810,melancholica,Tier-Lemma
2811,pferdebeine,Tier-Lemma
2812,beyde,Tier-Lemma
2813,chamäleon,Tier-Lemma
2814,saxonum,Tier-Lemma
2815,scipio,Tier-Lemma
2816,zähnen,Tier-Lemma
2817,braune,Tier-Lemma
2818,gewissen,Tier-Lemma
2819,tannhäuser,Tier-Lemma
2820,federviehs,Tier-Lemma
2821,menschenfresser,Tier-Lemma
2822,rosenflor,Tier-Lemma
2823,jungfrau'n,Tier-Lemma
2824,baier,Tier-Lemma
2825,pignus,Tier-Lemma
2826,rachedämon,Tier-Lemma
2827,rotschwänzche,Tier-Lemma
2828,schweindlan,Tier-Lemma
2829,animals,Tier-Lemma
2830,posthalter,Tier-Lemma
2831,puhu,Tier-Lemma
2832,harams-mäuse,Tier-Lemma
2833,bespien,Tier-Lemma
2834,scaramuccio,Tier-Lemma
2835,schwanzend,Tier-Lemma
2836,bonabatt,Tier-Lemma
2837,sodom,Tier-Lemma
2838,wollenthier,Tier-Lemma
2839,ziack,Tier-Lemma
2840,kammertiere,Tier-Lemma
2841,zauberdrach,Tier-Lemma
2842,kravattl,Tier-Lemma
2843,maulwurfs,Tier-Lemma
2844,farckel,Tier-Lemma
2845,traber,Tier-Lemma
2846,fanchon,Tier-Lemma
2847,levi,Tier-Lemma
2848,sputo,Tier-Lemma
2849,orpheu,Tier-Lemma
2850,euglen,Tier-Lemma
2851,ochsensehn,Tier-Lemma
2852,biester,Tier-Lemma
2853,zauberfrosch,Tier-Lemma
2854,unthier,Tier-Lemma
2855,olfer,Tier-Lemma
2856,goldgulde,Tier-Lemma
2857,major,Tier-Lemma
2858,thun,Tier-Lemma
2859,arkebusier,Tier-Lemma
2860,hirsche,Tier-Lemma
2861,paria,Tier-Lemma
2862,kitāl,Tier-Lemma
2863,fohle,Tier-Lemma
2864,schlund,Tier-Lemma
2865,nachtigallensang,Tier-Lemma
2866,waldestier,Tier-Lemma
2867,neptunus,Tier-Lemma
2868,auge,Tier-Lemma
2869,oscula,Tier-Lemma
2870,kralle,Tier-Lemma
2871,galgenvögel,Tier-Lemma
2872,lers,Tier-Lemma
2873,ligusterschwärmer,Tier-Lemma
2874,fuchsschwentzer,Tier-Lemma
2875,göldne,Tier-Lemma
2876,zephyrflügeln,Tier-Lemma
2877,klaun,Tier-Lemma
2878,kürassierpferde,Tier-Lemma
2879,gefatter,Tier-Lemma
2880,pferdehalfter,Tier-Lemma
2881,donna,Tier-Lemma
2882,pumphia,Tier-Lemma
2883,tigerin,Tier-Lemma
2884,ditto,Tier-Lemma
2885,kuchelbär,Tier-Lemma
2886,rossen,Tier-Lemma
2887,pfifferling,Tier-Lemma
2888,puttchen,Tier-Lemma
2889,felles,Tier-Lemma
2890,grip,Tier-Lemma
2891,bandito,Tier-Lemma
2892,sturmbock,Tier-Lemma
2893,froschlaich,Tier-Lemma
2894,giftgeschwür,Tier-Lemma
2895,rabenäser,Tier-Lemma
2896,möcht,Tier-Lemma
2897,libussen,Tier-Lemma
2898,zriny,Tier-Lemma
2899,puffapuff,Tier-Lemma
2900,procoli,Tier-Lemma
2901,sulpizius,Tier-Lemma
2902,vorgeiger,Tier-Lemma
2903,wilhelminche,Tier-Lemma
2904,haut,Tier-Lemma
2905,krughal,Tier-Lemma
2906,hü,Tier-Lemma
2907,zicklein,Tier-Lemma
2908,drachen,Tier-Lemma
2909,raxer,Tier-Lemma
2910,taube,Tier-Lemma
2911,kosaken-pferd,Tier-Lemma
2912,geschöpfer,Tier-Lemma
2913,reiherbeize,Tier-Lemma
2914,raubvogel,Tier-Lemma
2915,moschu,Tier-Lemma
2916,raubgevögel,Tier-Lemma
2917,hamsterfell'n,Tier-Lemma
2918,luxushund,Tier-Lemma
2919,drau,Tier-Lemma
2920,aalnetze,Tier-Lemma
2921,fleischtöpfe,Tier-Lemma
2922,auswürfling,Tier-Lemma
2923,duplessis,Tier-Lemma
2924,hähnk,Tier-Lemma
2925,schlangenschweif,Tier-Lemma
2926,ohrwurm,Tier-Lemma
2927,marterschweine,Tier-Lemma
2928,flieget,Tier-Lemma
2929,briese,Tier-Lemma
2930,rehkuh,Tier-Lemma
2931,pahle,Tier-Lemma
2932,wunderfische,Tier-Lemma
2933,raubbiener,Tier-Lemma
2934,novio,Tier-Lemma
2935,gans,Tier-Lemma
2936,ferias,Tier-Lemma
2937,waldvogel,Tier-Lemma
2938,puck,Tier-Lemma
2939,lämmergeier,Tier-Lemma
2940,papagoys,Tier-Lemma
2941,papageis,Tier-Lemma
2942,bettelleute,Tier-Lemma
2943,kaze,Tier-Lemma
2944,rix,Tier-Lemma
2945,murmeltiere,Tier-Lemma
2946,fangeis,Tier-Lemma
2947,meum,Tier-Lemma
2948,schmerl,Tier-Lemma
2949,koken,Tier-Lemma
2950,cholerakranke,Tier-Lemma
2951,fisch-geschlechter,Tier-Lemma
2952,doria,Tier-Lemma
2953,wassermöwe,Tier-Lemma
2954,zephyre,Tier-Lemma
2955,rind-vieh,Tier-Lemma
2956,goldeule,Tier-Lemma
2957,lumbricis,Tier-Lemma
2958,parapluie,Tier-Lemma
2959,hecastus,Tier-Lemma
2960,kirchenmäuse,Tier-Lemma
2961,lindwurm,Tier-Lemma
2962,wolfesgrimm,Tier-Lemma
2963,störche,Tier-Lemma
2964,fliegt,Tier-Lemma
2965,riesenwurm,Tier-Lemma
2966,zahne,Tier-Lemma
2967,schildkröt,Tier-Lemma
2968,prachtpferd,Tier-Lemma
2969,bostrichide,Tier-Lemma
2970,mäulchen,Tier-Lemma
2971,singvöglein,Tier-Lemma
2972,geschöpf,Tier-Lemma
2973,accisgroschen,Tier-Lemma
2974,bayart,Tier-Lemma
2975,atalus,Tier-Lemma
2976,portiere,Tier-Lemma
2977,riesenschildkröt,Tier-Lemma
2978,schwoll,Tier-Lemma
2979,zirngibl,Tier-Lemma
2980,schwächling,Tier-Lemma
2981,schmerbauch,Tier-Lemma
2982,fasan,Tier-Lemma
2983,kater,Tier-Lemma
2984,puppe,Tier-Lemma
2985,stater,Tier-Lemma
2986,möhrche,Tier-Lemma
2987,hengste,Tier-Lemma
2988,wotan,Tier-Lemma
2989,speculant,Tier-Lemma
2990,hirschlein,Tier-Lemma
2991,schoßpudel,Tier-Lemma
2992,mutterschwein,Tier-Lemma
2993,liberalibus,Tier-Lemma
2994,austernschleim,Tier-Lemma
2995,wechwurf,Tier-Lemma
2996,deincepr,Tier-Lemma
2997,höllendrach,Tier-Lemma
2998,schwuchtlümmel,Tier-Lemma
2999,bärwolf,Tier-Lemma
3000,pallum,Tier-Lemma
3001,beinfleisch,Tier-Lemma
3002,molluske,Tier-Lemma
3003,fitt'gen,Tier-Lemma
3004,marzepane,Tier-Lemma
3005,glühwurm,Tier-Lemma
3006,respectus,Tier-Lemma
3007,säugetier,Tier-Lemma
3008,fledermäus,Tier-Lemma
3009,aeppel,Tier-Lemma
3010,bauch,Tier-Lemma
3011,klunkerschäfkn,Tier-Lemma
3012,küh,Tier-Lemma
3013,froog,Tier-Lemma
3014,jona,Tier-Lemma
3015,seejungfer,Tier-Lemma
3016,falkenir,Tier-Lemma
3017,bussel,Tier-Lemma
3018,löwentreue,Tier-Lemma
3019,gröning,Tier-Lemma
3020,schwefelpfuhl,Tier-Lemma
3021,schwalben,Tier-Lemma
3022,straußes,Tier-Lemma
3023,turteltäubchen,Tier-Lemma
3024,wagen,Tier-Lemma
3025,birbant,Tier-Lemma
3026,marschalks,Tier-Lemma
3027,wallfischen,Tier-Lemma
3028,kanarienvögel,Tier-Lemma
3029,thyestes,Tier-Lemma
3030,fidei,Tier-Lemma
3031,löwensaul,Tier-Lemma
3032,kreuzutter,Tier-Lemma
3033,patriot,Tier-Lemma
3034,spitzbub,Tier-Lemma
3035,kratzfuß,Tier-Lemma
3036,tauben-ei,Tier-Lemma
3037,klau,Tier-Lemma
3038,hundstritt,Tier-Lemma
3039,fledermauskralle,Tier-Lemma
3040,schneppek,Tier-Lemma
3041,katzenkopf,Tier-Lemma
3042,tigerinn,Tier-Lemma
3043,hirschkühe,Tier-Lemma
3044,spatzn,Tier-Lemma
3045,schwall,Tier-Lemma
3046,wunderthier,Tier-Lemma
3047,muhme,Tier-Lemma
3048,löwenbrüll,Tier-Lemma
3049,flodoardo,Tier-Lemma
3050,schlang,Tier-Lemma
3051,fledern,Tier-Lemma
3052,kahner,Tier-Lemma
3053,vorstehhunden,Tier-Lemma
3054,höflinge,Tier-Lemma
3055,bocksfell,Tier-Lemma
3056,schweinsschnauze,Tier-Lemma
3057,drach,Tier-Lemma
3058,neurasthenia,Tier-Lemma
3059,ratzenschwanz,Tier-Lemma
3060,holde,Tier-Lemma
3061,waldtiere,Tier-Lemma
3062,sklave,Tier-Lemma
3063,mükkenstiche,Tier-Lemma
3064,käm,Tier-Lemma
3065,stelzfuß,Tier-Lemma
3066,paphnutius,Tier-Lemma
3067,muräne,Tier-Lemma
3068,ächter,Tier-Lemma
3069,feueraug,Tier-Lemma
3070,messalina,Tier-Lemma
3071,spinnewebe,Tier-Lemma
3072,larum,Tier-Lemma
3073,geißel,Tier-Lemma
3074,spitta,Tier-Lemma
3075,hispulla,Tier-Lemma
3076,ganserl,Tier-Lemma
3077,satane,Tier-Lemma
3078,facti,Tier-Lemma
3079,dach,Tier-Lemma
3080,pardel,Tier-Lemma
3081,oskar,Tier-Lemma
3082,wölfische,Tier-Lemma
3083,philippinche,Tier-Lemma
3084,raculum,Tier-Lemma
3085,spießgesellen,Tier-Lemma
3086,biskuits,Tier-Lemma
3087,arma,Tier-Lemma
3088,korn,Tier-Lemma
3089,zymbel,Tier-Lemma
3090,geniee,Tier-Lemma
3091,schwänchen,Tier-Lemma
3092,eorum,Tier-Lemma
3093,genoveva,Tier-Lemma
3094,emancipirter,Tier-Lemma
3095,troubadour,Tier-Lemma
3096,tollkühne,Tier-Lemma
3097,cap's,Tier-Lemma
3098,rinderherde,Tier-Lemma
3099,schlange,Tier-Lemma
3100,stachelschweinsborst,Tier-Lemma
3101,sonnenrossen,Tier-Lemma
3102,viehisch,Tier-Lemma
3103,rehaar,Tier-Lemma
3104,rudel,Tier-Lemma
3105,kaleb,Tier-Lemma
3106,hundeseelen,Tier-Lemma
3107,lerche,Tier-Lemma
3108,widderkopf,Tier-Lemma
3109,muschelthron,Tier-Lemma
3110,ghibelline,Tier-Lemma
3111,elefant,Tier-Lemma
3112,mylord,Tier-Lemma
3113,quid,Tier-Lemma
3114,ungeziefer,Tier-Lemma
3115,skelett,Tier-Lemma
3116,türkenhunde,Tier-Lemma
3117,gecken,Tier-Lemma
3118,pfauhahn,Tier-Lemma
3119,perraire,Tier-Lemma
3120,spitzbube,Tier-Lemma
3121,pfuhl,Tier-Lemma
3122,seitenspyl,Tier-Lemma
3123,entrich,Tier-Lemma
3124,canariensis,Tier-Lemma
3125,fisch-fang,Tier-Lemma
3126,bastarde,Tier-Lemma
3127,murr'l,Tier-Lemma
3128,baccus,Tier-Lemma
3129,schmeichelkätzchen,Tier-Lemma
3130,tanzbär,Tier-Lemma
3131,schuhu,Tier-Lemma
3132,krächzegruß,Tier-Lemma
3133,saubär,Tier-Lemma
3134,dukterluder,Tier-Lemma
3135,flämmche,Tier-Lemma
3136,eut,Tier-Lemma
3137,meuchelmörder,Tier-Lemma
3138,hokuspokus,Tier-Lemma
3139,phantasey,Tier-Lemma
3140,pappegoy,Tier-Lemma
3141,maccus,Tier-Lemma
3142,krakehler,Tier-Lemma
3143,wechselbälg,Tier-Lemma
3144,zugvieh,Tier-Lemma
3145,dastehn,Tier-Lemma
3146,käfig,Tier-Lemma
3147,deiphobus,Tier-Lemma
3148,nase,Tier-Lemma
3149,rara,Tier-Lemma
3150,schaf,Tier-Lemma
3151,leithund,Tier-Lemma
3152,eumenide,Tier-Lemma
3153,danlandsvogel,Tier-Lemma
3154,tigerrache,Tier-Lemma
3155,dickkopp,Tier-Lemma
3156,g'frieß,Tier-Lemma
3157,riesenleib,Tier-Lemma
3158,katzenpfot,Tier-Lemma
3159,löwenmut,Tier-Lemma
3160,katelli's,Tier-Lemma
3161,prorsus,Tier-Lemma
3162,blumengeister,Tier-Lemma
3163,fessel,Tier-Lemma
3164,kiebitz,Tier-Lemma
3165,ungnoden,Tier-Lemma
3166,schandwurm,Tier-Lemma
3167,bothe,Tier-Lemma
3168,zitterfeder,Tier-Lemma
3169,geßler,Tier-Lemma
3170,cäcilia,Tier-Lemma
3171,swi,Tier-Lemma
3172,nachtfalter,Tier-Lemma
3173,fähnrich,Tier-Lemma
3174,brangan,Tier-Lemma
3175,kühen,Tier-Lemma
3176,maienbock,Tier-Lemma
3177,horn,Tier-Lemma
3178,schweinehirt,Tier-Lemma
3179,kalbsfelle,Tier-Lemma
3180,dido,Tier-Lemma
3181,wesen,Tier-Lemma
3182,gemein,Tier-Lemma
3183,tollköpf,Tier-Lemma
3184,läppche,Tier-Lemma
3185,kaninchen,Tier-Lemma
3186,papillonsflügeln,Tier-Lemma
3187,cleanthen,Tier-Lemma
3188,sperl,Tier-Lemma
3189,bonosus,Tier-Lemma
3190,tritthahn,Tier-Lemma
3191,meerkelber,Tier-Lemma
3192,cäsar,Tier-Lemma
3193,eingeweidewürmer,Tier-Lemma
3194,trude,Tier-Lemma
3195,woyzeck,Tier-Lemma
3196,kahn,Tier-Lemma
3197,wetterkröte,Tier-Lemma
3198,hippia,Tier-Lemma
3199,sturmvögel,Tier-Lemma
3200,tigerwolf,Tier-Lemma
3201,bumbum,Tier-Lemma
3202,finster,Tier-Lemma
3203,kavalleriepferde,Tier-Lemma
3204,vögelchen,Tier-Lemma
3205,schwanengefieder,Tier-Lemma
3206,werwolftier,Tier-Lemma
3207,nymphe,Tier-Lemma
3208,netz,Tier-Lemma
3209,habichtskrall,Tier-Lemma
3210,spinnenweibe,Tier-Lemma
3211,zichori,Tier-Lemma
3212,patronum,Tier-Lemma
3213,stieglitze,Tier-Lemma
3214,salv,Tier-Lemma
3215,schurtzfell,Tier-Lemma
3216,geierflügeln,Tier-Lemma
3217,katers,Tier-Lemma
3218,köhlerjunge,Tier-Lemma
3219,hupe,Tier-Lemma
3220,borea,Tier-Lemma
3221,leichtfuß,Tier-Lemma
3222,maur,Tier-Lemma
3223,milz,Tier-Lemma
3224,veilchen,Tier-Lemma
3225,unheilvogel,Tier-Lemma
3226,schildkröte,Tier-Lemma
3227,minerva,Tier-Lemma
3228,astragalus,Tier-Lemma
3229,allobrogerweib,Tier-Lemma
3230,gänschen,Tier-Lemma
3231,nasenflügel,Tier-Lemma
3232,ritterspor'n,Tier-Lemma
3233,hörnerpaar,Tier-Lemma
3234,mädel,Tier-Lemma
3235,gras,Tier-Lemma
3236,gänsrich,Tier-Lemma
3237,suitier,Tier-Lemma
3238,ziga,Tier-Lemma
3239,hophop,Tier-Lemma
3240,liblinge,Tier-Lemma
3241,pfal,Tier-Lemma
3242,prachtgefieder,Tier-Lemma
3243,zügel,Tier-Lemma
3244,consilia,Tier-Lemma
3245,fidelis,Tier-Lemma
3246,gaddo,Tier-Lemma
3247,adlerfeder,Tier-Lemma
3248,fischotter,Tier-Lemma
3249,balboa,Tier-Lemma
3250,daphne,Tier-Lemma
3251,fadet,Tier-Lemma
3252,adlersfedern,Tier-Lemma
3253,thir,Tier-Lemma
3254,speer,Tier-Lemma
3255,federvieh,Tier-Lemma
3256,bösartige,Tier-Lemma
3257,blutegel,Tier-Lemma
3258,geifer,Tier-Lemma
3259,tarkaleon,Tier-Lemma
3260,akanthusstengel,Tier-Lemma
3261,mona,Tier-Lemma
3262,ganßbiegel,Tier-Lemma
3263,argus,Tier-Lemma
3264,siegfried,Tier-Lemma
3265,mistviech,Tier-Lemma
3266,salamonskys,Tier-Lemma
3267,krämer,Tier-Lemma
3268,capiti,Tier-Lemma
3269,houwaldchen,Tier-Lemma
3270,sekondgeig,Tier-Lemma
3271,taub'nschuaster,Tier-Lemma
3272,harpyien,Tier-Lemma
3273,coulisse,Tier-Lemma
3274,schnauze,Tier-Lemma
3275,bourbon,Tier-Lemma
3276,riesenplane,Tier-Lemma
3277,artemi,Tier-Lemma
3278,holzwürmer,Tier-Lemma
3279,meise,Tier-Lemma
3280,pofel,Tier-Lemma
3281,kalekute,Tier-Lemma
3282,waiblinger,Tier-Lemma
3283,gralstaube,Tier-Lemma
3284,auerhahn,Tier-Lemma
3285,waldgeflügel,Tier-Lemma
3286,tullus,Tier-Lemma
3287,phylli,Tier-Lemma
3288,lästrung,Tier-Lemma
3289,motte,Tier-Lemma
3290,schreibesel,Tier-Lemma
3291,kornsäkke,Tier-Lemma
3292,ei,Tier-Lemma
3293,lotus,Tier-Lemma
3294,vogelherz,Tier-Lemma
3295,kinderhäubl,Tier-Lemma
3296,kamelen,Tier-Lemma
3297,höhner,Tier-Lemma
3298,kalbskopf,Tier-Lemma
3299,hummel,Tier-Lemma
3300,raubthiere,Tier-Lemma
3301,piramus,Tier-Lemma
3302,kehlkopf,Tier-Lemma
3303,spinneneier,Tier-Lemma
3304,pedrarias,Tier-Lemma
3305,mahomed,Tier-Lemma
3306,numitor,Tier-Lemma
3307,wildgäns,Tier-Lemma
3308,schling,Tier-Lemma
3309,bisam-katz,Tier-Lemma
3310,rosine,Tier-Lemma
3311,genien,Tier-Lemma
3312,kozyt,Tier-Lemma
3313,miadein,Tier-Lemma
3314,arboga,Tier-Lemma
3315,sterblichen,Tier-Lemma
3316,viech'wag'n,Tier-Lemma
3317,lockvogel,Tier-Lemma
3318,draco-cephalum,Tier-Lemma
3319,riesenspinne,Tier-Lemma
3320,rab,Tier-Lemma
3321,sporner,Tier-Lemma
3322,thälerche,Tier-Lemma
3323,fell,Tier-Lemma
3324,würme,Tier-Lemma
3325,bohn,Tier-Lemma
3326,huhne,Tier-Lemma
3327,vogelsang,Tier-Lemma
3328,ingomer,Tier-Lemma
3329,schwalbenschweif,Tier-Lemma
3330,hasenfuß,Tier-Lemma
3331,mumu,Tier-Lemma
3332,gazellenauge,Tier-Lemma
3333,seekrebs,Tier-Lemma
3334,zobelfell'n,Tier-Lemma
3335,ouark,Tier-Lemma
3336,birk,Tier-Lemma
3337,houdet,Tier-Lemma
3338,kaldaun,Tier-Lemma
3339,raptus,Tier-Lemma
3340,femmes,Tier-Lemma
3341,pfau,Tier-Lemma
3342,leoparden,Tier-Lemma
3343,kirchenmaus,Tier-Lemma
3344,diego,Tier-Lemma
3345,athem,Tier-Lemma
3346,lachse,Tier-Lemma
3347,pöbel,Tier-Lemma
3348,thobald,Tier-Lemma
3349,vorderhuf,Tier-Lemma
3350,gevatter,Tier-Lemma
3351,glühkäfer,Tier-Lemma
3352,apfelsin,Tier-Lemma
3353,flüglein,Tier-Lemma
3354,nymphen,Tier-Lemma
3355,gekroche,Tier-Lemma
3356,aktris,Tier-Lemma
3357,hascher,Tier-Lemma
3358,maul-esel,Tier-Lemma
3359,ukrainisch-ochsen,Tier-Lemma
3360,pindus,Tier-Lemma
3361,brustbonbon,Tier-Lemma
3362,trutz,Tier-Lemma
3363,lockvögel,Tier-Lemma
3364,lämmerchen,Tier-Lemma
3365,justus,Tier-Lemma
3366,tatjana,Tier-Lemma
3367,kama,Tier-Lemma
3368,kanarienfritz,Tier-Lemma
3369,ochsgenies,Tier-Lemma
3370,meerkateraug,Tier-Lemma
3371,antilope,Tier-Lemma
3372,lerchlein,Tier-Lemma
3373,pfauenschweif,Tier-Lemma
3374,schorzfell,Tier-Lemma
3375,parentelae,Tier-Lemma
3376,dickschädel,Tier-Lemma
3377,pferdefüße,Tier-Lemma
3378,diskus,Tier-Lemma
3379,bouteillen,Tier-Lemma
3380,mopsus,Tier-Lemma
3381,herold,Tier-Lemma
3382,haselnußaug'n,Tier-Lemma
3383,fäul,Tier-Lemma
3384,reutrinne,Tier-Lemma
3385,labdakus,Tier-Lemma
3386,käsigen,Tier-Lemma
3387,spökel,Tier-Lemma
3388,lauch,Tier-Lemma
3389,schnaufen,Tier-Lemma
3390,bätken,Tier-Lemma
3391,stirre,Tier-Lemma
3392,rehböcke,Tier-Lemma
3393,todtenwürmer,Tier-Lemma
3394,einhorn,Tier-Lemma
3395,ratiocinium,Tier-Lemma
3396,biethund,Tier-Lemma
3397,waller,Tier-Lemma
3398,reptil,Tier-Lemma
3399,pendebat,Tier-Lemma
3400,sucus,Tier-Lemma
3401,sandsteinhörner,Tier-Lemma
3402,cylinder,Tier-Lemma
3403,josé,Tier-Lemma
3404,maaße,Tier-Lemma
3405,gänseflügel,Tier-Lemma
3406,subito,Tier-Lemma
3407,stiel,Tier-Lemma
3408,magis,Tier-Lemma
3409,cerui,Tier-Lemma
3410,vogel-bauer,Tier-Lemma
3411,papagei'n,Tier-Lemma
3412,glatz,Tier-Lemma
3413,wachthunde,Tier-Lemma
3414,waldthier,Tier-Lemma
3415,speciesthaler,Tier-Lemma
3416,cekrops,Tier-Lemma
3417,kamäleon,Tier-Lemma
3418,parforcehund,Tier-Lemma
3419,crucem,Tier-Lemma
3420,ochsenziemer,Tier-Lemma
3421,bonapart,Tier-Lemma
3422,ahmol,Tier-Lemma
3423,sänft,Tier-Lemma
3424,minothaurus,Tier-Lemma
3425,nie,Tier-Lemma
3426,hartwig,Tier-Lemma
3427,gelärme,Tier-Lemma
3428,beutelschneider,Tier-Lemma
3429,schwärmerian,Tier-Lemma
3430,eberhorden,Tier-Lemma
3431,mandrill,Tier-Lemma
3432,luchse,Tier-Lemma
3433,mey,Tier-Lemma
3434,schanzelupp,Tier-Lemma
3435,möpse,Tier-Lemma
3436,datterich,Tier-Lemma
3437,pluto,Tier-Lemma
3438,durnrusen,Tier-Lemma
3439,fischlein,Tier-Lemma
3440,müller-esel,Tier-Lemma
3441,kö'ngin,Tier-Lemma
3442,saufeja,Tier-Lemma
3443,fled,Tier-Lemma
3444,schwanke,Tier-Lemma
3445,kamerädinn,Tier-Lemma
3446,phöbus,Tier-Lemma
3447,ibikus,Tier-Lemma
3448,crucifixus,Tier-Lemma
3449,lämmerschar,Tier-Lemma
3450,stinchen,Tier-Lemma
3451,gehilfin,Tier-Lemma
3452,tierhäute,Tier-Lemma
3453,pinsch,Tier-Lemma
3454,tigerkatze,Tier-Lemma
3455,scäpio,Tier-Lemma
3456,gäul,Tier-Lemma
3457,panterthier,Tier-Lemma
3458,tühricht,Tier-Lemma
3459,rinderkeul,Tier-Lemma
3460,tierchen,Tier-Lemma
3461,mad'ln,Tier-Lemma
3462,elephant,Tier-Lemma
3463,pagode,Tier-Lemma
3464,pferdekopf,Tier-Lemma
3465,föt,Tier-Lemma
3466,triton,Tier-Lemma
3467,aslauga,Tier-Lemma
3468,lipp,Tier-Lemma
3469,kiel,Tier-Lemma
3470,husarum,Tier-Lemma
3471,köpf,Tier-Lemma
3472,meerkätzchen,Tier-Lemma
3473,hühneraugen,Tier-Lemma
3474,golo,Tier-Lemma
3475,rhenanen,Tier-Lemma
3476,wolkenpferde,Tier-Lemma
3477,medusakopf,Tier-Lemma
3478,marabus,Tier-Lemma
3479,wühler,Tier-Lemma
3480,kähn,Tier-Lemma
3481,flederwische,Tier-Lemma
3482,krähenfleisch,Tier-Lemma
3483,zeisig,Tier-Lemma
3484,bienche,Tier-Lemma
3485,mylady,Tier-Lemma
3486,kasteier,Tier-Lemma
3487,maultasche,Tier-Lemma
3488,chamerkopf,Tier-Lemma
3489,küah,Tier-Lemma
3490,blattlau,Tier-Lemma
3491,leüt,Tier-Lemma
3492,läger,Tier-Lemma
3493,schwortemooge,Tier-Lemma
3494,froschquaker,Tier-Lemma
3495,rathenower,Tier-Lemma
3496,constrictor,Tier-Lemma
3497,wasserhund,Tier-Lemma
3498,tigerklauen,Tier-Lemma
3499,cuntur,Tier-Lemma
3500,bären,Tier-Lemma
3501,federstraus,Tier-Lemma
3502,eminentz,Tier-Lemma
3503,meduse,Tier-Lemma
3504,t,Tier-Lemma
3505,weibch,Tier-Lemma
3506,wiesel,Tier-Lemma
3507,nuddel,Tier-Lemma
3508,weinvögel,Tier-Lemma
3509,gickel,Tier-Lemma
3510,lausebuben,Tier-Lemma
3511,riesenthier,Tier-Lemma
3512,klapperschlange,Tier-Lemma
3513,aasflieg,Tier-Lemma
3514,brakke,Tier-Lemma
3515,hephästo,Tier-Lemma
3516,opfertieres,Tier-Lemma
3517,cholecystectomarum,Tier-Lemma
3518,kadaver,Tier-Lemma
3519,gehilfe,Tier-Lemma
3520,papaluga,Tier-Lemma
3521,grasaffe,Tier-Lemma
3522,amoris,Tier-Lemma
3523,hippopotam,Tier-Lemma
3524,jagdvögel,Tier-Lemma
3525,nasenbein,Tier-Lemma
3526,roß,Tier-Lemma
3527,dalmatier,Tier-Lemma
3528,ain,Tier-Lemma
3529,schnake,Tier-Lemma
3530,hasenöhrchen,Tier-Lemma
3531,wallrosskük,Tier-Lemma
3532,kokette,Tier-Lemma
3533,füchslein,Tier-Lemma
3534,wurm-geschlecht,Tier-Lemma
3535,zauberschlange,Tier-Lemma
3536,priscilla,Tier-Lemma
3537,giraffen,Tier-Lemma
3538,späher,Tier-Lemma
3539,ibykus,Tier-Lemma
3540,schaft,Tier-Lemma
3541,platane,Tier-Lemma
3542,kälbl,Tier-Lemma
3543,fuchsen,Tier-Lemma
3544,mohrin,Tier-Lemma
3545,eudoxia,Tier-Lemma
3546,lucilla,Tier-Lemma
3547,katzen-ermischer,Tier-Lemma
3548,ketzerhunde,Tier-Lemma
3549,intra,Tier-Lemma
3550,gaßbock,Tier-Lemma
3551,gefolge,Tier-Lemma
3552,merde,Tier-Lemma
3553,piqueur,Tier-Lemma
3554,mückenhäuflein,Tier-Lemma
3555,fröhlich,Tier-Lemma
3556,sprak,Tier-Lemma
3557,tabulaturae,Tier-Lemma
3558,braunhauen,Tier-Lemma
3559,pfäffisch,Tier-Lemma
3560,farb,Tier-Lemma
3561,geweihe,Tier-Lemma
3562,ungeheuer,Tier-Lemma
3563,fuchse,Tier-Lemma
3564,vieherle,Tier-Lemma
3565,menschenwurm,Tier-Lemma
3566,wachslichter,Tier-Lemma
3567,borromäus,Tier-Lemma
3568,hühnerhund,Tier-Lemma
3569,katz-pudel,Tier-Lemma
3570,aal,Tier-Lemma
3571,kormoran,Tier-Lemma
3572,waldvöglein,Tier-Lemma
3573,viechern,Tier-Lemma
3574,hauskater,Tier-Lemma
3575,nymfe,Tier-Lemma
3576,schniekes,Tier-Lemma
3577,zunge,Tier-Lemma
3578,habusch,Tier-Lemma
3579,hummermajonäse,Tier-Lemma
3580,kameliendam,Tier-Lemma
3581,federnfuchser,Tier-Lemma
3582,störchin,Tier-Lemma
3583,kulican,Tier-Lemma
3584,schlingel,Tier-Lemma
3585,drossel,Tier-Lemma
3586,plumbar,Tier-Lemma
3587,kutscherbock,Tier-Lemma
3588,sommerfaltern,Tier-Lemma
3589,huihussa,Tier-Lemma
3590,zimmet,Tier-Lemma
3591,spuck,Tier-Lemma
3592,spectacul,Tier-Lemma
3593,echse,Tier-Lemma
3594,lerchentöne,Tier-Lemma
3595,saccorum,Tier-Lemma
3596,nimmerwiedersehn,Tier-Lemma
3597,tinche,Tier-Lemma
3598,bärn,Tier-Lemma
3599,rindviehe,Tier-Lemma
3600,aristocrat,Tier-Lemma
3601,zaubertier,Tier-Lemma
3602,fittig,Tier-Lemma
3603,hanno,Tier-Lemma
3604,gustchen,Tier-Lemma
3605,halses,Tier-Lemma
3606,burleigh,Tier-Lemma
3607,lippe,Tier-Lemma
3608,pandore,Tier-Lemma
3609,ölblatt,Tier-Lemma
3610,steppenhuhn,Tier-Lemma
3611,waldtaube,Tier-Lemma
3612,dache,Tier-Lemma
3613,schneckerln,Tier-Lemma
3614,robbe,Tier-Lemma
3615,kraut,Tier-Lemma
3616,phantasein,Tier-Lemma
3617,bacchus,Tier-Lemma
3618,kamm,Tier-Lemma
3619,samum,Tier-Lemma
3620,eulalien,Tier-Lemma
3621,spitzkopf,Tier-Lemma
3622,moderrest,Tier-Lemma
3623,brösamle,Tier-Lemma
3624,luhn,Tier-Lemma
3625,schwamm,Tier-Lemma
3626,tritone,Tier-Lemma
3627,species,Tier-Lemma
3628,kätzlein,Tier-Lemma
3629,pede,Tier-Lemma
3630,erbs,Tier-Lemma
3631,molche,Tier-Lemma
3632,flamininus,Tier-Lemma
3633,wanze,Tier-Lemma
3634,gänseeier,Tier-Lemma
3635,feder,Tier-Lemma
3636,mouchard,Tier-Lemma
3637,pyrgopolynices,Tier-Lemma
3638,gritti,Tier-Lemma
3639,lino,Tier-Lemma
3640,rasse,Tier-Lemma
3641,stör,Tier-Lemma
3642,bocke,Tier-Lemma
3643,springfedern,Tier-Lemma
3644,krämerwitwe,Tier-Lemma
3645,kühhaut,Tier-Lemma
3646,bärte,Tier-Lemma
3647,hitzkopf,Tier-Lemma
3648,nileidechsen,Tier-Lemma
3649,wür,Tier-Lemma
3650,eunuch,Tier-Lemma
3651,nashorn,Tier-Lemma
3652,nobis,Tier-Lemma
3653,vogelscheuche,Tier-Lemma
3654,schwarzalbe,Tier-Lemma
3655,wasservogel,Tier-Lemma
3656,ganshaut,Tier-Lemma
3657,schlei,Tier-Lemma
3658,fasanenfresser,Tier-Lemma
3659,meerungeheuern,Tier-Lemma
3660,wespen!–fliegenchor,Tier-Lemma
3661,spor,Tier-Lemma
3662,speien,Tier-Lemma
3663,strohwitwe,Tier-Lemma
3664,jagdpferde,Tier-Lemma
3665,torquatus,Tier-Lemma
3666,bäre,Tier-Lemma
3667,kupon,Tier-Lemma
3668,schilfrohr,Tier-Lemma
3669,alpenhörner,Tier-Lemma
3670,uranione,Tier-Lemma
3671,gajus,Tier-Lemma
3672,saubock,Tier-Lemma
3673,mauerwurm,Tier-Lemma
3674,mütze,Tier-Lemma
3675,morast,Tier-Lemma
3676,lunica,Tier-Lemma
3677,schlangenaug,Tier-Lemma
3678,bullenbeißer,Tier-Lemma
3679,eintagsfliege,Tier-Lemma
3680,silbergeitz,Tier-Lemma
3681,korporal,Tier-Lemma
3682,duodrame,Tier-Lemma
3683,vorderbeine,Tier-Lemma
3684,mis,Tier-Lemma
3685,stachelbeerbusch,Tier-Lemma
3686,cambdenum,Tier-Lemma
3687,mastkälber,Tier-Lemma
3688,kamel,Tier-Lemma
3689,schnek,Tier-Lemma
3690,katzenkadaver,Tier-Lemma
3691,tollkühner,Tier-Lemma
3692,mäko,Tier-Lemma
3693,haselhühner,Tier-Lemma
3694,leo,Tier-Lemma
3695,spinn,Tier-Lemma
3696,schläfe,Tier-Lemma
3697,stute,Tier-Lemma
3698,wurf,Tier-Lemma
3699,riesenbottich,Tier-Lemma
3700,raubvieh,Tier-Lemma
3701,sternadl,Tier-Lemma
3702,koane,Tier-Lemma
3703,satyr,Tier-Lemma
3704,blasebalg,Tier-Lemma
3705,lumpenhunde,Tier-Lemma
3706,skaramuz,Tier-Lemma
3707,langohr,Tier-Lemma
3708,kalb,Tier-Lemma
3709,raubgeflügel,Tier-Lemma
3710,elefantenzahn,Tier-Lemma
3711,ruthwen,Tier-Lemma
3712,kauz,Tier-Lemma
3713,hamster,Tier-Lemma
3714,kinngeige,Tier-Lemma
3715,lausbuab'n,Tier-Lemma
3716,schmauß,Tier-Lemma
3717,pavian,Tier-Lemma
3718,bärentreiber,Tier-Lemma
3719,thöricht,Tier-Lemma
3720,curio,Tier-Lemma
3721,leoparde,Tier-Lemma
3722,kaz,Tier-Lemma
3723,tryphena,Tier-Lemma
3724,lamm,Tier-Lemma
3725,tartar,Tier-Lemma
3726,hut,Tier-Lemma
3727,milchgesichte,Tier-Lemma
3728,mamu,Tier-Lemma
3729,kiep,Tier-Lemma
3730,heete,Tier-Lemma
3731,leimsieder,Tier-Lemma
3732,irrlichter,Tier-Lemma
3733,pferdeknoche,Tier-Lemma
3734,bæume,Tier-Lemma
3735,walfisch,Tier-Lemma
3736,baßbariton,Tier-Lemma
3737,dog,Tier-Lemma
3738,bauernvieh,Tier-Lemma
3739,wahn,Tier-Lemma
3740,mohr,Tier-Lemma
3741,kalbs-kopf,Tier-Lemma
3742,appropinquat,Tier-Lemma
3743,krebs'n,Tier-Lemma
3744,rinck,Tier-Lemma
3745,schweindla,Tier-Lemma
3746,hurenhengst,Tier-Lemma
3747,wenger,Tier-Lemma
3748,packan,Tier-Lemma
3749,papagai'n,Tier-Lemma
3750,scorpion,Tier-Lemma
3751,aprikosenwängelein,Tier-Lemma
3752,hünd,Tier-Lemma
3753,ziegeunerschaar,Tier-Lemma
3754,klumpfuß,Tier-Lemma
3755,h,Tier-Lemma
3756,blattläuse,Tier-Lemma
3757,penthesilea,Tier-Lemma
3758,zither,Tier-Lemma
3759,servibilis,Tier-Lemma
3760,hummern,Tier-Lemma
3761,ochsenfrosch,Tier-Lemma
3762,taubenpaar,Tier-Lemma
3763,fischweiber,Tier-Lemma
3764,luchs-,Tier-Lemma
3765,totenbein,Tier-Lemma
3766,strohmützen,Tier-Lemma
3767,kätzche,Tier-Lemma
3768,meerschweinchen,Tier-Lemma
3769,vögelschar,Tier-Lemma
3770,mistvieh,Tier-Lemma
3771,falkenaug,Tier-Lemma
3772,kascha,Tier-Lemma
3773,rotschimmel,Tier-Lemma
3774,urania,Tier-Lemma
3775,libuss,Tier-Lemma
3776,krake,Tier-Lemma
3777,eccoptogaster,Tier-Lemma
3778,storm,Tier-Lemma
3779,unke,Tier-Lemma
3780,puffapuff's,Tier-Lemma
3781,pinxi,Tier-Lemma
3782,ortolane,Tier-Lemma
3783,feur,Tier-Lemma
3784,bengel,Tier-Lemma
3785,masque,Tier-Lemma
3786,eulenkönig,Tier-Lemma
3787,gweih,Tier-Lemma
3788,hüpeljung,Tier-Lemma
3789,rute,Tier-Lemma
3790,ogen,Tier-Lemma
3791,duppel-duckot,Tier-Lemma
3792,käd,Tier-Lemma
3793,ohr'n,Tier-Lemma
3794,homer,Tier-Lemma
3795,karthagerdolche,Tier-Lemma
3796,kraniche,Tier-Lemma
3797,heroës,Tier-Lemma
3798,wal,Tier-Lemma
3799,schweinebredch,Tier-Lemma
3800,hering,Tier-Lemma
3801,ka–ut–tschuh,Tier-Lemma
3802,raufbold,Tier-Lemma
3803,flambeau,Tier-Lemma
3804,aetna,Tier-Lemma
3805,eid,Tier-Lemma
3806,sorex,Tier-Lemma
3807,spor'n,Tier-Lemma
3808,mädg,Tier-Lemma
3809,geflügel,Tier-Lemma
3810,wrschowetz,Tier-Lemma
3811,ungetüm,Tier-Lemma
3812,mägde,Tier-Lemma
3813,tectosage,Tier-Lemma
3814,maultier,Tier-Lemma
3815,luchsauge,Tier-Lemma
3816,phylax,Tier-Lemma
3817,rochen,Tier-Lemma
3818,fledermäusen,Tier-Lemma
3819,nachtgespenster,Tier-Lemma
3820,bannier,Tier-Lemma
3821,würstel,Tier-Lemma
3822,staaren,Tier-Lemma
3823,maleficus,Tier-Lemma
3824,procris,Tier-Lemma
3825,hiobsbote,Tier-Lemma
3826,schwanes,Tier-Lemma
3827,oktavia,Tier-Lemma
3828,tudor,Tier-Lemma
3829,erdewurm,Tier-Lemma
3830,flügelpferd,Tier-Lemma
3831,maulwurfshauf,Tier-Lemma
3832,klistier,Tier-Lemma
3833,ziegenbocke,Tier-Lemma
3834,blücher,Tier-Lemma
3835,ditloff,Tier-Lemma
3836,aares,Tier-Lemma
3837,milhauds,Tier-Lemma
3838,humery,Tier-Lemma
3839,taubstumm,Tier-Lemma
3840,rubinenaug,Tier-Lemma
3841,wurt,Tier-Lemma
3842,gattung,Tier-Lemma
3843,herauf,Tier-Lemma
3844,grünschnabel,Tier-Lemma
3845,libido,Tier-Lemma
3846,seel,Tier-Lemma
3847,stubenhund,Tier-Lemma
3848,babier,Tier-Lemma
3849,rauhbein,Tier-Lemma
3850,schwarm,Tier-Lemma
3851,penelopeia,Tier-Lemma
3852,ziegenfüßler,Tier-Lemma
3853,apfelschimmel,Tier-Lemma
3854,paradiesvögel,Tier-Lemma
3855,sau,Tier-Lemma
3856,haslinger,Tier-Lemma
3857,poz,Tier-Lemma
3858,vögel-schaar,Tier-Lemma
3859,damötens,Tier-Lemma
3860,meerschnecke,Tier-Lemma
3861,amant,Tier-Lemma
3862,beyspil,Tier-Lemma
3863,fischerkat,Tier-Lemma
3864,satan,Tier-Lemma
3865,mop,Tier-Lemma
3866,dicturus,Tier-Lemma
3867,doge,Tier-Lemma
3868,venus,Tier-Lemma
3869,drohnen,Tier-Lemma
3870,thau',Tier-Lemma
3871,wachmeester,Tier-Lemma
3872,schlender,Tier-Lemma
3873,strigae,Tier-Lemma
3874,bülbüls,Tier-Lemma
3875,glanzgewimmel,Tier-Lemma
3876,seidenhase,Tier-Lemma
3877,bruter,Tier-Lemma
3878,klotz,Tier-Lemma
3879,tatarenweiber,Tier-Lemma
3880,loison,Tier-Lemma
3881,panocitus,Tier-Lemma
3882,lämmchen,Tier-Lemma
3883,lebdaag,Tier-Lemma
3884,hebreisch,Tier-Lemma
3885,christinche,Tier-Lemma
3886,karrer,Tier-Lemma
3887,gewächse,Tier-Lemma
3888,ast,Tier-Lemma
3889,kihe,Tier-Lemma
3890,hühnch,Tier-Lemma
3891,pygmäencorporal,Tier-Lemma
3892,ränzel,Tier-Lemma
3893,bruno,Tier-Lemma
3894,zephyrs,Tier-Lemma
3895,buabn,Tier-Lemma
3896,batiste,Tier-Lemma
3897,areadnea,Tier-Lemma
3898,limmel,Tier-Lemma
3899,gallier,Tier-Lemma
3900,schwärmereyen,Tier-Lemma
3901,ertz-vogel,Tier-Lemma
3902,harlequin,Tier-Lemma
3903,windhund,Tier-Lemma
3904,eber,Tier-Lemma
3905,fettbauch-krummbein-schelm,Tier-Lemma
3906,wolfsherde,Tier-Lemma
3907,porter,Tier-Lemma
3908,hühner-ei,Tier-Lemma
3909,domaslaus,Tier-Lemma
3910,bonbon,Tier-Lemma
3911,würmer,Tier-Lemma
3912,viech,Tier-Lemma
3913,kucheldracho,Tier-Lemma
3914,mondscheinslied,Tier-Lemma
3915,stacheln,Tier-Lemma
3916,nachtvöglein,Tier-Lemma
3917,fru,Tier-Lemma
3918,zeppelin,Tier-Lemma
3919,pilgrim,Tier-Lemma
3920,schwärm,Tier-Lemma
3921,aspasia,Tier-Lemma
3922,spitzmaus,Tier-Lemma
3923,gefriesel,Tier-Lemma
3924,mückche,Tier-Lemma
3925,spechtes,Tier-Lemma
3926,kapäunel,Tier-Lemma
3927,ratzen,Tier-Lemma
3928,hülsen,Tier-Lemma
3929,plappermaul,Tier-Lemma
3930,lästerzunge,Tier-Lemma
3931,pindarus,Tier-Lemma
3932,lola,Tier-Lemma
3933,laubfrosch,Tier-Lemma
3934,particularibus,Tier-Lemma
3935,melai,Tier-Lemma
3936,anthusa,Tier-Lemma
3937,faisthund,Tier-Lemma
3938,schrot,Tier-Lemma
3939,aloen,Tier-Lemma
3940,reitpferden,Tier-Lemma
3941,zaunkön'ge,Tier-Lemma
3942,compulsis,Tier-Lemma
3943,hyan,Tier-Lemma
3944,heiducken,Tier-Lemma
3945,koem,Tier-Lemma
3946,courrier,Tier-Lemma
3947,bülg,Tier-Lemma
3948,schnepfe,Tier-Lemma
3949,medullina,Tier-Lemma
3950,rehbrat,Tier-Lemma
3951,mephistopheles,Tier-Lemma
3952,affar,Tier-Lemma
3953,lindwurmkopp,Tier-Lemma
3954,hausgrill,Tier-Lemma
3955,krog,Tier-Lemma
3956,klaue,Tier-Lemma
3957,drachenwurm,Tier-Lemma
3958,sonnenpferde,Tier-Lemma
3959,rotte,Tier-Lemma
3960,riesenbäre,Tier-Lemma
3961,lerme,Tier-Lemma
3962,hörer,Tier-Lemma
3963,plüschpaletot,Tier-Lemma
3964,bobo,Tier-Lemma
3965,rebhüner,Tier-Lemma
3966,stut,Tier-Lemma
3967,marder,Tier-Lemma
3968,compositum,Tier-Lemma
3969,hypochondriaca,Tier-Lemma
3970,porporino,Tier-Lemma
3971,melchior,Tier-Lemma
3972,löwenungeheuer,Tier-Lemma
3973,faule,Tier-Lemma
3974,goan,Tier-Lemma
3975,unhold,Tier-Lemma
3976,spinnenschleier,Tier-Lemma
3977,apoll,Tier-Lemma
3978,fellmichihne,Tier-Lemma
3979,pantisaalbaderthilphichidis,Tier-Lemma
3980,schwammdösche,Tier-Lemma
3981,meisen,Tier-Lemma
3982,bursch'n,Tier-Lemma
3983,werwolf,Tier-Lemma
3984,straußfedern,Tier-Lemma
3985,käferglieder,Tier-Lemma
3986,guelf,Tier-Lemma
3987,maulaff,Tier-Lemma
3988,malefizschindaasvogel,Tier-Lemma
3989,wasservögel,Tier-Lemma
3990,bärenbeißer,Tier-Lemma
3991,dogg,Tier-Lemma
3992,graubärt,Tier-Lemma
3993,hauptes,Tier-Lemma
3994,ochs'n,Tier-Lemma
3995,hirschkalb,Tier-Lemma
3996,ohrwürmer,Tier-Lemma
3997,krokodilesträne,Tier-Lemma
3998,brummflieg,Tier-Lemma
3999,vogelkönig,Tier-Lemma
4000,kahlkopf,Tier-Lemma
4001,hasen-fus,Tier-Lemma
4002,pfaffengewäsche,Tier-Lemma
4003,hund,Tier-Lemma
4004,widderhörner,Tier-Lemma
4005,socius,Tier-Lemma
4006,hufe,Tier-Lemma
4007,lakrimosa,Tier-Lemma
4008,hirschziemer,Tier-Lemma
4009,flaum,Tier-Lemma
4010,daradiridatumtarid,Tier-Lemma
4011,rotkopf,Tier-Lemma
4012,fettschweif,Tier-Lemma
4013,gedärme,Tier-Lemma
4014,vogelfrey,Tier-Lemma
4015,lacroix,Tier-Lemma
4016,maulwurfshand,Tier-Lemma
4017,aaler,Tier-Lemma
4018,madel,Tier-Lemma
4019,doña,Tier-Lemma
4020,wallfischküken,Tier-Lemma
4021,ogulina,Tier-Lemma
4022,hausmäuse,Tier-Lemma
4023,raubthier,Tier-Lemma
4024,spatz'n,Tier-Lemma
4025,damis,Tier-Lemma
4026,ferdinandos,Tier-Lemma
4027,nachtvögel,Tier-Lemma
4028,canut,Tier-Lemma
4029,schlangentöter,Tier-Lemma
4030,echo,Tier-Lemma
4031,nachtvogel,Tier-Lemma
4032,phönizier,Tier-Lemma
4033,insect,Tier-Lemma
4034,gelbschnab'l,Tier-Lemma
4035,schlangenwurm,Tier-Lemma
4036,schmuttermaier,Tier-Lemma
4037,lucil,Tier-Lemma
4038,sentas,Tier-Lemma
4039,graup,Tier-Lemma
4040,kröte,Tier-Lemma
4041,käfern,Tier-Lemma
4042,quatember,Tier-Lemma
4043,polarfüchse,Tier-Lemma
4044,breckelche,Tier-Lemma
4045,pfaffenzeller,Tier-Lemma
4046,rüssel,Tier-Lemma
4047,musovius,Tier-Lemma
4048,hohn,Tier-Lemma
4049,nemesis,Tier-Lemma
4050,hydra,Tier-Lemma
4051,schweif,Tier-Lemma
4052,schimmelpfennig,Tier-Lemma
4053,rickche,Tier-Lemma
4054,morbi,Tier-Lemma
4055,riesenpilz,Tier-Lemma
4056,hucke,Tier-Lemma
4057,schmetterlein,Tier-Lemma
4058,murmeltier,Tier-Lemma
4059,canaillevögel,Tier-Lemma
4060,arabelle,Tier-Lemma
4061,nachtgesicht,Tier-Lemma
4062,hasenbrat,Tier-Lemma
4063,edelfalken,Tier-Lemma
4064,aver,Tier-Lemma
4065,hirschgeweihe,Tier-Lemma
4066,fuß,Tier-Lemma
4067,kauze,Tier-Lemma
4068,thekla,Tier-Lemma
4069,ruderflügel,Tier-Lemma
4070,rattenvolk,Tier-Lemma
4071,sänger,Tier-Lemma
4072,krone,Tier-Lemma
4073,schimpanse,Tier-Lemma
4074,rindfleisch,Tier-Lemma
4075,gaisbock,Tier-Lemma
4076,molchen-gifft,Tier-Lemma
4077,bremse,Tier-Lemma
4078,quästor,Tier-Lemma
4079,teufelsflügeln,Tier-Lemma
4080,bartkotelette,Tier-Lemma
4081,kriemhild,Tier-Lemma
4082,läusen,Tier-Lemma
4083,hupfer,Tier-Lemma
4084,junggäst,Tier-Lemma
4085,hermelinche,Tier-Lemma
4086,forcht,Tier-Lemma
4087,heuchler,Tier-Lemma
4088,chloe,Tier-Lemma
4089,beefsteak,Tier-Lemma
4090,katzenmusi,Tier-Lemma
4091,falke,Tier-Lemma
4092,baßgeig,Tier-Lemma
4093,torhait,Tier-Lemma
4094,sommervögel,Tier-Lemma
4095,molly,Tier-Lemma
4096,gaul,Tier-Lemma
4097,phönix,Tier-Lemma
4098,marquis,Tier-Lemma
4099,katt,Tier-Lemma
4100,pantherfell,Tier-Lemma
4101,chassecoeur,Tier-Lemma
4102,heuschreckenschwarm,Tier-Lemma
4103,hornvieh,Tier-Lemma
4104,gudruna,Tier-Lemma
4105,roßschweif,Tier-Lemma
4106,libellen,Tier-Lemma
4107,vogelscheuchen,Tier-Lemma
4108,zorn,Tier-Lemma
4109,bulldoggtier,Tier-Lemma
4110,leander,Tier-Lemma
4111,waldtier,Tier-Lemma
4112,schweinskopf,Tier-Lemma
4113,sphinx,Tier-Lemma
4114,molch,Tier-Lemma
4115,koralle,Tier-Lemma
4116,mademoiselle,Tier-Lemma
4117,schlangenthiere,Tier-Lemma
4118,giftkrot,Tier-Lemma
4119,hörner,Tier-Lemma
4120,erdwürmer,Tier-Lemma
4121,lerchenspieße,Tier-Lemma
4122,kirschner,Tier-Lemma
4123,stockfisch-monopolium,Tier-Lemma
4124,spinne,Tier-Lemma
4125,antonie,Tier-Lemma
4126,najadenspringbrunn,Tier-Lemma
4127,lacht,Tier-Lemma
4128,lämmermeier,Tier-Lemma
4129,nimbus,Tier-Lemma
4130,kräutich,Tier-Lemma
4131,mäusefellchen,Tier-Lemma
4132,neidhunder,Tier-Lemma
4133,taxus,Tier-Lemma
4134,huld,Tier-Lemma
4135,biesen,Tier-Lemma
4136,clärchen,Tier-Lemma
4137,hunger,Tier-Lemma
4138,roßmück,Tier-Lemma
4139,zober,Tier-Lemma
4140,eichhorn,Tier-Lemma
4141,stambul,Tier-Lemma
4142,wurfspeere,Tier-Lemma
4143,tiger,Tier-Lemma
4144,schwalbe,Tier-Lemma
4145,fuchsrachen,Tier-Lemma
4146,unterofficier,Tier-Lemma
4147,quäll,Tier-Lemma
4148,euter,Tier-Lemma
4149,hahnen-schrey,Tier-Lemma
4150,salamand,Tier-Lemma
4151,elato,Tier-Lemma
4152,holzbock,Tier-Lemma
4153,arrham,Tier-Lemma
4154,fülle,Tier-Lemma
4155,raubtierkrall,Tier-Lemma
4156,kabriolet,Tier-Lemma
4157,gehrk,Tier-Lemma
4158,reiher,Tier-Lemma
4159,amphibium,Tier-Lemma
4160,mückenstiche,Tier-Lemma
4161,rixinger,Tier-Lemma
4162,kalesche,Tier-Lemma
4163,löwenheerde,Tier-Lemma
4164,pagagei,Tier-Lemma
4165,mausezähnchen,Tier-Lemma
4166,klän,Tier-Lemma
4167,elephante,Tier-Lemma
4168,mähn,Tier-Lemma
4169,kätz,Tier-Lemma
4170,schelm,Tier-Lemma
4171,erhabner,Tier-Lemma
4172,cujus,Tier-Lemma
4173,euterpe,Tier-Lemma
4174,haasenfuß,Tier-Lemma
4175,sphinxe,Tier-Lemma
4176,najade,Tier-Lemma
4177,archibusi,Tier-Lemma
4178,muschelglocke,Tier-Lemma
4179,hundsfutt,Tier-Lemma
4180,kotzebuescher,Tier-Lemma
4181,milchkuh,Tier-Lemma
4182,stuhlohr,Tier-Lemma
4183,möwe,Tier-Lemma
4184,basilisk,Tier-Lemma
4185,rabenschwärme,Tier-Lemma
4186,anten,Tier-Lemma
4187,drawant,Tier-Lemma
4188,knauser,Tier-Lemma
4189,entensteiß,Tier-Lemma
4190,fettgänse,Tier-Lemma
4191,klauenfritze,Tier-Lemma
4192,welsch,Tier-Lemma
4193,apollon,Tier-Lemma
4194,frösche,Tier-Lemma
4195,kott,Tier-Lemma
4196,otter,Tier-Lemma
4197,tantzen,Tier-Lemma
4198,kall,Tier-Lemma
4199,primkal,Tier-Lemma
4200,schweinehund,Tier-Lemma
4201,fingernägel,Tier-Lemma
4202,sphynx,Tier-Lemma
4203,harnisch,Tier-Lemma
4204,möder,Tier-Lemma
4205,kiefern,Tier-Lemma
4206,bomsdorf,Tier-Lemma
4207,hansel,Tier-Lemma
4208,schulter,Tier-Lemma
4209,rappe,Tier-Lemma
4210,spürnase,Tier-Lemma
4211,blaufuch,Tier-Lemma
4212,hexe,Tier-Lemma
4213,teufel,Tier-Lemma
4214,schweinerüssel,Tier-Lemma
4215,eseltreiber,Tier-Lemma
4216,hyänenrach,Tier-Lemma
4217,ente,Tier-Lemma
4218,scheusall,Tier-Lemma
4219,wölf,Tier-Lemma
4220,linchen,Tier-Lemma
4221,wasserhuhn,Tier-Lemma
4222,fasänche,Tier-Lemma
4223,cocusnuß,Tier-Lemma
4224,amazone,Tier-Lemma
4225,krebse,Tier-Lemma
4226,wespenmade,Tier-Lemma
4227,mietpferde,Tier-Lemma
4228,lumpenhund,Tier-Lemma
4229,vögelein,Tier-Lemma
4230,säug'thier,Tier-Lemma
4231,giraff,Tier-Lemma
4232,leucht-ameise,Tier-Lemma
4233,roßweiß,Tier-Lemma
4234,catacombe,Tier-Lemma
4235,lockvögelche,Tier-Lemma
4236,würstelbub,Tier-Lemma
4237,hoffhund,Tier-Lemma
4238,piissima,Tier-Lemma
4239,quintilius,Tier-Lemma
4240,pag,Tier-Lemma
4241,beelzebub,Tier-Lemma
4242,kolombine,Tier-Lemma
4243,monstrum,Tier-Lemma
4244,gurli,Tier-Lemma
4245,forell,Tier-Lemma
4246,sacke,Tier-Lemma
4247,maulwurfsaug,Tier-Lemma
4248,stallmeister,Tier-Lemma
4249,roaga,Tier-Lemma
4250,rapier,Tier-Lemma
4251,klebsilbe,Tier-Lemma
4252,aulicus,Tier-Lemma
4253,pfiffikusse,Tier-Lemma
4254,koliphonius,Tier-Lemma
4255,ribbe,Tier-Lemma
4256,murr,Tier-Lemma
4257,soliman,Tier-Lemma
4258,fledermaus-vampyr,Tier-Lemma
4259,herz,Tier-Lemma
4260,löwenklauen,Tier-Lemma
4261,eule,Tier-Lemma
4262,kamille,Tier-Lemma
4263,opferthier,Tier-Lemma
4264,gerad,Tier-Lemma
4265,moliere,Tier-Lemma
4266,eulenspiegel,Tier-Lemma
4267,aale,Tier-Lemma
4268,mäusle,Tier-Lemma
4269,chatoullchen,Tier-Lemma
4270,fliegenschwärme,Tier-Lemma
4271,geier,Tier-Lemma
4272,gabri,Tier-Lemma
4273,hoftier,Tier-Lemma
4274,ausschteier,Tier-Lemma
4275,ingrimm,Tier-Lemma
4276,futurum,Tier-Lemma
4277,graukopf,Tier-Lemma
4278,mander,Tier-Lemma
4279,terrierblut,Tier-Lemma
4280,aurikel,Tier-Lemma
4281,bacco,Tier-Lemma
4282,eul,Tier-Lemma
4283,kettenhund,Tier-Lemma
4284,panthertier,Tier-Lemma
4285,gehämmert,Tier-Lemma
4286,herde,Tier-Lemma
4287,argusaug,Tier-Lemma
4288,bood,Tier-Lemma
4289,rotznase,Tier-Lemma
4290,löwenvieh,Tier-Lemma
4291,straußenfedern,Tier-Lemma
4292,brummbär,Tier-Lemma
4293,einäugige,Tier-Lemma
4294,seidenwürmge,Tier-Lemma
4295,domadn,Tier-Lemma
4296,lumpidus,Tier-Lemma
4297,octavio,Tier-Lemma
4298,läus,Tier-Lemma
4299,insekt,Tier-Lemma
4300,ferkel,Tier-Lemma
4301,haifisch,Tier-Lemma
4302,zugtier,Tier-Lemma
4303,falkonier,Tier-Lemma
4304,grübch,Tier-Lemma
4305,tiger-krall,Tier-Lemma
4306,thyrroe,Tier-Lemma
4307,brill,Tier-Lemma
4308,begier,Tier-Lemma
4309,schwanz,Tier-Lemma
4310,wackelkopf,Tier-Lemma
4311,portier,Tier-Lemma
4312,meische,Tier-Lemma
4313,schiwerstän,Tier-Lemma
4314,bachfisch,Tier-Lemma
4315,bärenfelle,Tier-Lemma
4316,wildtauber,Tier-Lemma
4317,kanarienvogel,Tier-Lemma
4318,turmfalke,Tier-Lemma
4319,freiheitswürger,Tier-Lemma
4320,hascherl,Tier-Lemma
4321,pelid,Tier-Lemma
4322,geil,Tier-Lemma
4323,animus,Tier-Lemma
4324,irrlicht,Tier-Lemma
4325,maule,Tier-Lemma
4326,putt,Tier-Lemma
4327,pferdchum,Tier-Lemma
4328,geraun,Tier-Lemma
4329,lumpenhunden,Tier-Lemma
4330,seybold,Tier-Lemma
4331,welfe,Tier-Lemma
4332,vipria,Tier-Lemma
4333,kruzifixus,Tier-Lemma
4334,cowboy,Tier-Lemma
4335,motawackel,Tier-Lemma
4336,heupferd,Tier-Lemma
4337,latier,Tier-Lemma
4338,fliejen,Tier-Lemma
4339,scheusal,Tier-Lemma
4340,federwildpret,Tier-Lemma
4341,madam,Tier-Lemma
4342,ilti,Tier-Lemma
4343,bok,Tier-Lemma
4344,spasinis,Tier-Lemma
4345,schwungfedern,Tier-Lemma
4346,stymphalide,Tier-Lemma
4347,schnabelbart,Tier-Lemma
4348,beteljunge,Tier-Lemma
4349,fräule,Tier-Lemma
4350,fischerkahn,Tier-Lemma
4351,hühnereier,Tier-Lemma
4352,käuzche,Tier-Lemma
4353,pfaffe,Tier-Lemma
4354,bulle,Tier-Lemma
4355,feldgrillen,Tier-Lemma
4356,lucy,Tier-Lemma
4357,fint,Tier-Lemma
4358,gefieder,Tier-Lemma
4359,herdenvieh,Tier-Lemma
4360,hascherln,Tier-Lemma
4361,hausvieh,Tier-Lemma
4362,eudor,Tier-Lemma
4363,artickel,Tier-Lemma
4364,chapelle,Tier-Lemma
4365,antimonia,Tier-Lemma
4366,flügelpaar,Tier-Lemma
4367,sidney,Tier-Lemma
4368,ohr,Tier-Lemma
4369,parozzi,Tier-Lemma
4370,lahme,Tier-Lemma
4371,lerchenauischen,Tier-Lemma
4372,delomer,Tier-Lemma
4373,knab,Tier-Lemma
4374,kratzmichel,Tier-Lemma
4375,rabenschnabel,Tier-Lemma
4376,antel,Tier-Lemma
4377,schlangenthier,Tier-Lemma
4378,zephyr,Tier-Lemma
4379,satansdrachen,Tier-Lemma
4380,königssöhne,Tier-Lemma
4381,bärenhäuter,Tier-Lemma
4382,baculus,Tier-Lemma
4383,süffel,Tier-Lemma
4384,terpsichoren,Tier-Lemma
4385,rüstersplintkäfer,Tier-Lemma
4386,eulenkönige,Tier-Lemma
4387,büffel,Tier-Lemma
4388,dachshund,Tier-Lemma
4389,volkshaufen,Tier-Lemma
4390,musketiere,Tier-Lemma
4391,keit,Tier-Lemma
4392,zitronenfalter,Tier-Lemma
4393,weißfisch,Tier-Lemma
4394,diomedes,Tier-Lemma
4395,creatur,Tier-Lemma
4396,felsenohr,Tier-Lemma
4397,span,Tier-Lemma
4398,wild,Tier-Lemma
4399,smaragdfinken,Tier-Lemma
4400,könig,Tier-Lemma
4401,seelche,Tier-Lemma
4402,luvisella,Tier-Lemma
4403,bluthund,Tier-Lemma
4404,ballerschöh,Tier-Lemma
4405,mäusgenstill,Tier-Lemma
4406,seeel,Tier-Lemma
4407,assel,Tier-Lemma
4408,bockfüße,Tier-Lemma
4409,karpfen,Tier-Lemma
4410,pan,Tier-Lemma
4411,snavel,Tier-Lemma
4412,biese,Tier-Lemma
4413,jungbürschlein,Tier-Lemma
4414,traurspil,Tier-Lemma
4415,raubtier,Tier-Lemma
4416,hausdrach,Tier-Lemma
4417,schneppen,Tier-Lemma
4418,phantoma,Tier-Lemma
4419,steis,Tier-Lemma
4420,fenix,Tier-Lemma
4421,sporn,Tier-Lemma
4422,küst,Tier-Lemma
4423,möve,Tier-Lemma
4424,kuhß,Tier-Lemma
4425,borkenkäfer,Tier-Lemma
4426,muskel,Tier-Lemma
4427,mäuse,Tier-Lemma
4428,carfunckel,Tier-Lemma
4429,schweinetier,Tier-Lemma
4430,schnak,Tier-Lemma
4431,rheiflejjel,Tier-Lemma
4432,schakale,Tier-Lemma
4433,getiere,Tier-Lemma
4434,blasius,Tier-Lemma
4435,kameele,Tier-Lemma
4436,kommod,Tier-Lemma
4437,muttichen,Tier-Lemma
4438,maul‹,Tier-Lemma
4439,gnug,Tier-Lemma
4440,horne,Tier-Lemma
4441,cyclopen,Tier-Lemma
4442,brust,Tier-Lemma
4443,zelu,Tier-Lemma
4444,avaren,Tier-Lemma
4445,eum,Tier-Lemma
4446,lachtauben,Tier-Lemma
4447,humser,Tier-Lemma
4448,hußar,Tier-Lemma
4449,flügelhörner,Tier-Lemma
4450,schaphirow,Tier-Lemma
4451,bonifaz,Tier-Lemma
4452,schampanija,Tier-Lemma
4453,meerkälber,Tier-Lemma
4454,clown,Tier-Lemma
4455,schlangenhäupter,Tier-Lemma
4456,hundsfell,Tier-Lemma
4457,pandora,Tier-Lemma
4458,mimmi,Tier-Lemma
4459,bononi,Tier-Lemma
4460,pfaffenwänst,Tier-Lemma
4461,cästus,Tier-Lemma
4462,schimmelzug,Tier-Lemma
4463,kettahund,Tier-Lemma
4464,pyrrhus,Tier-Lemma
4465,schwanenflügel,Tier-Lemma
4466,löwenschwein,Tier-Lemma
4467,beyhülffe,Tier-Lemma
4468,sterbelied,Tier-Lemma
4469,hufs,Tier-Lemma
4470,geldkatz,Tier-Lemma
4471,bärbchen,Tier-Lemma
4472,stiewel,Tier-Lemma
4473,zins,Tier-Lemma
4474,nachtigallenkehle,Tier-Lemma
4475,schofel,Tier-Lemma
4476,schwantz,Tier-Lemma
4477,pöh,Tier-Lemma
4478,flügelein,Tier-Lemma
4479,mädchen,Tier-Lemma
4480,hundsfötter,Tier-Lemma
4481,grasaff,Tier-Lemma
4482,katechisma,Tier-Lemma
4483,schmahlthier,Tier-Lemma
4484,wasservögl,Tier-Lemma
4485,katexochen,Tier-Lemma
4486,furie,Tier-Lemma
4487,harpyie,Tier-Lemma
4488,hexlein,Tier-Lemma
4489,steinadler,Tier-Lemma
4490,schliefer,Tier-Lemma
4491,hündin,Tier-Lemma
4492,poilu,Tier-Lemma
4493,piccolomini,Tier-Lemma
4494,lämmerngletscher,Tier-Lemma
4495,nachtigallweis,Tier-Lemma
4496,rassepferde,Tier-Lemma
4497,pfauenrad,Tier-Lemma
4498,peleus,Tier-Lemma
4499,petz,Tier-Lemma
4500,maulkorb,Tier-Lemma
4501,mäuler,Tier-Lemma
4502,hyänenzahn,Tier-Lemma
4503,kanapee,Tier-Lemma
4504,parvenüs,Tier-Lemma
4505,hasce,Tier-Lemma
4506,wildroß,Tier-Lemma
4507,kiepe,Tier-Lemma
4508,fex,Tier-Lemma
4509,platanus,Tier-Lemma
4510,equipage,Tier-Lemma
4511,galan,Tier-Lemma
4512,jashahn,Tier-Lemma
4513,furieren,Tier-Lemma
4514,nagerln,Tier-Lemma
4515,widrige,Tier-Lemma
4516,krenfleoch,Tier-Lemma
4517,pechvogel,Tier-Lemma
4518,schakalen,Tier-Lemma
4519,peccan,Tier-Lemma
4520,vogelschnabel,Tier-Lemma
4521,kujone,Tier-Lemma
4522,zitz,Tier-Lemma
4523,baader,Tier-Lemma
4524,pelops,Tier-Lemma
4525,hüstelnd,Tier-Lemma
4526,wild's,Tier-Lemma
4527,nelk,Tier-Lemma
4528,männche,Tier-Lemma
4529,klapperstorch,Tier-Lemma
4530,teufelsweibern,Tier-Lemma
4531,rach,Tier-Lemma
4532,schlangenhaupt,Tier-Lemma
4533,perillus,Tier-Lemma
4534,bonhommie,Tier-Lemma
4535,hinterbein,Tier-Lemma
4536,koak,Tier-Lemma
4537,rüsseltier,Tier-Lemma
4538,schnepfer,Tier-Lemma
4539,zitronenschleifer,Tier-Lemma
4540,kinigelhase,Tier-Lemma
4541,kalbsfüß,Tier-Lemma
4542,striese,Tier-Lemma
4543,eselsvolk,Tier-Lemma
4544,erdgeister,Tier-Lemma
4545,füchsche,Tier-Lemma
4546,riesenschlang,Tier-Lemma
4547,bucharei,Tier-Lemma
4548,fliegst,Tier-Lemma
4549,näglein,Tier-Lemma
4550,schlittenpferd,Tier-Lemma
4551,hundsfüt'sche,Tier-Lemma
4552,goldfüch,Tier-Lemma
4553,känguruh,Tier-Lemma
4554,nelke,Tier-Lemma
4555,brudermörder,Tier-Lemma
4556,gäns,Tier-Lemma
4557,wutvieh,Tier-Lemma
4558,unart,Tier-Lemma
4559,rappel,Tier-Lemma
4560,hirt,Tier-Lemma
4561,schaaf,Tier-Lemma
4562,ecstaticus,Tier-Lemma
4563,dachhase,Tier-Lemma
4564,kütschelpeltze,Tier-Lemma
4565,bona,Tier-Lemma
4566,colombina,Tier-Lemma
4567,mentalis,Tier-Lemma
4568,musculus,Tier-Lemma
4569,spitzhund,Tier-Lemma
4570,eselskopf,Tier-Lemma
4571,niflungenkind,Tier-Lemma
4572,läuse,Tier-Lemma
4573,cum,Tier-Lemma
4574,malum,Tier-Lemma
4575,pistolle,Tier-Lemma
4576,esel,Tier-Lemma
4577,biber,Tier-Lemma
4578,riesenschilde,Tier-Lemma
4579,traubenfuchs,Tier-Lemma
4580,edelmut,Tier-Lemma
4581,bastkäfer,Tier-Lemma
4582,vetzier,Tier-Lemma
4583,sporne,Tier-Lemma
4584,gredln,Tier-Lemma
4585,kallopad,Tier-Lemma
4586,ermos,Tier-Lemma
4587,buab'n,Tier-Lemma
4588,meerperson,Tier-Lemma
4589,heidevogel,Tier-Lemma
4590,eichkätzchen,Tier-Lemma
4591,türkenköpfe,Tier-Lemma
4592,rothhörner,Tier-Lemma
4593,pollinger,Tier-Lemma
4594,lakai'n,Tier-Lemma
4595,krametsvogel,Tier-Lemma
4596,kalekutscher,Tier-Lemma
4597,kron,Tier-Lemma
4598,papir,Tier-Lemma
4599,soulouque,Tier-Lemma
4600,steingethurm,Tier-Lemma
4601,löwenhal,Tier-Lemma
4602,flatibus,Tier-Lemma
4603,aragonier,Tier-Lemma
4604,heuschreckenkeule,Tier-Lemma
4605,kürtze,Tier-Lemma
4606,hu,Tier-Lemma
4607,nerissa,Tier-Lemma
4608,kujon,Tier-Lemma
4609,ahnen,Tier-Lemma
4610,haustier,Tier-Lemma
4611,gänsekeule,Tier-Lemma
4612,pantherthier,Tier-Lemma
4613,terne,Tier-Lemma
4614,geschencke,Tier-Lemma
4615,luchsäuglein,Tier-Lemma
4616,wildenten,Tier-Lemma
4617,boa,Tier-Lemma
4618,wange,Tier-Lemma
4619,oiter,Tier-Lemma
4620,passeier,Tier-Lemma
4621,bazillus,Tier-Lemma
4622,nachtigalle,Tier-Lemma
4623,zevs,Tier-Lemma
4624,hirschen,Tier-Lemma
4625,gioconden,Tier-Lemma
4626,schweig,Tier-Lemma
4627,murgon,Tier-Lemma
4628,panther,Tier-Lemma
4629,kopp,Tier-Lemma
4630,gefohr,Tier-Lemma
4631,gebiß,Tier-Lemma
4632,bauernhund,Tier-Lemma
4633,platysmamyode,Tier-Lemma
4634,zünglein,Tier-Lemma
4635,füllhörnern,Tier-Lemma
4636,rip,Tier-Lemma
4637,madeleine,Tier-Lemma
4638,nirschel,Tier-Lemma
4639,corpuscula,Tier-Lemma
4640,tauben-aeugelchen,Tier-Lemma
4641,seufftzen,Tier-Lemma
4642,simia,Tier-Lemma
4643,else,Tier-Lemma
4644,merkur,Tier-Lemma
4645,hauptwurf,Tier-Lemma
4646,eisvogel,Tier-Lemma
4647,vorderleib,Tier-Lemma
4648,fatschn,Tier-Lemma
4649,ungeborne,Tier-Lemma
4650,lisein,Tier-Lemma
4651,reh's,Tier-Lemma
4652,marksäuger,Tier-Lemma
4653,stachel,Tier-Lemma
4654,rückendarre,Tier-Lemma
4655,dickwanst,Tier-Lemma
4656,insektenseele,Tier-Lemma
4657,gesell,Tier-Lemma
4658,steinbock,Tier-Lemma
4659,schnoferl,Tier-Lemma
4660,elffenbein,Tier-Lemma
4661,engelsflügel,Tier-Lemma
4662,taubenpärchen,Tier-Lemma
4663,schmeichelkatze,Tier-Lemma
4664,tunc,Tier-Lemma
4665,rambergs,Tier-Lemma
4666,floras,Tier-Lemma
4667,giftbäum,Tier-Lemma
4668,amphibie,Tier-Lemma
4669,eisbären,Tier-Lemma
4670,vogelsklauen,Tier-Lemma
4671,well,Tier-Lemma
4672,gähner,Tier-Lemma
4673,hechts,Tier-Lemma
4674,roßen,Tier-Lemma
4675,kielkröpf,Tier-Lemma
4676,nachtthau,Tier-Lemma
4677,wasserspeier,Tier-Lemma
4678,saccus,Tier-Lemma
4679,lungel,Tier-Lemma
4680,hammel,Tier-Lemma
4681,beth,Tier-Lemma
4682,säugethier,Tier-Lemma
4683,christenhunde,Tier-Lemma
4684,silberglöckchen,Tier-Lemma
4685,parz,Tier-Lemma
4686,kurier,Tier-Lemma
4687,kam'raden,Tier-Lemma
4688,pterygoideus,Tier-Lemma
4689,schweinsaffen,Tier-Lemma
4690,strolches,Tier-Lemma
4691,katzerl,Tier-Lemma
4692,lammauge,Tier-Lemma
4693,rabena,Tier-Lemma
4694,fürsten-höflinge,Tier-Lemma
4695,säue,Tier-Lemma
4696,hühneln,Tier-Lemma
4697,wasserleichen,Tier-Lemma
4698,steier,Tier-Lemma
4699,tiegerzahn,Tier-Lemma
4700,pferdeschweif,Tier-Lemma
4701,habuimus,Tier-Lemma
4702,falkonette,Tier-Lemma
4703,getier,Tier-Lemma
4704,terris,Tier-Lemma
4705,jahrmarktsbier,Tier-Lemma
4706,hermelin,Tier-Lemma
4707,larvengesicht,Tier-Lemma
4708,affengesicht,Tier-Lemma
4709,wandervogel,Tier-Lemma
4710,matre,Tier-Lemma
4711,marzi,Tier-Lemma
4712,ziechen,Tier-Lemma
4713,sonnenpferd,Tier-Lemma
4714,waldelfe,Tier-Lemma
4715,pavia,Tier-Lemma
4716,pferdewurscht,Tier-Lemma
4717,euphrosyne,Tier-Lemma
4718,beutelschneiderstreich,Tier-Lemma
4719,windsbrauen,Tier-Lemma
4720,straußberger,Tier-Lemma
4721,bärin,Tier-Lemma
4722,ezelinne,Tier-Lemma
4723,sundfisch,Tier-Lemma
4724,löwe,Tier-Lemma
4725,einbeinige,Tier-Lemma
4726,millionenhund,Tier-Lemma
4727,krokodilei,Tier-Lemma
4728,bücherwürmch,Tier-Lemma
4729,herkules,Tier-Lemma
4730,nachteulen,Tier-Lemma
4731,raupe,Tier-Lemma
4732,schwoger,Tier-Lemma
4733,plauze,Tier-Lemma
4734,galgenvogel,Tier-Lemma
4735,aversa,Tier-Lemma
4736,atreu,Tier-Lemma
4737,meerkatz,Tier-Lemma
4738,haustiere,Tier-Lemma
4739,liddy,Tier-Lemma
4740,satanasi,Tier-Lemma
4741,lindwürmer,Tier-Lemma
4742,gambs,Tier-Lemma
4743,jammerfrosch,Tier-Lemma
4744,cyrus,Tier-Lemma
4745,quaale,Tier-Lemma
4746,edward,Tier-Lemma
4747,gesell'n,Tier-Lemma
4748,deputate,Tier-Lemma
4749,caussatum,Tier-Lemma
4750,clavigo,Tier-Lemma
4751,fuchspelzkappe,Tier-Lemma
4752,flaps,Tier-Lemma
4753,starrkopf,Tier-Lemma
4754,federchen,Tier-Lemma
4755,biecher,Tier-Lemma
4756,schwärmergeste,Tier-Lemma
4757,paradisvogel,Tier-Lemma
4758,bärenfamilie,Tier-Lemma
4759,fama,Tier-Lemma
4760,bießlä,Tier-Lemma
4761,teufelskinder,Tier-Lemma
4762,büffelhörner,Tier-Lemma
4763,mieze,Tier-Lemma
4764,hypochondriaci,Tier-Lemma
4765,spucknapf,Tier-Lemma
4766,purpurschwalben,Tier-Lemma
4767,spinnerlied,Tier-Lemma
4768,lacrimosa,Tier-Lemma
4769,kales,Tier-Lemma
4770,appressisse,Tier-Lemma
4771,stieglitzweis,Tier-Lemma
4772,silberkalb,Tier-Lemma
4773,nagerl,Tier-Lemma
4774,saugkalb,Tier-Lemma
4775,schmetterlingen,Tier-Lemma
4776,hundejunge,Tier-Lemma
4777,genetrix,Tier-Lemma
4778,mayerpferde,Tier-Lemma
4779,bocksherde,Tier-Lemma
4780,fledermaus,Tier-Lemma
4781,bullak,Tier-Lemma
4782,schlangenrüssel,Tier-Lemma
4783,portione,Tier-Lemma
4784,hahnreischaft,Tier-Lemma
4785,huslien,Tier-Lemma
4786,federbüsche,Tier-Lemma
4787,fantange,Tier-Lemma
4788,schnitzl,Tier-Lemma
4789,lokken,Tier-Lemma
4790,qvicqvam,Tier-Lemma
4791,yguer,Tier-Lemma
4792,taubenflügel,Tier-Lemma
4793,nescient,Tier-Lemma
4794,hundevieh,Tier-Lemma
4795,igel,Tier-Lemma
4796,rabenbratel,Tier-Lemma
4797,pantofle,Tier-Lemma
4798,vöglein,Tier-Lemma
4799,sternelein,Tier-Lemma
4800,spiess,Tier-Lemma
4801,bärt,Tier-Lemma
4802,purpurfüßen,Tier-Lemma
4803,reechstholer,Tier-Lemma
4804,schneehase,Tier-Lemma
4805,hutzibutz,Tier-Lemma
4806,käferfamilie,Tier-Lemma
4807,rotkehlchen,Tier-Lemma
4808,schweinfleisch,Tier-Lemma
4809,zed,Tier-Lemma
4810,papire,Tier-Lemma
4811,margiana,Tier-Lemma
4812,wilde-manns-fähnlein,Tier-Lemma
4813,scylla,Tier-Lemma
4814,ross,Tier-Lemma
4815,hals,Tier-Lemma
4816,atque,Tier-Lemma
4817,viper,Tier-Lemma
4818,schwanenorden,Tier-Lemma
4819,gerber,Tier-Lemma
4820,fäulniß,Tier-Lemma
4821,ganymed,Tier-Lemma
4822,schmetterlingsflügel,Tier-Lemma
4823,schweife,Tier-Lemma
4824,phöbo,Tier-Lemma
4825,mückenna,Tier-Lemma
4826,bolognoserhündche,Tier-Lemma
4827,huuk,Tier-Lemma
4828,vogelsäng,Tier-Lemma
4829,ebenwald,Tier-Lemma
4830,myrtill,Tier-Lemma
4831,zwischenträgerey,Tier-Lemma
4832,rabenviecher,Tier-Lemma
4833,pfirsichärschlein,Tier-Lemma
4834,panzer,Tier-Lemma
4835,lach,Tier-Lemma
4836,schvoße,Tier-Lemma
4837,ziegenböcke,Tier-Lemma
4838,pandolf,Tier-Lemma
4839,afterwitz,Tier-Lemma
4840,kapitalfuch,Tier-Lemma
4841,leberwürst,Tier-Lemma
4842,mordblei,Tier-Lemma
4843,speeres,Tier-Lemma
4844,bahris,Tier-Lemma
4845,schafbock,Tier-Lemma
4846,sklavenhund,Tier-Lemma
4847,schinken,Tier-Lemma
4848,hausmamselle,Tier-Lemma
4849,henn,Tier-Lemma
4850,rebecca,Tier-Lemma
4851,hinterteil,Tier-Lemma
4852,zwerg,Tier-Lemma
4853,tausendfüßer,Tier-Lemma
4854,mars,Tier-Lemma
4855,knochen,Tier-Lemma
4856,juno,Tier-Lemma
4857,raphael,Tier-Lemma
4858,tiegel,Tier-Lemma
4859,pfaff,Tier-Lemma
4860,melusine,Tier-Lemma
4861,medus,Tier-Lemma
4862,schreimann,Tier-Lemma
4863,total,Tier-Lemma
4864,peppi,Tier-Lemma
4865,piepmatz,Tier-Lemma
4866,hure,Tier-Lemma
4867,philomarini,Tier-Lemma
4868,wanz,Tier-Lemma
4869,käsperle,Tier-Lemma
4870,bläsier,Tier-Lemma
4871,st.,Tier-Lemma
4872,kroogdeer,Tier-Lemma
4873,mutterschafe,Tier-Lemma
4874,orang-utang,Tier-Lemma
4875,odem,Tier-Lemma
4876,rosse,Tier-Lemma
4877,schwane,Tier-Lemma
4878,wolf,Tier-Lemma
4879,muschellippe,Tier-Lemma
4880,aeternum,Tier-Lemma
4881,tauperle,Tier-Lemma
4882,sum,Tier-Lemma
4883,marloffin,Tier-Lemma
4884,hahno,Tier-Lemma
4885,tollkühn,Tier-Lemma
4886,sack,Tier-Lemma
4887,ochs,Tier-Lemma
4888,bierkrügel,Tier-Lemma
4889,zimar,Tier-Lemma
4890,swantowids,Tier-Lemma
4891,respect,Tier-Lemma
4892,eulenflügel,Tier-Lemma
4893,schopf,Tier-Lemma
4894,hufneegel,Tier-Lemma
4895,reiherbüsche,Tier-Lemma
4896,faffner,Tier-Lemma
4897,poet,Tier-Lemma
4898,schweifl,Tier-Lemma
4899,pelze,Tier-Lemma
4900,capitol,Tier-Lemma
4901,raubgefieder,Tier-Lemma
4902,pecaris,Tier-Lemma
4903,posteros,Tier-Lemma
4904,maulthiere,Tier-Lemma
4905,schnabeltier,Tier-Lemma
4906,lakay,Tier-Lemma
4907,sauerkräutch,Tier-Lemma
4908,pfaffen-ei,Tier-Lemma
4909,chevalier,Tier-Lemma
4910,zauberflöt,Tier-Lemma
4911,rehche,Tier-Lemma
4912,pinguine,Tier-Lemma
4913,abendfalter,Tier-Lemma
4914,mammut,Tier-Lemma
4915,cotaldi,Tier-Lemma
4916,zobelfells,Tier-Lemma
4917,füchsel,Tier-Lemma
4918,höllenhund,Tier-Lemma
4919,gänsekilium,Tier-Lemma
4920,eseley,Tier-Lemma
4921,eahna,Tier-Lemma
4922,mäuseohr,Tier-Lemma
4923,nüster,Tier-Lemma
4924,polyp,Tier-Lemma
4925,elsterchen,Tier-Lemma
4926,juxta,Tier-Lemma
4927,meerschwalbe,Tier-Lemma
4928,fischerkähn,Tier-Lemma
4929,pandemos,Tier-Lemma
4930,musis,Tier-Lemma
4931,wasservögeln,Tier-Lemma
4932,nuckber,Tier-Lemma
4933,kapellan,Tier-Lemma
4934,delphine,Tier-Lemma
4935,falkenherz,Tier-Lemma
4936,bücherwürmer,Tier-Lemma
4937,hiesel,Tier-Lemma
4938,rosamunde,Tier-Lemma
4939,terenz,Tier-Lemma
4940,krebslein,Tier-Lemma
4941,terpnus,Tier-Lemma
4942,brute,Tier-Lemma
4943,valerie,Tier-Lemma
4944,pferdefüßen,Tier-Lemma
4945,hanswurst,Tier-Lemma
4946,girrend,Tier-Lemma
4947,bohnemch,Tier-Lemma
4948,flottwell,Tier-Lemma
4949,colombine,Tier-Lemma
4950,panis,Tier-Lemma
4951,quem,Tier-Lemma
4952,schne,Tier-Lemma
4953,profundus,Tier-Lemma
4954,alastor,Tier-Lemma
4955,banquier,Tier-Lemma
4956,degens,Tier-Lemma
4957,epaphroditus,Tier-Lemma
4958,rattenungeziefer,Tier-Lemma
4959,gehirn,Tier-Lemma
4960,kraftgefieder,Tier-Lemma
4961,spartacus,Tier-Lemma
4962,milchzähne,Tier-Lemma
4963,glucke,Tier-Lemma
4964,backfische,Tier-Lemma
4965,viehlein,Tier-Lemma
4966,neidhammel,Tier-Lemma
4967,bohle,Tier-Lemma
4968,sauve,Tier-Lemma
4969,carbo,Tier-Lemma
4970,schafhirt,Tier-Lemma
4971,vögelg,Tier-Lemma
4972,halbpart,Tier-Lemma
4973,därme,Tier-Lemma
4974,zahn,Tier-Lemma
4975,greif,Tier-Lemma
4976,degenspizo,Tier-Lemma
4977,snob,Tier-Lemma
4978,ziegenkäse,Tier-Lemma
4979,wurmes,Tier-Lemma
4980,plüsch,Tier-Lemma
4981,hirnschelliger,Tier-Lemma
4982,fühlhorn,Tier-Lemma
4983,seuche,Tier-Lemma
4984,luchsenaug,Tier-Lemma
4985,kallistus,Tier-Lemma
4986,adleraug,Tier-Lemma
4987,staab,Tier-Lemma
4988,backfisch,Tier-Lemma
4989,dorier,Tier-Lemma
4990,metzgerhund,Tier-Lemma
4991,katter,Tier-Lemma
4992,schoßhund,Tier-Lemma
4993,thau,Tier-Lemma
4994,rapunzel,Tier-Lemma
4995,biron,Tier-Lemma
4996,hocus,Tier-Lemma
4997,kürassier,Tier-Lemma
4998,raubersbua,Tier-Lemma
4999,fettwanst,Tier-Lemma
5000,maulsperr,Tier-Lemma
5001,infusorien,Tier-Lemma
5002,manier,Tier-Lemma
5003,pulvinaribus,Tier-Lemma
5004,beutepferde,Tier-Lemma
5005,kuhhorn,Tier-Lemma
5006,scheue,Tier-Lemma
5007,hahnenkopf,Tier-Lemma
5008,epistolas,Tier-Lemma
5009,stachelstaude,Tier-Lemma
5010,hofkatze,Tier-Lemma
5011,gänsefuß,Tier-Lemma
5012,schafs,Tier-Lemma
5013,kampfrosse,Tier-Lemma
5014,gwürz,Tier-Lemma
5015,fyr,Tier-Lemma
5016,karosse,Tier-Lemma
5017,läwe,Tier-Lemma
5018,theologis,Tier-Lemma
5019,ohrwürmch,Tier-Lemma
5020,larvengesichter,Tier-Lemma
5021,maienwurm,Tier-Lemma
5022,kä,Tier-Lemma
5023,tierl,Tier-Lemma
5024,dreibeing,Tier-Lemma
5025,fuchspelze,Tier-Lemma
5026,hausvögeln,Tier-Lemma
5027,triebfeder,Tier-Lemma
5028,kakadus,Tier-Lemma
5029,lämmer,Tier-Lemma
5030,complet,Tier-Lemma
5031,ambro,Tier-Lemma
5032,euphemon,Tier-Lemma
5033,moskwa,Tier-Lemma
5034,ariadne,Tier-Lemma
5035,feldmäuse,Tier-Lemma
5036,cäcili,Tier-Lemma
5037,biest,Tier-Lemma
5038,chech,Tier-Lemma
5039,rotschwanz,Tier-Lemma
5040,seemuschel,Tier-Lemma
5041,meerschwein,Tier-Lemma
5042,nachtigallen-insel,Tier-Lemma
5043,taugenicht,Tier-Lemma
5044,kastor,Tier-Lemma
5045,adler,Tier-Lemma
5046,rhinocerus,Tier-Lemma
5047,ey,Tier-Lemma
5048,libelle,Tier-Lemma
5049,pechvögel,Tier-Lemma
5050,büfchen,Tier-Lemma
5051,nero,Tier-Lemma
5052,lisette,Tier-Lemma
5053,pygmäen,Tier-Lemma
5054,hänflings,Tier-Lemma
5055,tangent,Tier-Lemma
5056,hirschin,Tier-Lemma
5057,buhler,Tier-Lemma
5058,qvi,Tier-Lemma
5059,peif,Tier-Lemma
5060,rindviehzeug,Tier-Lemma
5061,fing,Tier-Lemma
5062,sterngefunkel,Tier-Lemma
5063,matz,Tier-Lemma
5064,lanz,Tier-Lemma
5065,kreckente,Tier-Lemma
5066,kallikratus,Tier-Lemma
5067,kalbsschnauze,Tier-Lemma
5068,fang,Tier-Lemma
5069,vogler,Tier-Lemma
5070,weichling,Tier-Lemma
5071,hauptgecken,Tier-Lemma
5072,lache,Tier-Lemma
5073,magen,Tier-Lemma
5074,farfarellen,Tier-Lemma
5075,dreyecke,Tier-Lemma
5076,schabbes,Tier-Lemma
5077,bien,Tier-Lemma
5078,roßgespann,Tier-Lemma
5079,mamsell,Tier-Lemma
5080,hundelche,Tier-Lemma
5081,diskant,Tier-Lemma
5082,rhinozeru,Tier-Lemma
5083,moab,Tier-Lemma
5084,hunds-buben,Tier-Lemma
5085,vernunftspecht,Tier-Lemma
5086,krummschnabel,Tier-Lemma
5087,arabella,Tier-Lemma
5088,büttjeselle,Tier-Lemma
5089,riese,Tier-Lemma
5090,malefizhund,Tier-Lemma
5091,schnitzler-anatol.xml,Text
5092,hofmannsthal-die-frau-im-fenster.xml,Text
5093,nestroy-der-boese-geist-lumpazivagabundus.xml,Text
5094,hofmannsthal-ariadne-auf-naxos.xml,Text
5095,scheerbart-der-wetterfuerst.xml,Text
5096,baeuerle-die-buerger-in-wien.xml,Text
5097,sudermann-heimat.xml,Text
5098,kleist-der-zerbrochene-krug.xml,Text
5099,fock-cili-cohrs.xml,Text
5100,hebbel-gyges-und-sein-ring.xml,Text
5101,scheerbart-das-dumme-luder.xml,Text
5102,weissenthurn-die-schwestern-st-janvier.xml,Text
5103,wedekind-musik.xml,Text
5104,pelzel-apolls-gericht-oder-das-bestrafte-vorurtheil-vindebonens.xml,Text
5105,raimund-der-barometermacher-auf-der-zauberinsel.xml,Text
5106,spiess-klara-von-hoheneichen.xml,Text
5107,bunge-der-trompeter-von-saekkingen.xml,Text
5108,ayrer-fassnachtspil-wie-einem-weib-jhr-eygener-mann.xml,Text
5109,gryphius-catharina-von-georgien.xml,Text
5110,achat-ein-april-scherz.xml,Text
5111,nestroy-einen-jux-will-er-sich-machen.xml,Text
5112,lenz-die-freunde-machen-den-philosophen.xml,Text
5113,schiller-kabale-und-liebe.xml,Text
5114,wildgans-armut.xml,Text
5115,schnitzler-das-weite-land.xml,Text
5116,ernst-die-groesste-suende.xml,Text
5117,ludwig-die-makkabaeer.xml,Text
5118,muehsam-staatsraeson.xml,Text
5119,niebergall-datterich.xml,Text
5120,muellner-die-schuld.xml,Text
5121,wedekind-der-kammersaenger.xml,Text
5122,laube-gottsched-und-gellert.xml,Text
5123,raimund-der-diamant-des-geisterkoenigs.xml,Text
5124,martini-rhynsolt-und-sapphira.xml,Text
5125,babo-arno.xml,Text
5126,lessing-miss-sara-sampson.xml,Text
5127,hofmannsthal-der-rosenkavalier.xml,Text
5128,ertler-anna-iwanowna.xml,Text
5129,ebner-eschenbach-am-ende.xml,Text
5130,schink-hanswurst-von-salzburg-mit-dem-hoelzernen-gat.xml,Text
5131,holz-jerschke-traumulus.xml,Text
5132,wedekind-die-buechse-der-pandora.xml,Text
5133,chlumberg-die-fuehrer.xml,Text
5134,leisewitz-die-pfandung.xml,Text
5135,nestroy-der-talisman.xml,Text
5136,klopstock-der-tod-abels.xml,Text
5137,brandes-ariadne-auf-naxos.xml,Text
5138,weissenthurn-das-manuscript.xml,Text
5139,dauthendey-die-spielereien-einer-kaiserin.xml,Text
5140,klinger-prinz-seiden-wurm-der-reformator.xml,Text
5141,iffland-das-erbtheil-des-vaters.xml,Text
5142,hauptmann-carl-die-armseligen-besenbinder.xml,Text
5143,holz-sonnenfinsternis.xml,Text
5144,krueger-die-geistlichen-auf-dem-lande.xml,Text
5145,raupach-der-degen.xml,Text
5146,hasenclever-der-sohn.xml,Text
5147,moser-krieg-oder-frieden.xml,Text
5148,stavenhagen-mudder-mews.xml,Text
5149,klinger-simsone-grisaldo.xml,Text
5150,goethe-die-mitschuldigen.xml,Text
5151,lessing-der-freigeist.xml,Text
5152,schoenthan-der-raub-der-sabinerinnen.xml,Text
5153,hauptmann-gabriel-schillings-flucht.xml,Text
5154,gutzkow-uriel-acosta.xml,Text
5155,heyse-don-juans-ende.xml,Text
5156,grillparzer-des-meeres-und-der-liebe-wellen.xml,Text
5157,holz-schlaf-die-familie-selicke.xml,Text
5158,chezy-euryanthe.xml,Text
5159,hebbel-judith.xml,Text
5160,goethe-iphigenie-auf-tauris.xml,Text
5161,wieland-alceste.xml,Text
5162,krueger-die-candidaten.xml,Text
5163,kotzebue-die-alten-liebschaften.xml,Text
5164,buechner-dantons-tod.xml,Text
5165,koch-die-maennerfeindin.xml,Text
5166,kleist-die-hermannsschlacht.xml,Text
5167,hauptmann-carl-im-goldenen-tempel-buche-verzeichnet.xml,Text
5168,sudermann-die-ehre.xml,Text
5169,herzenskron-hoang-puff.xml,Text
5170,weissenthurn-johann-herzog-von-finnland.xml,Text
5171,kotzebue-die-deutschen-kleinstaedter.xml,Text
5172,nestroy-das-haus-der-temperamente.xml,Text
5173,ruederer-die-fahnenweihe.xml,Text
5174,kupelwieser-fierrabras.xml,Text
5175,panizza-das-liebeskonzil.xml,Text
5176,benedix-johanna-sebus.xml,Text
5177,ebner-eschenbach-bettelbriefe.xml,Text
5178,heym-atalanta-oder-die-angst.xml,Text
5179,gronemann-hamans-flucht.xml,Text
5180,lessing-die-juden.xml,Text
5181,larronge-mein-leopold.xml,Text
5182,schouwaert-die-ueberschwemmung.xml,Text
5183,gemmingen-hornberg-der-deutsche-hausvater.xml,Text
5184,freytag-graf-waldemar.xml,Text
5185,anzengruber-der-gwissenswurm.xml,Text
5186,stramm-sancta-susanna.xml,Text
5187,benedix-die-hochzeitsreise.xml,Text
5188,nestroy-das-maedl-aus-der-vorstadt.xml,Text
5189,wedekind-erdgeist.xml,Text
5190,wedekind-koenig-nicolo.xml,Text
5191,goentgen-anna-bell.xml,Text
5192,heiseler-die-kinder-godunofs.xml,Text
5193,lessing-philotas.xml,Text
5194,gellert-die-zaertlichen-schwestern.xml,Text
5195,lessing-der-misogyn.xml,Text
5196,hofmannsthal-der-turm.xml,Text
5197,klabund-der-kreidekreis.xml,Text
5198,benedix-eigensinn.xml,Text
5199,uhland-ludwig-der-bayer.xml,Text
5200,neuber-die-beschuetzte-schauspielkunst.xml,Text
5201,hagemann-ludwig-der-springer.xml,Text
5202,wildgans-in-ewigkeit-amen.xml,Text
5203,scheerbart-der-regierungswechsel.xml,Text
5204,hebbel-der-diamant.xml,Text
5205,nestroy-der-unbedeutende.xml,Text
5206,kleist-das-kaethchen-von-heilbronn.xml,Text
5207,grabbe-napoleon.xml,Text
5208,dohm-vom-stamm-der-asra.xml,Text
5209,weidmann-johann-faust.xml,Text
5210,immermann-eudoxia.xml,Text
5211,avenarius-faust.xml,Text
5212,goethe-faust-in-urspruenglicher-gestalt.xml,Text
5213,stramm-die-haidebraut.xml,Text
5214,scheerbart-die-wurzeln-der-wohlhabenheit.xml,Text
5215,kotzebue-der-verschwiegene-wider-willen.xml,Text
5216,busoni-turandot.xml,Text
5217,eichendorff-die-freier.xml,Text
5218,hauptmann-carl-gaukler-tod-und-juwelier.xml,Text
5219,klopstock-hermanns-schlacht.xml,Text
5220,kotzebue-die-beiden-klingsberg.xml,Text
5221,wohlbrueck-der-vampyr.xml,Text
5222,weisse-atreus-und-thyest.xml,Text
5223,lautensack-die-pfarrhauskomoedie.xml,Text
5224,tieck-die-verkehrte-welt.xml,Text
5225,kaiser-die-schule-des-armen.xml,Text
5226,schiller-wilhelm-tell.xml,Text
5227,heiseler-peter-und-alexej.xml,Text
5228,benkowitz-die-jubelfeier-der-hoelle.xml,Text
5229,birch-pfeiffer-pfeffer-roesel.xml,Text
5230,dehmel-michel-michael.xml,Text
5231,hauptmann-die-ratten.xml,Text
5232,wagner-goetterdaemmerung.xml,Text
5233,kaltneker-das-bergwerk.xml,Text
5234,horvath-kasimir-und-karoline.xml,Text
5235,klingemann-faust.xml,Text
5236,ganghofer-der-herrgottschnitzer-von-ammergau.xml,Text
5237,roeber-koenig-manfred.xml,Text
5238,hebbel-trauerspiel-in-sizilien.xml,Text
5239,thoma-magdalena.xml,Text
5240,grohmann-wohlthat-fuer-wohlthat.xml,Text
5241,schober-alfonso-und-estrella.xml,Text
5242,gryphius-leo-armenius-oder-fuersten-mord.xml,Text
5243,kotzebue-das-unsichtbare-maedchen.xml,Text
5244,wieland-klementina-von-porretta.xml,Text
5245,pfeffel-serena.xml,Text
5246,kleist-die-familie-schroffenstein.xml,Text
5247,schiller-wallensteins-tod.xml,Text
5248,tieck-der-gestiefelte-kater.xml,Text
5249,hartleben-die-sittliche-forderung.xml,Text
5250,hofmannsthal-jedermann.xml,Text
5251,scheerbart-der-schornsteinfeger.xml,Text
5252,hauptmann-florian-geyer.xml,Text
5253,wieland-lady-johanna-gray.xml,Text
5254,wagner-die-walkuere.xml,Text
5255,raimund-die-unheilbringende-zauberkrone.xml,Text
5256,schlegel-die-entfuehrte-dose.xml,Text
5257,lessing-damon.xml,Text
5258,werner-der-vierundzwanzigste-februar.xml,Text
5259,scheerbart-ruebezahl.xml,Text
5260,gottschedin-die-pietisterey-im-fischbein-rocke.xml,Text
5261,ertler-belian-und-marpalye.xml,Text
5262,grohmann-gioconda-oder-weiberrache-kennt-keine-grenzen.xml,Text
5263,lessing-nathan-der-weise.xml,Text
5264,lautensack-hahnenkampf.xml,Text
5265,gryphius-cardenio-und-celinde.xml,Text
5266,frank-sturm-im-wasserglas.xml,Text
5267,weise-masaniello.xml,Text
5268,schiller-don-carlos-infant-von-spanien.xml,Text
5269,lautensack-medusa.xml,Text
5270,hafner-maegera-die-foerchterliche-hexe.xml,Text
5271,scheerbart-lachende-gespenster.xml,Text
5272,anonym-die-gespenster.xml,Text
5273,schlegel-die-stumme-schoenheit.xml,Text
5274,eckardt-die-vergiftete-traube.xml,Text
5275,wagner-der-fliegende-hollaender.xml,Text
5276,iffland-liebe-und-wille.xml,Text
5277,grillparzer-sappho.xml,Text
5278,ayrenhoff-virginia.xml,Text
5279,ludwig-der-erbfoerster.xml,Text
5280,rache-belsazar.xml,Text
5281,essig-ueberteufel.xml,Text
5282,weissenthurn-welche-ist-die-braut.xml,Text
5283,thoma-erster-klasse.xml,Text
5284,widmann-maikaefer-komoedie.xml,Text
5285,scheerbart-die-lustigen-raeuber.xml,Text
5286,grillparzer-ein-bruderzwist-in-habsburg.xml,Text
5287,anonym-die-weiber-list.xml,Text
5288,reuter-l-honnete-femme-oder-die-ehrliche-frau-zu-plissine.xml,Text
5289,stephanie-der-schauspieldirektor.xml,Text
5290,anonym-das-urtheil-des-paris.xml,Text
5291,grabbe-die-hermannsschlacht.xml,Text
5292,nestroy-freiheit-in-kraehwinkel.xml,Text
5293,scheerbart-das-mirakel.xml,Text
5294,hofmannsthal-der-schwierige.xml,Text
5295,cronegk-codrus.xml,Text
5296,hofmannsthal-die-frau-ohne-schatten.xml,Text
5297,gehe-jessonda.xml,Text
5298,wedekind-hidalla.xml,Text
5299,leisewitz-julius-von-tarent.xml,Text
5300,ebner-eschenbach-ihre-schwester.xml,Text
5301,neuber-die-verehrung-der-vollkommenheit.xml,Text
5302,birch-pfeiffer-die-walpurgisnacht.xml,Text
5303,wagner-die-reue-nach-der-that.xml,Text
5304,blumenthal-im-weissen-roessl.xml,Text
5305,gottsched-der-sterbende-cato.xml,Text
5306,cronegk-der-misstrauische.xml,Text
5307,lasker-schueler-die-wupper.xml,Text
5308,schiller-die-raeuber.xml,Text
5309,zschokke-abellino.xml,Text
5310,grabbe-kaiser-heinrich-der-sechste.xml,Text
5311,gryphius-verlibtes-gespenste-die-gelibte-dornrose.xml,Text
5312,wagner-die-kindermoerderin.xml,Text
5313,hebbel-kriemhilds-rache.xml,Text
5314,kurz-prinzessin-pumphia.xml,Text
5315,eichendorff-das-incognito.xml,Text
5316,gerstenberg-ugolino.xml,Text
5317,schiller-die-verschwoerung-des-fiesco-zu-genua.xml,Text
5318,anzengruber-der-meineidbauer.xml,Text
5319,stramm-erwachen.xml,Text
5320,thoma-moral.xml,Text
5321,birch-pfeiffer-vatersorgen.xml,Text
5322,frech-von-ehrimfeld-die-gefahr.xml,Text
5323,reinhardt-die-braut-des-echos.xml,Text
5324,ebner-eschenbach-die-veilchen.xml,Text
5325,alberti-brot.xml,Text
5326,schlegel-alarcos.xml,Text
5327,schikaneder-die-zauberfloete.xml,Text
5328,kaiser-stadt-und-land.xml,Text
5329,collin-coriolan.xml,Text
5330,schiller-die-piccolomini.xml,Text
5331,kotzebue-wer-weiss-wozu-das-gut-ist.xml,Text
5332,anzengruber-die-kreuzelschreiber.xml,Text
5333,platen-die-verhaengnisvolle-gabel.xml,Text
5334,lessing-der-junge-gelehrte.xml,Text
5335,goethe-der-buergergeneral.xml,Text
5336,raimund-der-verschwender.xml,Text
5337,neuber-das-schaeferfest.xml,Text
5338,waldvogl-die-falschen-banknoten.xml,Text
5339,kafka-der-gruftwaechter.xml,Text
5340,schnitzler-die-letzten-masken.xml,Text
5341,devrient-die-gunst-des-augenblicks.xml,Text
5342,weidmann-der-selbstmord-oder-der-unglueckliche-lottospieler.xml,Text
5343,gotter-der-dorfjahrmarkt.xml,Text
5344,fouque-sigurds-rache.xml,Text
5345,chezy-der-neue-narziss.xml,Text
5346,schlegel-dueval-und-charmille.xml,Text
5347,goethe-der-triumph-der-empfindsamkeit.xml,Text
5348,goethe-der-grosskophta.xml,Text
5349,lenz-pandaemonium-germanicum.xml,Text
5350,hofmannsthal-das-bergwerk-zu-falun.xml,Text
5351,grabbe-don-juan-und-faust.xml,Text
5352,schnitzler-der-gruene-kakadu.xml,Text
5353,eckartshausen-der-pudelhund.xml,Text
5354,maler-mueller-golo-und-genovefa.xml,Text
5355,schnitzler-liebelei.xml,Text
5356,goethe-torquato-tasso.xml,Text
5357,kotzebue-der-schutzgeist.xml,Text
5358,kotzebue-der-freimaurer.xml,Text
5359,rosenow-die-im-schatten-leben.xml,Text
5360,gryphius-absurda-comica-oder-herr-peter-squentz.xml,Text
5361,herzl-der-fluechtling.xml,Text
5362,benedix-doctor-wespe.xml,Text
5363,lassalle-franz-von-sickingen.xml,Text
5364,grabbe-hannibal.xml,Text
5365,wagner-siegfried.xml,Text
5366,gessner-evander-und-alcimna.xml,Text
5367,hebbel-maria-magdalene.xml,Text
5368,schnitzler-komtesse-mizzi.xml,Text
5369,dery-die-selige-insel.xml,Text
5370,musil-die-schwaermer.xml,Text
5371,gutzkow-das-urbild-des-tartueffe.xml,Text
5372,bauernfeld-industrie-und-herz.xml,Text
5373,sander-die-hoftrauer-oder-das-testament.xml,Text
5374,reinick-genoveva.xml,Text
5375,bahr-das-phantom.xml,Text
5376,scheerbart-der-herr-vom-jenseits.xml,Text
5377,hartleben-rosenmontag.xml,Text
5378,anonym-das-lustlager.xml,Text
5379,sudermann-stein-unter-steinen.xml,Text
5380,goethe-proserpina.xml,Text
5381,hebbel-agnes-bernauer.xml,Text
5382,thoma-die-lokalbahn.xml,Text
5383,goethe-faust-der-tragoedie-zweiter-teil.xml,Text
5384,meisl-orpheus-und-euridice.xml,Text
5385,nestroy-judith-und-holofernes.xml,Text
5386,guenderode-udohla.xml,Text
5387,kotzebue-die-indianer-in-england.xml,Text
5388,hofmannsthal-der-abenteurer-und-die-saengerin.xml,Text
5389,grillparzer-medea.xml,Text
5390,rubiner-die-gewaltlosen.xml,Text
5391,halm-der-sohn-der-wildnis.xml,Text
5392,sorge-der-bettler.xml,Text
5393,dohm-der-seelenretter.xml,Text
5394,goethe-die-wette.xml,Text
5395,gutzkow-zopf-und-schwert.xml,Text
5396,birch-pfeiffer-johannes-gutenberg.xml,Text
5397,houwald-die-freistatt.xml,Text
5398,laube-struensee.xml,Text
5399,scheerbart-der-fanatische-buergermeister.xml,Text
5400,beyer-der-hausherr-in-der-klemme.xml,Text
5401,gasser-ramirus.xml,Text
5402,prutz-die-politische-wochenstube.xml,Text
5403,hensler-der-schornsteinfeger.xml,Text
5404,brandes-ino.xml,Text
5405,berg-kalisch-berlin-wie-es-weint-und-lacht.xml,Text
5406,laufs-jacoby-pension-schoeller.xml,Text
5407,kotzebue-der-wirrwarr.xml,Text
5408,lessing-die-alte-jungfer.xml,Text
5409,schnitzler-der-puppenspieler.xml,Text
5410,hofmannsthal-alkestis.xml,Text
5411,goethe-erwin-und-elmire.xml,Text
5412,beer-der-paria.xml,Text
5413,kannengiesser-die-vierbeinigten-philosophen.xml,Text
5414,gottsched-atalanta.xml,Text
5415,richter-eumenides-duester.xml,Text
5416,holz-sozialaristokraten.xml,Text
5417,thoma-die-medaille.xml,Text
5418,klopstock-der-tod-adams.xml,Text
5419,schnitzler-literatur.xml,Text
5420,ayrer-comedia-von-zweyen-bruedern-auss-syracusa.xml,Text
5421,stephanie-doktor-und-apotheker.xml,Text
5422,nestroy-der-zerrissene.xml,Text
5423,bleibtreu-weltgericht.xml,Text
5424,lessing-der-schatz.xml,Text
5425,mosenthal-die-koenigin-von-saba.xml,Text
5426,stephanie-die-entfuehrung-aus-dem-serail.xml,Text
5427,hauptmann-carl-frau-nadja-bielew.xml,Text
5428,haffner-die-fledermaus.xml,Text
5429,kotzebue-graf-benjowsky.xml,Text
5430,wildgans-dies-irae.xml,Text
5431,benedix-die-luegnerin.xml,Text
5432,klinger-die-zwillinge.xml,Text
5433,hebbel-demetrius.xml,Text
5434,borchert-draussen-vor-der-tuer.xml,Text
5435,raimund-moisasurs-zauberfluch.xml,Text
5436,schnitzler-der-einsame-weg.xml,Text
5437,kaiser-die-koralle.xml,Text
5438,arnim-das-loch.xml,Text
5439,hebbel-der-gehoernte-siegfried.xml,Text
5440,schnitzler-professor-bernhardi.xml,Text
5441,zedlitz-liebe-findet-ihre-wege.xml,Text
5442,goethe-die-laune-des-verliebten.xml,Text
5443,birch-pfeiffer-die-grille.xml,Text
5444,rosenow-kater-lampe.xml,Text
5445,weisse-die-jagd.xml,Text
5446,delpons-der-ahnherr.xml,Text
5447,meisl-der-lustige-fritz.xml,Text
5448,mosenthal-die-lustigen-weiber-von-windsor.xml,Text
5449,ball-die-nase-des-michelangelo.xml,Text
5450,zedlitz-herr-und-sklave.xml,Text
5451,engel-der-edelknabe.xml,Text
5452,platen-der-romantische-oedipus.xml,Text
5453,kobell-der-roaga.xml,Text
5454,scheerbart-das-gift.xml,Text
5455,koller-der-zauberstein.xml,Text
5456,guenderode-magie-und-schicksal.xml,Text
5457,ebner-eschenbach-doctor-ritter.xml,Text
5458,reuter-der-ehrlichen-frau-schlampampe-krankheit-und-tod.xml,Text
5459,schaefer-faustine-der-weibliche-faust.xml,Text
5460,bauernfeld-grossjaehrig.xml,Text
5461,lenz-die-soldaten.xml,Text
5462,guenderode-nikator.xml,Text
5463,hofmannsthal-der-unbestechliche.xml,Text
5464,sonnleithner-dir-wie-mir.xml,Text
5465,hofmannsthal-arabella.xml,Text
5466,holtei-die-kalkbrenner.xml,Text
5467,hebbel-siegfrieds-tod.xml,Text
5468,wolfram-faust.xml,Text
5469,wedekind-die-zensur.xml,Text
5470,gerhaeuser-der-moloch.xml,Text
5471,sudermann-der-bettler-von-syrakus.xml,Text
5472,laddey-maentelchen-nach-dem-winde.xml,Text
5473,grillparzer-die-argonauten.xml,Text
5474,heyne-der-stammbaum.xml,Text
5475,hippel-der-mann-nach-der-uhr.xml,Text
5476,kleist-amphitryon.xml,Text
5477,iffland-der-spieler.xml,Text
5478,engelke-wala.xml,Text
5479,heine-william-ratcliff.xml,Text
5480,goethe-des-epimenides-erwachen.xml,Text
5481,arnim-halle.xml,Text
5482,nestroy-eulenspiegel.xml,Text
5483,klemm-der-auf-den-parnass-versetzte-gruene-hut.xml,Text
5484,uhland-ernst-herzog-von-schwaben.xml,Text
5485,goethe-egmont.xml,Text
5486,grillparzer-libussa.xml,Text
5487,weidmann-der-dorfbarbier.xml,Text
5488,auenbrugger-der-rauchfangkehrer.xml,Text
5489,hofmannsthal-oedipus-und-die-sphinx.xml,Text
5490,sessa-unser-verkehr.xml,Text
5491,scheerbart-herr-kammerdiener-kneetschke.xml,Text
5492,gleim-philotas.xml,Text
5493,kotzebue-das-koestlichste.xml,Text
5494,sievers-die-schatzgraeber.xml,Text
5495,hofmannsthal-elektra.xml,Text
5496,schrader-der-hohlweg.xml,Text
5497,pfeil-lucie-woodvil.xml,Text
5498,boesenberg-die-amerikanische-waise.xml,Text
5499,kotzebue-der-hyperboreische-esel.xml,Text
5500,wildenbruch-die-haubenlerche.xml,Text
5501,bueschel-die-neue-messaline.xml,Text
5502,arnim-jerusalem.xml,Text
5503,anonym-die-grands-von-frankreich-in-ihrer-wahren-gestalt.xml,Text
5504,bossdorf-bahnmeister-dood.xml,Text
5505,wildenbruch-die-karolinger.xml,Text
5506,hafner-der-furchtsame.xml,Text
5507,gotter-medea.xml,Text
5508,voss-faust.xml,Text
5509,babo-das-winterquartier-in-amerika.xml,Text
5510,bleibtreu-ein-faust-der-that.xml,Text
5511,raupach-kritik-und-antikritik.xml,Text
5512,thoma-lottchens-geburtstag.xml,Text
5513,freisleben-der-weihnachtstag.xml,Text
5514,sternheim-der-snob.xml,Text
5515,soden-doktor-faust.xml,Text
5516,treitschke-das-bauerngut.xml,Text
5517,hauptmann-carl-ephraims-breite.xml,Text
5518,bodmer-polytimet.xml,Text
5519,goethe-goetz-von-berlichingen-mit-der-eisernen-hand.xml,Text
5520,raupach-der-versiegelte-burgemeister.xml,Text
5521,seemann-dulk-die-waende.xml,Text
5522,sorge-der-sieg-des-christos.xml,Text
5523,bauernfeld-buergerlich-und-romantisch.xml,Text
5524,wedekind-tod-und-teufel.xml,Text
5525,rilke-ohne-gegenwart.xml,Text
5526,kraus-traumstueck.xml,Text
5527,anzengruber-der-pfarrer-von-kirchfeld.xml,Text
5528,collin-balboa.xml,Text
5529,hofmannsthal-der-tor-und-der-tod.xml,Text
5530,kleist-prinz-friedrich-von-homburg.xml,Text
5531,schlegel-der-triumph-der-guten-frauen.xml,Text
5532,grillparzer-weh-dem-der-luegt.xml,Text
5533,dehmel-die-menschenfreunde.xml,Text
5534,gryphius-carolus-stuardus.xml,Text
5535,schnitzler-komoedie-der-verfuehrung.xml,Text
5536,panizza-nero.xml,Text
5537,schiller-die-jungfrau-von-orleans.xml,Text
5538,koerner-die-blumen.xml,Text
5539,kotzebue-die-spanier-in-peru.xml,Text
5540,moser-das-stiftungsfest.xml,Text
5541,herzl-das-neue-ghetto.xml,Text
5542,stramm-rudimentaer.xml,Text
5543,horvath-geschichten-aus-dem-wiener-wald.xml,Text
5544,wagner-voltaire-am-abend-seiner-apotheose.xml,Text
5545,dovsky-mona-lisa.xml,Text
5546,sachs-ein-comedi-von-dem-reichen-sterbenden-menschen-der-hecastus-genannt.xml,Text
5547,immermann-das-gericht-von-st-petersburg.xml,Text
5548,schlegel-der-geschaeftige-muessiggaenger.xml,Text
5549,klinger-die-neue-arria.xml,Text
5550,laube-die-karlsschueler.xml,Text
5551,schoenherr-der-weibsteufel.xml,Text
5552,cornelius-der-barbier-von-bagdad.xml,Text
5553,heine-almansor.xml,Text
5554,goethe-faust-eine-tragoedie.xml,Text
5555,kotzebue-pagenstreiche.xml,Text
5556,schnitzler-zum-grossen-wurstel.xml,Text
5557,scheerbart-die-welt-geht-unter.xml,Text
5558,scheerbart-der-vornehme-raeuberhauptmann.xml,Text
5559,freytag-der-gelehrte.xml,Text
5560,bredow-goerne-der-lauf-der-welt.xml,Text
5561,schnitzler-anatols-groessenwahn.xml,Text
5562,immermann-die-bojaren.xml,Text
5563,schnitzler-die-frau-mit-dem-dolche.xml,Text
5564,wedekind-fruehlings-erwachen.xml,Text
5565,goethe-pandora.xml,Text
5566,buechner-woyzeck.xml,Text
5567,hofmannsthal-der-tod-des-tizian.xml,Text
5568,goethe-das-jahrmarktsfest-zu-plundersweilern.xml,Text
5569,wilbrandt-gracchus-der-volkstribun.xml,Text
5570,brachvogel-narziss.xml,Text
5571,heyne-die-beiden-billets.xml,Text
5572,stramm-geschehen.xml,Text
5573,kotzebue-der-weibliche-jacobiner-clubb.xml,Text
5574,mylius-die-schaeferinsel.xml,Text
5575,bretzner-belmont-und-constanze.xml,Text
5576,alberti-im-suff.xml,Text
5577,moeser-die-tugend-auf-der-schaubuehne.xml,Text
5578,schildbach-glueck-durch-unglueck.xml,Text
5579,baggesen-der-vollendete-faust.xml,Text
5580,lortzing-der-wildschuetz.xml,Text
5581,schiller-maria-stuart.xml,Text
5582,wagner-das-rheingold.xml,Text
5583,ebner-eschenbach-das-waldfraeulein.xml,Text
5584,wagner-tannhaeuser.xml,Text
5585,huber-die-torte.xml,Text
5586,hillern-guten-abend.xml,Text
5587,schnitzler-der-tapfere-cassian.xml,Text
5588,tieck-prinz-zerbino.xml,Text
5589,toerring-agnes-bernauerin.xml,Text
5590,hauptmann-vor-sonnenaufgang.xml,Text
5591,holtei-ein-trauerspiel-in-berlin.xml,Text
5592,schlegel-jon.xml,Text
5593,wagner-lohengrin.xml,Text
5594,stramm-kraefte.xml,Text
5595,lortzing-zar-und-zimmermann.xml,Text
5596,schink-der-neue-doktor-faust.xml,Text
5597,iffland-figaro-in-deutschland.xml,Text
5598,anonym-die-verhandelte-braut.xml,Text
5599,wagner-parsifal.xml,Text
5600,riese-martha.xml,Text
5601,scheerbart-die-puppe-und-die-dauerwurst.xml,Text
5602,barlach-der-blaue-boll.xml,Text
5603,iffland-verbrechen-aus-ehrsucht.xml,Text
5604,angely-prinz-tu-ta-tu.xml,Text
5605,sachs-das-kaelberbrueten.xml,Text
5606,wedekind-fritz-schwigerling.xml,Text
5607,hauptmann-carl-musik.xml,Text
5608,ayrer-comedia-von-der-schoenen-sidea.xml,Text
5609,wagner-die-meistersinger-von-nuernberg.xml,Text
5610,grillparzer-der-gastfreund.xml,Text
5611,borkenstein-der-bookesbeutel.xml,Text
5612,schlegel-canut.xml,Text
5613,schuetz-die-katze-laesst-das-mausen-nicht.xml,Text
5614,devrient-hans-heiling.xml,Text
5615,muehsam-judas.xml,Text
5616,bossdorf-de-rode-uennerrock.xml,Text
5617,wedekind-der-marquis-von-keith.xml,Text
5618,wildenbruch-die-quitzows.xml,Text
5619,holz-ignorabimus.xml,Text
5620,braun-mutter-maria.xml,Text
5621,gengenbach-der-nollhart.xml,Text
5622,laube-monaldeschi.xml,Text
5623,malss-die-jungfern-koechinnen.xml,Text
5624,pfeffel-vorspiel-ueber-die-buergerliche-tragoedie.xml,Text
5625,essig-der-frauenmut.xml,Text
5626,andre-der-comoedienfeind.xml,Text
5627,raimund-das-maedchen-aus-der-feenwelt.xml,Text
5628,grabbe-herzog-theodor-von-gothland.xml,Text
5629,hauptmann-carl-der-antiquar.xml,Text
5630,lortzing-der-waffenschmied.xml,Text
5631,grohmann-der-physiognomist-oder-keine-regel-ohn-ausnahme.xml,Text
5632,lachmann-salome.xml,Text
5633,steltzer-franziska-montenegro.xml,Text
5634,quistorp-der-hypochondrist.xml,Text
5635,neuber-ein-deutsches-vorspiel.xml,Text
5636,leisewitz-der-besuch-um-mitternacht.xml,Text
5637,nestroy-zu-ebener-erde-und-erster-stock.xml,Text
5638,goethe-clavigo.xml,Text
5639,hauptmann-carl-tobias-buntschuh.xml,Text
5640,anonym-das-muenchner-spiel-vom-sterbenden-menschen.xml,Text
5641,tieck-ritter-blaubart.xml,Text
5642,solbrig-die-dorfschule.xml,Text
5643,ebner-eschenbach-maennertreue.xml,Text
5644,kotzebue-maedchenfreundschaft.xml,Text
5645,grillparzer-die-ahnfrau.xml,Text
5646,castelli-jeitteles-der-schicksalsstrumpf.xml,Text
5647,braun-von-braunthal-das-nachtlager-von-granada.xml,Text
5648,schiller-die-braut-von-messina.xml,Text
5649,hartleben-hanna-jagert.xml,Text
5650,kleist-penthesilea.xml,Text
5651,iffland-die-jaeger.xml,Text
5652,ayrer-tragedia-thesei.xml,Text
5653,sturz-julie.xml,Text
5654,kotzebue-ueble-laune.xml,Text
5655,engel-eid-und-pflicht.xml,Text
5656,klabund-xyz.xml,Text
5657,baeuerle-doktor-fausts-mantel.xml,Text
5658,wilbrandt-der-meister-von-palmyra.xml,Text
5659,raupach-der-platzregen-als-eheprokurator.xml,Text
5660,muellner-der-neun-und-zwanzigste-februar.xml,Text
5661,sachs-eulenspiegel-mit-dem-blauen-hosentuch.xml,Text
5662,hebbel-der-rubin.xml,Text
5663,kotzebue-menschenhass-und-reue.xml,Text
5664,anonym-die-gedruckten-theater-regeln.xml,Text
5665,lenz-der-neue-menoza.xml,Text
5666,goethe-die-natuerliche-tochter.xml,Text
5667,zedlitz-cabinets-intriguen.xml,Text
5668,platen-berengar.xml,Text
5669,guenderode-der-kanonenschlag.xml,Text
5670,wedekind-franziska.xml,Text
5671,benedix-das-bemooste-haupt.xml,Text
5672,lessing-emilia-galotti.xml,Text
5673,brawe-der-freygeist.xml,Text
5674,preusse-herzmutterchen.xml,Text
5675,anonym-emilie-oder-die-philosophisch-verliebten.xml,Text
5676,brentano-ponce-de-leon.xml,Text
5677,eichendorff-der-letzte-held-von-marienburg.xml,Text
5678,bahr-das-konzert.xml,Text
5679,anzengruber-das-vierte-gebot.xml,Text
5680,lenz-der-englaender.xml,Text
5681,tieck-leben-und-tod-der-heiligen-genoveva.xml,Text
5682,goethe-stella.xml,Text
5683,klinger-sturm-und-drang.xml,Text
5684,widmann-der-widerspenstigen-zaehmung.xml,Text
5685,schroeder-der-vetter-in-lissabon.xml,Text
5686,sonnleithner-fidelio.xml,Text
5687,kotzebue-sultan-wampum.xml,Text
5688,mosenthal-das-goldene-kreuz.xml,Text
5689,fouque-aslauga.xml,Text
5690,gellert-die-betschwester.xml,Text
5691,dohm-die-ritter-vom-goldenen-kalb.xml,Text
5692,weissenthurn-welcher-ist-der-braeutigam.xml,Text
5693,brawe-brutus.xml,Text
5694,wolf-cyankali.xml,Text
5695,bernard-faust.xml,Text
5696,scheerbart-es-lebe-europa.xml,Text
5697,gotter-die-geisterinsel.xml,Text
5698,freytag-die-journalisten.xml,Text
5699,droste-huelshoff-perdu.xml,Text
5700,koerner-zriny.xml,Text
5701,koerner-die-braut.xml,Text
5702,hebbel-genoveva.xml,Text
5703,grabbe-kaiser-friedrich-barbarossa.xml,Text
5704,wolf-professor-mamlock.xml,Text
5705,lessing-minna-von-barnhelm.xml,Text
5706,scheerbart-der-alte-petrus.xml,Text
5707,raimund-der-alpenkoenig-und-der-menschenfeind.xml,Text
5708,grillparzer-die-juedin-von-toledo.xml,Text
5709,wagner-tristan-und-isolde.xml,Text
5710,lenz-der-hofmeister.xml,Text
5711,anzengruber-heimgfunden.xml,Text
5712,malss-der-alte-buerger-capitain.xml,Text
5713,vischer-faust.xml,Text
5714,muellner-koenig-yngurd.xml,Text
5715,immermann-merlin.xml,Text
5716,hebbel-herodes-und-mariamne.xml,Text
5717,sorge-odysseus.xml,Text
5718,wette-haensel-und-gretel.xml,Text
5719,gottschedin-das-testament.xml,Text
5720,scheerbart-die-urgrossmutter.xml,Text
5721,goethe-goetter-helden-und-wieland.xml,Text
5722,ayrenhoff-der-postzug.xml,Text
5723,gleich-der-eheteufel-auf-reisen.xml,Text
5724,larronge-hasemanns-toechter.xml,Text
5725,schiller-wallensteins-lager.xml,Text
5726,kaltneker-die-opferung.xml,Text
5727,hensler-die-teufelsmuehle-am-wienerberg.xml,Text
5728,gryphius-papinianus.xml,Text
5729,beer-struensee.xml,Text
5730,kind-der-freischuetz.xml,Text
5731,arnim-marino-caboga.xml,Text
5732,schlosser-die-maskerade.xml,Text
5733,buechner-leonce-und-lena.xml,Text
5734,kotzebue-das-posthaus-in-treuenbrietzen.xml,Text
5735,may-babel-und-bibel.xml,Text
5736,grillparzer-der-traum-ein-leben.xml,Text
5737,adolph-am-ersten-mai.xml,Text
5738,moritz-blunt-oder-der-gast.xml,Text
5739,heyse-colberg.xml,Text
5740,klinger-das-leidende-weib.xml,Text
5741,grillparzer-ein-treuer-diener-seines-herrn.xml,Text
5742,schnitzler-reigen.xml,Text
5743,chlumberg-wunder-um-verdun.xml,Text
5744,gryphius-horribilicribrifax-teutsch.xml,Text
5745,simrock-doctor-johannes-faust.xml,Text
5746,scheerbart-okurirasuna.xml,Text
5747,braun-von-braunthal-faust.xml,Text
5748,grillparzer-koenig-ottokars-glueck-und-ende.xml,Text
5749,sudermann-die-schmetterlingsschlacht.xml,Text
5750,gutzkow-richard-savage.xml,Text
5751,goethe-satyros.xml,Text
5752,dohm-ein-schuss-ins-schwarze.xml,Text
5753,raupach-der-bettler.xml,Text
5754,birch-pfeiffer-in-der-heimath.xml,Text
5755,schnitzer-der-zigeunerbaron.xml,Text
5756,ebner-eschenbach-es-wandelt-niemand-ungestraft-unter-palmen.xml,Text
5757,ebner-eschenbach-die-selbstsuechtigen.xml,Text
5758,fouque-sigurd-der-schlangentoedter.xml,Text
5759,raimund-die-gefesselte-phantasie.xml,Text
5760,hofmannsthal-das-salzburger-grosse-welttheater.xml,Text
5761,brentano-die-gruendung-prags.xml,Text
5762,reil-der-erste-may.xml,Text
5763,tieck-karl-von-berneck.xml,Text
5764,schlaf-meister-oelze.xml,Text
5765,kaffka-der-transport.xml,Text
5766,schnitzler-lebendige-stunden.xml,Text
5767,immermann-andreas-hofer.xml,Text
5768,ertler-das-spiel-von-doktor-faust.xml,Text
5769,bodmer-odoardo-galotti-vater-der-emilia.xml,Text
5770,tieck-die-theegesellschaft.xml,Text
